#,Name,Team,O-Swing%,Z-Swing%,Swing%,O-Contact%,Z-Contact%,Contact%,Zone%,F-Strike%,SwStr%,CStr%,CSW%
1,Tarik Skubal,DET,0.37949762,0.72165698,0.54475254,0.54561717,0.78046324,0.69587629,0.48297648,0.71524064,0.16567217,0.15514216,0.32081432
2,Paul Skenes,PIT,0.34193548,0.69659443,0.49482816,0.58662093,0.80888889,0.72151045,0.43109776,0.60845839,0.13780447,0.15515516,0.29295963
3,Cristopher Sánchez,PHI,0.35407592,0.66408068,0.49205801,0.56239016,0.82009346,0.71719298,0.44509669,0.65551425,0.13910942,0.17466344,0.31377287
4,Garrett Crochet,BOS,0.35946574,0.70308123,0.5152381,0.56219709,0.84063745,0.73444239,0.45333333,0.63636364,0.13678197,0.15360203,0.29038401
5,Logan Webb,SFG,0.32864583,0.64464023,0.45978062,0.58954041,0.89635535,0.76805832,0.41499086,0.68341121,0.10664229,0.19744059,0.30408288
6,Jesús Luzardo,PHI,0.33391916,0.66385911,0.47693329,0.52631579,0.84198385,0.71677105,0.43345503,0.67414248,0.13499171,0.1708126,0.30580431
7,Yoshinobu Yamamoto,LAD,0.3335396,0.64961637,0.46647544,0.56215213,0.84645669,0.72867025,0.42058085,0.61842105,0.12643266,0.17335244,0.2997851
8,Max Fried,NYY,0.31024775,0.67918858,0.46829739,0.60980036,0.84845133,0.7580756,0.42838751,0.60299625,0.11318328,0.1659164,0.27909968
9,Hunter Brown,HOU,0.31629756,0.632806,0.44463201,0.61759425,0.83947368,0.74563402,0.40546928,0.5569273,0.11302294,0.17004049,0.28306343
10,Kevin Gausman,TOR,0.34590454,0.72993248,0.51485149,0.59795571,0.84994861,0.75512821,0.43993399,0.68774194,0.12607261,0.15775578,0.28382838
11,Zack Wheeler,PHI,0.34258583,0.71317073,0.50125313,0.554371,0.81121751,0.71083333,0.42815372,0.61367521,0.1449457,0.14369256,0.28863826
12,Ranger Suarez,PHI,0.33093525,0.66826923,0.47530864,0.69565217,0.86906475,0.8,0.42798354,0.66359447,0.09498355,0.17680921,0.27179276
13,Framber Valdez,HOU,0.33353511,0.65157639,0.4697127,0.56624319,0.88461538,0.75534267,0.42817584,0.61970075,0.11456177,0.17046239,0.28502415
14,Andrew Abbott,CIN,0.34679021,0.69210978,0.49719836,0.67748092,0.84634449,0.77986476,0.4355622,0.63450292,0.10945088,0.16212178,0.27157266
15,Nathan Eovaldi,TEX,0.33172613,0.71088435,0.5059927,0.59593023,0.82934609,0.74665294,0.45961438,0.62096774,0.128125,0.1625,0.290625
16,Nick Pivetta,SDP,0.31841764,0.66004584,0.47527183,0.6598778,0.84722222,0.77933579,0.45913714,0.63384189,0.10483871,0.18092567,0.28576438
17,Michael Wacha,KCR,0.31805556,0.71451876,0.50037509,0.69868996,0.86073059,0.80509745,0.45986497,0.63268156,0.09752438,0.15153788,0.24906227
18,Freddy Peralta,MIL,0.318542,0.7007544,0.46629942,0.57379768,0.83133971,0.72341904,0.38658458,0.63347165,0.12884429,0.14762059,0.27646488
19,Bryan Woo,SEA,0.33616419,0.7432744,0.53131909,0.62315789,0.83764219,0.76699029,0.47936625,0.66484268,0.12380251,0.14443626,0.26823876
20,Sonny Gray,STL,0.33863781,0.65387969,0.47167035,0.54135338,0.88666667,0.74336973,0.42200147,0.64674635,0.12077827,0.18759178,0.30837004
21,Matthew Boyd,CHC,0.33218943,0.71140419,0.51019665,0.6838843,0.84732824,0.79086367,0.46941005,0.67827298,0.10666181,0.1565344,0.26319621
22,Chris Sale,ATL,0.35047619,0.64745763,0.48630491,0.54891304,0.83595113,0.72369819,0.45736434,0.67008197,0.13436693,0.18036176,0.31472868
23,Dylan Cease,SDP,0.34721471,0.71129707,0.49014455,0.52024922,0.80352941,0.68163539,0.39257556,0.60110803,0.15594222,0.13985555,0.29579777
24,Jacob deGrom,TEX,0.35819892,0.72557726,0.51644989,0.54971857,0.8372093,0.7237037,0.43075746,0.63527653,0.14252961,0.14635078,0.2888804
25,Kris Bubic,KCR,0.34809475,0.65291262,0.48802228,0.56804734,0.82527881,0.7260274,0.45905292,0.62184874,0.13370474,0.16768802,0.30139276
26,Trevor Rogers,BAL,0.34238489,0.72948718,0.52796558,0.63793103,0.82601054,0.76251455,0.47940996,0.65957447,0.12538414,0.15365704,0.27904118
27,Carlos Rodón,NYY,0.32864322,0.65299426,0.45185416,0.58409786,0.83919598,0.72413793,0.37986912,0.62103929,0.12449424,0.17086835,0.29536259
28,Joe Ryan,MIN,0.30125523,0.71855346,0.49741316,0.66435185,0.80962801,0.76300149,0.47006652,0.66716418,0.11775563,0.15946844,0.27722407
29,David Peterson,NYM,0.32393484,0.66818182,0.46439169,0.60928433,0.8952381,0.77715655,0.40801187,0.63762102,0.10337162,0.17487959,0.2782512
30,Merrill Kelly,2 Tms,0.35611511,0.68583691,0.49170491,0.65656566,0.87984981,0.78463747,0.41122485,0.64973262,0.10582011,0.16402116,0.26984127
31,José Soriano,LAA,0.29393564,0.65239726,0.44432471,0.52210526,0.88451444,0.74535166,0.41954023,0.57872928,0.11314655,0.16522989,0.27837644
32,Hunter Greene,CIN,0.36111111,0.7134434,0.53203661,0.54461538,0.8,0.71075269,0.48512586,0.68809524,0.15389016,0.15160183,0.30549199
33,MacKenzie Gore,WSN,0.3305136,0.71969046,0.49112846,0.56672761,0.83512545,0.72904624,0.41270405,0.60147059,0.1330259,0.13586378,0.26888968
34,Brady Singer,CIN,0.28370958,0.65400495,0.44105263,0.62795699,0.87373737,0.78281623,0.42491228,0.6075419,0.09578947,0.17964912,0.2754386
35,Nick Lodolo,CIN,0.35750544,0.68685927,0.50163132,0.59432049,0.85481682,0.7504065,0.43760196,0.67874016,0.12515287,0.15858133,0.2837342
36,Luis Castillo,SEA,0.34021226,0.74303406,0.5143909,0.67244367,0.84166667,0.77813923,0.43239625,0.64697987,0.11412316,0.13621151,0.25033467
37,Dean Kremer,BAL,0.33220109,0.69350649,0.49105443,0.66871166,0.86766542,0.79224806,0.43966502,0.64792899,0.10186241,0.16229571,0.26415811
38,Logan Gilbert,SEA,0.33894029,0.71768356,0.50881262,0.47394541,0.82276657,0.6946217,0.44851577,0.68971963,0.15538033,0.15213358,0.30751391
39,Drew Rasmussen,TBR,0.32171157,0.67965779,0.48444252,0.67487685,0.87832168,0.80463872,0.45462403,0.67350427,0.09455959,0.16882556,0.26338515
40,Chad Patrick,MIL,0.33454216,0.72363636,0.50103734,0.69647696,0.85092127,0.79192547,0.42790456,0.66666667,0.10419907,0.14307932,0.24727838
41,Jack Flaherty,DET,0.32009484,0.65384615,0.45496291,0.58888889,0.86764706,0.7507764,0.40409749,0.64170338,0.1133875,0.17979513,0.29318262
42,Luis Severino,ATH,0.30345711,0.69717707,0.47198828,0.7721519,0.88957055,0.84639255,0.42804833,0.59007092,0.07250092,0.16074698,0.23324789
43,Mitch Keller,PIT,0.3,0.69380134,0.48379226,0.66013072,0.89558665,0.81772334,0.46671314,0.60080107,0.08812261,0.16858238,0.25670498
44,Clayton Kershaw,LAD,0.28526971,0.6573957,0.45299145,0.57090909,0.87884615,0.77232704,0.45071225,0.61304348,0.10301651,0.17700626,0.28002277
45,Yusei Kikuchi,LAA,0.29994072,0.69936034,0.48157725,0.63636364,0.8597561,0.78389262,0.45475113,0.62823834,0.10397159,0.1549887,0.25896028
46,Kyle Freeland,COL,0.3353566,0.71367154,0.51269649,0.59954751,0.92048193,0.80896226,0.4687626,0.6854725,0.09790492,0.16720387,0.26510878
47,Chris Bassitt,TOR,0.29,0.69483183,0.46505853,0.6875,0.84415584,0.78871091,0.43242284,0.59618008,0.0980184,0.17020524,0.26822364
48,George Kirby,SEA,0.33891213,0.69135802,0.4894535,0.58518519,0.87175325,0.75808031,0.42713327,0.64503817,0.1183517,0.1614758,0.2798275
49,Spencer Schwellenbach,ATL,0.36732187,0.67852437,0.51748252,0.56521739,0.84271845,0.74078624,0.48251748,0.68894009,0.13413859,0.16910362,0.30324221
50,Casey Mize,DET,0.32394366,0.69674419,0.49426264,0.66908213,0.84245661,0.78073947,0.45686358,0.67942584,0.10837229,0.16277093,0.27114322
51,Adrian Houser,2 Tms,0.31688805,0.71718377,0.49418605,0.69760479,0.90016639,0.82780749,0.44291755,0.61583012,0.08509514,0.1564482,0.24154334
52,Jack Leiter,TEX,0.29767769,0.69879518,0.47812621,0.60756501,0.86699507,0.77813765,0.4498645,0.58513932,0.10599613,0.14932302,0.25531915
53,Justin Verlander,SFG,0.31459904,0.70060923,0.48466258,0.66013072,0.83850932,0.77373418,0.44056748,0.6223565,0.10966258,0.16717791,0.27684049
54,Quinn Priester,MIL,0.29676871,0.66590909,0.45476654,0.58739255,0.88225256,0.77219251,0.42801556,0.64154412,0.10354886,0.1657754,0.26932426
55,Shane Smith,CHW,0.28914729,0.69973428,0.48077718,0.54423592,0.85063291,0.75236457,0.46672179,0.6038961,0.11905746,0.15006201,0.26911947
56,Robbie Ray,SFG,0.32114736,0.72325581,0.49022164,0.59019264,0.83815648,0.74401596,0.42046936,0.59072848,0.12532552,0.14420573,0.26953125
57,Cade Horton,CHC,0.32,0.67938931,0.48509643,0.56418919,0.88951311,0.77349398,0.45938048,0.6768559,0.10974898,0.17279626,0.28254524
58,Will Warren,NYY,0.27680194,0.64118158,0.42648108,0.64989059,0.85501355,0.77656904,0.41077802,0.63853727,0.09508547,0.19052707,0.28561254
59,Cole Ragans,KCR,0.32615894,0.70315789,0.49212234,0.58375635,0.73652695,0.67984934,0.44022243,0.59922179,0.15755329,0.15755329,0.31510658
60,Brayan Bello,BOS,0.31141199,0.66881919,0.45844402,0.66252588,0.91034483,0.81125828,0.4113852,0.63396779,0.08649469,0.16047041,0.2469651
61,Ryan Pepiot,TBR,0.32214765,0.72019868,0.50037064,0.63541667,0.84022989,0.76740741,0.44773907,0.61119293,0.1162963,0.14296296,0.25925926
62,Edward Cabrera,MIA,0.32071097,0.62108559,0.44849023,0.48192771,0.88571429,0.71980198,0.42539964,0.62650602,0.1256103,0.18109188,0.30670217
63,Nick Martinez,CIN,0.28715365,0.66087751,0.46608315,0.69298246,0.8879668,0.82535211,0.47877462,0.62458472,0.08136483,0.18066492,0.26202975
64,Shane Baz,TBR,0.33824514,0.67183673,0.48859455,0.6019802,0.86026731,0.76204819,0.45069904,0.6230661,0.11600587,0.15969163,0.2756975
65,Lucas Giolito,BOS,0.29669485,0.68105066,0.46979299,0.64507772,0.86501377,0.78866906,0.4503591,0.62805873,0.09907251,0.16357504,0.26264755
66,Tyler Mahle,TEX,0.31847969,0.7184466,0.4974656,0.70781893,0.83108108,0.7874818,0.44750181,0.65028902,0.10572049,0.15351195,0.25923244
67,Shohei Ohtani,LAD,0.32678133,0.70231214,0.49933599,0.52631579,0.81893004,0.71542553,0.45949535,0.62765957,0.14209827,0.15803453,0.3001328
68,Blake Snell,LAD,0.37670197,0.63760218,0.46984436,0.56626506,0.79059829,0.67494824,0.35700389,0.64173228,0.15257532,0.14868805,0.30126336
69,Eury Pérez,MIA,0.31991295,0.72281167,0.50149432,0.56802721,0.82568807,0.73539928,0.45068739,0.58961039,0.13253731,0.13910448,0.27164179
70,Tanner Bibee,CLE,0.30115361,0.66137566,0.46161616,0.625,0.87428571,0.7840992,0.44545455,0.64435696,0.09962975,0.17771794,0.27734769
71,Noah Cameron,KCR,0.30820215,0.66980146,0.4681146,0.58333333,0.85335413,0.75419546,0.4422366,0.57733813,0.11495845,0.15373961,0.26869806
72,Kyle Hendricks,LAA,0.34487441,0.65938069,0.47919098,0.76574803,0.87845304,0.83198052,0.42707118,0.65755396,0.08041958,0.18648019,0.26689977
73,Pablo López,MIN,0.33427762,0.67088608,0.48212867,0.60169492,0.85983827,0.75947282,0.43923749,0.6025641,0.11596505,0.1604448,0.27640985
74,Patrick Corbin,TEX,0.32075472,0.67055394,0.46102884,0.57809331,0.86811594,0.74725275,0.40101325,0.65601218,0.11647838,0.16049864,0.27697702
75,Clay Holmes,NYM,0.31289911,0.6202307,0.44151504,0.65102041,0.90271817,0.79899075,0.41849239,0.60289855,0.08868275,0.18144712,0.27012987
76,Janson Junk,MIA,0.34087694,0.71824104,0.51627555,0.77178423,0.89342404,0.85043988,0.46479939,0.66201117,0.07721423,0.1657835,0.24299773
77,Matthew Liberatore,STL,0.31825153,0.67345051,0.47924528,0.64337349,0.91208791,0.81452318,0.45324948,0.63580247,0.08870293,0.16861925,0.25732218
78,Taj Bradley,2 Tms,0.29443586,0.71151985,0.47958745,0.62992126,0.87346939,0.79032258,0.44391921,0.58181818,0.10055866,0.14439192,0.24495058
79,Brandon Woodruff,MIL,0.30555556,0.67741935,0.49688797,0.63636364,0.80357143,0.75365344,0.51452282,0.65758755,0.12240664,0.18360996,0.3060166
80,Sandy Alcantara,MIA,0.32432432,0.69769231,0.49221723,0.6744186,0.88864388,0.81096275,0.44967139,0.6295302,0.09298306,0.16418942,0.25717249
81,Ryne Nelson,ARI,0.31454545,0.73051948,0.50444664,0.68208092,0.87851852,0.81194907,0.45652174,0.61448141,0.09486166,0.14476285,0.23962451
82,Stephen Kolek,2 Tms,0.29462366,0.67852437,0.46714032,0.67883212,0.92621359,0.84030418,0.44937833,0.62906725,0.07460036,0.17347543,0.24807578
83,Emmet Sheehan,LAD,0.39311594,0.69436997,0.51459459,0.51152074,0.83783784,0.68907563,0.40324324,0.64135021,0.16,0.1372973,0.2972973
84,Logan Allen,CLE,0.27099237,0.67975022,0.44114371,0.72065728,0.87664042,0.82070707,0.41626439,0.61812779,0.07906459,0.17297699,0.25204157
85,Brandon Pfaadt,ARI,0.33011467,0.70103093,0.49040439,0.67276051,0.89140271,0.80782669,0.43214531,0.64276402,0.09408142,0.15874102,0.25282244
86,Tyler Glasnow,LAD,0.25966184,0.62576687,0.42094595,0.47906977,0.875,0.73836276,0.44054054,0.55464481,0.10983827,0.17924528,0.28908356
87,Colin Rea,CHC,0.32784431,0.6653185,0.47139785,0.6803653,0.88905775,0.80565693,0.42537634,0.67940199,0.09149485,0.17225086,0.2637457
88,Jeffrey Springs,ATH,0.31032299,0.67007435,0.45612053,0.64489796,0.85020804,0.7671346,0.40527307,0.59818731,0.10609481,0.16741911,0.27351392
89,Joey Cantillo,CLE,0.2572402,0.65103189,0.44464286,0.53642384,0.7925072,0.71485944,0.47589286,0.62230216,0.12678571,0.1875,0.31428571
90,Tylor Megill,NYM,0.31232493,0.63461538,0.44813614,0.55605381,0.83333333,0.72151899,0.42139384,0.61639344,0.12479741,0.17504052,0.29983793
91,Zack Littell,2 Tms,0.34903782,0.70804059,0.51398852,0.70912548,0.8831312,0.81926029,0.45946915,0.63372859,0.09286483,0.15166726,0.24453209
92,Gavin Williams,CLE,0.29453682,0.67687349,0.45675214,0.53427419,0.86428571,0.74176647,0.4242735,0.57528409,0.11794872,0.15931624,0.27726496
93,Kodai Senga,NYM,0.29939603,0.69407008,0.45344555,0.5389049,0.87961165,0.7424594,0.39032088,0.55394191,0.1163522,0.14727463,0.26362683
94,Reese Olson,DET,0.31693989,0.65807963,0.44262295,0.51724138,0.87544484,0.71345029,0.36842105,0.61403509,0.12683348,0.16738568,0.29421915
95,José Berríos,TOR,0.31262263,0.68110236,0.45972495,0.66527197,0.89739884,0.8025641,0.39921415,0.64389535,0.09076621,0.17328094,0.26404715
96,Zebby Matthews,MIN,0.32965517,0.71178344,0.50702143,0.56485356,0.84563758,0.74781341,0.46415373,0.65819209,0.12786401,0.15003695,0.27790096
97,Jacob Lopez,ATH,0.31664726,0.64412238,0.45405405,0.63235294,0.815,0.74107143,0.41959459,0.66946779,0.11740891,0.17071525,0.28812416
98,Mike Burrows,PIT,0.307393,0.6983871,0.48166786,0.60337553,0.81986143,0.74328358,0.4457225,0.63186813,0.12356322,0.16738506,0.29094828
99,Cam Schlittler,NYY,0.31911765,0.71727749,0.50119713,0.640553,0.85158151,0.77866242,0.45730247,0.625,0.11093376,0.15642458,0.26735834
100,Clarke Schmidt,NYY,0.31140351,0.68081181,0.47471452,0.57746479,0.85907859,0.75601375,0.44208809,0.65506329,0.11572942,0.16870416,0.28443358
101,Chase Burns,CIN,0.36950147,0.70229008,0.51409619,0.48412698,0.85326087,0.70322581,0.4344942,0.64900662,0.15231788,0.13907285,0.29139073
102,Eduardo Rodriguez,ARI,0.32197943,0.6879845,0.4679289,0.69261477,0.87042254,0.7968621,0.39876352,0.5907781,0.09490741,0.15625,0.25115741
103,Jacob Misiorowski,MIL,0.3400335,0.6935167,0.50271248,0.5862069,0.82719547,0.73920863,0.460217,0.58461538,0.13098464,0.15718157,0.28816621
104,Simeon Woods Richardson,MIN,0.29878049,0.69839308,0.47908533,0.62585034,0.86548673,0.78346915,0.45119911,0.59777778,0.10356347,0.1486637,0.25222717
105,Nolan McLean,NYM,0.27980535,0.60365854,0.42354533,0.56521739,0.84343434,0.74121406,0.44384303,0.58510638,0.10945946,0.21216216,0.32162162
106,Michael Lorenzen,KCR,0.31769231,0.68588469,0.47831743,0.63196126,0.87391304,0.78331822,0.43625325,0.6252073,0.10364267,0.15611448,0.25975716
107,Trevor Williams,WSN,0.30685921,0.67747164,0.46477901,0.70980392,0.88995215,0.82169391,0.42610497,0.67024129,0.08287293,0.1698895,0.25276243
108,Bailey Ober,MIN,0.3800905,0.68932039,0.51528014,0.65277778,0.85915493,0.77347611,0.43718166,0.65384615,0.11672326,0.15067912,0.26740238
109,Davis Martin,CHW,0.31591449,0.72559096,0.49418605,0.63909774,0.90084986,0.80633484,0.43515206,0.57487091,0.09562109,0.13851653,0.23413762
110,Braxton Ashcraft,PIT,0.36666667,0.66094421,0.50298211,0.62626263,0.85064935,0.76284585,0.46322068,0.57777778,0.11904762,0.16666667,0.28571429
111,Kyle Bradish,BAL,0.32862191,0.61137441,0.44939271,0.46236559,0.82945736,0.67567568,0.42712551,0.63492063,0.14574899,0.18623482,0.33198381
112,Landen Roupp,SFG,0.31181818,0.61251664,0.43381956,0.65306122,0.86304348,0.77334994,0.40572663,0.61134454,0.09832523,0.19178822,0.29011345
113,Joey Wentz,ATL,0.33700787,0.69537815,0.49054905,0.61214953,0.89425982,0.78348624,0.42844284,0.63059701,0.10611511,0.14928058,0.25539568
114,Connelly Early,BOS,0.37948718,0.703125,0.50773994,0.55405405,0.78888889,0.68292683,0.39628483,0.59493671,0.16099071,0.13312693,0.29411765
115,Jameson Taillon,CHC,0.31792453,0.66702938,0.48004042,0.6735905,0.88091354,0.80736842,0.46437595,0.67822736,0.09247094,0.18948964,0.28196059
116,Michael Soroka,2 Tms,0.28724832,0.64201183,0.45601689,0.59813084,0.88248848,0.78858025,0.47572132,0.58689459,0.09634318,0.17932489,0.27566807
117,Hurston Waldrep,ATL,0.27433628,0.66852368,0.44882861,0.54032258,0.84166667,0.73901099,0.44266338,0.55555556,0.11713933,0.15782984,0.27496917
118,Zac Gallen,ARI,0.31102784,0.64612954,0.44639438,0.60413081,0.91809291,0.7877055,0.4039566,0.66174662,0.09473684,0.18118022,0.27591707
119,Cade Povich,BAL,0.28754941,0.64524104,0.44645799,0.61168385,0.88505747,0.78720787,0.44426139,0.60310421,0.09489852,0.17663193,0.27153044
120,Ian Seymour,TBR,0.36363636,0.735,0.54047619,0.65,0.82993197,0.76651982,0.47619048,0.67619048,0.12619048,0.1547619,0.28095238
121,Bubba Chandler,PIT,0.33529412,0.72932331,0.50825083,0.54385965,0.81443299,0.71428571,0.43894389,0.58441558,0.14521452,0.13531353,0.28052805
122,Parker Messick,CLE,0.31778426,0.63120567,0.4592,0.59633028,0.84269663,0.74912892,0.4512,0.72121212,0.1152,0.2,0.3152
123,Hunter Dobbins,BOS,0.3311828,0.6299435,0.46031746,0.63636364,0.90134529,0.79310345,0.43223443,0.61711712,0.09512195,0.18658537,0.28170732
124,Ryan Bergert,2 Tms,0.28753541,0.69009009,0.46471055,0.63546798,0.87467363,0.79180887,0.44012688,0.60841424,0.09674861,0.16098335,0.25773196
125,Griffin Canning,NYM,0.29590489,0.66040956,0.4549516,0.54910714,0.87596899,0.75613748,0.43633656,0.59146341,0.11094564,0.16976917,0.28071482
126,Aaron Civale,2 Tms,0.30804598,0.64617691,0.45478204,0.72761194,0.87006961,0.81545064,0.43396226,0.63896104,0.08392973,0.17371503,0.25764476
127,Aaron Nola,PHI,0.36192469,0.62908497,0.46619898,0.65028902,0.85714286,0.75923393,0.39030612,0.61386139,0.1122449,0.18239796,0.29464286
128,Luis Ortiz,CLE,0.27771156,0.6978852,0.46302465,0.55364807,0.83766234,0.74244604,0.44103931,0.63089005,0.11917443,0.17909454,0.29826897
129,Spencer Strider,ATL,0.31669267,0.71980676,0.47488152,0.49507389,0.85067114,0.70658683,0.39241706,0.58812616,0.13927049,0.13500711,0.27427759
130,Shota Imanaga,CHC,0.35177182,0.7468106,0.53676471,0.67076167,0.83442838,0.77739726,0.46829044,0.62610229,0.11937557,0.13820018,0.25757576
131,Bryce Elder,ATL,0.31397704,0.66989351,0.46022275,0.60645161,0.92485549,0.7968885,0.41089897,0.59793814,0.09343936,0.16461233,0.25805169
132,Jacob Latz,TEX,0.31594203,0.67509025,0.47588424,0.55045872,0.87165775,0.75337838,0.44533762,0.60927152,0.11736334,0.15434084,0.27170418
133,Cristian Javier,HOU,0.30726257,0.65250965,0.45218801,0.67272727,0.87573964,0.79569892,0.4197731,0.54140127,0.09223301,0.16666667,0.25889968
134,Jose Quintana,MIL,0.29910045,0.63333333,0.42824287,0.74937343,0.90601504,0.83888292,0.38638454,0.5971223,0.06890216,0.17868627,0.24758842
135,Brad Lord,WSN,0.28117048,0.74,0.49730821,0.76470588,0.85328185,0.82679296,0.47106326,0.58031088,0.08607935,0.14256893,0.22864829
136,Grant Holmes,ATL,0.32683791,0.6937046,0.48184143,0.50948509,0.87609075,0.73248408,0.42250639,0.58895706,0.12876852,0.14614205,0.27491058
137,Michael King,SDP,0.3037448,0.63855422,0.44052502,0.65296804,0.83962264,0.76350093,0.40853158,0.60714286,0.10418376,0.17719442,0.28137818
138,Brandon Walter,HOU,0.36681223,0.67977528,0.5036855,0.5952381,0.90082645,0.77560976,0.43734644,0.66981132,0.11288344,0.16687117,0.2797546
139,Chris Paddack,2 Tms,0.35144928,0.73161034,0.51173512,0.73195876,0.88451087,0.82391482,0.42162615,0.6547812,0.09007122,0.13699204,0.22706326
140,Logan Henderson,MIL,0.36607143,0.75806452,0.54390244,0.69512195,0.82978723,0.78026906,0.45365854,0.66666667,0.1195122,0.12926829,0.24878049
141,Ryan Gusto,2 Tms,0.3032345,0.70510949,0.49614576,0.63555556,0.8447205,0.77824859,0.48002803,0.65205479,0.10994398,0.15686275,0.26680672
142,Eric Lauer,TOR,0.32317073,0.68881119,0.49348534,0.70283019,0.88071066,0.81848185,0.46579805,0.68051118,0.08935825,0.17790414,0.26726239
143,Corbin Burnes,ARI,0.32952692,0.66414141,0.46085233,0.56435644,0.90114068,0.75483871,0.39246779,0.65660377,0.11298315,0.17343905,0.2864222
144,Andre Pallante,STL,0.28785982,0.69875223,0.45735294,0.60434783,0.89923469,0.79019293,0.4125,0.62377622,0.09588538,0.14952241,0.24540779
145,Slade Cecconi,CLE,0.27117117,0.68940189,0.46437227,0.60465116,0.88127854,0.79436326,0.46194862,0.65504587,0.09539952,0.17723971,0.27263923
146,Martín Pérez,CHW,0.28080808,0.62170088,0.41985646,0.72661871,0.87735849,0.81766382,0.40789474,0.657277,0.07637232,0.18854415,0.26491647
147,Randy Vásquez,SDP,0.28122192,0.67014614,0.46112989,0.77316294,0.90031153,0.85863874,0.46257846,0.61161525,0.06515444,0.17133205,0.23648649
148,Carmen Mlodzinski,PIT,0.30133929,0.64285714,0.45762712,0.66666667,0.89300412,0.81216931,0.45762712,0.62325581,0.08585248,0.1789601,0.26481258
149,Dustin May,2 Tms,0.28545941,0.64804469,0.44642857,0.675,0.89827586,0.81888889,0.44394841,0.59636364,0.08081309,0.18939018,0.27020327
150,Jordan Hicks,SFG,0.26315789,0.66189112,0.44458931,0.56363636,0.87878788,0.7771261,0.45501956,0.59405941,0.09895833,0.18880208,0.28776042
151,Mitchell Parker,WSN,0.32477446,0.73057432,0.50780952,0.66880342,0.89132948,0.8132033,0.45104762,0.61538462,0.09478493,0.14731633,0.24210126
152,Ben Brown,CHC,0.31050228,0.65993266,0.47641886,0.50490196,0.88265306,0.7533557,0.47482014,0.67155425,0.117506,0.18145484,0.29896083
153,Sean Newcomb,BOS,0.30084746,0.63043478,0.4452381,0.71830986,0.90517241,0.8342246,0.43809524,0.58095238,0.07380952,0.19047619,0.26428571
154,Michael McGreevy,STL,0.28224777,0.68438538,0.45703971,0.68778281,0.91019417,0.83254344,0.43465704,0.60789474,0.07647908,0.16161616,0.23809524
155,Brandon Sproat,NYM,0.34868421,0.61594203,0.47586207,0.77358491,0.90588235,0.85507246,0.47586207,0.57142857,0.06872852,0.18213058,0.25085911
156,Taijuan Walker,PHI,0.29423868,0.6472973,0.44684579,0.73776224,0.9039666,0.84183007,0.43224299,0.62693157,0.07063631,0.17571512,0.24635143
157,Ronel Blanco,HOU,0.34719335,0.67412141,0.47607053,0.56287425,0.8056872,0.6984127,0.39420655,0.5879397,0.14357683,0.15617128,0.29974811
158,Keider Montero,DET,0.31889764,0.6559633,0.47457627,0.70987654,0.88111888,0.81919643,0.46186441,0.60655738,0.08580508,0.18644068,0.27224576
159,Andrew Alvarez,WSN,0.23430962,0.58426966,0.38369305,0.66071429,0.88461538,0.80625,0.42685851,0.43877551,0.07416268,0.17464115,0.24880383
160,AJ Smith-Shawver,ATL,0.32451923,0.65423729,0.46132208,0.60740741,0.86010363,0.75609756,0.41490858,0.59895833,0.11251758,0.17018284,0.28270042
161,Tanner Gordon,COL,0.3046252,0.76337115,0.53215434,0.70157068,0.8895966,0.83534743,0.49598071,0.65875371,0.0875502,0.1437751,0.2313253
162,Luis Gil,NYY,0.25233645,0.66206897,0.43608247,0.66666667,0.86458333,0.80141844,0.44845361,0.58196721,0.08659794,0.17216495,0.25876289
163,Troy Melton,DET,0.29133858,0.72258065,0.52836879,0.62162162,0.85714286,0.79865772,0.54964539,0.70886076,0.10638298,0.16312057,0.26950355
164,David Festa,MIN,0.33103448,0.72079772,0.50508906,0.53472222,0.86561265,0.74559194,0.44656489,0.65671642,0.12849873,0.13104326,0.25954198
165,Max Meyer,MIA,0.31560284,0.65546218,0.47115385,0.50561798,0.88461538,0.74693878,0.45769231,0.62807018,0.11923077,0.16923077,0.28846154
166,Seth Lugo,KCR,0.27505652,0.6362773,0.43487395,0.65479452,0.90298507,0.81545894,0.44243697,0.66775777,0.0802521,0.18865546,0.26890756
167,Steven Matz,STL,0.39534884,0.67241379,0.50694444,0.73529412,0.8974359,0.82191781,0.40277778,0.5,0.09027778,0.18055556,0.27083333
168,JP Sears,2 Tms,0.2912471,0.68744186,0.47125951,0.75,0.84709066,0.81434978,0.45435334,0.62092624,0.08748943,0.16610313,0.25359256
169,Jason Alexander,HOU,0.27392739,0.66094421,0.44216418,0.6626506,0.82467532,0.76793249,0.43470149,0.68292683,0.10261194,0.17723881,0.27985075
170,Luis Morales,ATH,0.27045455,0.6627907,0.44260204,0.63865546,0.85087719,0.77809798,0.43877551,0.52631579,0.09821429,0.16581633,0.26403061
171,Kyle Harrison,2 Tms,0.34901961,0.70873786,0.50976139,0.64044944,0.84246575,0.76595745,0.44685466,0.59836066,0.11904762,0.14718615,0.26623377
172,Cade Cavalli,WSN,0.35616438,0.66,0.49111675,0.60897436,0.83982684,0.74677003,0.44416244,0.61187215,0.12405063,0.16582278,0.28987342
173,Trey Yesavage,TOR,0.39726027,0.59139785,0.47280335,0.5,0.85454545,0.67256637,0.38912134,0.61290323,0.15481172,0.17573222,0.33054393
174,Bailey Falter,2 Tms,0.27722772,0.68075117,0.46186896,0.725,0.9,0.84302326,0.4575725,0.5766129,0.07246377,0.17283951,0.24530327
175,J.T. Ginn,ATH,0.30145278,0.6468254,0.43233083,0.53413655,0.86196319,0.72,0.37894737,0.54216867,0.12096168,0.15852742,0.27948911
176,Trevor McDonald,SFG,0.47619048,0.57534247,0.51685393,0.54,0.88095238,0.69565217,0.41011236,0.68,0.15642458,0.19553073,0.35195531
177,Charlie Morton,3 Tms,0.30529595,0.6741573,0.46486964,0.51785714,0.88333333,0.74714829,0.43261158,0.60958904,0.11738747,0.16284201,0.28022948
178,Max Scherzer,TOR,0.31909212,0.71294852,0.50071942,0.68200837,0.84026258,0.78591954,0.46115108,0.64804469,0.10704023,0.16307471,0.27011494
179,Ryan Feltner,COL,0.33226837,0.71634615,0.48560461,0.58653846,0.87248322,0.75494071,0.39923225,0.59259259,0.11854685,0.13575526,0.2543021
180,Kolby Allard,CLE,0.43636364,0.59183673,0.50961538,0.70833333,0.86206897,0.79245283,0.47115385,0.74074074,0.10576923,0.18269231,0.28846154
181,Yoendrys Gómez,CHW,0.30382775,0.72079772,0.49414824,0.59055118,0.86561265,0.77368421,0.45643693,0.63350785,0.11154345,0.15564202,0.26718547
182,Sean Manaea,NYM,0.35699797,0.71333333,0.52704136,0.60795455,0.85358255,0.7665996,0.47720042,0.64285714,0.12301166,0.15376458,0.27677625
183,Yu Darvish,SDP,0.2892562,0.66485507,0.4684529,0.62857143,0.86648501,0.7896679,0.47709594,0.64864865,0.09827586,0.17931034,0.27758621
184,Cal Quantrill,2 Tms,0.31825939,0.671875,0.46506986,0.68900804,0.8980322,0.81437768,0.41516966,0.61598441,0.08624128,0.16001994,0.24626122
185,Ben Lively,CLE,0.26735219,0.70909091,0.47009736,0.77884615,0.91025641,0.86982249,0.45897079,0.61235955,0.06111111,0.16805556,0.22916667
186,Nabil Crismatt,ARI,0.37681159,0.62580645,0.48342541,0.66666667,0.87628866,0.78285714,0.4281768,0.66055046,0.10497238,0.20441989,0.30939227
187,Javier Assad,CHC,0.23809524,0.70564516,0.46065259,0.69230769,0.90857143,0.85,0.47600768,0.67132867,0.06909789,0.17466411,0.243762
188,Jack Dreyer,LAD,0.40625,0.66666667,0.53225806,0.57692308,0.825,0.72727273,0.48387097,0.65714286,0.14516129,0.17741935,0.32258065
189,José Suarez,ATL,0.3559322,0.725,0.50505051,0.38095238,0.72413793,0.58,0.4040404,0.75862069,0.21212121,0.15151515,0.36363636
190,Tyler Wells,BAL,0.36627907,0.75294118,0.55847953,0.65079365,0.8671875,0.79581152,0.49707602,0.64634146,0.11403509,0.14327485,0.25730994
191,Ryan Yarbrough,NYY,0.27374302,0.67068273,0.43657331,0.63265306,0.79640719,0.73584906,0.41021417,0.68322981,0.11513158,0.18914474,0.30427632
192,Germán Márquez,COL,0.28822496,0.70538543,0.47769784,0.62195122,0.9251497,0.8253012,0.45419664,0.58544839,0.08337326,0.14614279,0.22951605
193,Shane Bieber,TOR,0.32717678,0.65413534,0.4620155,0.55645161,0.86206897,0.73489933,0.4124031,0.61006289,0.12248062,0.1751938,0.29767442
194,Miles Mikolas,STL,0.30108359,0.67340067,0.47943548,0.75578406,0.90125,0.85365854,0.47903226,0.69506726,0.07007652,0.18082964,0.25090616
195,Tyler Alexander,2 Tms,0.28125,0.71523179,0.49196141,0.57777778,0.94444444,0.83660131,0.48553055,0.65853659,0.08038585,0.15434084,0.23472669
196,Valente Bellozo,MIA,0.28455285,0.68817204,0.45833333,0.72857143,0.875,0.82323232,0.43055556,0.54716981,0.08101852,0.16203704,0.24305556
197,Joe Boyle,TBR,0.26439791,0.63554217,0.43697479,0.56435644,0.8436019,0.75320513,0.46498599,0.5862069,0.10784314,0.17647059,0.28431373
198,Kumar Rocker,TEX,0.32958199,0.70891089,0.49955634,0.5804878,0.88268156,0.77264654,0.44809228,0.58885017,0.11347518,0.14804965,0.26152482
199,DL Hall,MIL,0.21917808,0.57627119,0.37878788,0.5625,0.88235294,0.78,0.4469697,0.77142857,0.08270677,0.21052632,0.29323308
200,Kai-Wei Teng,SFG,0.29315961,0.62376238,0.42436149,0.47777778,0.8968254,0.72222222,0.39685658,0.67768595,0.11787819,0.18860511,0.3064833
201,Johan Oviedo,PIT,0.25994695,0.63541667,0.42255639,0.57142857,0.80327869,0.72241993,0.43308271,0.51764706,0.11694153,0.1814093,0.29835082
202,Jack Perkins,ATH,0.30049261,0.66911765,0.44837758,0.57377049,0.79120879,0.70394737,0.40117994,0.53571429,0.13274336,0.14159292,0.27433628
203,Colton Gordon,HOU,0.30717863,0.7042735,0.50337838,0.69565217,0.89320388,0.83221477,0.49408784,0.63987138,0.08431703,0.16947723,0.25379427
204,Sean Burke,CHW,0.2991453,0.68085106,0.46382289,0.66349206,0.85477941,0.78463329,0.43142549,0.57939914,0.09973046,0.15471698,0.25444744
205,Jonah Tong,NYM,0.25252525,0.65317919,0.4393531,0.6,0.89380531,0.80368098,0.46630728,0.52873563,0.08602151,0.19623656,0.28225806
206,Ryan Weathers,MIA,0.29881657,0.69407895,0.48598131,0.51485149,0.82938389,0.7275641,0.47352025,0.56024096,0.13239875,0.15420561,0.28660436
207,Hayden Wesneski,HOU,0.30798479,0.65306122,0.47440945,0.64197531,0.8625,0.78838174,0.48228346,0.64885496,0.1003937,0.18110236,0.28149606
208,Carson Spiers,CIN,0.32258065,0.72413793,0.47682119,0.63333333,0.9047619,0.79166667,0.38410596,0.58974359,0.09868421,0.11842105,0.21710526
209,Mason Barnett,ATH,0.28806584,0.67553191,0.45707657,0.57142857,0.91338583,0.79187817,0.4361949,0.60576923,0.09512761,0.15313225,0.24825986
210,AJ Blubaugh,HOU,0.34351145,0.71232877,0.4754902,0.53333333,0.86538462,0.71134021,0.35784314,0.46808511,0.1372549,0.10784314,0.24509804
211,Albert Suárez,BAL,0.25,0.66666667,0.41509434,0.75,0.85714286,0.81818182,0.39622642,0.66666667,0.0754717,0.16981132,0.24528302
212,Mitch Farris,LAA,0.32618026,0.70930233,0.48888889,0.55263158,0.85245902,0.73737374,0.42469136,0.57009346,0.12839506,0.1382716,0.26666667
213,Tyler Gilbert,CHW,0.28846154,0.66,0.47058824,0.53333333,0.81818182,0.72916667,0.49019608,0.83333333,0.12621359,0.15533981,0.2815534
214,JT Brubaker,SFG,0.35,0.57142857,0.44117647,0.42857143,0.9375,0.7,0.41176471,0.70588235,0.13235294,0.20588235,0.33823529
215,Andrew Heaney,PIT,0.3155929,0.66895762,0.47427984,0.71893491,0.8869863,0.82537961,0.44907407,0.60714286,0.08269132,0.16076014,0.24345146
216,Elvis Peguero,CHW,0.35,0.44444444,0.37931034,0.42857143,1.0,0.63636364,0.31034483,0.42857143,0.13793103,0.27586207,0.4137931
217,David Morgan,SDP,0.38709677,0.77142857,0.59090909,0.58333333,1.0,0.87179487,0.53030303,0.8125,0.07575758,0.13636364,0.21212121
218,Hayden Birdsong,SFG,0.25949367,0.66167665,0.42574257,0.52845528,0.88235294,0.75581395,0.41336634,0.50253807,0.1039604,0.15222772,0.25618812
219,Brant Hurter,DET,0.33333333,0.67307692,0.46923077,0.53846154,0.94285714,0.7704918,0.4,0.74285714,0.10769231,0.16153846,0.26923077
220,Adam Mazur,MIA,0.31034483,0.69298246,0.48875256,0.7037037,0.86708861,0.81171548,0.46625767,0.69784173,0.09202454,0.17177914,0.26380368
221,Thomas Hatch,MIN,0.2962963,0.66666667,0.41975309,0.8125,0.88888889,0.85294118,0.33333333,0.7,0.0617284,0.14814815,0.20987654
222,Huascar Brazobán,NYM,0.37837838,0.5,0.42857143,0.28571429,0.92307692,0.59259259,0.41269841,0.66666667,0.171875,0.203125,0.375
223,Aaron Ashby,MIL,0.5,0.5,0.5,0.66666667,1.0,0.78571429,0.35714286,0.5,0.10714286,0.17857143,0.28571429
224,Paul Blackburn,NYM,0.3125,0.74509804,0.47122302,0.69090909,0.85526316,0.78625954,0.36690647,0.52173913,0.10071942,0.14388489,0.24460432
225,Louis Varland,TOR,0.35714286,0.77777778,0.52173913,0.2,0.71428571,0.5,0.39130435,0.5,0.26086957,0.17391304,0.43478261
226,Keegan Akin,BAL,0.37777778,0.64516129,0.48684211,0.52941176,0.9,0.72972973,0.40789474,0.53333333,0.13157895,0.13157895,0.26315789
227,Steven Okert,HOU,0.26666667,0.72727273,0.46153846,0.75,0.875,0.83333333,0.42307692,0.33333333,0.07692308,0.15384615,0.23076923
228,Tyler Anderson,LAA,0.32770022,0.71340839,0.48887938,0.64349776,0.8507891,0.76990376,0.41787853,0.59599332,0.11239316,0.14957265,0.26196581
229,Brent Suter,CIN,0.27777778,0.63768116,0.45390071,0.8,0.79545455,0.796875,0.4893617,0.625,0.09219858,0.17021277,0.26241135
230,José De León,BOS,0.38333333,0.73170732,0.52475248,0.60869565,0.8,0.71698113,0.40594059,0.71428571,0.14851485,0.15841584,0.30693069
231,Chase Dollander,COL,0.27383367,0.70959596,0.46794151,0.64814815,0.8594306,0.79086538,0.44544432,0.56689342,0.09786277,0.14173228,0.23959505
232,Brennan Bernardino,BOS,0.25806452,0.5862069,0.41666667,0.375,0.82352941,0.68,0.48333333,0.66666667,0.13114754,0.18032787,0.31147541
233,Drew Pomeranz,CHC,0.38709677,0.76,0.55357143,0.41666667,0.89473684,0.70967742,0.44642857,0.69230769,0.16071429,0.125,0.28571429
234,Tyler Phillips,MIA,0.40740741,0.57142857,0.46341463,0.45454545,0.875,0.63157895,0.34146341,0.7,0.17073171,0.12195122,0.29268293
235,Tanner Banks,PHI,0.29411765,0.625,0.45454545,0.6,1.0,0.86666667,0.48484848,0.625,0.06060606,0.21212121,0.27272727
236,Jayden Murray,HOU,0.47368421,0.76190476,0.625,0.77777778,1.0,0.92,0.525,0.7,0.05,0.175,0.225
237,Chris Devenski,NYM,0.35294118,0.55555556,0.42307692,0.66666667,1.0,0.81818182,0.34615385,0.71428571,0.07692308,0.30769231,0.38461538
238,Anthony Veneziano,MIA,0.47058824,0.72222222,0.6,0.5,0.92307692,0.76190476,0.51428571,1.0,0.14285714,0.17142857,0.31428571
239,Lake Bachar,MIA,0.42857143,0.72222222,0.56410256,0.77777778,0.84615385,0.81818182,0.46153846,0.625,0.1025641,0.15384615,0.25641026
240,Shawn Armstrong,TEX,0.25925926,0.53333333,0.40350877,0.57142857,0.9375,0.82608696,0.52631579,0.85714286,0.07017544,0.26315789,0.33333333
241,Paxton Schultz,TOR,0.21276596,0.84210526,0.49411765,0.7,0.78125,0.76190476,0.44705882,0.57894737,0.11764706,0.11764706,0.23529412
242,Matt Gage,SFG,0.21428571,0.61538462,0.40740741,0.33333333,1.0,0.81818182,0.48148148,1.0,0.07407407,0.22222222,0.2962963
243,Kyle Leahy,STL,0.26315789,0.8,0.53846154,1.0,1.0,1.0,0.51282051,0.33333333,0.0,0.07692308,0.07692308
244,Grant Taylor,CHW,0.375,0.72222222,0.55882353,0.5,0.69230769,0.63157895,0.52941176,0.66666667,0.20588235,0.11764706,0.32352941
245,Frankie Montas,NYM,0.34011628,0.7016129,0.49155405,0.64957265,0.85057471,0.76975945,0.41891892,0.64473684,0.11298482,0.15514334,0.26812816
246,Luis Garcia,HOU,0.34848485,0.7,0.48113208,0.60869565,0.89285714,0.76470588,0.37735849,0.53571429,0.11320755,0.14150943,0.25471698
247,Jonathan Cannon,CHW,0.29217604,0.7203125,0.48010974,0.70292887,0.87201735,0.81428571,0.43895748,0.62234043,0.08910212,0.13639479,0.22549692
248,Wandy Peralta,SDP,0.41666667,0.42857143,0.42105263,0.6,0.66666667,0.625,0.36842105,0.75,0.15789474,0.21052632,0.36842105
249,Marcus Stroman,NYY,0.29904306,0.71678322,0.46875,0.736,0.87804878,0.82424242,0.40625,0.64571429,0.0822695,0.14609929,0.22836879
250,Brad Keller,CHC,0.44444444,0.5,0.47058824,0.5,0.75,0.625,0.47058824,0.66666667,0.17647059,0.23529412,0.41176471
251,Rob Zastryzny,MIL,0.33333333,0.88888889,0.75,1.0,0.5,0.55555556,0.75,0.66666667,0.33333333,0.08333333,0.41666667
252,Danny Coulombe,MIN,0.61538462,0.75,0.66666667,0.5,1.0,0.71428571,0.38095238,1.0,0.18181818,0.13636364,0.31818182
253,Reed Garrett,NYM,0.3,0.6,0.4,0.33333333,1.0,0.66666667,0.33333333,0.33333333,0.13333333,0.2,0.33333333
254,Angel Zerpa,KCR,0.28571429,0.58823529,0.4516129,0.75,1.0,0.92857143,0.5483871,0.57142857,0.03225806,0.19354839,0.22580645
255,Jackson Jobe,DET,0.28816794,0.66288952,0.43899658,0.64900662,0.85042735,0.77142857,0.40250855,0.66055046,0.10034208,0.16647662,0.2668187
256,Joe Ross,PHI,0.2,0.64285714,0.4137931,1.0,0.77777778,0.83333333,0.48275862,0.66666667,0.06896552,0.17241379,0.24137931
257,Tomoyuki Sugano,BAL,0.32647644,0.6710775,0.46861598,0.70325203,0.91830986,0.83028286,0.41247563,0.57185185,0.07943925,0.16160436,0.24104361
258,Griffin Jax,TBR,0.44444444,0.75,0.56666667,0.625,0.88888889,0.76470588,0.4,0.55555556,0.13333333,0.1,0.23333333
259,Cole Sands,MIN,0.32258065,0.76470588,0.55384615,0.7,0.92307692,0.86111111,0.52307692,0.66666667,0.07692308,0.12307692,0.2
260,Cooper Criswell,BOS,0.39622642,0.61290323,0.47619048,0.66666667,1.0,0.825,0.36904762,0.77777778,0.08333333,0.17857143,0.26190476
261,Justin Steele,CHC,0.37790698,0.68085106,0.514377,0.66153846,0.9375,0.82608696,0.45047923,0.67391304,0.08945687,0.18530351,0.27476038
262,Ryan Rolison,COL,0.42857143,0.625,0.53333333,0.66666667,0.8,0.75,0.53333333,0.5,0.13333333,0.2,0.33333333
263,Justin Topa,MIN,0.57142857,0.4,0.5,0.875,1.0,0.91666667,0.41666667,0.83333333,0.04166667,0.25,0.29166667
264,Rico Garcia,BAL,0.28571429,0.75,0.45454545,0.75,0.83333333,0.8,0.36363636,0.6,0.09090909,0.13636364,0.22727273
265,Ryan Brasier,CHC,0.5,0.66666667,0.54545455,0.75,1.0,0.83333333,0.27272727,0.66666667,0.09090909,0.09090909,0.18181818
266,Beau Brieske,DET,0.2,0.81818182,0.46153846,0.66666667,0.88888889,0.83333333,0.42307692,0.8,0.07692308,0.11538462,0.19230769
267,Lou Trivino,LAD,0.39130435,0.75,0.53846154,0.66666667,1.0,0.85714286,0.41025641,0.5,0.07692308,0.12820513,0.20512821
268,Casey Legumina,SEA,0.23076923,0.75,0.42857143,0.66666667,1.0,0.88888889,0.38095238,0.6,0.04761905,0.19047619,0.23809524
269,Bryce Miller,SEA,0.30190931,0.75426136,0.50843061,0.64822134,0.8606403,0.79209184,0.45654994,0.61734694,0.10550162,0.13656958,0.2420712
270,Grant Holman,ATH,0.15384615,0.83333333,0.48,0.5,1.0,0.91666667,0.48,0.66666667,0.04,0.04,0.08
271,Davis Daniel,ATL,0.23655914,0.69444444,0.43636364,0.77272727,0.86,0.83333333,0.43636364,0.47619048,0.07272727,0.14545455,0.21818182
272,Erick Fedde,2 Tms,0.27272727,0.6662636,0.43336624,0.71559633,0.90562613,0.83485194,0.40819348,0.64661654,0.07146378,0.16609167,0.23755545
273,Jared Shuster,CHW,0.33333333,0.79166667,0.54901961,0.88888889,0.89473684,0.89285714,0.47058824,0.5,0.05882353,0.11764706,0.17647059
274,Luis F. Castillo,SEA,0.28571429,0.75,0.44047619,0.625,0.95238095,0.81081081,0.33333333,0.65853659,0.08284024,0.13017751,0.21301775
275,Shinnosuke Ogasawara,WSN,0.23333333,0.58823529,0.3963964,0.57142857,0.83333333,0.75,0.45945946,0.59375,0.0990991,0.22522523,0.32432432
276,Brandon Eisert,CHW,0.19047619,0.78947368,0.475,0.75,0.93333333,0.89473684,0.475,0.66666667,0.04878049,0.17073171,0.2195122
277,Ian Hamilton,NYY,0.25,0.9,0.5,0.5,0.88888889,0.76923077,0.38461538,0.71428571,0.11538462,0.03846154,0.15384615
278,Cade Gibson,MIA,0.33333333,0.66666667,0.46666667,0.66666667,1.0,0.85714286,0.4,0.25,0.06666667,0.13333333,0.2
279,Mick Abel,2 Tms,0.33968254,0.68727273,0.50169492,0.61682243,0.85714286,0.77027027,0.46610169,0.64383562,0.11525424,0.15254237,0.26779661
280,Dietrich Enns,2 Tms,0.33333333,0.66304348,0.48969072,0.55882353,0.78688525,0.70526316,0.4742268,0.63265306,0.1443299,0.16494845,0.30927835
281,Sawyer Gipson-Long,DET,0.28571429,0.74285714,0.50691244,0.4375,0.83333333,0.71818182,0.48387097,0.63157895,0.14285714,0.13364055,0.2764977
282,Antonio Senzatela,COL,0.26320667,0.71728395,0.45791424,0.66901408,0.92598967,0.8416185,0.42879831,0.59344894,0.07248677,0.15449735,0.22698413
283,Fraser Ellard,CHW,0.20754717,0.59459459,0.36666667,0.54545455,0.68181818,0.63636364,0.41111111,0.45,0.13333333,0.13333333,0.26666667
284,Sean Hjelle,SFG,0.21875,0.59090909,0.37037037,0.28571429,0.92307692,0.7,0.40740741,0.6875,0.11111111,0.24074074,0.35185185
285,Brady Basso,ATH,0.125,0.66666667,0.47826087,1.0,0.9,0.90909091,0.65217391,0.44444444,0.04347826,0.13043478,0.17391304
286,Ben Casparius,LAD,0.39759036,0.61428571,0.49673203,0.66666667,0.95348837,0.82894737,0.45751634,0.58139535,0.08496732,0.18300654,0.26797386
287,Matt Sauer,LAD,0.32432432,0.74193548,0.51470588,0.83333333,0.86956522,0.85714286,0.45588235,0.625,0.07352941,0.10294118,0.17647059
288,Doug Nikhazy,CLE,0.23214286,0.79411765,0.44444444,0.46153846,0.85185185,0.725,0.37777778,0.65,0.12222222,0.11111111,0.23333333
289,Tobias Myers,MIL,0.32635983,0.7173913,0.4964539,0.76923077,0.88636364,0.84285714,0.43498818,0.6,0.07801418,0.14893617,0.22695035
290,Blade Tidwell,NYM,0.24175824,0.61538462,0.3974359,0.5,0.9,0.75806452,0.41666667,0.6,0.09615385,0.18589744,0.28205128
291,Daniel Lynch IV,KCR,0.24489796,0.57575758,0.37804878,0.58333333,0.84210526,0.74193548,0.40243902,0.68421053,0.09756098,0.20731707,0.30487805
292,Connor Gillispie,MIA,0.31558935,0.62980769,0.45435244,0.69879518,0.8778626,0.80841121,0.44161359,0.55284553,0.08686441,0.1779661,0.26483051
293,Robert Gasser,MIL,0.21875,0.68421053,0.39215686,0.57142857,0.84615385,0.75,0.37254902,0.72413793,0.09803922,0.17647059,0.2745098
294,Jalen Beeks,ARI,0.26666667,0.78571429,0.51724138,0.5,0.81818182,0.73333333,0.48275862,0.71428571,0.13793103,0.13793103,0.27586207
295,Jonathan Bowlan,KCR,0.29411765,0.84210526,0.58333333,0.2,0.875,0.71428571,0.52777778,0.77777778,0.16666667,0.08333333,0.25
296,Tristan Beck,SFG,0.2,0.68181818,0.45238095,0.5,0.93333333,0.84210526,0.52380952,0.53846154,0.07142857,0.19047619,0.26190476
297,Brandon Waddell,NYM,0.25925926,0.63333333,0.45614035,0.42857143,0.73684211,0.65384615,0.52631579,0.6,0.15789474,0.12280702,0.28070175
298,Brandon Young,BAL,0.31588448,0.72207792,0.48242812,0.68571429,0.87410072,0.8013245,0.41001065,0.62109375,0.09564293,0.16790648,0.26354942
299,Jordan Leasure,CHW,0.25,0.625,0.4,0.66666667,0.8,0.75,0.4,0.5,0.1,0.15,0.25
300,Logan Evans,SEA,0.28987517,0.65140845,0.44918542,0.66028708,0.91081081,0.82037997,0.44065167,0.62426036,0.08055771,0.17815647,0.25871418
301,Wade Miley,CIN,0.27,0.55223881,0.38323353,0.7037037,0.97297297,0.859375,0.4011976,0.64285714,0.05389222,0.20359281,0.25748503
302,Justin Sterner,ATH,0.55555556,0.66666667,0.6,0.4,1.0,0.66666667,0.4,0.75,0.2,0.13333333,0.33333333
303,Ryan Zeferjahn,LAA,0.25,0.44444444,0.35294118,0.5,1.0,0.83333333,0.52941176,0.75,0.05882353,0.35294118,0.41176471
304,Reynaldo López,ATL,0.26785714,0.65789474,0.42553191,0.86666667,1.0,0.95,0.40425532,0.68,0.0212766,0.18085106,0.20212766
305,Allan Winans,NYY,0.07407407,0.77142857,0.46774194,0.5,0.92592593,0.89655172,0.56451613,0.63157895,0.0483871,0.16129032,0.20967742
306,Justin Wrobleski,LAD,0.25,0.66019417,0.47120419,0.72727273,0.86764706,0.83333333,0.53926702,0.61538462,0.07853403,0.15183246,0.23036649
307,Bobby Miller,LAD,0.23255814,0.6097561,0.41666667,0.5,0.92,0.8,0.48809524,0.61111111,0.08333333,0.21428571,0.29761905
308,Sean Reynolds,SDP,0.25,0.64,0.42105263,0.875,0.875,0.875,0.43859649,0.5,0.05263158,0.19298246,0.24561404
309,Brock Burke,LAA,0.28571429,1.0,0.61538462,1.0,0.66666667,0.75,0.46153846,0.5,0.15384615,0.07692308,0.23076923
310,Chayce McDermott,BAL,0.28888889,0.55,0.36923077,0.69230769,0.90909091,0.79166667,0.30769231,0.5,0.07692308,0.15384615,0.23076923
311,Spencer Arrighetti,HOU,0.28125,0.64285714,0.4368932,0.57575758,0.85964912,0.75555556,0.43042071,0.62179487,0.10662359,0.17770598,0.28432956
312,Sam Aldegheri,LAA,0.30833333,0.65714286,0.43684211,0.67567568,0.91304348,0.80722892,0.36842105,0.60416667,0.08421053,0.14210526,0.22631579
313,Chris Flexen,CHC,0.23684211,0.66666667,0.42647059,0.66666667,0.85,0.79310345,0.44117647,0.44444444,0.08823529,0.14705882,0.23529412
314,Bryse Wilson,CHW,0.2987013,0.68131868,0.46731235,0.69565217,0.91129032,0.83419689,0.44067797,0.63302752,0.07748184,0.15254237,0.23002421
315,Spencer Turnbull,TOR,0.25,0.76470588,0.44444444,0.14285714,1.0,0.7,0.37777778,0.41666667,0.13333333,0.08888889,0.22222222
316,Anthony DeSclafani,ARI,0.3030303,0.60909091,0.44214876,0.6,0.88059701,0.77570093,0.45454545,0.515625,0.09917355,0.19008264,0.2892562
317,Caleb Boushley,TEX,0.17073171,0.59259259,0.33823529,0.85714286,0.8125,0.82608696,0.39705882,0.5625,0.05882353,0.19117647,0.25
318,Easton Lucas,TOR,0.32512315,0.73939394,0.51086957,0.68181818,0.82786885,0.77659574,0.44836957,0.68888889,0.11413043,0.13043478,0.24456522
319,Thomas Harrington,PIT,0.2745098,0.74358974,0.47777778,0.64285714,0.89655172,0.81395349,0.43333333,0.65217391,0.08888889,0.12222222,0.21111111
320,Tyler Holton,DET,0.26153846,0.63333333,0.44,0.47058824,0.78947368,0.69090909,0.48,0.6969697,0.136,0.208,0.344
321,Tony Gonsolin,LAD,0.26315789,0.65543071,0.43513957,0.54444444,0.81142857,0.72075472,0.43842365,0.64968153,0.12151067,0.17569787,0.29720854
322,Matt Waldron,SDP,0.16393443,0.69767442,0.38461538,0.8,0.9,0.875,0.41346154,0.6,0.04807692,0.16346154,0.21153846
323,Yariel Rodríguez,TOR,0.16666667,0.72727273,0.37931034,1.0,0.75,0.81818182,0.37931034,0.66666667,0.06896552,0.17241379,0.24137931
324,Carlos Carrasco,2 Tms,0.28223844,0.69503546,0.45021645,0.54310345,0.92346939,0.78205128,0.40692641,0.59677419,0.0981241,0.15440115,0.25252525
325,Bruce Zimmermann,MIL,0.28,0.65853659,0.45054945,0.78571429,0.96296296,0.90243902,0.45054945,0.71428571,0.04395604,0.1978022,0.24175824
326,Travis Adams,MIN,0.32183908,0.69565217,0.45112782,0.46428571,0.78125,0.63333333,0.34586466,0.5625,0.16541353,0.15037594,0.31578947
327,Mike Vasil,CHW,0.32231405,0.61111111,0.43005181,0.64102564,0.86363636,0.75903614,0.37305699,0.69230769,0.10362694,0.20207254,0.30569948
328,Scott Barlow,CIN,0.27272727,0.5,0.35294118,0.66666667,1.0,0.83333333,0.35294118,0.57142857,0.05882353,0.14705882,0.20588235
329,Justin Hagenman,NYM,0.35416667,0.64,0.45205479,0.52941176,0.8125,0.66666667,0.34246575,0.61111111,0.15068493,0.19178082,0.34246575
330,Scott Blewett,2 Tms,0.34615385,0.73529412,0.5,0.88888889,0.96,0.93023256,0.39534884,0.76,0.03488372,0.12790698,0.1627907
331,Emerson Hancock,SEA,0.29614325,0.72982456,0.48688272,0.70232558,0.87259615,0.81458003,0.43981481,0.66475645,0.09020817,0.15497301,0.24518119
332,Lance McCullers Jr.,HOU,0.23974763,0.63507109,0.39772727,0.54605263,0.87686567,0.75714286,0.39962121,0.532,0.09659091,0.18465909,0.28125
333,Rich Hill,KCR,0.20833333,0.62666667,0.39181287,0.75,0.85106383,0.82089552,0.43859649,0.60465116,0.07017544,0.19298246,0.26315789
334,Caden Dana,LAA,0.26459144,0.65053763,0.42663657,0.57352941,0.85123967,0.75132275,0.41986456,0.58928571,0.10609481,0.16930023,0.27539503
335,José Ureña,3 Tms,0.24561404,0.67741935,0.43961353,0.71428571,0.92857143,0.86263736,0.44927536,0.53773585,0.06038647,0.14975845,0.21014493
336,Roki Sasaki,LAD,0.24347826,0.6812749,0.42785235,0.55952381,0.93567251,0.81176471,0.42114094,0.57142857,0.08013356,0.15692821,0.23706177
337,Braydon Fisher,TOR,0.3,0.73333333,0.48571429,1.0,0.81818182,0.88235294,0.42857143,0.44444444,0.05714286,0.17142857,0.22857143
338,Osvaldo Bido,ATH,0.29297821,0.74742268,0.51310861,0.6446281,0.85862069,0.79562044,0.48439451,0.60849057,0.10460772,0.13075965,0.23536737
339,Richard Fitts,BOS,0.36956522,0.73913043,0.53523238,0.61764706,0.89140271,0.78711485,0.44827586,0.67231638,0.11394303,0.12893553,0.24287856
340,Payton Tolle,BOS,0.25531915,0.78787879,0.52849741,0.45833333,0.84615385,0.75490196,0.51295337,0.53191489,0.12886598,0.09793814,0.22680412
341,Carson Seymour,SFG,0.24691358,0.58695652,0.42774566,0.55,0.88888889,0.7972973,0.53179191,0.52272727,0.0867052,0.23699422,0.32369942
342,Aaron Bummer,ATL,0.33962264,0.59375,0.43529412,0.44444444,0.84210526,0.64864865,0.37647059,0.57142857,0.15294118,0.18823529,0.34117647
343,Zach Eflin,BAL,0.35949765,0.67755102,0.49778172,0.72052402,0.88554217,0.81818182,0.43478261,0.63430421,0.09050577,0.15616681,0.24667258
344,Landon Knack,LAD,0.27725857,0.64367816,0.44158076,0.68539326,0.86309524,0.80155642,0.44845361,0.62676056,0.08762887,0.15979381,0.24742268
345,Victor Mederos,LAA,0.27906977,0.63207547,0.43829787,0.63888889,0.85074627,0.77669903,0.45106383,0.55555556,0.09787234,0.16595745,0.26382979
346,Pierson Ohl,MIN,0.39316239,0.71084337,0.525,0.69565217,0.93220339,0.82857143,0.415,0.47727273,0.09,0.125,0.215
347,Chase Petty,CIN,0.27619048,0.72222222,0.42767296,0.55172414,0.74358974,0.66176471,0.33962264,0.61111111,0.14465409,0.13207547,0.27672956
348,McCade Brown,COL,0.27874564,0.65420561,0.43912176,0.6125,0.87142857,0.77727273,0.42714571,0.63492063,0.09760956,0.15936255,0.25697211
349,Kyle Hart,SDP,0.2735426,0.69318182,0.45864662,0.70491803,0.89344262,0.83060109,0.44110276,0.62727273,0.0775,0.185,0.2625
350,Tanner Houck,BOS,0.31497797,0.6440678,0.44459279,0.65034965,0.91052632,0.7987988,0.39385848,0.62068966,0.0894526,0.18157543,0.27102804
351,Walker Buehler,2 Tms,0.3,0.66192171,0.44577162,0.69866667,0.90681004,0.82315113,0.40277114,0.63703704,0.07872137,0.17080153,0.2495229
352,Austin Gomber,COL,0.28625954,0.71578947,0.49049049,0.68,0.92941176,0.85306122,0.47547548,0.65073529,0.07207207,0.17017017,0.24224224
353,Anthony Molina,COL,0.28846154,0.80645161,0.48192771,0.66666667,0.88,0.8,0.37349398,0.41666667,0.09638554,0.07228916,0.1686747
354,Elvin Rodríguez,MIL,0.32142857,0.71428571,0.47857143,0.7037037,0.95,0.85074627,0.4,0.66666667,0.07142857,0.15,0.22142857
355,Joey Estes,ATH,0.26744186,0.78333333,0.47945205,0.7826087,0.87234043,0.84285714,0.4109589,0.5,0.07534247,0.0890411,0.16438356
356,Jake Irvin,WSN,0.30121251,0.65359477,0.46603261,0.70974576,0.90111111,0.83527697,0.46773098,0.64930114,0.07668816,0.17780794,0.2544961
357,Mitch Spence,ATH,0.33757962,0.70945946,0.51803279,0.61320755,0.88571429,0.7943038,0.4852459,0.62427746,0.10655738,0.15081967,0.25737705
358,Carson Palmquist,COL,0.2748538,0.66935484,0.44067797,0.74468085,0.90361446,0.84615385,0.42033898,0.53061224,0.0676819,0.1607445,0.2284264
359,Carson Whisenhunt,SFG,0.29218107,0.68902439,0.45208845,0.6056338,0.86725664,0.76630435,0.4029484,0.65686275,0.10539216,0.15441176,0.25980392
360,Gunnar Hoglund,ATH,0.27906977,0.67073171,0.45521024,0.61904762,0.88484848,0.79518072,0.44972578,0.58273381,0.09306569,0.17518248,0.26824818
361,Didier Fuentes,ATL,0.29824561,0.68032787,0.45733788,0.68627451,0.8313253,0.7761194,0.41638225,0.47826087,0.10238908,0.15358362,0.2559727
362,Jack Kochanowicz,LAA,0.3121547,0.70336788,0.47470398,0.64896755,0.91896869,0.81519274,0.41550054,0.59179688,0.08754028,0.14017186,0.22771214
363,Kyle Gibson,BAL,0.31318681,0.70408163,0.45,0.63157895,0.95652174,0.80952381,0.35,0.61643836,0.08571429,0.13571429,0.22142857
364,Bowden Francis,TOR,0.2936747,0.70649895,0.46625767,0.66666667,0.85756677,0.78759398,0.41805434,0.625,0.09886264,0.15835521,0.25721785
365,Bradley Blalock,COL,0.27486438,0.73286052,0.47336066,0.71052632,0.91935484,0.85064935,0.43340164,0.5610687,0.07069672,0.13934426,0.21004098
366,Nestor Cortes,2 Tms,0.23255814,0.68627451,0.42570952,0.6125,0.86857143,0.78823529,0.42570952,0.61146497,0.09015025,0.1836394,0.27378965
