rank,Name,Team,playerid,IP,Stf+ FA,Stf+ SI,Stf+ FC,Stf+ FS,Stf+ SL,Stf+ CU,Stf+ CH,Stf+ KC,Stf+ FO,Stuff+,Location+,Pitching+
1,Jacob Misiorowski,MIL,31623,174.2,130.5155966587112,125.71999999999998,116.52639566395663,,128.36666666666667,130.48175824175826,97.90285714285717,,,127.9955018392049,100.3347193989235,129.16176777745633
2,Cristopher Sánchez,PHI,20778,207.0,,114.91162624821683,,,109.43473504273503,,122.34539709649874,,,116.65856615175758,96.9131578742086,113.36402344086784
3,Cam Schlittler,NYY,32095,193.2,119.68470066518847,109.60921501706484,106.81554697554695,,111.72952380952383,109.58269360269361,,,,113.37237240789702,102.20431315248572,114.33103968437028
4,Chris Sale,ATL,10603,162.2,112.20952112676058,127.17290322580645,,,128.29515092502436,,92.95683018867925,,,117.90537882932867,109.38355572031811,121.67010020670818
5,Jesús Luzardo,PHI,19959,178.2,96.91807743658211,110.88415322580646,,,122.62522854528821,,101.97536398467435,,,110.135260249659,103.18786903708248,111.37838681196105
6,Dylan Cease,TOR,18525,169.0,110.14649859943977,91.03842105263159,,,105.55308032955716,,108.91456193353473,88.06034246575341,,104.7336930644924,97.58387934245377,103.12028036956654
7,Tarik Skubal,2 Tms,22267,158.2,117.12863839285716,117.73674757281553,,,108.02428134556575,116.51220338983052,122.60829187396352,,,117.35940644235008,105.69202770956048,121.17701316974414
8,Drew Rasmussen,TBR,25385,172.0,116.5784966442953,117.13229067930493,101.64567708333334,,109.59088235294118,83.529010989011,109.43146892655366,,,110.13416010314006,106.00659570070226,113.70267819772646
9,Parker Messick,CLE,31986,186.1,95.79480097481722,92.80108597285069,93.92043165467626,,96.54113989637307,99.32898785425103,103.00307471264365,,,97.30633909201067,106.08964910263028,105.28031112503832
10,Reid Detmers,LAA,27468,185.0,101.53091445427728,100.39448275862071,,,109.63536560247168,100.88809815950921,101.34833333333333,,,104.09249205161971,109.21396211829924,110.2845208185549
11,Yoshinobu Yamamoto,LAD,33825,185.0,105.60717877094973,102.71513966480444,95.40931034482757,103.46912087912091,102.99096385542171,100.43483333333333,,,,102.30213708740969,106.95764726014777,109.84140818275003
12,Jacob deGrom,TEX,10954,162.2,108.43593749999998,101.46747252747252,,,112.03970117395944,104.47582417582414,105.42815013404822,,,108.7597125928364,108.26660173457965,117.66169224421499
13,Chase Burns,CIN,35333,154.1,104.92897327707455,88.78000000000002,,,125.83445999999999,89.53999999999999,88.05835820895523,,,112.09819077357021,101.19982963337549,113.91488618683348
14,Paul Skenes,PIT,33677,174.1,94.95938983050848,94.94811764705882,,84.6551202749141,118.58122825575927,122.14000000000001,84.84466666666665,,,98.6465675693277,107.20915645747029,104.97951381214037
15,Payton Tolle,BOS,35466,148.2,125.0616519174041,100.04459016393444,102.87029612756265,,,129.5040566037736,106.81076923076924,,,114.68851415777004,99.8849143782179,112.11979041777994
16,Bryan Woo,SEA,30279,173.0,110.13197776012709,103.70628683693515,,,114.15934410601076,117.66727272727273,84.32646706586826,,,108.4855270868474,106.50148470058888,111.31660631175471
17,Zack Wheeler,PHI,10310,162.0,112.72025396825397,111.60219512195121,83.82501792114695,89.49846867749419,102.97222535211266,120.36209606986897,,,,105.11078778943138,106.50573320848285,112.74407314795087
18,Trevor Rogers,BAL,22286,169.2,102.19115354017504,102.15272727272726,101.89054054054053,,118.8316145833333,,87.05408348457354,,,101.513092734604,107.43142213504946,105.74940819207812
19,Cade Cavalli,WSN,27473,169.2,95.07566371681415,96.11135446685881,94.4206818181818,,111.12342569269519,,92.8967924528302,111.45336032388664,,101.61488174800954,99.38824429468815,99.67669851193298
20,Ranger Suarez,BOS,17277,148.1,83.04155555555556,96.88455479452057,91.21914221218961,,115.60064000000004,104.78783042394016,91.62144329896908,,,94.36772152020878,105.48849490997549,98.96930466365095
21,Braxton Ashcraft,PIT,23793,165.1,91.5617591339648,104.8519,,87.5096,103.6264552238806,131.44141065830723,,,,106.8219489213755,107.11494262457123,109.95724593953248
22,Gavin Williams,CLE,30122,184.1,105.21045735475897,94.01665943600868,83.35103448275862,,119.87433607520563,99.42727819548874,,,,105.0219794380724,104.9941785267008,109.54680033318816
23,Max Fried,NYY,13743,112.2,102.33481481481478,109.63177464788734,100.6769109947644,,111.72171555555555,119.1794805194805,98.56679611650485,,,106.55369589421801,101.54028275575669,109.50809620282534
24,Nolan McLean,NYM,33703,179.2,104.15528368794327,113.47154150197629,100.53653594771241,,93.75408899297423,116.21409523809521,101.97160220994475,,,107.05250051385434,95.25070299687192,105.30515093227392
25,Sonny Gray,BOS,12768,169.0,87.60911214953272,102.8963940520446,83.90662365591398,,127.72404291360813,102.99089058524174,83.90394366197184,,,100.74049997014991,98.11739422580192,102.29845028366663
26,Shane Baz,BAL,22264,179.2,101.46378269617705,91.707421875,96.51570438799074,,,,82.25330855018588,100.28798748696558,,97.6798205549574,103.29150280325175,102.73180299183933
27,Sandy Alcantara,MIA,18684,211.0,95.07074829931973,100.34700934579436,102.1760412371134,,111.04948428019854,88.55106382978725,95.49217910447763,,,99.87415467571776,103.28076766875652,102.85033545330955
28,Eduardo Rodriguez,ARI,13164,189.2,92.89949429037519,95.55967213114754,93.65299270072992,,,91.96885333333333,90.36909987669543,,,92.42288634374802,108.63459064633766,102.03301785929978
29,Kevin Gausman,2 Tms,14107,177.2,96.20549638395791,,,100.07993203058622,91.15148148148148,,97.5890909090909,,,97.25858893097488,107.15019897681343,103.74293990020475
30,Logan Webb,SFG,17995,160.2,97.73881656804737,110.73633879781424,84.34786377708978,,94.53182364729459,,98.1020134228188,,,99.27141926730623,103.87578066169687,104.38629961614491
31,Shohei Ohtani,LAD,19755,85.2,106.20102990033223,105.29652173913045,91.90222222222222,115.14543859649126,129.97960784313725,108.86556390977442,,,,114.35430064779253,97.72062076405163,111.62947510456254
32,Nick Martinez,TBR,12730,180.0,95.76867924528301,100.90272159800249,86.82374774774776,,91.41124999999998,87.27320388349514,108.50534562211983,,,98.18500173287916,107.03818542860672,104.0059565991432
33,Logan Gilbert,SEA,22250,186.0,102.00873737373738,104.4011111111111,91.27671052631577,141.49413870246084,110.73924192467628,95.45333333333333,104.91646511627906,,,110.28140416788315,103.3010556740627,112.06271534560935
34,Sean Burke,CHW,29878,142.1,118.45290465631929,88.23143730886851,88.23867187500001,,89.49705463182899,,81.482,84.71607214428857,,98.69655145387749,100.83504002464115,98.82464799519958
35,MacKenzie Gore,TEX,22201,173.0,94.42966548042705,106.80897435897434,93.62858695652176,,100.55666666666667,104.98549532710278,95.02953608247421,,,97.6157883628204,99.86362212917615,97.53525195047816
36,Taj Bradley,MIN,22543,178.1,105.65017167381974,,114.99934604904631,110.48170357751276,,113.18935251798563,,,,109.65078065239842,91.0695286334477,99.78011736853789
37,Dustin May,2 Tms,19716,145.2,103.2739932885906,112.68885654885653,88.48112478031635,,111.14785882352943,106.2032967032967,85.23534246575343,,,102.17050347439503,103.31078065953615,105.81152287773551
38,Michael Soroka,ARI,18383,112.0,94.8664695652174,95.23187165775401,93.99877358490565,,136.85999999999999,97.67631304347826,83.13163636363636,,,94.53290217350619,103.73200235334328,96.60201238841556
39,Andre Pallante,STL,26108,162.0,96.45352549889134,106.95088435374147,,101.51263157894738,91.43828793774318,,,97.29402654867255,,97.03070378628121,104.74568085925796,103.02524221150199
40,Michael King,SDP,19853,185.0,97.99764900662252,93.87249097472923,,,106.96015792474893,,81.93091370558375,,,94.87258539340473,101.25827319030363,97.21034523388667
41,Davis Martin,CHW,21448,140.2,92.71768844221107,86.18071428571427,86.23887323943661,,94.25910344827587,93.97804281345567,85.14445121951222,,,89.97800645110675,93.24413907513204,84.48727758023296
42,Jared Jones,PIT,27863,101.2,92.73774278215224,,,,110.53406474820143,110.72948148148149,98.76861878453037,,,100.94110440378044,104.92676182379034,107.98059225582745
43,Noah Cameron,KCR,30184,170.1,89.26645066273933,94.25202797202797,88.95801029159517,,101.2008,107.21460526315788,102.37731663685153,,,96.61747476050192,105.1129326740544,104.16521817471165
44,Foster Griffin,2 Tms,16432,172.2,99.01387308533916,94.4928082191781,96.86323561346363,110.971375,105.2792,99.56980079681276,82.74415902140672,,,97.64681610925804,102.17815283655244,98.43229194327289
45,Walbert Ureña,LAA,29357,146.2,74.99143497757849,108.66020100502512,,,121.4129518072289,,97.87846153846156,,,100.43395931160478,101.79552030099157,104.34851006451012
46,José Soriano,2 Tms,22100,177.1,95.39154605263157,102.4379381443299,,98.69963436928704,97.27971631205673,,,91.67303882195449,,97.25260571029166,106.0817011465695,105.51812064480738
47,Kyle Leahy,STL,24763,140.0,88.43335537190084,105.7115309446254,,,91.23572909431269,90.90167979002621,93.39207100591716,,,92.68460218131003,105.65650389786684,101.16263881478196
48,Ryan Weathers,NYY,23796,137.1,100.05683794466404,96.14497890295358,,,109.52786097300621,,101.63572173913045,,,102.65552200619464,108.29839364049833,110.03079200306941
49,Joe Ryan,MIN,21390,144.2,114.40732654949122,105.6957391304348,,78.07535836177475,98.81213430355811,,,122.9446715328467,,106.70198575783914,106.24773520657986,109.63614611745719
50,George Kirby,SEA,25436,174.2,93.66045918367347,111.9857986111111,85.98103448275862,111.92137931034483,103.67198463508323,,84.08268456375839,106.74918149466193,,101.43349127570683,111.62262363689281,111.77594001246867
51,Landen Roupp,SFG,30076,155.0,96.43653846153845,95.92260215053763,90.76183727034119,,,116.6951226551227,85.12659420289854,,,98.36488229044967,104.06100165015282,103.37311025373556
52,Michael Wacha,KCR,14078,200.2,93.87833333333332,90.61869249394674,75.02913140311806,,87.20593155893536,86.94059800664452,129.9077952755906,,,98.44530188774631,100.91824935925182,98.85255083953224
53,Peter Lambert,HOU,17969,155.2,96.92790865384615,93.45644444444446,85.03092936802975,,102.2574403927069,90.83530201342282,80.70623003194889,,,92.43926134331699,100.59132858172498,93.72203153932813
54,Shane McClanahan,TBR,21483,118.0,86.31457386363635,,,,112.9112759643917,101.68483516483516,134.43019379844964,,,107.12620173590929,93.55969318463637,101.18770047991956
55,Logan Henderson,MIL,31475,98.1,108.88183381088825,,93.85556521739132,,110.79276595744679,,95.61769811320757,,,102.00189050360717,107.94434989694889,106.63318725468912
56,Brandon Pfaadt,ARI,27782,114.2,101.25894039735097,98.22082706766916,87.07816326530612,,114.63085820995063,93.95982142857143,72.42204778156997,,,95.07520004722737,106.75183731859539,103.16405858173908
57,Tyler Glasnow,LAD,14374,74.0,105.05874686716791,102.42440816326528,,,85.45881773399013,153.31578947368422,,93.07991836734693,,100.87235545463622,96.15953708851218,100.68289568271886
58,Max Meyer,MIA,27474,111.0,97.00669767441862,92.22658959537571,,,100.72775064636602,,87.3320218579235,,,97.64913294048976,104.79937305712608,105.10131212920457
59,Eury Pérez,MIA,27768,158.0,124.46451678535098,104.86914893617023,,,116.9000220322887,104.37535714285715,82.90017543859648,,,113.87263818205604,92.60690265622162,104.09831434525972
60,Jake Bennett,BOS,31959,109.2,87.71545787545786,102.58544973544973,74.52466666666668,,103.38932203389828,109.8925,87.64671532846712,,,92.56875694367338,113.79978303601021,104.7206563209421
61,Casey Mize,2 Tms,20492,131.1,97.11433287482805,91.3942,,85.75666666666666,75.9584375,90.99,,,,87.78535312443452,105.67626465437397,96.11122725646494
62,Gerrit Cole,NYY,13125,127.0,103.88410582010582,93.26794117647059,121.1,,107.34541666666667,,95.19282258064517,106.18169741697417,,103.35659932879908,106.0938982597886,106.07114203565467
63,Griffin Jax,TBR,20253,103.1,110.8590510948905,99.17870786516855,92.97319999999999,,103.87593495934962,113.75458646616539,100.296,,,103.71370233869177,108.0771352587649,113.77984324436703
64,Christian Scott,NYM,30107,110.0,103.8323758099352,88.35939393939394,95.7775806451613,111.99523809523808,119.68081188460569,123.23,,,,107.15937648476034,99.04268317220804,104.0151503773099
65,Tyler Mahle,2 Tms,16358,149.0,92.96044788975023,76.5494117647059,80.94832402234638,82.86286115007013,86.98648064353945,,,,,87.68485036483241,110.66652799622477,101.61687066166142
66,Janson Junk,MIA,23301,122.2,98.2414,90.73871794871796,,,103.81044509913208,94.52276595744681,102.43520231213873,,,100.21121000899853,109.55769632563978,108.50468524673592
67,Framber Valdez,DET,17295,174.0,68.52653846153848,97.8837366255144,84.16,,123.04396825396825,116.02099273607746,95.19798387096773,,,102.86684650080853,95.95409778533748,100.0569077201196
68,Will Warren,NYY,30182,149.1,109.23493333333333,103.0337715179969,,,93.00704500978475,102.11805555555554,95.24057142857141,,,102.08041164052712,106.30813754996522,110.59217504354119
69,Blake Snell,LAD,13543,42.2,106.69079019073571,,,,110.12875,147.0588888888889,122.19196969696971,,,118.6782332544436,105.35253416844671,119.93165888026499
70,Freddy Peralta,2 Tms,18679,169.0,96.88540816326531,,,,113.6633918566002,96.01581151832461,86.79792207792207,,,96.64945434436325,105.9209395773296,103.5659249106952
71,Michael McGreevy,STL,29869,168.2,73.03174231332356,87.96937777777778,79.38668810289388,,88.86283562012376,84.03333333333333,79.54268551236751,,,81.24713341594448,110.41416643385168,94.7847428488179
72,Connor Prielipp,MIN,31857,116.2,85.44671875,93.09188118811883,,,110.2323076923077,127.54892655367232,98.41979797979798,,,102.92437453010746,102.63886720618734,102.4109880174131
73,Keider Montero,DET,22630,136.2,91.219392,98.02623556581986,,,98.26671717171716,,80.88724738675958,89.46134275618375,,92.33468325795961,101.88654264464448,94.31474234494618
74,Hunter Brown,HOU,25880,107.1,105.49947552447554,111.41041237113402,86.6318918918919,,87.14843373493974,105.64,83.52299401197605,106.76943952802361,,103.5726620183762,95.21313614425519,101.00255346838622
75,Bubba Chandler,PIT,29868,148.2,102.47193290734826,94.82185185185186,,,103.7330446451124,109.88557377049179,88.86573770491806,,,100.62815218242474,102.14409348008328,104.7235613224085
76,Seth Lugo,KCR,12447,172.1,92.04564102564103,82.05713261648746,90.30553846153848,,94.44299809196738,100.06262329146773,69.60568093385216,,,89.86572825568118,103.21833461029415,93.79211107407109
77,Andrew Alvarez,WSN,29914,86.0,84.8616,98.5294685990338,,,94.82641509433961,100.97284444444445,87.80795180722892,,,94.09340357866763,100.16283264765359,98.60705084942593
78,Shota Imanaga,CHC,33829,174.1,94.02975177304965,80.43795180722891,,89.41775257731958,97.97374705581159,91.47753086419752,,,,92.21833220538711,110.22553865343974,103.1293290806073
79,Carlos Rodón,NYY,16137,84.1,105.50172465960668,105.77258426966293,,,114.10644808743172,97.19833333333331,105.71377990430622,,,107.63163514173215,89.61589923984005,95.9264179176772
80,Justin Wrobleski,LAD,31204,128.1,93.66715920915715,90.2620382165605,95.49923076923075,,107.32690163430279,80.029375,89.75790476190475,,,96.77698590660556,113.98038693055224,108.60298460593158
81,Clay Holmes,2 Tms,13649,101.1,74.49529411764706,90.41969581749049,102.04411764705883,,104.10972731660232,129.8663063063063,89.08434782608697,,,96.40232362385603,99.07218268462259,95.37479040319305
82,Emerson Hancock,SEA,27470,138.2,91.59206534422407,98.78842519685038,99.33420634920634,,125.06808022922634,132.66927835051544,81.64981481481482,,,100.92763891049931,106.0922293280022,101.58961466219304
83,J.T. Ginn,ATH,27889,131.1,80.61053941908713,107.1663101604278,77.46689855072464,,94.21824427480917,,81.16176190476192,,,91.8982080699914,101.27910108416815,98.43579535811708
84,David Peterson,2 Tms,20302,116.1,78.2967265469062,96.00952542372883,,,88.75507389162561,85.21585858585857,89.68870848708487,,,88.04550408222502,102.84898006423293,94.98356605882958
85,Gage Jump,ATH,35418,98.2,101.16098522167488,88.94924731182795,,,115.54684305827506,125.63540106951872,93.67780487804878,,,106.4974616242067,99.03780221791355,103.26696664795402
86,Nathan Eovaldi,TEX,9132,137.0,88.85253521126761,101.54249999999998,93.70199501246883,94.33207301173402,91.45529411764704,100.61458064516127,,,,95.37772154169801,106.1440782146658,104.3040962898662
87,Matthew Boyd,CHC,15440,126.2,86.18800464037123,96.49304347826087,,,108.43541218637992,105.60652892561983,98.60296703296702,,,95.28959997396363,106.97078597272458,99.6591686024093
88,Joey Cantillo,CLE,23335,144.0,88.46507710557535,,77.32652849740933,,83.46378378378378,97.19879423328966,105.88959742351047,,,94.26282944397074,95.27848130332744,91.29111857533357
89,Troy Melton,DET,31807,114.1,100.59141379310346,100.84851851851852,94.71727506426737,,99.40378737541529,103.66285714285713,106.13807228915661,,,100.20580128514568,99.95683760614723,101.63543672631334
90,Brandon Young,BAL,27819,156.2,98.0807889546351,89.98418338108883,,95.94640167364015,105.44717557251907,91.59527027027029,,,,96.95280805878838,104.50525732161643,100.58506564261073
91,Kyle Harrison,MIL,27758,112.1,106.89235857267188,106.02,85.16,,,102.06498461538462,107.57191489361702,,,105.39016250033453,111.56973284749398,113.581996584068
92,Tanner Bibee,CLE,30134,188.0,91.40126436781608,101.56064935064936,102.29746164574618,,113.50180645161292,92.16282208588959,124.49406113537118,,,102.49827043873943,99.9601489933981,100.66678175055472
93,Cal Quantrill,TEX,19312,76.2,82.352987012987,85.75410852713179,90.35397590361445,95.69456521739129,97.48200000000001,89.66408163265304,,,,88.53270072878227,109.17310232953942,98.18990243127435
94,Walker Buehler,SDP,19374,153.2,89.87927756653991,95.99190751445086,92.47604395604398,,100.74904241609917,,88.228987854251,109.01433789954338,,95.08594376968101,100.694592355986,97.30405306970374
95,Kyle Bradish,BAL,24586,155.0,87.13829596412558,95.66085327783559,,,112.41798742138364,104.41674825174827,79.67142857142858,,,100.09656931657227,98.47779621209409,100.14120606632265
96,Martín Pérez,ATL,6902,132.2,75.25387755102041,85.00198150594451,92.49423655913978,,,82.78832214765102,81.73236923076922,,,85.03604185152506,100.53997711733372,89.14300459048923
97,Ben Brown,CHC,23590,42.1,83.2008071748879,92.84508771929826,,,,,95.3825641025641,114.36449339207049,,97.57427676432651,97.8097512437811,94.8758524251172
98,Rhett Lowder,CIN,33876,126.1,81.07914606741573,84.4099696048632,,,93.55948717948718,98.82151515151517,86.69383908045977,,,87.06619494340143,104.37374637478696,93.46112208745257
99,Anthony Kay,CHW,20387,151.0,93.68860805860807,112.15217391304348,101.8078787878788,,108.67954802036488,,101.55097112860894,,,104.14337429154847,103.20655133327368,108.14759109363791
100,Andrew Abbott,CIN,29911,166.0,90.34412549019608,,91.34168421052632,,113.13463327370303,90.31145161290318,85.60161579892281,,,93.89096457726373,98.8396175923771,93.37934291306638
101,Robert Gasser,MIL,29812,104.0,113.50886649874056,101.6666497461929,90.595125,,122.9935440180587,,83.74770949720671,,,105.88534390594836,93.14680734281785,94.76145875012944
102,Nick Pivetta,SDP,15454,34.2,105.78454849498327,84.792,74.05064935064935,,119.90121212121213,94.13448818897638,,,,100.73140138408303,103.15571045875656,102.532499162853
103,Emmet Sheehan,LAD,29839,107.0,102.58679245283021,,,,98.31052823315119,90.17427272727275,104.3549494949495,,,100.14367847771851,106.36924548072867,107.85248878442121
104,Kumar Rocker,TEX,31843,130.1,82.441592920354,99.04578171091447,83.12070287539936,79.99499999999999,94.85459196102313,,72.59287671232877,,,91.72520804085886,94.60275759410995,88.51304246549257
105,Randy Vásquez,SDP,24719,117.0,104.49202003338897,89.51287197231834,96.08422535211265,,105.83379567429186,95.68410256410259,80.55102564102562,,,97.56849265564297,101.62796234908053,96.83562291918186
106,Jack Flaherty,DET,17479,86.1,105.81342431761787,76.7613698630137,,,90.33088161209066,,74.99428571428571,104.95881619937694,,99.83969232762918,94.6405306441495,94.22350666324124
107,Aaron Nola,PHI,16149,175.1,105.71373937677053,102.42949532710279,90.4560538116592,,89.45904761904762,,66.57775467775467,126.13561224489797,,104.25327199571,103.95213589640282,107.4023300375401
108,Trey Yesavage,TOR,35456,97.2,90.84937912813736,,,136.76570212765958,105.73724489795919,,,,,107.75711399305138,89.7687146942237,96.41381972432978
109,Hayden Wesneski,HOU,27581,61.0,81.84100917431192,96.01976190476189,76.06191176470591,,119.60867924528301,99.82,90.10403669724771,,,95.80522804225808,100.38694355699919,97.19991132338184
110,Bailey Ober,MIN,21224,128.0,79.81672281776416,76.44553846153845,,,99.36846951660881,86.65466666666666,97.31941775836972,,,91.60783900320797,94.19584721762699,88.47065240824392
111,Brandon Woodruff,MIL,16162,45.1,100.25758007117437,94.62032520325202,87.86399999999999,,115.376,90.68500000000002,88.1789705882353,,,95.01499493694192,104.80203811101904,99.05804013624227
112,Bryce Elder,ATL,27779,149.0,80.57543650793649,85.86293460925039,81.85053571428573,,87.70525896414341,,83.24971014492756,,,84.14993564333798,105.5570586263518,94.36752837596329
113,Matthew Liberatore,STL,22294,155.0,84.79653846153846,90.35311320754717,86.89885714285712,117.97111111111111,107.28757446808511,117.58038054968287,84.1893865030675,,,97.39900624198896,99.31332744224157,95.65589630483645
114,Shane Drohan,MIL,27814,94.0,99.82903225806454,98.74578313253012,86.02161490683231,,107.8552265861027,97.98817733990147,88.62175,,,99.01945843894767,96.8296458728693,94.5175666992675
115,Patrick Sandoval,BOS,19447,64.2,86.85117647058824,99.16158415841586,,,111.86983277591972,98.4663829787234,105.35598615916955,,,101.15725939859988,98.70109564145943,102.5142439737075
116,Yusei Kikuchi,LAA,20633,67.2,97.89158110882957,,75.80969696969697,107.00826923076923,92.9743606557377,98.65647058823528,,,,97.60508149834602,100.8668596707114,98.94473230371808
117,Gabriel Hughes,COL,31614,61.0,83.18150093808632,80.56789915966388,,,93.00556818181818,82.52918518518516,79.41650793650793,,,83.984855199014,107.04724892337009,92.52123584362586
118,Andrew Painter,PHI,30091,116.2,97.78570532915359,83.72093023255813,,98.09549668874173,115.52704640123996,117.77225225225226,97.47965217391304,,,103.70919266890381,102.62972775841521,106.9902604884587
119,Mitch Keller,PIT,17594,115.2,91.02603648424544,86.76223602484473,83.60142857142857,,102.06917012448133,90.15859649122807,81.24284023668639,,,91.61661245514223,101.12213516433854,93.46204092177247
120,Bryce Miller,SEA,29837,113.2,108.66744444444443,85.76913580246914,90.88282608695654,112.98812351543941,104.45917185000887,,,111.52157894736844,,106.02056201270341,107.81620565715374,112.55347905573232
121,Roki Sasaki,LAD,35323,119.1,98.21709302325581,,,126.87655518394648,109.92787330316742,,,,120.55933774834438,111.09026310975476,98.62521258209149,110.54868687217463
122,Anthony Molina,SFG,26952,24.2,95.43781094527363,80.2,,,109.12553191489363,113.98087671232877,107.33443037974683,,,102.66434627716421,106.58201104381905,107.24445434033962
123,Carmen Mlodzinski,PIT,27572,52.1,81.40570446735394,98.60625,85.23333333333333,97.52399999999999,96.10593220338983,94.17910714285713,,,,92.07122882048674,105.95240487438464,98.39157143670839
124,Grant Holmes,ATL,16944,143.2,83.08170731707317,84.47887218045112,77.97422459893048,,94.786818727491,95.71390804597699,80.8747878787879,,,88.04015149086808,99.6541424912051,90.29798894716205
125,Kris Bubic,KCR,21455,50.1,97.81994011976047,88.5,,,90.68009433962264,,92.2251851851852,,,93.6475225843703,99.58045219989371,96.66955380065298
126,Kyle Freeland,COL,16256,135.1,86.87739805825241,86.82846511627906,92.10331154684094,,102.93244239631335,,75.65172881355932,95.57847736625516,,89.96558680828092,103.40998095163367,93.58654193262686
127,Quinn Mathews,STL,33851,49.1,94.3425671641791,101.97132530120483,,,99.50430769230769,103.28137931034483,92.61782608695653,,,97.14262453827399,101.66747757982567,98.84784375775628
128,David Sandlin,CHW,31743,31.2,102.77338345864662,99.46114285714285,97.12702127659573,,109.00140845070422,98.1348514851485,87.69703703703702,,,100.47023861171367,99.48620390455531,100.14594360086768
129,Jake Irvin,WSN,21504,96.2,100.14492592592595,96.44630952380952,92.00152173913042,,106.15164628180037,104.0970120481928,80.8944680851064,,,98.84524428993419,99.26334465937526,95.52496114160618
130,Connelly Early,2 Tms,33666,94.2,105.96688644688646,96.0352866242038,,,102.4461184598534,105.01183431952663,103.74154929577465,,,102.84481896606273,96.66619564413767,99.9025695480396
131,Ian Seymour,TBR,27932,77.0,93.84422764227644,89.4737113402062,,,120.32012744416875,91.822,95.34967359050445,,,100.51529677503414,105.2145191897022,103.38792583470362
132,Randy Dobnak,KCR,23798,64.2,67.24504854368932,77.5277251184834,,,90.83784964451633,,83.42008097165991,,,81.90672929242702,106.05285692407139,88.63970344587538
133,Ryan Gusto,MIA,26440,78.2,100.7942391304348,96.57862499999999,90.63369127516779,,98.28919773478056,88.65279999999998,92.59801169590645,,,96.19295191142191,101.59255797668999,96.63225461538461
134,Slade Cecconi,CLE,27500,107.1,96.5063424947146,92.76882506527417,89.44235294117648,87.42,95.56846513605444,95.0008823529412,91.88048780487804,,,93.49059947076303,100.83136129641014,90.78800719644198
135,Zebby Matthews,MIN,31827,130.1,95.26636723910174,96.28929292929293,89.10509505703422,,100.1730434782609,98.58127659574467,87.74164285714285,,,95.01612510208162,101.77023777389608,96.07727879458807
136,Luis Severino,ATH,15890,62.2,112.09799126637556,103.05737451737453,92.2950442477876,,122.02355572260853,,88.40338983050846,,,107.45045584116421,102.2239614237667,108.23181362887671
137,Zac Thornton,NYM,33891,84.1,99.27699999999997,91.99185185185185,99.61112781954887,,99.23619912538628,113.65190476190475,91.57827586206896,,,98.6837209424607,97.18080087844831,94.37365998886276
138,Jonah Tong,NYM,32157,20.2,113.18434782608696,,84.57694444444445,,,84.47257142857143,76.87857142857143,,,95.83132564454877,91.72695067403406,88.78624311518139
139,Chris Bassitt,BAL,12304,91.2,85.01338235294118,95.23344827586207,90.04258278145693,,114.37211267605633,113.39648093841643,75.15948717948717,,,98.02928161218323,99.91871820890067,96.87985558548178
140,Hunter Greene,CIN,22182,27.2,107.28345991561181,99.53857142857143,,114.50521739130434,117.58372413793103,,,,,110.82453050239235,98.23382775119617,108.53529405901115
141,Robbie Ray,2 Tms,11486,159.1,105.78545246277204,86.80809876543209,,,95.81753466872111,,80.50243243243243,90.60203174603174,,94.16086777851446,90.05302747158507,86.57747447224438
142,Trevor McDonald,SFG,26448,70.1,82.6309090909091,106.17990839694656,72.08444444444444,,90.48332203389829,,89.40586826347305,,,99.1282399692331,100.35329384889819,99.28634798266592
143,Kade Anderson,SEA,37238,35.2,87.7296803652968,91.288,,,99.96225563909775,98.94481927710844,112.34500000000001,,,96.87698659889094,105.77527911275415,103.22608918669131
144,Sean Manaea,NYM,15873,107.2,96.82738872403561,95.99931464174455,89.60876712328768,,118.40086614173227,,87.17911764705882,,,102.08144469244343,99.59617563602598,98.06846967118713
145,Lake Bachar,2 Tms,19222,25.0,91.21192052980133,86.1588888888889,,90.05199999999999,94.86541062801932,104.8138095238095,,,,95.96528969149738,97.33351893654377,90.95099071983947
146,Jacob Lopez,ATH,25098,114.2,91.30830508474575,79.80222222222221,86.48873170731709,,116.45845272206302,,83.66519774011299,,,97.95716550815389,102.2715918998299,99.45166371742351
147,Chad Patrick,MIL,30113,28.1,96.15058823529412,93.91826923076923,101.97032967032968,,,97.8378181818182,86.87,,,98.07045697029378,93.13126899862773,93.40585947040837
148,Mick Abel,MIN,27756,17.0,112.0998198198198,80.99333333333334,,,101.7083582089552,128.7273684210526,93.46039215686274,,,107.40797101449274,105.13326086956522,110.39021739130433
149,Colin Rea,CHC,12317,100.2,85.17650289017342,91.86115107913672,91.96476190476191,,109.1992485549133,87.31582417582418,95.35106796116506,,,93.33923644262332,99.92501779820574,93.81524293541372
150,Dean Kremer,2 Tms,19350,90.1,94.6612756264237,78.239896373057,95.05011406844106,97.08535135135135,102.22,79.59224043715845,,,,91.38286371756253,95.5604078332161,87.98795412572896
151,Stephen Kolek,KCR,21487,54.0,86.56970464135021,102.43505494505494,88.36174757281553,,95.83172093023256,,77.23200000000001,,,91.50518840199352,106.02198912056593,100.24137934250138
152,Jack Leiter,TEX,30146,80.0,105.76724907063196,98.19196078431372,86.38948905109488,,105.33937254901959,93.78704918032787,106.55843621399177,,,102.32464916109436,93.81641077570406,97.7693131623514
153,Joe Boyle,TBR,29608,15.2,103.58436363636365,106.42,,106.585,107.03919191919192,,,,,106.12073887575788,83.83596033295653,93.04497893330594
154,Patrick Corbin,TOR,9323,69.0,80.99107438016527,85.09178885630499,95.97793814432988,,103.1491772151899,85.78923076923076,95.17489177489179,,,92.9979699675177,103.69844192080002,97.22445716763856
155,Jackson Jobe,DET,30203,46.0,96.32539419087138,95.57062937062939,96.98666666666666,,104.24439999999998,130.83093333333332,105.30632911392406,,,102.88965730140073,103.60661484584014,106.83329722632897
156,Robert Stock,NYM,6576,30.0,118.47533834586464,85.80926829268292,100.06500000000001,,94.65088235294118,,91.84936170212767,127.68222222222221,,100.40470918601669,97.4181204363671,96.58539658946539
157,Reynaldo López,ATL,16400,57.1,86.19512380952382,,,,91.52760655737706,93.02559322033899,89.08583333333333,,,88.77906611014956,99.05194639847691,88.98784290424408
158,Spencer Miles,TOR,31621,22.0,95.055,91.99862433862432,,,104.41127272727275,103.46961038961038,102.96,,,96.69285015464772,110.48076616259516,106.21901111117317
159,Michael Lorenzen,COL,14843,114.2,83.68652173913044,87.0910502283105,82.29852090032153,,94.14788405797098,85.8484518828452,87.17530973451326,,,86.671615469296,100.64589848779744,89.57021870913987
160,Drew Anderson,DET,15130,51.2,86.43109792284866,90.455,,,85.8515,85.77543859649123,111.80345679012345,,,93.95576423684068,101.28667744194819,96.73342061311352
161,Jackson Kent,WSN,35462,32.1,90.04719576719576,84.15585365853659,,,87.55385964912281,91.1442105263158,82.38992000000002,,,87.36967380015287,96.03815626763432,86.4196540211576
162,Sean Newcomb,CHW,16943,10.2,90.76714285714286,101.55714285714286,93.48,,,116.1740625,66.76,,,101.18364640883976,99.41613259668509,98.59027624309392
163,Tomoyuki Sugano,COL,35321,154.1,86.19876447876446,82.083640167364,81.99505535055353,72.6356015037594,87.19373653146762,85.02819512195123,,,,82.22151865291391,103.21743405906432,89.00609329820901
164,Tim Mayza,PHI,15042,9.2,85.03615384615385,100.34064516129033,,72.42,95.60142857142857,,,,,95.91990361445784,117.95748192771086,112.99658232931728
165,Kendry Rojas,MIN,29423,12.1,107.39977272727273,93.57515151515152,,,108.21428571428571,,98.26,,,104.48477021139956,91.52677974192437,95.73456734264205
166,Cody Bradford,TEX,27597,38.2,80.20191950464397,98.56000000000002,,,86.0878787878788,87.19533333333334,95.78719576719575,,,86.1487300026911,108.66989019510416,91.20166902736457
167,Jack Perkins,ATH,31468,81.1,93.08258953168043,91.51866666666665,85.9150819672131,,104.8244722979884,,97.4534074074074,,,96.08071418889611,99.53037235714066,97.58376419354339
168,Mitch Bratt,ARI,30003,44.0,87.59562130177514,84.80947368421053,,,92.8516923076923,95.4505641025641,83.26366197183098,,,89.54154069539096,95.36362953258973,86.01816351734355
169,Ryan Feltner,COL,21446,107.2,89.14789272030649,100.23164062499998,,,88.21456249040835,93.2831067961165,96.04425806451611,,,91.84643656693119,95.58262498608734,90.11149326071742
170,Max Scherzer,TOR,3137,84.2,89.93724637681159,,97.95433333333334,,106.5697165991903,103.09158878504671,83.50933920704846,,,94.34190467553928,106.13444608606281,99.21585743620004
171,Riley Cornelio,WSN,31953,7.2,95.261875,,90.39333333333333,,109.54092307692308,,,,,101.28145934065934,94.8899912087912,98.09895384615385
172,Garrett Crochet,BOS,27463,30.0,116.72390804597701,101.15775862068965,103.29437500000002,98.75500000000001,150.2902702702703,,85.40636363636362,,,113.18980456000014,94.55794494382621,104.75512271524697
173,Kyle Hart,SDP,19646,8.2,115.78500000000001,109.67422222222223,,103.81400000000001,115.7804255319149,,,,,111.63483870967742,94.98677419354838,107.34193548387097
174,Casey Legumina,TBR,25921,10.1,114.84916666666665,120.03450000000001,,,108.64999999999999,,73.49,,,110.55473129610117,99.46358271865121,105.2804214963119
175,Brandon Sproat,MIL,33850,88.1,89.40367758186396,97.01589610389611,98.66114114114116,,134.5140606060606,118.67865771812082,83.887868852459,,,100.30159706904422,94.47592452640744,93.76939346184562
176,Hunter Dobbins,STL,30240,40.0,86.78542372881354,94.83095238095238,,86.37082352941177,104.03927601809954,97.46543209876543,,,,94.29350188014175,98.11048947182574,93.84618602252452
177,Cade Povich,BAL,30055,31.1,97.6951440329218,97.8291304347826,,,99.2136507936508,103.09816666666667,93.88692307692307,,,98.72852413351667,91.06805221026346,88.98737214135572
178,Brady Basso,ATH,25582,16.2,84.49328671328672,101.91294117647058,92.3565,,105.38571428571427,108.81479999999999,90.86173913043478,,,92.99522417410262,97.25867357950032,87.40756402039888
179,Brad Lord,WSN,31972,11.2,86.96288888888888,77.1751724137931,,,104.10233766233766,,67.82,,,89.44051282051281,94.34102564102565,82.95128205128206
180,Ryan Yarbrough,NYY,16502,5.0,87.36,96.085,94.128,,119.27142857142859,,86.57538461538462,,,95.51411764705882,124.66188235294116,112.19223529411765
181,Blade Tidwell,SFG,31701,44.2,90.29201646090534,86.46117647058823,,,111.14381798245613,111.76162162162163,97.99783783783784,,,99.12542279713394,91.66768126429898,89.40654366692986
182,Aaron Civale,ATH,19479,72.1,97.01311688311688,82.3108474576271,98.82755056179776,73.85972222222223,92.01023255813952,110.8949342105263,,,,96.72722747224465,110.13326844073096,105.09800003937778
183,Tatsuya Imai,HOU,37124,58.2,83.33947154471547,83.29967213114753,,83.97666666666666,89.94092130518234,76.25,81.36206896551724,,,86.3636911802411,95.4221911081764,84.371827888746
184,Grant Taylor,CHW,33927,5.0,117.3164705882353,124.00399999999999,,,105.42923076923077,113.81555555555558,,,,115.44241451990632,118.42205386416862,131.6294637002342
185,José Suarez,2 Tms,19911,5.0,91.61806451612902,100.35,,,99.75684210526316,,110.06333333333332,,,99.86292682926829,96.20560975609757,96.2839024390244
186,Tyler Phillips,MIA,20629,90.0,75.7936690647482,84.51690544412607,,95.43840978593272,103.30629400260754,101.58097165991902,,,,93.84788214599466,101.45028980839407,94.67095435350058
187,Grayson Rodriguez,LAA,24492,98.2,102.15840883977899,,,,103.86842105263158,92.32191387559809,107.70886509635974,,,102.63863307273026,99.21799299775266,99.9078058259048
188,Jack Dreyer,LAD,30249,4.0,106.98857142857142,,,,100.0729411764706,100.075,,,,104.4083582089552,100.00388059701493,103.65940298507464
189,Gordon Graceffo,STL,29519,3.0,82.44,82.86,88.02,,134.4,,94.86,,,101.7678947368421,114.28421052631579,113.1121052631579
190,Mason Montgomery,PIT,29770,5.0,108.80392156862744,108.24,,,105.82,124.91714285714285,89.26,,,109.48197183098591,116.16535211267605,125.96816901408452
191,Noah Schultz,CHW,32056,60.1,95.7196812749004,85.9938007380074,103.02601769911504,,114.24926530612242,125.43642857142856,80.91796296296296,,,97.52189913110391,96.4223016512806,91.80218531050426
192,Chris Paddack,2 Tms,20099,41.0,96.19650190114069,88.20509803921568,83.92714285714285,,89.91643835616438,81.53000000000002,87.2049,,,89.77782224868491,111.31520704635028,101.3270980100818
193,Jack Kochanowicz,LAA,27688,64.0,81.24677551020407,101.03179245283017,,,96.01000000000002,,96.1892607003891,,,94.70133354888296,92.64684476750733,90.63336714302561
194,Ryan Johnson,LAA,35325,95.0,,81.74676691729323,103.9588364779874,74.47159159159158,106.11126262626262,,,,,94.8174941057712,94.90337622656452,90.53035821378569
195,Bradgley Rodriguez,SDP,29107,4.0,105.8781818181818,95.43714285714286,,,,,96.685,,,98.52715277777777,98.61072916666667,97.09847222222221
196,Coleman Crow,MIL,27926,16.2,94.57660377358489,97.83045454545457,93.48979591836735,,129.1991304347826,115.31586206896552,,,,102.05937748139547,105.60853450709837,104.09732797112835
197,Griffin Canning,SDP,19867,50.1,82.57754716981131,99.94191489361702,88.36206896551724,,96.92855952380953,,87.9267336683417,80.77318181818183,,90.21735359769428,90.88226129994035,87.05180341383424
198,Mason Adams,COL,31663,29.0,91.08122448979591,100.5761344537815,76.96482758620688,,93.59548387096774,94.95272727272727,80.22260869565217,,,93.17149897219518,100.51034133939197,93.83175538245159
199,Wandy Peralta,SDP,14295,5.0,75.08571428571429,98.15703703703703,,,107.7169230769231,,107.55333333333333,,,99.64163265306122,119.06310657596372,121.41129251700681
200,Alec Gamboa,BOS,26227,4.2,104.66814814814815,122.21478260869566,,,111.296,99.1,122.28,,,112.28166666666668,98.52694444444445,106.6463888888889
201,Adrian Houser,SFG,12718,73.2,86.82111627906977,92.13807050092764,,,88.66239436619718,80.08830188679246,90.31215311004787,,,89.41041235587412,107.63222580008805,98.95037512424634
202,PJ Poulin,WSN,23394,15.0,95.50860759493672,95.54967741935484,,,98.98574999999998,,86.28333333333335,,,96.23771183323115,100.7969834457388,92.85989209074187
203,Braydon Fisher,TOR,24609,11.1,70.04883720930232,78.1,83.6,,111.37780821917808,87.89633333333335,,,,93.02977777777778,97.16688888888889,90.09744444444445
204,Jacob Latz,TEX,21306,4.0,98.4,,,,93.08,110.6,106.98,,,98.7720588235294,121.39147058823528,121.2564705882353
205,Aaron Ashby,MIL,23550,2.1,,127.06,,,137.57999999999998,107.76,128.16,,,125.27454545454545,111.08545454545455,137.96136363636364
206,Tyler Alexander,TEX,17735,6.0,105.85466666666667,111.24545454545455,96.59454545454545,,117.0275,,89.82833333333333,,,103.29044995408631,107.30173859810225,109.87065197428834
207,Carson Palmquist,WSN,31612,10.2,112.60349999999998,98.58571428571429,81.68727272727273,,122.14936170212765,,,,,109.04826199081394,97.5470928770424,101.24550850839546
208,Jakob Junis,TEX,13619,2.2,94.5,85.06,,,103.90999999999998,,76.48,,,97.45644444444444,113.31066666666668,105.88666666666666
209,Tanner Gordon,COL,27669,55.1,78.37006960556843,75.46,77.38,,82.78134715025907,97.84021052631579,89.47422413793103,,,83.7380061589705,109.50937845650866,92.16639734885266
210,Shane Bieber,TOR,19427,55.2,93.17247058823529,82.42341463414634,82.01752212389381,,99.98817204301075,,86.39637426900585,90.07872093023256,,90.21621884882984,95.90079974699557,91.17474231499052
211,Javier Assad,CHC,21741,56.2,90.42125,105.754459833795,84.18926829268293,,107.02490566037737,94.54941176470588,102.27866666666668,,,98.73676707530063,100.91446341626005,101.83105286577074
212,Wilber Dotel,PIT,28901,4.0,98.036,84.1,97.96,,107.73000000000002,,83.94,,,98.19558823529411,100.9914705882353,98.89500000000001
213,Matt Wilkinson,SFG,33760,22.2,86.71438775510204,,91.48521739130436,,94.29153846153847,,77.44000000000001,,,85.89963767201114,103.95283234440097,92.88246938517864
214,Luis Castillo,2 Tms,15689,114.2,95.85948356807512,92.3565671641791,86.2,,103.01260700389105,,84.12567823343849,,,95.15220245906482,108.73680489461178,102.1103206795855
215,Cody Bolton,HOU,23265,7.2,92.522,94.26823529411764,98.90315789473684,,103.34307692307692,85.76965517241378,86.6525,,,93.27948698017877,97.69280217644773,88.3644753206374
216,Chase Dollander,COL,33482,13.2,113.30568421052631,103.51642857142858,,,119.9357894736842,96.504,88.4123076923077,,,108.99981981981982,93.39756756756758,101.11144144144143
217,George Klassen,LAA,33464,27.0,101.69475935828878,99.77511111111112,,,99.86571428571429,92.50285714285714,94.07166666666667,,,99.2478615071283,81.45283095723013,83.28187372708759
218,Hagen Smith,CHW,35205,2.0,101.72,,86.96,,112.0,,,,,103.66909090909091,105.74181818181819,110.28
219,Luinder Avila,KCR,24452,51.2,91.615703125,105.18750988142293,,,102.43247311827959,94.49267973856209,93.57831578947369,,,98.03107529452384,88.6657751290015,90.02659921402282
220,Cionel Pérez,NYM,19614,2.0,116.696,112.71142857142857,,,,120.76545454545455,,,,117.42956521739131,107.61478260869566,121.53565217391305
221,Kent Emanuel,CIN,15849,5.0,,78.34000000000002,,,98.36434782608696,,75.62,,,87.28333333333335,87.29083333333334,70.51104166666667
222,Yohan Ramírez,PIT,19444,2.0,94.86,121.1,,,124.7,120.18,,,,118.09692307692309,92.4728205128205,108.12307692307692
223,Steven Matz,TBR,13361,47.0,,90.85070129870131,,,102.20615384615385,99.00581395348837,104.91644628099174,,,97.24199004975124,104.04365671641791,100.51293532338309
224,Justin Hagenman,NYM,21546,3.0,94.5,,97.24,,89.26,,81.14,,,92.95913043478261,102.14956521739131,100.63956521739131
225,Mitch Spence,KCR,27707,4.0,,84.4,95.0,,93.96999999999998,95.9,69.06,,,91.00720000000001,103.9712,94.46560000000001
226,Cole Sulser,TBR,15256,4.0,90.16,,80.74166666666666,,128.2,,102.46947368421053,,,93.16857142857143,106.40349206349207,100.06761904761905
227,Andrew Morris,MIN,31891,4.0,105.62863636363636,101.22285714285714,113.01411764705882,,129.4,78.02,94.98666666666666,,,107.95197128941295,98.43138169700076,102.76629582158421
228,Mason Fluharty,TOR,31553,4.1,,,97.4474418604651,,90.44166666666666,,82.28399999999999,,,93.31391737891737,80.24270655270657,84.32524216524216
229,Lance McCullers Jr.,HOU,14120,39.1,80.40482758620689,91.11481012658227,94.08814814814812,,121.20258620689657,,80.07726315789473,106.36422018348624,,97.37224137931035,96.06080459770114,96.56327586206896
230,Elmer Rodríguez,NYY,31811,26.2,81.24978723404256,93.97633187772925,80.12,,110.27852150537633,99.14361111111111,92.07282051282051,,,95.20886832890301,84.29282742018003,78.81919846007239
231,Brady Singer,CIN,25377,157.0,95.49333333333333,97.90045197740112,76.09187499999999,,85.28074904117184,,,,,91.21298116799298,95.15332885926496,86.32578270894089
232,Cody Ponce,TOR,17920,2.1,106.68,,,,81.06,105.36,97.04,,,94.78340425531914,83.71361702127659,80.25106382978724
233,Brandon Williamson,CIN,25463,42.1,94.99286713286713,91.13362318840579,96.52845814977974,,131.91028571428572,107.32656716417911,85.20439306358382,,,97.42598653591824,93.9321230373767,93.16620116508169
234,Cesar Perdomo,SFG,30334,20.2,88.66433566433567,,,,95.855625,,77.7370909090909,,,86.29070802663863,104.05762355415351,97.08953031896247
235,Spencer Arrighetti,2 Tms,29921,96.2,103.37744234800837,98.7767901234568,94.49115044247787,,95.26356778492132,106.95681260945709,68.20890625,,,99.80666181272912,89.12554766019036,91.76569724115272
236,Tyler Holton,DET,26231,3.2,87.46363636363637,112.19333333333334,98.84444444444443,,122.30666666666667,93.5,97.86000000000001,,,104.32285714285715,98.92158730158731,98.14539682539684
237,Edward Cabrera,CHC,21690,76.0,86.29566820276497,93.55881918819188,,,100.81413333333333,105.97849206349207,87.9479177377892,,,93.91415070460751,104.84895418596716,99.7867021985768
238,Jimmy Herget,COL,17556,3.0,111.16666666666667,82.55428571428573,,,121.19153846153846,,88.96000000000001,,,106.85935606060606,81.06795454545454,76.39155303030303
239,Spencer Strider,ATL,27498,39.0,96.35422492401216,,,,98.26115183246074,94.3996,98.04422535211266,,,96.75871022293046,93.9685474560562,90.10030374477634
240,Zach Pop,PHI,20185,2.0,,111.97999999999999,83.98,,110.97999999999999,,,,,106.89428571428572,105.15714285714286,107.99885714285716
241,Tyler Samaniego,BOS,30081,1.0,82.14,98.68,79.62,,109.55999999999999,,85.36,,,91.93363636363637,102.64363636363636,97.95545454545454
242,Trevor Williams,TEX,16977,1.0,99.24,77.92,,,107.46444444444444,,104.42,,,102.55894736842104,100.09894736842107,93.16631578947367
243,Erik Miller,BOS,26252,1.0,,115.02000000000001,,,123.08,,,,,118.33882352941177,100.63411764705882,112.09882352941177
244,Richard Lovelady,WSN,19337,8.2,85.49947368421053,91.53999999999999,,,95.11643076923077,,,,,91.56877730294396,93.3330757359924,85.46708095916429
245,Jordan Wicks,CHC,30094,6.1,94.01,96.41666666666667,,,101.424,88.88,101.57621621621621,,,97.23534883720929,114.70046511627909,110.92062015503876
246,Kirby Yates,PIT,9073,1.2,93.22,,,75.8,75.82,,,,,86.37714285714286,141.24571428571429,123.44500000000001
247,Adam Macko,TOR,25590,1.2,85.02,,,,97.61999999999999,,108.66,100.32,,95.16199999999999,127.454,121.73133333333334
248,Brenan Hanifee,DET,22304,1.2,106.46,105.02499999999999,,,110.94333333333334,,87.58,,,104.50333333333333,130.5525,129.48083333333335
249,Will Dion,WSN,30061,3.0,100.26,,100.14,,,81.2,123.4,,,106.94540540540542,132.6708108108108,130.25567567567566
250,Ray Kerr,ATL,23809,3.0,90.58,94.06,96.8,,,123.66,,,,99.44064516129032,90.62451612903224,87.92709677419354
251,Luis Medina,ATH,21649,1.1,111.74,98.02,,,113.14,93.42,122.34,,,108.39999999999999,96.15888888888888,101.86888888888888
252,Caleb Ferguson,CIN,19349,1.2,91.59999999999998,107.8,107.05999999999999,,,110.3,,,,101.68785714285714,61.66857142857142,54.85928571428572
253,Kai-Wei Teng,HOU,24282,44.0,88.26468292682928,82.74885245901638,,,102.89876811594205,110.98631578947371,77.07214285714285,,,93.68941022280474,89.25638269986895,83.36275229357797
254,Edgardo Henriquez,LAD,26944,1.0,109.46,127.3,105.64,,123.23999999999998,106.24,,,,114.46571428571427,100.44666666666667,122.97333333333333
255,Brock Stewart,LAD,16727,1.0,142.32,88.75999999999999,,,101.42,,101.48,,,110.83999999999999,92.76666666666668,106.25777777777778
256,Kyle Backhus,PHI,29615,1.0,,111.68,,,119.42,,84.4,,,111.40933333333334,107.63466666666667,113.05333333333334
257,Matt Svanson,STL,29629,1.0,,92.12,93.98,,109.26,,,,,97.41571428571429,133.82285714285715,118.96142857142857
258,Riley Martin,CHC,29934,1.0,109.2,,,,97.44,97.7,,,,103.40666666666668,129.06333333333333,133.53666666666666
259,Carson Seymour,SFG,30084,1.0,93.68,106.8,91.62,107.08,120.86,,,,,103.774,86.36000000000001,99.25
260,JT Brubaker,SFG,17578,1.0,56.239999999999995,77.18,,,88.38,96.44,65.44,,,75.435,119.46499999999999,103.86249999999998
261,Didier Fuentes,ATL,30661,3.0,110.30000000000001,,,80.66,109.74,,,,,106.51351351351352,110.05594594594595,113.31243243243242
262,Brent Suter,2 Tms,13942,8.2,93.22178571428573,73.67348837209302,,,102.6525,,106.6297435897436,,,93.12835294117647,103.03329411764703,96.87400000000001
263,Derek Law,ARI,13133,2.0,86.14,,91.98,,84.74,,,,,89.3863157894737,95.84526315789473,99.8
264,Logan Allen,CLE,27589,5.2,106.40641509433962,93.10799999999999,93.00222222222222,,105.05680000000001,,73.89478260869565,,,96.8989625564309,101.74477825971498,92.66027440913517
265,Cade Horton,CHC,31872,7.1,100.18622222222223,96.42,,,116.86,105.96,88.26526315789475,,,99.55509792401098,116.23411509335423,113.24026308917615
266,Kyle Hurt,LAD,27514,1.2,69.94,,,,95.36,,115.52,,,89.93,136.51222222222225,124.27611111111112
267,Taylor Clarke,ARI,17611,2.1,102.32,87.40666666666667,75.716,,93.47333333333331,,85.75384615384615,,,85.47155555555557,89.89955555555555,79.6711111111111
268,Joey Estes,ATH,26257,4.1,87.26,,91.03999999999999,,92.3690909090909,,75.94,,,89.00394366197183,93.77464788732395,80.00816901408452
269,DL Hall,MIL,22207,2.0,141.94,101.46,,,128.324,79.78,82.5,,,103.35749999999999,81.001875,85.79
270,Cole Winn,TEX,22113,1.0,124.94,,95.24,112.56,139.1,,,,,115.33666666666669,109.74999999999999,112.59333333333335
271,Zach Eflin,BAL,13774,3.2,89.66,104.52,89.62,,98.6,100.62000000000002,88.22,,,95.31108108108107,106.5945945945946,98.33054054054054
272,Erick Fedde,CHW,17425,72.1,101.3781818181818,83.58445595854924,85.75502145922746,,101.375875,,75.63526315789474,,,90.41192698291819,107.17856710430945,98.8961183510944
273,Seth Johnson,ATH,26020,1.2,106.43999999999998,92.1,,80.7,99.60444444444445,148.2,,,,104.22888888888889,88.22222222222223,90.88111111111111
274,Jordan Leasure,CHW,29950,1.1,107.06,76.8,,,87.32,,,,,97.15904761904761,82.8247619047619,90.15714285714287
275,Cade Gibson,MIA,31815,1.1,84.24,98.26,,,110.36307692307693,165.7,98.1,,,109.73913043478261,96.10260869565218,107.94869565217392
276,Jacob Waguespack,DET,18318,1.1,70.08,,61.74,,,83.8,98.28,,,74.94866666666667,100.48000000000002,89.33266666666667
277,Jordan Hicks,CHW,19618,1.2,103.26133333333334,102.57428571428571,,79.0,120.542,,,,,107.6169696969697,77.97939393939394,84.19454545454546
278,Andrew Sears,DET,33664,10.2,104.40989247311826,105.90461538461537,,,103.94310344827588,,90.244,,,102.43055831265507,92.08148056244832,94.32923076923076
279,Jason Alexander,HOU,19666,12.0,81.30254545454547,83.44818181818181,74.98,,95.16666666666667,,89.79750000000001,,,85.93255555555555,103.69277777777776,89.55922222222222
280,Paxton Schultz,WSN,25501,1.0,90.16,,85.98,,98.0,,71.3,,,85.32384615384616,86.41,69.2976923076923
281,Jose Cabrera,ARI,30412,22.0,84.61186046511627,87.05641025641025,82.01822784810128,,95.83593220338983,115.57255813953488,77.4060465116279,,,89.04285595657771,87.70068658720832,80.91273943260029
282,Tanner Banks,PHI,16990,1.0,104.2,96.82,,,90.812,,,,,95.12222222222223,47.66888888888889,52.284444444444446
283,Will Klein,LAD,27787,4.0,94.69999999999999,,,,90.68533333333335,74.76249999999999,,,,89.70636363636363,108.2725,106.35545454545453
284,Jefry Yan,NYM,27902,1.2,100.04,132.54,,,139.34,,133.4,,,124.98,64.99891891891892,87.08864864864867
285,Beck Way,KCR,27877,1.0,85.32,87.86,87.88,,,,111.71999999999998,,,90.3256,75.37440000000001,68.4296
286,Keegan Akin,BAL,19362,2.0,122.71,,,,92.29333333333334,,96.17250000000001,,,106.06967741935485,127.45290322580645,129.88774193548386
287,Carson Whisenhunt,SFG,31676,34.2,89.27209302325582,90.73107142857143,,,94.0089108910891,90.83,99.50148148148148,,,93.94352878538962,90.90590811169555,87.78889902511166
288,Steven Cruz,KCR,23165,2.1,106.95,,91.63384615384615,,131.248,,,,,105.33379069767442,74.44064894795126,79.50508637873754
289,Eduardo Rivera,BOS,31280,6.2,90.53279069767441,,,,104.37392857142856,,121.3325925925926,,,100.03988165680472,91.71502958579882,93.86094674556213
290,River Ryan,DET,29514,4.1,102.23625000000001,101.1275,92.05333333333334,,100.74666666666666,114.18499999999999,91.04400000000001,,,100.53878048780489,84.60463414634145,89.77463414634147
291,Zach Agnos,COL,31552,10.2,85.42608695652174,89.25666666666666,88.3627027027027,93.47076923076922,91.96418604651163,,,,,89.35494117647059,102.5330588235294,93.25447058823528
292,CJ Van Eyk,TOR,27568,5.0,101.64,98.96,106.52,,107.96000000000001,80.48,86.28000000000002,,,97.24000000000002,123.56833333333336,117.24904761904762
293,Cristian Javier,HOU,17606,49.2,95.81550505050505,88.16000000000001,95.08853333333333,,115.52134453781514,,83.02226950354611,93.502,,99.05280959516303,101.15383220379371,99.60097057273315
294,Ty Madden,DET,30140,3.1,79.0,79.03999999999999,91.34,79.03999999999999,80.88,,,,,80.06833333333333,84.29583333333333,75.77875
295,JP Sears,SDP,23429,28.1,85.22363636363636,81.66109090909092,79.625,,109.06000000000002,,78.42633663366337,,,89.95814740464913,99.03828677082878,90.53023810771202
296,Ryan Rolison,CHC,22200,3.1,91.40461538461538,116.42,,,99.1,93.96,,,,100.59117647058824,106.81823529411764,112.50235294117647
297,Shane Smith,CHW,31687,8.1,105.20027027027027,99.08375000000001,,,88.33840000000001,86.16603773584906,103.23463414634146,,,97.62755052410903,91.63611907756813,91.13569811320755
298,Austin Warren,NYM,24937,2.0,112.29555555555555,85.768,,,81.16142857142857,96.188,,,,88.88076923076923,109.97500000000001,110.1223076923077
299,Braxton Garrett,MIA,21844,4.1,77.93714285714285,94.96324324324323,,,91.21744680851063,,91.88,,,90.08909512405401,66.26326993554392,61.097048321541465
300,José Urquidy,CHW,18413,3.0,86.12,89.8,,101.44,117.58,80.37999999999998,116.4,,,96.87827956989247,87.0825806451613,79.59161290322581
301,Eddy Yean,WSN,24248,2.1,,88.5,,,97.76,,88.26,,,91.242,108.745,105.95500000000001
302,Miguel Ullola,HOU,29036,1.2,113.64,,,,86.48800000000001,,72.28,,,106.25999999999999,39.29416666666666,50.300000000000004
303,Sam Aldegheri,LAA,26443,25.2,80.1522633744856,,100.33904761904762,,98.64625,92.53789473684209,95.57475177304966,,,88.1856519607843,94.64860686274508,84.41943529411765
304,Eric Lauer,2 Tms,19316,90.1,83.20867741935483,,95.36823863636363,,104.3963909774436,93.98261780104713,78.29672727272727,,,88.53225801583501,104.67458725436971,90.73659190386228
305,Daniel Espino,CLE,25625,4.0,107.6581818181818,,,,118.45473684210528,139.7657142857143,,,,113.79942857142858,112.03371428571427,120.50514285714287
306,Ryne Nelson,ARI,26253,83.1,109.9534059945504,80.10958333333333,89.9753125,,108.01088803088804,103.72243902439025,,,,105.51801511618294,102.27835966717102,107.54011402075987
307,Bryan Hudson,CHW,19924,10.0,100.60731182795699,,92.86,,107.65450000000003,,,,,102.5805925925926,98.87333333333332,99.85392592592592
308,Owen Murphy,ATL,31761,2.2,88.78,82.53999999999999,,,87.62,81.52,88.48,,,88.09061224489795,109.12367346938778,96.01551020408164
309,Matt Waldron,2 Tms,25550,15.2,96.26086956521738,101.81235294117647,83.88884615384615,,92.77916666666664,,,,,92.46850770478507,105.56556096242227,100.18412904388573
310,John King,MIA,22051,1.2,,97.52,,,83.69200000000001,69.9,92.46,,,88.84758620689655,94.32344827586208,93.13310344827586
311,Merrill Kelly,ARI,11156,162.0,90.55770718232044,85.83271255060727,88.49027777777779,,98.85610486891387,92.13060402684565,84.77724137931034,,,89.2851777644906,101.16339728874446,94.92139996630934
312,Yunior Marte,SFG,31097,14.1,75.495306122449,,,108.82285714285713,83.06588235294119,,,,,85.69709128906622,99.01086254393465,90.83147810392325
313,Brandon Eisert,CHW,27668,4.2,87.00838709677419,88.00999999999999,,,81.43294117647059,,66.17916666666666,,,79.81410526315788,94.29621052631579,89.03852631578947
314,Robby Snelling,MIA,31893,5.0,111.9,107.88,,,99.84,106.4,92.67999999999999,,,105.46744186046513,91.39139534883721,93.8506976744186
315,Thomas Pannone,MIL,17281,3.0,108.18,83.26,106.12,,146.04,123.22,61.48,,,102.32327272727274,103.74836363636366,101.12909090909088
316,Jack Ralston,MIA,26104,1.1,69.08,,,111.86,127.97999999999999,,,,,103.7812121212121,102.7909090909091,100.81151515151515
317,Nick Lodolo,CIN,26378,108.2,102.64825335892515,105.1156790123457,,,,119.28250539956804,91.3241958041958,,,104.77708235019334,89.0631273891575,91.99824377568471
318,Paul Blackburn,NYY,14739,3.0,118.5,90.5875,85.43714285714285,,118.62,92.086,82.63499999999999,,,93.75525423728814,116.04779661016948,113.63898305084746
319,Sean Sullivan,COL,33502,22.1,71.68571428571428,80.7925,84.15483870967742,,88.16972222222222,,95.72523076923078,,,80.76597087378642,100.12800970873786,81.34742718446601
320,Jose Quintana,COL,11423,48.0,76.82839826839827,84.73878787878789,,,,85.2358431372549,77.22072727272729,,,81.18731722472982,103.89442597327977,86.1289355333431
321,Tobias Myers,NYM,22191,4.2,101.52823529411766,,86.65142857142857,119.492,97.50222222222222,,,,,102.55992150706436,73.09188906331764,78.52093668236525
322,Colton Gordon,HOU,31312,3.2,93.4,84.93999999999998,,,113.93058823529412,85.88,94.78,,,98.19055555555556,104.5,93.91694444444447
323,AJ Smith-Shawver,ATL,29960,21.0,98.64480519480519,94.96800000000002,84.02,109.94745098039215,99.07652173913043,91.49272727272727,,,,102.05172132958744,97.3727365131475,99.57625240695728
324,Justin Verlander,DET,8700,9.0,82.7512676056338,,,,110.00355555555555,113.51199999999999,93.196,,,96.9378882391163,92.22938141650421,88.27574139051332
325,Pete Fairbanks,MIA,17998,1.0,92.7,,120.4,,104.2,,96.42,,,105.65259259259258,125.13851851851852,135.65037037037038
326,Lyon Richardson,CIN,24581,1.0,82.78,78.67999999999999,,,91.98,,64.16,,,74.98133333333334,79.10733333333334,67.38266666666667
327,Lucas Giolito,SDP,15474,20.2,75.14407643312101,,,,87.58434782608697,94.38000000000001,100.18013605442175,,,87.77153643205881,91.9216447731373,84.01635123582885
328,Jesse Scholtens,TBR,19205,10.1,110.27037037037037,89.11323076923077,,103.62470588235294,88.36207792207793,,,,,93.19978494623656,98.20182795698925,91.25827956989248
329,Huascar Brazobán,NYM,6107,7.0,109.47,89.92969696969696,,,,,84.11264705882353,,,87.64320657759507,87.0764165810209,83.06639945186708
330,Brennan Bernardino,COL,16835,1.1,93.74,93.63999999999999,83.04666666666667,,,89.25333333333334,72.305,,,90.47695804195804,95.74842657342657,87.9347902097902
331,Chase Petty,CIN,30170,12.1,107.45759999999999,89.35245283018868,,,101.43473684210528,,98.617,,,97.99188571428573,101.60354285714287,99.97657142857143
332,Jovani Morán,BOS,20422,3.0,95.1537142857143,94.475,97.94666666666666,,104.22,,107.68272727272728,,,99.67162162162163,104.89135135135135,106.43243243243244
333,Zac Gallen,ARI,19291,101.1,91.61856910569107,77.81031578947368,,,79.86328042328043,,82.65288590604027,92.90332288401255,,87.09041740474638,109.57769680794037,99.9335978083611
334,Tanner Houck,BOS,19879,3.0,80.3,87.76,,93.87999999999998,96.84,,,,,89.82600000000001,114.77,102.91159999999999
335,Jedixson Paez,BOS,29114,3.2,88.22,96.16,72.46000000000001,,,83.5,75.52,,,82.57558139534883,101.6786046511628,89.48325581395349
336,DJ Herz,WSN,26389,7.0,95.48387096774194,,,,82.8656,,88.51894736842105,96.32,,90.97125,101.42203125,95.07359374999999
337,Ryan Weiss,HOU,24621,7.0,95.76456140350876,85.75555555555555,,,112.20200000000001,117.94,94.32,,,101.55864197530865,82.1948148148148,82.90333333333334
338,Alan Rangel,PHI,19524,11.1,81.63347826086957,,,,97.26212765957446,89.78080000000001,114.65046511627908,,,96.79667111111111,105.35739111111113,98.563256
339,Kohl Drake,ARI,32070,20.2,90.97078787878787,,89.44954545454546,,104.82685714285715,96.73138461538463,93.74109589041095,,,93.5839628983259,95.65947320793745,88.76409217245168
340,Ethan Pecko,HOU,33515,20.0,97.64634146341463,102.47373737373739,97.23250000000002,,103.47645569620254,98.00739130434783,76.2209090909091,,,98.82774763563962,93.98488675958187,96.39868529118965
341,Trey Gibson,BAL,33794,37.2,96.71489932885906,99.59869281045752,95.95323529411766,,110.75977022977024,77.79078651685394,,,,97.9648637412514,92.49093540820414,94.25691362968897
342,Brayan Bello,BOS,23920,52.2,79.78999999999998,100.47141361256543,85.21074829931972,,102.08991735537188,102.67291666666667,75.47988764044943,,,91.99510663521995,103.42688133013962,96.79350358832427
343,Brycen Mautz,STL,31910,1.0,104.44,130.32,,,86.38000000000001,102.52,,,,100.68722222222223,24.982777777777777,35.03944444444445
344,Cole Ragans,KCR,21846,35.1,109.03061452513967,,91.19055555555555,,116.30447058823529,,113.58171428571428,101.38629629629631,,109.06012519561816,86.25668231611894,95.93521126760564
345,Mike Paredes,MIN,30187,22.0,85.37031250000001,,92.85584905660377,,114.09011764705885,,88.66493827160494,,,94.3589237915289,101.09674696898126,97.86843804125334
346,Hurston Waldrep,ATL,33527,8.2,,84.06229508196722,78.89538461538463,114.47384615384614,80.06153846153846,96.8742857142857,,,,89.28180421686747,72.89907078313253,71.1830873493976
347,Bailey Falter,KCR,20070,4.1,91.6093023255814,77.66,,80.595,87.74499999999999,84.24,,,,88.41701127819549,108.10865914786969,101.91690476190476
348,Chris Murphy,CHW,26214,2.2,109.1225,,,,121.3536,106.02000000000001,118.10499999999999,,,112.57506172839506,90.7311111111111,96.61555555555556
349,Ronel Blanco,HOU,19407,23.1,94.33538461538461,,,,83.56613636363637,91.59029411764705,101.0822429906542,,,93.3523198090692,98.52291646778043,92.00010023866349
350,Daniel Lynch IV,KCR,21537,40.0,95.1577011494253,97.44170403587444,,,107.37088888888889,,90.51934640522876,90.9511111111111,,96.12430221133069,97.80452982714097,96.79414742661396
351,JR Ritchie,ATL,31760,55.0,99.138779342723,94.40558375634517,89.0418918918919,,90.52000000000001,102.11430962343096,92.12064171122995,,,96.20844759034921,95.28781202356679,96.88805334153983
352,Taijuan Walker,PHI,11836,18.2,91.24864864864864,92.07292682926828,91.50338028169014,74.31977777777777,101.69515151515152,94.8004255319149,,,,88.7096311369509,94.04670284237727,81.46820478036176
353,Xzavion Curry,NYM,25595,3.0,86.14,81.52,,87.28,102.7,103.47999999999999,,,,90.72262295081967,95.69540983606558,85.88754098360654
354,Brendan Beck,NYY,33043,8.2,83.81949999999999,84.02923076923078,75.92,107.38909090909091,82.97076923076922,88.89333333333335,,,,86.74032608695651,105.47608695652173,91.04652173913044
355,Kade Morris,ATH,33787,6.2,114.4175,86.98666666666666,,,105.97473684210526,108.7,83.61692307692307,,,96.90818229166666,75.73015277777777,71.12365625
356,Corbin Burnes,ARI,19361,10.1,,85.25333333333333,90.9122641509434,,103.05250000000001,105.07914893617021,86.95636363636363,,,93.89737373737374,97.76434343434346,94.38525252525253
357,Mike Burrows,HOU,24728,93.2,98.40263982102907,92.3732701421801,,,94.778984375,95.96382222222222,87.47201900237528,,,93.7057798723883,97.84738562207953,92.57278488356869
358,Luis Morales,ATH,32227,7.1,85.8511111111111,96.66764705882353,,,105.33047619047619,,76.82,,,92.76554054054054,74.8391891891892,72.77445945945945
359,Jeffrey Springs,ATH,17677,142.2,89.0414071294559,,88.0180582524272,,97.3761524838165,,109.7584013050571,,,96.47841222828546,100.08702824666639,96.66260076136948
360,Mason Englert,TBR,22288,18.0,105.67236363636364,92.75545454545455,84.31795918367347,,106.6425,94.28521739130434,94.44864197530865,,,95.21510882352942,114.26081117647058,108.37833352941176
361,Simeon Woods Richardson,MIN,24494,44.2,84.00633333333333,,,87.85477064220181,93.21861702127659,87.19952380952381,,,,87.36560727434755,94.23042729767569,86.15614515227082
362,Kodai Senga,NYM,31838,31.2,96.74584070796459,84.84692307692308,85.58319327731094,,84.95120573733753,72.19,,,118.86857142857143,96.65471309872382,91.36853171953194,92.70373454251806
363,Germán Márquez,SDP,15038,44.0,77.23049295774648,78.65509803921569,,,95.74208333333333,,81.15083333333332,101.9512403100775,,88.20380725344054,98.70402016839734,87.27355064380993
364,Luis Gil,NYY,21052,19.1,100.8538157894737,93.7022222222222,,,101.16535211267605,,84.58782608695651,,,96.66295769788145,85.61096680698364,86.18890483748532
365,Mason Barnett,ATH,31741,25.1,83.82473282442747,,,,104.24948275862072,85.25684210526316,104.9610909090909,,,91.43448452259041,97.89919697204498,91.89114643533816
366,Miles Mikolas,WSN,9803,53.0,86.81090047393364,84.1128155339806,,,90.61739150915622,100.4743661971831,84.41893617021277,,,89.1558850167195,108.38877757309558,96.01936933833645
367,Zack Littell,WSN,15823,67.0,81.93003558718861,78.95664516129033,,90.31829787234044,82.00078645814884,,,,,83.29790097533915,98.99613719354308,83.84251172609846
368,Jameson Taillon,2 Tms,11674,86.0,94.67888607594938,92.77985507246377,85.90875912408762,,105.31535999999998,76.50641509433963,92.87920704845816,,,92.15165494535158,98.96595095008577,95.62242368297423
