rank,Name,Team,playerid,IP,vFA,vFT,vFC,vFS,vFO,vSI,vSL,vCU,vKC,vEP,vCH,vSC,vKN
1,Jacob Misiorowski,MIL,31623,174.2,100.58884271517005,,95.82086673726235,,,100.59999593098958,91.80201957522819,88.0018310546875,,,92.52499961853027,,
2,Cristopher Sánchez,PHI,20778,207.0,,,,,,95.07931522908122,86.30837621444311,,,,87.0403078048276,,
3,Cam Schlittler,NYY,32095,193.2,98.019068050455,,94.61505763226954,,,97.83890770401158,89.61071395874023,86.25690295800617,,,,,
4,Chris Sale,ATL,10603,162.2,96.14441261828786,,,,,95.56774213237148,79.75442971412488,,,,88.52641492159862,,
5,Jesús Luzardo,PHI,19959,178.2,96.82216262308077,,,,,95.77661200492612,86.08993577739021,,,,85.98773976760806,,
6,Dylan Cease,TOR,18525,169.0,96.81802086068802,,,,,95.79385924757572,88.12039137426783,,81.68732912246494,,81.41691842900302,,
7,Tarik Skubal,2 Tms,22267,158.2,96.78950990949359,,,,,96.71116504854369,89.72813504186975,80.4288138050144,,,87.65655041848052,,
8,Drew Rasmussen,TBR,25385,172.0,95.84322141096897,,89.95130236943562,,,95.26650861164593,84.46470597211052,80.15274802407066,,,89.63954835018869,,
9,Parker Messick,CLE,31986,186.1,94.3520716055925,,90.57410145492005,,,92.78823597075173,86.96839406700332,79.2562753777755,,,85.91853420213721,,
10,Reid Detmers,LAA,27468,185.0,94.05324408157034,,,,,93.45172487456223,85.98980404886233,72.29539882917345,,,83.76811583145805,,
11,Yoshinobu Yamamoto,LAD,33825,185.0,96.08784919610902,,91.63152700339631,91.51085134652945,,95.47932971123211,86.90060314500188,76.8852773030599,,,,,
12,Jacob deGrom,TEX,10954,162.2,97.3358507156372,,,,,96.56263816749657,91.35571028506871,80.85879101596036,,,89.7308305019348,,
13,Chase Burns,CIN,35333,154.1,97.64549939977805,,,,,97.08333206176758,90.22260034179688,81.9000015258789,,,90.17686542112436,,
14,Paul Skenes,PIT,33677,174.1,96.8094065520723,,,93.19931292451943,,96.60911685719209,85.11847590996616,81.8099983215332,,,88.6658332824707,,
15,Payton Tolle,BOS,35466,148.2,96.10412921736726,,88.63302939030467,,,94.81493707041923,,82.91651067193949,,,88.62923091008113,,
16,Bryan Woo,SEA,30279,173.0,96.07958732283807,,,,,95.86542215703278,85.89414423578852,82.9454547997677,,,89.64371239211032,,
17,Zack Wheeler,PHI,10310,162.0,95.22031715029762,,90.92580662662411,87.42900202279854,,94.79682952136528,81.34478837134132,80.00349352974038,,,,,
18,Trevor Rogers,BAL,22286,169.2,93.82450212404287,,83.07432453052418,,,93.37527254971592,78.11119751135509,,,,87.02831200462937,,
19,Cade Cavalli,WSN,27473,169.2,96.82898219285813,,93.53238747336648,,,96.12017171458483,86.32418154469065,,86.18772000661585,,89.12311251658313,,
20,Ranger Suarez,BOS,17277,148.1,91.51277770996094,,87.9690747400977,,,90.27928151169868,78.93119964599609,75.68403903266736,,,81.09999981123147,,
21,Braxton Ashcraft,PIT,23793,165.1,97.28118987335081,,,91.79,,97.05874961853027,91.79011171255539,84.96065815414381,,,,,
22,Gavin Williams,CLE,30122,184.1,97.64969109722651,,92.35057510726753,,,96.9702823001754,87.54994146075849,82.57909775353912,,,,,
23,Max Fried,NYY,13743,112.2,94.82760959201389,,91.8450258264991,,,93.11211401711047,80.24799981011284,73.6610387496618,,,85.55679587947512,,
24,Nolan McLean,NYM,33703,179.2,96.04042561848958,,92.11503291909212,,,95.04367584107892,85.17728275772559,82.0259520757766,74.7750015258789,,88.1657461935644,,
25,Sonny Gray,BOS,12768,169.0,91.51915890702577,,88.30709668231266,,,91.9732341553642,84.79841812797214,79.62061012792223,74.0999984741211,,86.19366261656855,,
26,Shane Baz,BAL,22264,179.2,95.82494969818913,,89.5856814483572,,,95.25781297683716,,,85.2646508559942,,87.66728647224966,,
27,Sandy Alcantara,MIA,18684,211.0,97.45085081762197,,89.94103053771343,,,97.29474304769641,84.54227827506637,82.78794417144559,,,90.79701510756763,,
28,Eduardo Rodriguez,ARI,13164,189.2,92.05106023940915,,88.88248128032453,,,91.56352446509189,,79.5506669108073,,,85.3913686354857,,
29,Kevin Gausman,2 Tms,14107,177.2,93.84779702010397,,,84.02140990899798,,,83.63481439661096,,,,83.93428628104074,,
30,Logan Webb,SFG,17995,160.2,92.26420150847125,,89.80185777410266,,,92.05765045666304,84.19318568778182,,,,85.83171112265363,,
31,Shohei Ohtani,LAD,19755,85.2,98.06926861633097,,92.37777370876736,89.03245651512815,,96.4782620858455,85.13284331677006,75.17594060682713,,,,,
32,Nick Martinez,TBR,12730,180.0,92.72201269377702,,89.16936958931588,,,92.40374504403675,85.15937455495198,80.03883458109735,,,78.26190466814876,,
33,Logan Gilbert,SEA,22250,186.0,96.36910836062448,,91.21710526315789,81.96174440661267,,94.29444546169705,85.57635434468587,76.46666971842448,,,85.8725573872411,,
34,Sean Burke,CHW,29878,142.1,94.7074280461821,,89.79374921321869,,,94.61926670832736,86.436579253498,,78.94529133951497,,85.90000057220459,,
35,MacKenzie Gore,TEX,22201,173.0,95.13288357011788,,89.8663038170856,,,95.1051285572541,85.64727855864025,81.52448610680126,,,86.19742277479664,,
36,Taj Bradley,MIN,22543,178.1,97.17589476316613,,89.7373299663658,91.50442915596385,,,,82.77769791308067,,,,,
37,Dustin May,2 Tms,19716,145.2,96.90788504581323,,93.3195076726233,,,96.58814856515357,86.02635250315947,83.65219845614591,,,90.2376720480723,,
38,Michael Soroka,ARI,18383,112.0,93.52034768809443,,89.0127350429319,,,93.24171154001817,83.11666806538899,80.5516519165039,,,85.83681758533825,,
39,Andre Pallante,STL,26108,162.0,95.20798236990716,,,88.87631737558465,,95.43786828696322,87.74306099145792,,78.56814143088012,,,,
40,Michael King,SDP,19853,185.0,94.26622554955892,,,,,93.1902530454413,82.94419502519995,,,,86.4843904911564,,
41,Davis Martin,CHW,21448,140.2,93.8458959429308,,89.62816896572919,,,92.75619116283599,87.05517267687567,81.66697328899978,,,90.07286583505025,,
42,Jared Jones,PIT,27863,101.2,98.21482965264107,,,,,,89.87643849763938,85.6659257111726,,,92.80994520661581,,
43,Noah Cameron,KCR,30184,170.1,92.48865959605693,,89.74837068587183,,,91.47622413902016,85.13333323160808,81.60328955399363,,57.400001525878906,80.9878353330445,,
44,Foster Griffin,2 Tms,16432,172.2,91.5186000965878,,88.52160710801778,81.34937520027161,,91.4270547318132,80.30729402429917,77.8330681181524,,,82.54464775342096,,
45,Walbert Ureña,LAA,29357,146.2,97.85560500140681,,,,,98.11356894334956,87.21475973473974,,,,90.9613021218565,,
46,José Soriano,2 Tms,22100,177.1,97.08059160332931,,,92.2685561380613,,96.28762897784222,90.17588660057555,,85.32704172811036,,,,
47,Kyle Leahy,STL,24763,140.0,94.25107452140367,,,,,94.24104234527687,87.3168585609634,83.03070813276636,,,88.6147929535815,,
48,Ryan Weathers,NYY,23796,137.1,95.76758886043262,,,,,94.08502165074087,83.26237924662863,,,,85.69617421025815,,
49,Joe Ryan,MIN,21390,144.2,93.46373808769911,,,87.9010243334461,,93.14869610330332,82.1339258766513,,79.05657017840086,,,,
50,George Kirby,SEA,25436,174.2,96.72295940165617,,92.87499973691743,87.20422524465641,,96.86979209052191,87.47644066413753,,84.13309617229204,,88.75369124444539,,
51,Landen Roupp,SFG,30076,155.0,92.85640956193973,,89.26535418653113,,,93.38182753696236,,76.72279910573367,,,87.08931168265964,,
52,Michael Wacha,KCR,14078,200.2,93.15535801478795,,89.47238335896175,,,93.20193725290368,84.97110263838968,75.91195962595386,,,80.64632529912032,,
53,Peter Lambert,HOU,17969,155.2,93.9055290222168,,91.60185871336984,,,93.4674079047309,84.45967640415314,80.0812069169627,,,86.88993596573607,,
54,Shane McClanahan,TBR,21483,118.0,95.60752833973278,,,,,,88.20801234033058,82.17948717948718,,,86.88217068457789,,
55,Logan Henderson,MIL,31475,98.1,93.13366681730166,,87.83956590735394,,,,81.08085145341589,,,,82.93207581718013,,
56,Brandon Pfaadt,ARI,27782,114.2,93.10463642179307,,90.37142897625358,,,92.98684221999089,84.15756244819706,82.36696461268834,,,86.9163816276264,,
57,Tyler Glasnow,LAD,14374,74.0,95.50726899646577,,,,,95.7595914256816,89.87339925531096,83.808773107696,80.71469412044603,,,,
58,Max Meyer,MIA,27474,111.0,95.09999985805777,,,,,93.56127144697774,89.52592296353129,,,,87.16939915724791,,
59,Eury Pérez,MIA,27768,158.0,98.18229878640005,,,,,97.64914849463929,86.38839533299576,80.75357123783657,,,89.99692990487083,,
60,Jake Bennett,BOS,31959,109.2,92.8065930041638,,85.02666664123535,,,92.36296251085069,79.58644142797438,78.79499835968018,,,83.56593638324969,,
61,Casey Mize,2 Tms,20492,131.1,93.26960059668372,,,87.67601621054052,,93.46749919891357,87.39722114139133,81.22727220708674,,,,,
62,Gerrit Cole,NYY,13125,127.0,96.7954494254299,,92.82857295445034,,,96.01617588716395,89.46145852406819,,83.32472369767643,,85.99596774193549,,
63,Griffin Jax,TBR,20253,103.1,95.79598698302777,,92.80000183105469,,,95.21236016777124,87.34010840108401,84.735338024627,,,90.73436657542914,,
64,Christian Scott,NYM,30107,110.0,95.50421261220977,,89.62123714980258,84.70952388218471,,92.20303090413411,81.36280615451872,81.87900001525878,,,,,
65,Tyler Mahle,2 Tms,16358,149.0,92.82626997284802,,87.76201203415513,86.2959330212351,,91.9411782657399,85.01830077327155,,,,,,
66,Janson Junk,MIA,23301,122.2,94.08914289202009,,,,,93.57179416754308,83.60816980959247,80.92978781842172,,,87.3306354677057,,
67,Framber Valdez,DET,17295,174.0,94.74519201425406,,93.19999694824219,,,93.78543173707561,85.67539657108368,78.29709453444215,,,89.05100803990518,,
68,Will Warren,NYY,30182,149.1,93.69166666666666,,,,,93.26870130559834,83.91741716418481,81.24791691038344,,,87.20571432931082,,
69,Blake Snell,LAD,13543,42.2,96.0362392498297,,,,,,88.84125032424927,79.92469015239197,,,84.78863779703777,,
70,Freddy Peralta,2 Tms,18679,169.0,94.34604566924426,,,,,,82.68124972449408,79.49031458350376,74.83571379525321,,87.37864414231602,,
71,Michael McGreevy,STL,29869,168.2,91.93879916413113,,87.62700935192046,,,90.80888909233941,82.3457629778772,78.58945858512509,,,86.98975256390791,,
72,Connor Prielipp,MIN,31857,116.2,95.5476565361023,,,,,95.00891128388962,87.78712007525995,83.18785336596818,,,86.65151542124121,,
73,Keider Montero,DET,22630,136.2,94.2273599609375,,,,,94.52471120363019,85.88939397021977,,80.26325142257205,,86.96097577988894,,
74,Hunter Brown,HOU,25880,107.1,96.18006993006993,,92.97027093010979,,,96.01082482616516,90.70301120252495,86.87777709960938,83.41976361570106,,87.53413126140298,,
75,Bubba Chandler,PIT,29868,148.2,98.28099064933606,,,,,97.70046255323622,90.66043594693097,86.81393376334769,,,91.49316956566983,,
76,Seth Lugo,KCR,12447,172.1,91.65640982603415,,89.82087885259271,,,91.39928356977346,81.45322058726165,77.28240364303916,69.2124992609024,,85.11011680276478,,
77,Andrew Alvarez,WSN,29914,86.0,92.05774978637696,,,,,91.5618355423932,84.14528255822523,82.7053333875868,,,86.27108351006565,,
78,Shota Imanaga,CHC,33829,174.1,91.56843980829767,,,82.7583503644491,,90.19156637536474,81.60688135290658,74.42839436472198,,,,,
79,Carlos Rodón,NYY,16137,84.1,94.34493192133132,,,,,93.36235946483826,86.13797847560194,78.97083314259847,,,85.24258408249851,,
80,Justin Wrobleski,LAD,31204,128.1,94.57242377020194,,90.8999997652494,83.30000305175781,,93.82420378278016,86.32136854066674,75.10729177792867,,,85.61999976748513,,
81,Clay Holmes,2 Tms,13649,101.1,92.94705693862018,,85.97352968103745,,,93.05158484087849,81.23412219898121,81.10630619633305,,,87.97652173249618,,
82,Emerson Hancock,SEA,27470,138.2,95.4106187497721,,85.84087287055121,,,94.80531515286664,77.20114686632566,76.13608252141894,,,87.06574122111003,,
83,J.T. Ginn,ATH,27889,131.1,93.49543667235315,,90.29362288765286,,,93.28489268909802,85.87977157476294,84.14761861165364,,,87.73880949474517,,
84,David Peterson,2 Tms,20302,116.1,92.52854307254631,,,,,91.99440649000265,86.3098514350177,80.21363676437224,,,85.54907722050854,,
85,Gage Jump,ATH,35418,98.2,96.26342382571967,,,,,95.04086131434286,86.46879931640625,82.29358367103944,,,87.56524416295494,,
86,Nathan Eovaldi,TEX,9132,137.0,94.41654925279214,,90.28802962077229,88.46336362756682,,93.48194567362468,86.42352878346162,76.35462357715893,,,,,
87,Matthew Boyd,CHC,15440,126.2,92.80289921240575,,,,,91.89999907357353,83.0663086812556,73.10867776161383,,,78.7474362998655,,
88,Joey Cantillo,CLE,23335,144.0,92.16690544951994,,86.95492193983009,,,,82.79639675380947,79.92332864463876,,,80.93687579021362,,
89,Troy Melton,DET,31807,114.1,96.36413805731412,,92.16992375783258,,,95.73950572072724,86.9415281175379,79.48357118879046,,,89.28549987792968,,
90,Brandon Young,BAL,27819,156.2,94.38984273876665,,,84.45627622724078,,93.88252096531384,84.51806671686148,75.19155352824443,,,,,
91,Kyle Harrison,MIL,27758,112.1,94.72541319047814,,89.69999694824219,,,94.34736813996967,,81.94723041240985,,,85.82234013334234,,
92,Tanner Bibee,CLE,30134,188.0,93.97974185285896,,85.77350066329977,,,93.24935089458118,82.46838693926411,78.07331337958026,,,80.88842830074927,,
93,Cal Quantrill,TEX,19312,76.2,93.8217533656529,,89.07710817635777,84.29057945030323,,93.89689872800842,85.74489733637596,79.39795856086575,,,,,
94,Walker Buehler,SDP,19374,153.2,94.04315638088909,,90.4372062263908,,,94.22485580885342,85.24519694632318,,78.25707635052127,,89.25910887930557,,
95,Kyle Bradish,BAL,24586,155.0,94.18161462347604,,,,,94.74068594623927,87.41965393450275,84.8709786155007,,,90.36428833007812,,
96,Martín Pérez,ATL,6902,132.2,89.88571400545081,,84.87333406838037,,,89.12562712212062,,76.6503355295066,,,81.56046114408053,,
97,Ben Brown,CHC,23590,42.1,96.27040380640415,,,,,96.19912184330455,,,86.7118947033315,,90.03589806189903,,
98,Rhett Lowder,CIN,33876,126.1,93.70539386192064,,,,,93.19088179289751,85.16940145900107,80.76060601436731,,,86.5501154757094,,
99,Anthony Kay,CHW,20387,151.0,95.93479796468993,,91.81142199678577,,,95.29213182279535,83.46770600963411,,,,86.17585341886586,,
100,Andrew Abbott,CIN,29911,166.0,92.40345071231617,,88.76421115272923,,,,82.19338110307888,79.75376358852591,,,86.16642742054253,,
101,Robert Gasser,MIL,29812,104.0,92.82330765879543,,88.50656394958496,,,92.63800967469507,80.46907487787458,,,,88.26145201954762,,
102,Nick Pivetta,SDP,15454,34.2,94.00969867004599,,91.09220668247768,,,93.6,81.72878750887784,79.05275624192606,,,,,
103,Emmet Sheehan,LAD,29839,107.0,94.3935844757272,,,,,,86.61948860321323,77.70227286598899,,,85.5003364126289,,
104,Kumar Rocker,TEX,31843,130.1,94.51828948164408,,90.2900966363974,87.98499908447266,,94.33849530515418,83.17600516947701,,,,88.9136990063811,,
105,Randy Vásquez,SDP,24719,117.0,95.04858031615191,,90.72816940092704,,,94.98961937716263,85.06243606025193,84.04294879619891,,,88.30512868441068,,
106,Jack Flaherty,DET,17479,86.1,92.71786673193238,,,,,90.8917818461379,85.03098279823284,,78.08006272360544,,85.42381086803618,,
107,Aaron Nola,PHI,16149,175.1,92.29348460945799,,86.23766809300992,,,91.59925183447722,83.16190701439267,,78.3673471878986,,85.61767134002241,,
108,Trey Yesavage,TOR,35456,97.2,94.24768808180936,,,82.86042610330784,,,87.58724500695054,,,,,,
109,Hayden Wesneski,HOU,27581,61.0,93.5302762372778,,89.54779344446519,,,92.58571443103608,81.45320837632666,72.64999389648438,,,86.27706405219682,,
110,Bailey Ober,MIN,21224,128.0,88.02021506807523,,,,,88.62000028170073,79.79099518352587,72.80666580200196,,,82.62285355258369,,
111,Brandon Woodruff,MIL,16162,45.1,91.82313184636344,,88.53538489708534,,,92.40162671096925,79.21999816894531,76.15357153756278,,,82.35073403751149,,
112,Bryce Elder,ATL,27779,149.0,92.43114992171999,,88.45684505644299,,,90.99999990265525,83.08426292389038,,,,85.72753646408302,,
113,Matthew Liberatore,STL,22294,155.0,94.28615378355369,,90.51238090878441,86.97778065999348,,94.21415055472896,86.02964490525265,79.5232557494343,,,88.52822005383076,,
114,Shane Drohan,MIL,27814,94.0,94.75414757794499,,90.866459959042,,,94.76837369620083,86.40151064777662,80.67044398115186,,,86.45000066757203,,
115,Patrick Sandoval,BOS,19447,64.2,93.41911809584674,,,,,93.8618816715656,85.54548425578751,75.67872230042802,,,83.35674774275519,,
116,Yusei Kikuchi,LAA,20633,67.2,95.45954710159458,,90.26212252992572,86.55576926011305,,,87.36918064805327,79.87720685846665,,,,,
117,Gabriel Hughes,COL,31614,61.0,92.33208255159475,,,,,92.86470685686383,86.05454618280584,78.72222290039062,,,87.7984132312593,,
118,Andrew Painter,PHI,30091,116.2,96.59968552544574,,,87.35364375840749,,95.12151252391726,85.3993993993994,81.31351415960638,,,90.47608801800271,,
119,Mitch Keller,PIT,17594,115.2,93.30912008965589,,89.7242853982108,,,92.28602552710113,83.91369324996758,77.79122862341808,,,88.74023609048515,,
120,Bryce Miller,SEA,29837,113.2,95.92777777777778,,91.35108549698539,84.54940629175327,,95.25432153395664,85.8456199161956,,82.94342061092979,,,,
121,Roki Sasaki,LAD,35323,119.1,97.8246511060138,,,90.18862925245611,85.27499931736996,,86.59570084653828,,,,,,
122,Anthony Molina,SFG,26952,24.2,96.28756121735074,,,,,95.19999694824219,87.83829871644365,84.35753474823416,,,87.0126582278481,,
123,Carmen Mlodzinski,PIT,27572,52.1,94.89106545989047,,92.4111099243164,85.49826076341712,,94.28385353088379,85.40508399575444,83.6580366407122,,,,,
124,Grant Holmes,ATL,16944,143.2,94.21981671961342,,92.11123004444143,,,93.1199249324942,85.37683131113774,82.90632195308291,,,89.30181755297112,,
125,Kris Bubic,KCR,21455,50.1,91.76527048442178,,,,,91.24174736541451,83.38443281065743,,,,85.86605043764467,,
126,Kyle Freeland,COL,16256,135.1,91.3285430611916,,87.65294100360413,,,91.09069696470749,82.71013873403523,,82.46893059373393,,86.15593282408634,,
127,Quinn Mathews,STL,33851,49.1,93.44089610541045,,,,,92.85421605857022,84.83948692908653,75.76637899464575,,,83.04492674012116,,
128,David Sandlin,CHW,31743,31.2,96.63383220012923,,91.30744641892453,,,95.53428519112724,86.48732445945203,83.06732721612005,,,91.0740729437934,,
129,Jake Irvin,WSN,21504,96.2,93.17592592592592,,89.47499980097231,,,92.09583264305478,82.07191775596306,77.67855415803841,,,85.8936172918225,,
130,Connelly Early,2 Tms,33666,94.2,93.98772958608774,,,,,92.429298741043,84.74859349507405,79.9934908172788,,,83.70986014352718,,
131,Ian Seymour,TBR,27932,77.0,91.25962139015921,,,,,89.80463936402626,82.18061607947716,72.45999755859376,,,83.5189908081417,,
132,Randy Dobnak,KCR,23798,64.2,92.16019417475728,,,,,91.33080562935056,82.66966893651464,,,,84.61578986905364,,
133,Ryan Gusto,MIA,26440,78.2,94.68777283378269,,89.23557071557781,,,93.10562381744384,83.24325130907305,78.33999945068359,,,87.05321712382356,,
134,Slade Cecconi,CLE,27500,107.1,93.3281188061575,,88.2635745225449,84.4000015258789,,93.4086157099074,82.62321499415806,75.82647099214442,,,83.14634183558022,,
135,Zebby Matthews,MIN,31827,130.1,95.18282714198729,,90.87034276229801,,,95.19292850687046,87.25838405696008,79.84595752472573,,,86.74964229038784,,
136,Luis Severino,ATH,15890,62.2,96.88826201065727,,94.27066474066841,,,96.34478783331322,85.16613457530451,,,,86.58983081882283,,
137,Zac Thornton,NYM,33891,84.1,92.29218864440918,,88.53934916637296,,,92.19280566757531,81.56254103032244,76.01666677565802,,,84.3879297190699,,
138,Jonah Tong,NYM,32157,20.2,94.5670810486219,,90.29166751437717,,,,,79.08000052315849,,,87.25595238095238,,
139,Chris Bassitt,BAL,12304,91.2,92.54485236897187,,90.10231796163598,,,92.34534470130657,75.908449737119,71.34076249914085,,,85.43589714245918,,
140,Hunter Greene,CIN,22182,27.2,98.25991602386604,,,86.93261055324389,,98.34643009730748,88.8344827586207,,,,,,
141,Robbie Ray,2 Tms,11486,159.1,93.16254256380655,,,,,92.64345744568625,86.08073973104656,,79.5961910187252,,86.2007722007722,,
142,Trevor McDonald,SFG,26448,70.1,93.97272976962003,,90.2999996609158,,,93.39099251550573,85.77186527575476,,,,83.75808386888333,,
143,Kade Anderson,SEA,37238,35.2,93.49543378995433,,,,,93.0,87.90075132900611,81.87710755129895,,,84.43229166666667,,
144,Sean Manaea,NYM,15873,107.2,91.74554914253756,,84.98287650330425,,,90.44703973787968,76.31948876568651,,,,84.68676522198845,,
145,Lake Bachar,2 Tms,19222,25.0,94.06092682895282,,,84.7099983215332,,92.72222137451172,88.39343172616333,86.52519694651205,,,,,
146,Jacob Lopez,ATH,25098,114.2,90.3022599732135,,86.13560962211795,,,89.668519337972,76.08624696048419,,,,82.28644139349124,,
147,Chad Patrick,MIL,30113,28.1,94.53613383830094,,89.13516537173764,,,94.39615278977614,,85.37818215110086,,,88.29999923706055,,
148,Mick Abel,MIN,27756,17.0,94.47387475365991,,,,,93.46666802300348,85.34776010086287,80.45526444284539,,,87.17254758348652,,
149,Colin Rea,CHC,12317,100.2,93.61878570380239,,86.94047600882394,,,92.23740957795287,84.62080938967667,79.92747296343794,,,87.61003255998432,,
150,Dean Kremer,2 Tms,19350,90.1,92.50637879947324,,86.97034294795627,82.35378384976774,,91.98031102313897,83.38823430678424,76.61584706124061,,,,,
151,Stephen Kolek,KCR,21487,54.0,94.24894514767932,,90.25339782122269,,,93.72417609246223,83.52093051644259,,,,87.08899932861328,,
152,Jack Leiter,TEX,30146,80.0,96.69200639122037,,92.98102263290517,,,95.734312693278,86.50823448031556,81.86721376512871,,,90.0045266485018,,
153,Joe Boyle,TBR,29608,15.2,97.05636541193182,,,92.63250045776367,,97.09999952129289,88.04102605836005,,,,,,
154,Patrick Corbin,TOR,9323,69.0,91.14876064584274,,86.20103155706347,,,91.35454552614094,78.7794311137139,68.08461585411659,57.70000076293945,,78.2783559823965,,
155,Jackson Jobe,DET,30203,46.0,97.57219977794347,,93.7249984741211,,,95.83077063927284,89.43249877929688,85.98799967447917,81.13809349423363,,86.2126573007318,,
156,Robert Stock,NYM,6576,30.0,95.79022538034539,,91.10113733465022,,,94.14552865377287,80.91029313031365,,79.51111178927951,,80.98936170212765,,
157,Reynaldo López,ATL,16400,57.1,94.01409505208333,,,,,,84.25344278304303,74.79491540941142,,,84.12083307902019,,
158,Spencer Miles,TOR,31621,22.0,96.21750030517578,,,,,96.08359814194775,87.05272799405185,80.64415552709009,,,86.80000305175781,,
159,Michael Lorenzen,COL,14843,114.2,93.99154559886398,,90.12250835259245,,,93.3107302591681,84.40807413610612,82.707531853201,,,84.6194691615822,,
160,Drew Anderson,DET,15130,51.2,94.76795230491932,,,,,94.20625162124634,89.03249988555908,79.66842133817617,,,89.27325062692901,,
161,Jackson Kent,WSN,35462,32.1,93.08412646742725,,,,,92.92195092177973,86.55964794493558,79.16315789473684,,,85.4423984375,,
162,Sean Newcomb,CHW,16943,10.2,95.35119047619048,,92.76666768391927,,,94.59999765668597,,83.1124997138977,,,88.35000610351562,,
163,Tomoyuki Sugano,COL,35321,154.1,92.57837892038941,,89.03505529424801,86.90639145930011,,92.50795002063448,84.55000010604564,79.88292630823648,,,,,
164,Tim Mayza,PHI,15042,9.2,93.7923085139348,,,91.38000183105468,,94.08924849315356,87.82857186453683,,,,,,
165,Kendry Rojas,MIN,29423,12.1,96.0431795987216,,,,,94.80303400213069,89.02678571428571,,,,89.1727294921875,,
166,Cody Bradford,TEX,27597,38.2,88.55882277355843,,,,,88.0933329264323,80.65454494591916,74.4433349609375,,,80.94179958767361,,
167,Jack Perkins,ATH,31468,81.1,95.46886971633953,,92.56311522937212,,,94.81333431667751,86.3031020426238,,,,89.38110995822483,,
168,Mitch Bratt,ARI,30003,44.0,90.96449631911058,,,,,90.8298244810941,86.56461392916165,79.22051282051282,,,84.71830889204858,,
169,Ryan Feltner,COL,21446,107.2,94.70268231972881,,,,,94.23867177963257,86.86588981742669,79.31747540223945,,,85.12516164472027,,
170,Max Scherzer,TOR,3137,84.2,92.94304393823596,,87.70120542595185,,,,85.3093112219683,74.45981262777454,,,83.89339282334113,,
171,Riley Cornelio,WSN,31953,7.2,96.4593734741211,,89.84848299893466,,,,85.76000037560097,,,,,,
172,Garrett Crochet,BOS,27463,30.0,95.8224122496857,,90.92812395095825,84.89999771118164,,95.2275864173626,83.38918902422931,,,,88.23636211048473,,
173,Kyle Hart,SDP,19646,8.2,94.76666768391927,,,86.15499877929688,,94.38222317165798,85.8638292677859,,,,,,
174,Casey Legumina,TBR,25921,10.1,93.01041412353516,,,,,92.77499923706054,83.21363483775745,,,,87.08571461268834,,
175,Brandon Sproat,MIL,33850,88.1,96.73173757404165,,92.88588561095276,,,96.03246753246754,86.11454592618075,82.9617451917405,,,91.3032784383805,,
176,Hunter Dobbins,STL,30240,40.0,94.37754175218485,,,87.76705609489889,,94.05952380952381,85.06334896864395,79.14938316816165,,,,,
177,Cade Povich,BAL,30055,31.1,91.83539195119599,,,,,91.38260965761931,86.73174443320623,76.46416625976562,,,85.21346341646634,,
178,Brady Basso,ATH,25582,16.2,92.09160822088069,,88.75749969482422,,,92.16111077202692,82.91071374075753,77.40800079345703,,,86.72608549698539,,
179,Brad Lord,WSN,31972,11.2,94.56333414713542,,,,,94.62241547683189,84.96233813793629,,,,86.88888888888889,,
180,Ryan Yarbrough,NYY,16502,5.0,87.68332926432292,,85.40285818917411,,,86.17500114440918,72.31428527832031,,,,78.02692354642429,,
181,Blade Tidwell,SFG,31701,44.2,94.77695392875515,,,,,92.9647061217065,83.76348636024876,83.40810641726932,,,83.38648574416702,,
182,Aaron Civale,ATH,19479,72.1,91.33571416681463,,87.54314486042837,83.87500095367432,,91.18220261395987,82.15116279069767,76.94243320665862,,,,,
183,Tatsuya Imai,HOU,37124,58.2,94.87134161228087,,,84.66904903593517,,94.49999824899142,86.69558663102806,77.61666361490886,,,86.67931129192483,,
184,Grant Taylor,CHW,33927,5.0,99.2529395608341,,,,,100.14000244140625,91.06923029972957,85.16666836208768,,,,,
185,José Suarez,2 Tms,19911,5.0,93.22258143271169,,,,,92.14999961853027,82.46842073139392,,,,83.67083231608073,,
186,Tyler Phillips,MIA,20629,90.0,95.89496360065269,,,86.52691165095804,,95.28567303764103,84.25508436644819,83.30283408222894,,,,,
187,Grayson Rodriguez,LAA,24492,98.2,96.11082932277279,,,,,,84.96315749318975,80.82535943574312,,,83.18008560082642,,
188,Jack Dreyer,LAD,30249,4.0,94.09761846633185,,,,,,88.87058751723346,80.76250076293945,,,,,
189,Gordon Graceffo,STL,29519,3.0,95.33635919744319,,90.92500305175781,,,94.9000015258789,86.15833536783855,,,,88.29999651227679,,
190,Mason Montgomery,PIT,29770,5.0,97.90980440027573,,,,,98.86666870117188,89.3375015258789,86.87142944335938,,,87.89999389648438,,
191,Noah Schultz,CHW,32056,60.1,95.19242925757906,,89.7818573808248,,,95.0675271797884,82.67244895623655,81.87857110159737,,,89.15740754869249,,
192,Chris Paddack,2 Tms,20099,41.0,92.91368839858603,,85.90833209809803,,,92.91568651386336,79.25616371468323,76.92567650047508,,,84.83,,
193,Jack Kochanowicz,LAA,27688,64.0,96.15102040816326,,,,,95.69976461158609,85.63388951619466,,,,89.94786101463704,,
194,Ryan Johnson,LAA,35325,95.0,,,89.75676050725973,84.68348286030171,,92.51090263424064,81.06439332287721,,,,,,
195,Bradgley Rodriguez,SDP,29107,4.0,98.05454670299183,,,,,97.32380748930431,,,,,90.18125343322754,,
196,Coleman Crow,MIL,27926,16.2,91.30943442290683,,87.43265206473214,,,91.44772616299716,79.09565403150475,74.10172350653286,,,,,
197,Griffin Canning,SDP,19867,50.1,94.32075586858785,,89.8310327201054,,,93.68936140993809,87.12380933004712,,81.07499972256747,,89.9477385707836,,
198,Mason Adams,COL,31663,29.0,93.12108710671768,,88.40689718312231,,,92.29327751608456,85.74838749054939,81.97613664106889,,,88.07826166567595,,
199,Wandy Peralta,SDP,14295,5.0,97.31428745814732,,,,,97.11110998083043,89.53846153846153,,,,90.1066670735677,,
200,Alec Gamboa,BOS,26227,4.2,94.44444331416378,,,,,94.02608655846637,87.65,80.4000015258789,,,83.69999694824219,,
201,Adrian Houser,SFG,12718,73.2,95.48651169178098,,,,,94.7265292080966,88.24436563841054,82.18207679604585,,,85.2162679644863,,
202,PJ Poulin,WSN,23394,15.0,90.00379885902888,,,,,88.93064585039693,79.16000099182129,,,,80.49999872843425,,
203,Braydon Fisher,TOR,24609,11.1,94.15581423737282,,93.23333740234375,,,93.69999694824219,87.77808202456121,81.14833272298178,,,,,
204,Jacob Latz,TEX,21306,4.0,92.36578690378289,,,,,,84.66666666666667,78.86000366210938,,,83.34286063058036,,
205,Aaron Ashby,MIL,23550,2.1,,,,,,97.18147786458333,84.94285365513393,83.0,,,92.25,,
206,Tyler Alexander,TEX,17735,6.0,92.02000020345052,,88.74999861283736,,,91.96818056973544,80.3062515258789,,,,84.94166564941406,,
207,Carson Palmquist,WSN,31612,10.2,91.30499954223633,,82.13181859796697,,,90.67792382178368,73.88936274102393,,,,,,
208,Jakob Junis,TEX,13619,2.2,92.14000244140625,,,,,91.00999755859375,80.58571079799107,,,,85.19999694824219,,
209,Tanner Gordon,COL,27669,55.1,92.40208884679524,,89.36562728881836,,,92.30000305175781,87.13316163374353,81.65368443539268,,,84.41379310344827,,
210,Shane Bieber,TOR,19427,55.2,92.30705961339613,,87.39911536832827,,,92.19268240579744,85.2505384875882,,82.64767597996911,,88.1619873046875,,
211,Javier Assad,CHC,21741,56.2,93.38072967529297,,88.6910571586795,,,93.24127518503289,83.15471663565006,77.54852968103745,,,85.7586669921875,,
212,Wilber Dotel,PIT,28901,4.0,98.30333251953125,,93.05909035422586,,,96.4000015258789,87.37000122070313,,,,92.72000427246094,,
213,Matt Wilkinson,SFG,33760,22.2,90.3198983328683,,83.93913036844005,,,,79.20577122614934,,,,83.83058740952436,,
214,Luis Castillo,2 Tms,15689,114.2,95.1491778020008,,92.30000305175781,,,95.30970042973608,85.49708135582594,,,,87.37476298335223,,
215,Cody Bolton,HOU,23265,7.2,94.16,,90.18157798365543,,,94.0352944766774,80.63845942570613,78.51379236681709,,,89.10624885559082,,
216,Chase Dollander,COL,33482,13.2,98.2494718852796,,,,,97.38571384974888,86.22631595009251,79.31499862670898,,,89.39231050931491,,
217,George Klassen,LAA,33464,27.0,96.39358340992646,,,,,96.63555569118924,90.73766217912946,85.18571145193917,,,87.04404849097843,,
218,Hagen Smith,CHW,35205,2.0,93.85882209329044,,89.14999389648438,,,,82.60000101725261,,,,,,
219,Luinder Avila,KCR,24452,51.2,96.0460946559906,,,,,96.26600809813488,87.89408562773018,82.87124264785668,,,89.38315871389288,,
220,Cionel Pérez,NYM,19614,2.0,97.4,,,,,97.11428397042411,,85.99090853604403,,,,,
221,Kent Emanuel,CIN,15849,5.0,,,,,,89.90370008680556,81.41086744225544,,,,82.33913255774456,,
222,Yohan Ramírez,PIT,19444,2.0,96.45714460100446,,,,,96.12727494673295,83.93684467516448,82.94999694824219,,,,,
223,Steven Matz,TBR,13361,47.0,,,,,,93.1864942674513,82.37582330389337,78.08837109942769,,,82.79338842975207,,
224,Justin Hagenman,NYM,21546,3.0,90.60909201882102,,84.2357177734375,,,,81.23333740234375,,,,85.28571428571429,,
225,Mitch Spence,KCR,27707,4.0,,,91.99166870117188,,,92.75833129882812,83.79166666666667,80.19999864366319,,,88.03333536783855,,
226,Cole Sulser,TBR,15256,4.0,92.15999755859374,,87.72500101725261,,,,82.94999694824219,,,,83.68947239925987,,
227,Andrew Morris,MIN,31891,4.0,97.42045593261719,,90.95294189453125,,,97.22857012067523,82.6875,72.30000305175781,,,90.19999821980794,,
228,Mason Fluharty,TOR,31553,4.1,,,90.07209245548692,,,,81.64166514078777,,,,86.35,,
229,Lance McCullers Jr.,HOU,14120,39.1,91.63792866673963,,89.13756710637814,,,91.32595052598398,82.31465543549636,,81.61376085193879,,85.47684326171876,,
230,Elmer Rodríguez,NYY,31811,26.2,95.42659548495678,,84.0,,,95.76506528896016,80.35806471301663,78.20416598849826,,,87.95128064277844,,
231,Brady Singer,CIN,25377,157.0,90.72037138762298,,87.1802088022232,,,91.11814975199727,82.44609229244404,,,,,,
232,Cody Ponce,TOR,17920,2.1,95.88333129882812,,,,,,88.34706025965073,84.48333231608073,,,88.25,,
233,Brandon Williamson,CIN,25463,42.1,92.74615350469843,,89.30396421995457,,,92.9898543426956,80.94285539899553,74.93582107771688,,,85.34970957144148,,
234,Cesar Perdomo,SFG,30334,20.2,92.96643322497815,,,,,,85.58593845367432,,,,86.7563643022017,,
235,Spencer Arrighetti,2 Tms,29921,96.2,92.37442432459545,,87.66902822308836,,,92.12777813569998,79.77982039515747,76.49439566857761,,,84.14843785762787,,
236,Tyler Holton,DET,26231,3.2,91.4090909090909,,87.57777743869357,,,91.35833231608073,79.92666625976562,80.30000305175781,,,83.51666768391927,,
237,Edward Cabrera,CHC,21690,76.0,96.20230397870463,,,,,96.4974183930682,89.18266784667969,84.85833231608073,,,92.97660611895485,,
238,Jimmy Herget,COL,17556,3.0,92.13333384195964,,,,,91.42142813546317,82.09230628380409,,,,85.7,,
239,Spencer Strider,ATL,27498,39.0,95.1322188449848,,,,,,83.96544515400032,78.0309991455078,,,85.51830968722491,,
240,Zach Pop,PHI,20185,2.0,,,95.08333333333333,,,96.19523693266369,87.09000244140626,,,,,,
241,Tyler Samaniego,BOS,30081,1.0,94.17500305175781,,89.13333129882812,,,94.2,83.2,,,,85.0,,
242,Trevor Williams,TEX,16977,1.0,90.82856968470982,,,,,88.69999694824219,79.87778049045139,,,,80.39999389648438,,
243,Erik Miller,BOS,26252,1.0,,,,,,96.90999755859374,85.55714634486607,,,,,,
244,Richard Lovelady,WSN,19337,8.2,91.11315998278167,,,,,90.64500007629394,82.05384662334735,,,,,,
245,Jordan Wicks,CHC,30094,6.1,93.04423170823317,,,,,93.0999984741211,86.20499877929687,80.1875,,,83.23243342219172,,
246,Kirby Yates,PIT,9073,1.2,90.20000143612133,,,83.17000122070313,,,72.80000305175781,,,,,,
247,Adam Macko,TOR,25590,1.2,94.72000122070312,,,,,,85.5,,78.36666870117188,,84.4000015258789,,
248,Brenan Hanifee,DET,22304,1.2,96.23333231608073,,,,,95.1999994913737,88.74999745686848,,,,90.09999593098958,,
249,Will Dion,WSN,30061,3.0,90.5250015258789,,87.09999593098958,,,,,81.125,,,77.56428745814732,,
250,Ray Kerr,ATL,23809,3.0,94.19167073567708,,89.69999694824219,,,94.59999778053977,,81.41428920200893,80.0999984741211,,,,
251,Luis Medina,ATH,21649,1.1,96.41666666666667,,,,,95.07999877929687,86.2750015258789,81.0999984741211,,,89.35000610351562,,
252,Caleb Ferguson,CIN,19349,1.2,92.2999979654948,,86.82000122070312,,,92.5999984741211,,80.25,,,,,
253,Kai-Wei Teng,HOU,24282,44.0,92.81804764910441,,,,,92.95163889400294,84.17355037081069,82.36973692241467,,,86.73452250162761,,
254,Edgardo Henriquez,LAD,26944,1.0,100.5374984741211,,94.64999389648438,,,101.66666666666667,86.77999877929688,80.23333740234375,,,,,
255,Brock Stewart,LAD,16727,1.0,95.96666463216145,,,,,94.33333333333333,83.5999984741211,,,,87.5999984741211,,
256,Kyle Backhus,PHI,29615,1.0,,,,,,92.37272505326705,81.36666870117188,,,,83.9000015258789,,
257,Matt Svanson,STL,29629,1.0,,,91.03333536783855,,,96.38571602957589,86.375,,,,,,
258,Riley Martin,CHC,29934,1.0,94.33333333333333,,,,,,89.0999984741211,85.0999984741211,,,,,
259,Carson Seymour,SFG,30084,1.0,97.80000305175781,,95.13333129882812,92.0999984741211,,96.16666666666667,89.69999694824219,,,,,,
260,JT Brubaker,SFG,17578,1.0,91.80000305175781,,,,,92.46666463216145,86.9000015258789,80.25,,,87.80000305175781,,
261,Didier Fuentes,ATL,30661,3.0,97.03414395960365,,,90.72222222222223,,,86.78333536783855,,,,,,
262,Brent Suter,2 Tms,13942,8.2,87.53035845075335,,,,,89.40465031113736,77.39062690734863,,,,76.28461319360977,,
263,Derek Law,ARI,13133,2.0,92.9000015258789,,89.73333740234375,,,,86.08333333333333,,,,,,
264,Logan Allen,CLE,27589,5.2,90.77547123747051,,84.45555736400463,,,88.9,78.67199951171875,,,,82.86521579908288,,
265,Cade Horton,CHC,31872,7.1,95.47777777777777,,,,,95.78571428571429,83.75454434481534,84.17500305175781,,,88.94737002724095,,
266,Kyle Hurt,LAD,27514,1.2,96.11111111111111,,,,,,86.55999755859375,,,,88.46922889122597,,
267,Taylor Clarke,ARI,17611,2.1,93.19999694824219,,93.95,,,95.21999918619791,88.71666717529297,,,,90.47692166841946,,
268,Joey Estes,ATH,26257,4.1,93.57999674479167,,88.7,,,,81.9590897993608,,,,84.55000305175781,,
269,DL Hall,MIL,22207,2.0,93.33333333333333,,,,,93.78571428571429,84.2,79.0,,,85.5250015258789,,
270,Cole Winn,TEX,22113,1.0,95.3499984741211,,89.625,86.9000015258789,,,85.0,,,,,,
271,Zach Eflin,BAL,13774,3.2,91.85714285714286,,88.21818403764205,,,92.17857142857143,78.89999825613839,78.713330078125,,,87.9105288856908,,
272,Erick Fedde,CHW,17425,72.1,94.05454462224787,,90.85236014828662,,,93.85569960836301,82.00416615804036,,,,88.6500004550867,,
273,Seth Johnson,ATH,26020,1.2,96.5142822265625,,,90.5,,93.69999694824219,87.77222357855902,81.55000305175781,,,,,
274,Jordan Leasure,CHW,29950,1.1,96.28181596235795,,,,,95.5,87.87778049045139,,,,,,
275,Cade Gibson,MIA,31815,1.1,92.3499984741211,,,,,92.55999755859375,83.4923095703125,79.5999984741211,,,84.9000015258789,,
276,Jacob Waguespack,DET,18318,1.1,93.08333333333333,,87.35000174386161,,,,,76.34000244140626,,,84.97999877929688,,
277,Jordan Hicks,CHW,19618,1.2,98.93333333333334,,,92.80000305175781,,99.1857169015067,85.17000274658203,,,,,,
278,Andrew Sears,DET,33664,10.2,94.11612955729167,,,,,92.9500004695012,82.33448107489224,,,,87.73999938964843,,
279,Jason Alexander,HOU,19666,12.0,91.19272904829545,,85.0,,,90.42954323508523,78.61333414713542,,,,79.76249694824219,,
280,Paxton Schultz,WSN,25501,1.0,93.83333333333333,,88.61666870117188,,,,84.5,,,,86.84286063058036,,
281,Jose Cabrera,ARI,30412,22.0,93.58604679551236,,89.74050632911393,,,92.95128142528044,83.4796618445445,86.1000011355378,,,86.50232572333758,,
282,Tanner Banks,PHI,16990,1.0,92.28333536783855,,,,,91.15000406901042,85.8187484741211,,,,,,
283,Will Klein,LAD,27787,4.0,97.26428513299851,,,,,,89.18000081380208,85.61875295639038,,,,,
284,Jefry Yan,NYM,27902,1.2,94.654541015625,,,,,96.64375305175781,85.75,,,,86.46666463216145,,
285,Beck Way,KCR,27877,1.0,98.0999984741211,,91.95454545454545,,,96.44285365513393,,,,,91.7999979654948,,
286,Keegan Akin,BAL,19362,2.0,94.125,,,,,,87.60000101725261,,,,88.0062484741211,,
287,Carson Whisenhunt,SFG,31676,34.2,92.76930243913517,,,,,92.89464296613421,85.05346589041228,80.74642944335938,,,83.37129607024016,,
288,Steven Cruz,KCR,23165,2.1,98.62916819254558,,93.46153846153847,,,,89.74000244140625,,,,,,
289,Eduardo Rivera,BOS,31280,6.2,95.38023340979288,,,,,,88.15357317243304,,,,86.80000135633681,,
290,River Ryan,DET,29514,4.1,96.77812576293945,,93.59999593098958,,,94.79999923706055,90.63333129882812,82.47500038146973,,,89.6500015258789,,
291,Zach Agnos,COL,31552,10.2,94.64782316788383,,92.24053872598184,86.45384568434496,,93.76666598849826,84.21860521893169,,,,,,
292,CJ Van Eyk,TOR,27568,5.0,92.8952404203869,,87.25,,,92.32222493489583,81.72000122070312,80.55789345189145,,,83.21666463216145,,
293,Cristian Javier,HOU,17606,49.2,93.12020195855035,,89.062666015625,,,93.10833231608073,81.17184884207589,,77.06999969482422,,85.36170212765957,,
294,Ty Madden,DET,30140,3.1,92.492001953125,,86.25,84.57999877929687,,92.0,82.72142682756696,,,,,,
295,JP Sears,SDP,23429,28.1,92.95844139990868,,88.55000114440918,,,92.00181870893998,80.1898422241211,,,,84.95148430248298,,
296,Ryan Rolison,CHC,22200,3.1,94.06923029972957,,,,,95.0,85.49091131036931,78.69999694824219,,,,,
297,Shane Smith,CHW,31687,8.1,95.28378378378379,,,,,96.35937881469727,90.51999755859374,82.41132138810067,,,90.26341433641387,,
298,Austin Warren,NYM,24937,2.0,94.25555759006076,,,,,94.39000244140625,85.29643031529018,84.36000366210938,,,,,
299,Braxton Garrett,MIA,21844,4.1,91.74285888671875,,,,,91.08378642314189,85.0,,,,84.26470588235294,,
300,José Urquidy,CHW,18413,3.0,91.80909312855114,,,81.0999984741211,,92.96521526834239,80.52000325520834,78.13333333333334,,,84.20000143612133,,
301,Eddy Yean,WSN,24248,2.1,,,,,,95.36363636363636,87.7999979654948,,,,88.36666870117188,,
302,Miguel Ullola,HOU,29036,1.2,94.77222018771701,,,,,,87.13999633789062,,,,89.69999694824219,,
303,Sam Aldegheri,LAA,26443,25.2,92.11440449781378,,86.6595219203404,,,,81.74999904632568,74.67368437114514,,,80.0503553025266,,
304,Eric Lauer,2 Tms,19316,90.1,91.13177450856855,,87.61392073197798,,,,82.79924865952111,75.98376944177438,,,84.64681826504794,,
305,Daniel Espino,CLE,25625,4.0,98.83636474609375,,,,,,92.2736880653783,77.45714242117745,,,,,
306,Ryne Nelson,ARI,26253,83.1,96.34891088002384,,92.95937544107437,,,95.31458282470703,88.67490389908603,80.96666674109979,,,,,
307,Bryan Hudson,CHW,19924,10.0,91.11935424804688,,83.55000305175781,,,,79.83749885559082,,,,,,
308,Owen Murphy,ATL,31761,2.2,92.752001953125,,,,,92.55000305175781,87.42222086588542,78.30000305175781,,,85.52500406901042,,
309,Matt Waldron,2 Tms,25550,15.2,91.73261095129925,,87.88461421086238,,,91.2058796602137,81.18125120798747,,,,,,80.35106318047706
310,John King,MIA,22051,1.2,,,,,,89.1,81.30909312855114,77.7999979654948,,,83.11666870117188,,
311,Merrill Kelly,ARI,11156,162.0,92.12044209011351,,90.96583387586806,,,92.37368434643456,86.29138606496518,82.54093948466665,,,88.48524195177802,,
312,Yunior Marte,SFG,31097,14.1,93.09081782126913,,,82.89762079148065,,,85.53529268152573,,,,,,
313,Brandon Eisert,CHW,27668,4.2,90.1483863092238,,,,,89.71666463216145,84.25882317038143,,,,85.14583333333333,,
314,Robby Snelling,MIA,31893,5.0,95.31428745814732,,,,,93.29999651227679,84.73749542236328,83.38965685614224,,,89.40713936941964,,
315,Thomas Pannone,MIL,17281,3.0,90.5,,88.032001953125,,,89.70999755859376,79.8499984741211,75.42857142857143,,,86.0499979654948,,
316,Jack Ralston,MIA,26104,1.1,93.45999755859376,,,83.23845966045673,,,86.02000122070312,,,,,,
317,Nick Lodolo,CIN,26378,108.2,93.75508571632078,,,,,93.59403244458109,,82.42159750755096,,,87.97412678467366,,
318,Paul Blackburn,NYY,14739,3.0,94.28333536783855,,91.66428484235492,,,93.82499694824219,83.5199981689453,80.48999938964843,,,86.97500228881836,,
319,Sean Sullivan,COL,33502,22.1,87.63227513227513,,82.69516089654738,,,86.61666488647461,75.36944495307074,,,,77.05538330078124,,
320,Jose Quintana,COL,11423,48.0,89.68355041768127,,,,,89.72666755445076,,79.45921582988665,,,85.00787723425663,,
321,Tobias Myers,NYM,22191,4.2,92.92157102098652,,86.22857339041573,80.28000081380209,,,82.53888617621527,,,,,,
322,Colton Gordon,HOU,31312,3.2,90.9878817471591,,,,,91.0142822265625,82.58823529411765,75.26666259765625,,,82.9375,,
323,AJ Smith-Shawver,ATL,29960,21.0,95.9610381683746,,88.99999809265137,82.74836681091708,,94.8866683959961,83.43043319038723,75.20303159771544,,,,,
324,Justin Verlander,DET,8700,9.0,92.88873033120599,,,,,,86.96888834635416,78.8566650390625,,,83.37599853515626,,
325,Pete Fairbanks,MIA,17998,1.0,96.27000122070312,,88.45999755859376,,,,82.28333536783855,,,,91.30000305175781,,
326,Lyon Richardson,CIN,24581,1.0,96.11666870117188,,,,,95.85714285714286,83.32500457763672,,,,87.66153658353366,,
327,Lucas Giolito,SDP,15474,20.2,90.75031878234475,,,,,,83.23188317340353,76.43703432436342,,,78.8877567628614,,
328,Jesse Scholtens,TBR,19205,10.1,92.90000180844908,,,83.97058823529412,,91.56615459735576,84.97012923599837,,,,,,
329,Huascar Brazobán,NYM,6107,7.0,97.32500457763672,,,,,96.21212121212122,,,,,90.80882263183594,,
330,Brennan Bernardino,COL,16835,1.1,89.9000015258789,,86.03333282470703,,,90.32916768391927,,77.74444240993924,,,81.2249984741211,,
331,Chase Petty,CIN,30170,12.1,96.6160009765625,,,,,95.9018877137382,86.62631814521656,,,,87.33999786376953,,
332,Jovani Morán,BOS,20422,3.0,92.63428780691964,,85.0,,,93.29999732971191,79.14999771118164,,,,83.60454628684305,,
333,Zac Gallen,ARI,19291,101.1,93.36178891561865,,,,,92.66315773411802,88.77671983506944,,81.5862063225534,,86.59362301410445,,
334,Tanner Houck,BOS,19879,3.0,93.27272727272727,,,88.3272705078125,,92.413330078125,84.43845778245192,,,,,,
335,Jedixson Paez,BOS,29114,3.2,91.97727272727273,,85.39000244140625,,,91.5,,79.03888617621527,,,83.30384239783653,,
336,DJ Herz,WSN,26389,7.0,92.85806766633064,,,,,,87.76,,79.63333638509114,,82.42631450452302,,
337,Ryan Weiss,HOU,24621,7.0,94.55964740953948,,,,,92.94444444444444,83.78000081380209,81.7249984741211,,,89.19687271118164,,
338,Alan Rangel,PHI,19524,11.1,92.98913043478261,,,,,,84.41276647689494,73.0160009765625,,,80.6267458893532,,
339,Kohl Drake,ARI,32070,20.2,91.5618193655303,,86.17954600941052,,,,81.7057141985212,78.4969219501202,,,81.6027397260274,,
340,Ethan Pecko,HOU,33515,20.0,93.3914623725705,,89.8796854019165,,,92.92020300662878,82.60759570930577,81.4695633597996,,,86.9818184592507,,
341,Trey Gibson,BAL,33794,37.2,95.42617388219641,,91.63382272159352,,,94.55555515663296,87.5993509664164,84.30224643664414,,,,,
342,Brayan Bello,BOS,23920,52.2,95.91477385434237,,87.2625844527264,,,95.10392689330416,86.18760391109245,83.53958400090535,,,88.91910064354371,,
343,Brycen Mautz,STL,31910,1.0,93.22353228400735,,,,,92.8499984741211,82.63076547475961,76.5999984741211,,,,,
344,Cole Ragans,KCR,21846,35.1,94.91564327644902,,89.70555708143446,,,,85.10470509248621,,79.3370361328125,,84.18381064278739,,
345,Mike Paredes,MIN,30187,22.0,92.80859470367432,,87.16037851009729,,,,78.75529282513787,,,,87.44074164496527,,
346,Hurston Waldrep,ATL,33527,8.2,,,91.29999718299278,83.39230581430289,,94.01967133068648,85.07692307692308,80.57618931361607,,,,,
347,Bailey Falter,KCR,20070,4.1,91.5906982421875,,,85.14999961853027,,90.93332926432292,82.09500274658203,77.26428658621651,,,,,
348,Chris Murphy,CHW,26214,2.2,96.86250114440918,,,,,,88.01599975585937,78.35999908447266,,,86.5,,
349,Ronel Blanco,HOU,19407,23.1,93.40064259064503,,,,,,86.52840839732777,79.98970570283778,,,84.92803783951518,,
350,Daniel Lynch IV,KCR,21537,40.0,93.87126659524851,,,,,93.47219725467698,87.495556640625,,81.98610983954535,,85.09019659703074,,
351,JR Ritchie,ATL,31760,55.0,94.66666723976672,,89.3513507327518,,,93.80964482496232,85.08571443103608,82.82259404010853,,,88.05347593582887,,
352,Taijuan Walker,PHI,11836,18.2,91.97027093010979,,86.65915303834727,86.79444580078125,,91.87926799495045,81.39091075550427,74.38085158327793,,,,,
353,Xzavion Curry,NYM,25595,3.0,91.00294404871323,,,83.89999825613839,,90.06667073567708,82.83333333333333,73.32000122070312,,,,,
354,Brendan Beck,NYY,33043,8.2,92.60374755859375,,89.05000305175781,82.67727106267756,,92.45384803185097,83.8096172626202,76.32666422526042,,,,,
355,Kade Morris,ATH,33787,6.2,94.04999923706055,,,,,93.45370370370371,85.1473677785773,75.84999593098958,,,88.1923076923077,,
356,Corbin Burnes,ARI,19361,10.1,,,91.96698113207547,,,93.0933349609375,85.5,78.05319148936171,,,85.70454545454545,,
357,Mike Burrows,HOU,24728,93.2,94.96577197593331,,,,,94.52701369733042,89.48671877384186,79.03955552842882,,,86.67624836466375,,
358,Luis Morales,ATH,32227,7.1,96.5,,,,,96.28235222311581,83.53333100818452,,,,89.59444512261285,,
359,Jeffrey Springs,ATH,17677,142.2,91.3377109549059,,87.49223253564926,,,,82.79794149959788,,,,79.53474712527401,,
360,Mason Englert,TBR,22288,18.0,92.66545521129261,,85.98775435467155,,,91.5530303030303,81.63750076293945,74.08550671563633,62.899996757507324,,86.0925925925926,,
361,Simeon Woods Richardson,MIN,24494,44.2,92.67611287434896,,,86.73853239006952,,,86.15106428430435,76.8404777163551,,,,,
362,Kodai Senga,NYM,31838,31.2,96.03938117913441,,89.73109294987526,,83.01666695731026,89.23076864389273,82.93401997359757,65.5,,,,,
363,Germán Márquez,SDP,15038,44.0,94.7172539939343,,,,,94.21666762408088,87.81562534968059,,85.34689780538396,,86.87916819254558,,
364,Luis Gil,NYY,21052,19.1,95.02631578947368,,,,,94.54888983832465,85.39154826419454,,,,89.84637804998867,,
365,Mason Barnett,ATH,31741,25.1,94.7446568612834,,,,,,85.08275946255388,78.62105359529194,,,85.23090986772017,,
366,Miles Mikolas,WSN,9803,53.0,92.72985753063907,,,,,92.31359092934618,86.58705767463235,76.59647874429193,64.5999984741211,,84.97234068525599,,
367,Zack Littell,WSN,15823,67.0,91.6224206673293,,,83.83446772149269,,91.10129197643649,85.53830264030246,,,,,,
368,Jameson Taillon,2 Tms,11674,86.0,91.81341668623912,,86.27956228882726,,,91.94057940054631,80.32280114746094,79.08427707504177,,,84.50748877168228,,
