rank,Name,Team,playerid,IP,vFA,vFT,vFC,vFS,vFO,vSI,vSL,vCU,vKC,vEP,vCH,vSC,vKN
1,Jacob Misiorowski,MIL,31623,111.0,100.47440324289637,,95.98761006583155,,,,92.57267415246298,87.89569780903477,,,92.52499961853027,,
2,Cristopher Sánchez,PHI,20778,127.1,,,,,,95.16126213451423,86.17507173816932,,,,86.93900804289544,,
3,Dylan Cease,TOR,18525,98.1,97.66484782554173,,,,,96.2833331072772,88.62290218326595,,82.62147287942149,,83.26428549630302,,
4,Cam Schlittler,NYY,32095,118.2,97.80747507132736,,94.5112018779436,,,97.6036312167205,89.61071395874023,85.08031607800581,,,,,
5,Joe Ryan,MIN,21390,110.1,93.51414875367244,,,87.9169904468129,,93.16041723887126,82.0984619923127,,78.90294190949085,,,,
6,Jesús Luzardo,PHI,19959,110.1,97.11450221734646,,,,,96.04451328385213,86.43651019233413,,,,86.23485231783052,,
7,Paul Skenes,PIT,33677,108.1,96.937845135262,,,93.41911802104875,,96.71268970470138,84.93241100215432,81.8099983215332,,,88.79241866239141,,
8,Ranger Suarez,BOS,17277,91.1,91.69873797780708,,88.14664515552904,,,90.45467907643457,78.20526203356292,75.4156372321486,,,81.13269233703613,,
9,Shohei Ohtani,LAD,19755,85.2,98.06169105643657,,92.37777370876736,89.03245651512815,,96.52206005769618,85.13284331677006,75.17594060682713,,,,,
10,Chase Burns,CIN,35333,102.2,97.82194367571186,,,,,,90.52259670159755,81.9000015258789,,,90.08526322214227,,
11,Bryan Woo,SEA,30279,104.1,95.80527820436181,,,,,95.5078849108843,85.68036501810431,,,,89.48613912752359,,
12,Braxton Ashcraft,PIT,23793,113.1,97.1607799884555,,,91.82804879909608,,96.87344436328935,91.81928884438452,84.97600853068946,,,,,
13,Davis Martin,CHW,21448,100.1,94.1154965453806,,89.63791439544534,,,92.87777852157538,87.18209612317482,81.89431343259405,,,90.33620689655173,,
14,Parker Messick,CLE,31986,112.0,93.93831899947479,,90.61544781196409,,,92.46381704430831,87.07641587167416,79.0617350364218,,,85.64063272220955,,
15,Zack Wheeler,PHI,10310,93.0,95.27159309021113,,91.12562522888183,87.35181773792614,,94.80796503387721,81.2818177145634,79.9034181252504,,,,,
16,Chris Sale,ATL,10603,98.0,96.01403827847743,,,,,95.47194292905519,79.42671953125,,,,88.32727254775756,,
17,Yoshinobu Yamamoto,LAD,33825,110.2,96.05650268007287,,91.41651426542789,91.5037779405382,,95.42924499511719,87.15132829784292,77.11415497244221,,,,,
18,Reid Detmers,LAA,27468,108.2,94.10024876196684,,,,,93.45172487456223,86.12486991816439,72.33809520580151,,,83.6634018101643,,
19,Casey Mize,DET,20492,77.1,93.56575621801333,,,87.88745445333501,,93.58604502123455,87.64428985490106,81.62372860666049,,,,,
20,Logan Gilbert,SEA,22250,114.0,95.95078494171273,,91.0679102655667,81.4028801309719,,93.39999825613839,86.2671466342551,80.70816268401892,,,85.41865579405827,,
21,Sandy Alcantara,MIA,18684,130.2,97.45772430502625,,90.00070915492714,,,97.3058940608327,84.67405063291139,83.4767128931333,,,90.96346165583684,,
22,Justin Wrobleski,LAD,31204,96.1,94.33097940494416,,90.52222188313802,,,93.5021050704153,86.13723647678205,74.49615390484149,,,85.7597221798367,,
23,Max Meyer,MIA,27474,108.0,95.07536954832781,,,,,93.56198807208858,89.51398813649857,,,,87.2044447157118,,
24,Jacob deGrom,TEX,10954,100.2,97.24630159457054,,,,,96.14666798909505,91.08413843615301,80.94199928283692,,,89.76575292299871,,
25,Drew Rasmussen,TBR,25385,99.1,96.02246388605828,,90.1055787141658,,,95.52595884610066,84.54893623514378,80.46000104631696,,,90.08465721493675,,
26,Nolan McLean,NYM,33703,107.1,96.12366169674296,,91.86629844370468,,,95.04169410882994,84.89731469890415,81.85646570139917,74.7750015258789,,88.12222290039062,,
27,George Kirby,SEA,25436,110.0,96.65198365532032,,93.16666666666667,,,96.9042377364164,87.14166707841177,,83.88484774502841,,88.78782620637313,,
28,Cade Cavalli,WSN,27473,98.2,96.69252913107492,,93.0260885487432,,,96.0648636394486,85.70000110973011,,85.51957089003696,,88.83308769674862,,
29,Kevin Gausman,TOR,14107,112.1,93.90419246265724,,,84.01840997374042,,,84.07593515977503,,,,,,
30,Kyle Harrison,MIL,27758,83.2,95.02476320673505,,,,,94.73199798583984,,82.1948652267456,,,86.27714298793248,,
31,Shane Baz,BAL,22264,111.2,96.025759765625,,89.52924524463198,,,95.10342469933914,,,85.27339901477832,,88.16666748046875,,
32,Shane McClanahan,TBR,21483,86.0,95.65010030888456,,,,,,88.2810612302838,82.17967901382855,,,87.05535732969946,,
33,Michael Soroka,ARI,18383,82.0,93.68883632197799,,88.98445851094014,,,93.3435116833403,82.8888914320204,80.61638873320011,,,85.90374917984009,,
34,Payton Tolle,BOS,35466,84.0,96.00534814373987,,88.21222750068232,,,94.9596437726702,,82.44615496121921,,,88.51666641235352,,
35,MacKenzie Gore,TEX,22201,105.0,95.4307229720538,,89.97469066101827,,,95.17045402526855,85.77639751552795,81.80733022639889,,,86.69637270912605,,
36,Dustin May,STL,19716,93.0,96.92424896240234,,93.35982113792782,,,96.60908912889886,85.9736106660631,83.28835052193948,,,90.43689446310395,,
37,Landen Roupp,SFG,30076,97.0,92.94459440901473,,88.88436236597383,,,93.34825926189181,,76.69530157648211,,,87.21911746754365,,
38,Max Fried,NYY,13743,61.2,94.71948123287845,,92.0107314691311,,,93.11133233432112,80.34141340159407,73.88538536658653,,,85.4611114017547,,
39,Logan Webb,SFG,17995,100.1,92.38324904078759,,89.82864874762458,,,92.13361941874665,84.15229630217536,,,,86.09917049513338,,
40,Gavin Williams,CLE,30122,113.1,96.97462348362909,,92.31265862380403,,,96.69497066700953,87.39999997413764,82.72900062561035,,,,,
41,Sonny Gray,BOS,12768,95.2,91.80846182016226,,88.368085171314,,,92.22988902862662,84.98430616838219,79.80085852627079,74.0999984741211,,86.16000104631696,,
42,Tarik Skubal,DET,22267,75.2,96.74406481877854,,,,,96.74027110656462,89.36287520174494,80.42608692335045,,,87.35190210045415,,
43,Michael Wacha,KCR,14078,119.1,93.06985169104964,,89.28237421049488,,,93.2435419849804,85.15987303909982,76.19130391659944,,,80.58848868171088,,
44,Nick Martinez,TBR,12730,105.1,92.89824564972817,,89.30700032552083,,,92.55982361513522,86.0977278622714,80.03737339828953,,,78.44771096103163,,
45,Michael King,SDP,19853,108.1,94.04012124661617,,,,,92.9045364409979,82.49669024961214,,,,86.27118592343088,,
46,José Soriano,LAA,22100,111.0,97.2629623413086,,,92.27702702702703,,96.43808648445456,90.19462355747018,,85.28298334714745,,,,
47,Emerson Hancock,SEA,27470,99.1,95.38947414016076,,85.46740368584902,,,94.81551320929276,77.140000806536,75.73749980926513,,,87.33580356174045,,
48,Foster Griffin,WSN,16432,110.1,91.5078237105389,,88.19003551990002,81.27449051214724,,91.26499989827474,79.89263549331547,77.80869591754416,,,82.3621619559623,,
49,Keider Montero,DET,22630,86.1,94.14621249112216,,,,,94.56653504859744,85.59033881293402,,80.41534077037464,,86.97359543703915,,
50,Nathan Eovaldi,TEX,9132,111.1,94.65539865986283,,90.53153116495402,88.55848434925865,,93.53203237056732,85.92500019073486,76.47786875240138,,,,,
51,Ryan Weathers,NYY,23796,97.2,95.79319725123122,,,,,94.05416774749756,83.19743111953434,,,,85.44057604405268,,
52,Sean Burke,CHW,29878,80.2,94.8,,90.78292586163776,,,94.62979896622475,86.90159357686441,,79.69798078440657,,85.91612957369897,,
53,Taj Bradley,MIN,22543,102.2,96.93838871888161,,89.75301263648343,91.29594195822011,,,,81.9032466442554,,,,,
54,Kyle Bradish,BAL,24586,107.1,94.02090091030698,,,,,94.71399922688802,87.35210975614781,84.69693016579085,,,,,
55,Trevor Rogers,BAL,22286,90.1,93.49429385440128,,82.97712488112107,,,93.15374965667725,78.31043964427906,,,,87.24780058651027,,
56,Jack Flaherty,DET,17479,82.1,92.76060286117473,,,,,90.93380382699026,85.05317518446181,,78.16196749327612,,85.43589880527594,,
57,Eduardo Rodriguez,ARI,13164,114.0,92.0273620002865,,88.6246576526938,,,91.54081622272933,,79.5900003184443,,,85.8367215864886,,
58,Ben Brown,CHC,23590,42.1,96.27040380640415,,,,,96.19912184330455,,,86.7118947033315,,90.03589806189903,,
59,Andre Pallante,STL,26108,100.0,95.15745517131586,,,88.0863656130704,,95.42272751052658,87.66060009765626,,78.14486338994274,,,,
60,Noah Cameron,KCR,30184,95.2,92.38908232976256,,89.50484896573154,,,91.38405907672384,85.10363635438861,81.816783344829,,57.400001525878906,80.84466816575107,,
61,Jake Bennett,BOS,31959,47.2,93.0359092018821,,85.38095238095238,,,92.57071782739123,79.46176461612477,79.19677242155998,,,83.61845179966518,,
62,Joey Cantillo,CLE,23335,101.0,92.0069259668126,,87.22941041834214,,,,82.82053606850761,79.89999950733954,,,80.67851043051861,,
63,Brandon Young,BAL,27819,84.1,94.28076349109574,,,84.74082369572214,,93.47041311771912,83.69637381598122,75.04999993976794,,,,,
64,Bryce Miller,SEA,29837,52.2,96.29907452618635,,91.18666534423828,85.08999972873264,,95.5305569966634,86.47230788010818,,83.15555572509766,,,,
65,Walbert Ureña,LAA,29357,79.2,97.1364959939553,,,,,97.3677978515625,86.1500007110892,,,,90.21724970788414,,
66,Framber Valdez,DET,17295,107.2,95.01944393581815,,,,,93.9078499537484,85.96666609935271,78.58874770891389,,,89.1234229835304,,
67,Will Warren,NYY,30182,98.1,93.62468681335449,,,,,93.25543199357331,84.0349852381845,81.1312507390976,,,86.92622975834081,,
68,Brandon Woodruff,MIL,16162,45.1,91.82313184636344,,88.53538489708534,,,92.40162671096925,79.21999816894531,76.15357153756278,,,82.35073403751149,,
69,Clay Holmes,NYM,13649,52.2,94.5999984741211,,88.72241447711814,,,93.65167440752093,81.9929949523537,81.56164373110418,,,88.84545444457,,
70,Michael McGreevy,STL,29869,101.2,91.63802535445602,,86.8627025707348,,,90.48244295775436,82.0502151685723,78.02681455132682,,,86.71604938271605,,
71,Kyle Leahy,STL,24763,89.1,94.09667504824822,,,,,93.87864557902019,87.25341107536765,82.80882352941177,,,88.41122467663823,,
72,Eury Pérez,MIA,27768,85.2,98.20128356051866,,,,,97.45753416296554,85.60286390354639,80.74197547818407,,,89.8517985172409,,
73,Freddy Peralta,NYM,18679,104.1,94.14278631257774,,,,,,82.46519582411823,79.38730142986964,74.86451598136655,,87.29675901798238,,
74,Emmet Sheehan,LAD,29839,82.1,94.52699664911142,,,,,,86.66420450573266,77.1797387615528,,,85.61749941507975,,
75,Bryce Elder,ATL,27779,102.2,92.54022545314713,,88.57309493676429,,,91.22611900823033,83.15861226497084,,,,85.64222197356048,,
76,Connor Prielipp,MIN,31857,66.2,95.4372093732967,,,,,94.98320056152343,87.44582188850865,82.43731370612757,,,86.31798564444343,,
77,Gage Jump,ATH,35418,48.2,96.26025267009494,,,,,95.41428593226841,86.7728736043459,82.87553178503158,,,88.20597087803172,,
78,Peter Lambert,HOU,17969,86.0,93.9912753862556,,91.62925232348799,,,93.27594085922814,84.55545629090616,79.06590791182084,,,87.23682609437004,,
79,Andrew Abbott,CIN,29911,105.0,92.59596205324006,,88.60689755143791,,,,82.21117060235206,79.74115253966532,,,85.91901851724262,,
80,Trey Yesavage,TOR,35456,75.0,94.35247371390514,,,82.87178135702055,,,87.80424848568985,,,,,,
81,Carmen Mlodzinski,PIT,27572,44.0,94.85522971691945,,,85.36903528513642,,94.28589649689503,85.85408082300303,83.6000006781684,,,,,
82,Slade Cecconi,CLE,27500,99.0,93.23856824209729,,88.15954201579397,84.4000015258789,,93.3023316853248,82.59695192662682,75.63843000427751,,,82.40937566757202,,
83,Tyler Glasnow,LAD,14374,39.2,95.32816253311333,,,,,95.7190795697664,89.34583409627278,83.83600158691407,80.22834567573126,,,,
84,Logan Henderson,MIL,31475,28.1,93.05333184136285,,87.11086969790252,,,,80.41579035708779,,,,82.5028783125843,,
85,Mitch Keller,PIT,17594,103.1,93.42092046170225,,89.83223068615622,,,92.30033406575521,83.93035328584558,77.90133392333985,,,88.7846140828166,,
86,J.T. Ginn,ATH,27889,96.0,93.60793744445478,,90.30993140233706,,,93.40214315492507,85.4139244626846,,,,87.84660186273766,,
87,Seth Lugo,KCR,12447,104.2,91.65070932807652,,89.73546064660904,,,91.42515240293561,81.4805034901361,77.15252541692972,70.11555548773872,,84.8724140035695,,
88,Shota Imanaga,CHC,33829,108.0,91.81025647981214,,,83.15350834361294,,90.2765768240164,81.89814769603588,74.42916552225749,,,,,
89,Janson Junk,MIA,23301,65.0,94.2328610514784,,,,,93.43076774401543,84.0983787742821,80.7164390250428,,,87.33869359002041,,
90,Matthew Boyd,CHC,15440,46.0,92.72677462218238,,,,,91.4749984741211,83.17372958942995,73.28732428752201,,,79.09903834416316,,
91,Carlos Rodón,NYY,16137,46.1,94.36331508470619,,,,,93.32136731270032,86.40298446731188,79.92307809682993,,,85.54496256510417,,
92,Walker Buehler,SDP,19374,89.0,94.02507789068547,,90.16994555530653,,,94.07574633697965,85.24982214486727,,78.20678842803578,,89.0246474574989,,
93,Michael Lorenzen,COL,14843,96.0,94.00959281034248,,90.19266347995595,,,93.37335415544182,84.58188385894333,82.7878646109868,,,84.67594188745471,,
94,Aaron Nola,PHI,16149,97.0,92.24029844673119,,86.07187569141388,,,91.55454466699506,83.20000228881835,,78.25000042238862,,85.52986891445143,,
95,Griffin Jax,TBR,20253,61.0,96.11973792628238,,92.80000183105469,,,95.5241575776861,87.83679256799086,84.99078931306538,,,91.12500059838389,,
96,Nick Pivetta,SDP,15454,16.0,94.15500030517578,,91.03448275862068,,,93.35000038146973,82.1567572516364,79.2714289451132,,,,,
97,Kyle Freeland,COL,16256,88.0,91.4604330088711,,87.55728109909107,,,91.71153885278946,82.6712646922846,,82.37392795676053,,86.39724843436424,,
98,Kris Bubic,KCR,21455,50.1,91.76527048442178,,,,,91.24174736541451,83.38443281065743,,,,85.86605043764467,,
99,Rhett Lowder,CIN,33876,62.2,93.28492179749504,,,,,92.57756940895152,84.80496721078228,,,,86.14311932205061,,
100,Bubba Chandler,PIT,29868,89.0,98.58733049855245,,,,,98.02678571428571,89.6132460557021,85.54363611394709,,,91.96821724351986,,
101,Trevor McDonald,SFG,26448,66.1,93.97272976962003,,90.2999996609158,,,93.47495940313011,85.82420028740825,,,,83.76202527782586,,
102,Shane Drohan,MIL,27814,45.1,94.61214456287955,,89.64000106811524,,,94.51560313989084,85.64615494165665,79.86504919552108,,,85.18333384195964,,
103,Gerrit Cole,NYY,13125,49.0,96.80660616671359,,,,,96.06071308680943,89.33450661242848,,82.95050542041508,,86.20178495134626,,
104,Christian Scott,NYM,30107,54.0,95.4046005859375,,89.30742885044643,84.1885718209403,,92.03333464122954,81.2307024504009,82.33499908447266,,,,,
105,Jared Jones,PIT,27863,35.0,98.55591816804846,,,,,,90.12228194527005,85.64482800713901,,,93.41888987223307,,
106,Anthony Kay,CHW,20387,82.1,95.88684940629778,,91.2579360235305,,,95.07205850937787,83.28622385781621,,,,86.0361117610225,,
107,Connelly Early,BOS,33666,91.2,93.9916051608413,,,,,92.42532830489309,84.82222141846708,80.02530091067395,,,83.68423035324261,,
108,Luis Castillo,SEA,15689,76.1,95.12129686200083,,90.85000228881836,,,95.27567408106349,85.26718321019057,,,,87.40397644042969,,
109,Troy Melton,DET,31807,49.1,96.14214596803161,,91.88500191824777,88.49193548387096,,95.4241933514995,86.33560504335345,77.96500053405762,,,,,
110,Jake Irvin,WSN,21504,51.2,92.85057564804838,,88.42079147489945,,,91.9495600650185,81.19324297518344,77.4530863192837,,,84.29285776047479,,
111,Bailey Ober,MIN,21224,71.2,88.48231997282609,,,,,88.62777858310275,80.11438110759825,72.85454455288973,,,82.97846637385906,,
112,Tyler Mahle,SFG,16358,78.0,92.42715619851987,,87.98636442242247,85.55688065928422,,91.9411782657399,84.9022725423177,,,,,,
113,Yusei Kikuchi,LAA,20633,31.0,95.44843737284343,,90.22153977614182,86.69603184291294,,,86.87462650128265,78.69000045776367,,,,,
114,Andrew Alvarez,WSN,29914,26.2,92.119445376926,,,,,91.71645538716376,83.74144133146818,82.4164164528918,,,85.83999837239584,,
115,Luis Severino,ATH,15890,62.2,96.88826201065727,,94.27066474066841,,,96.34478783331322,85.16613457530451,,,,86.58983081882283,,
116,Tanner Bibee,CLE,30134,113.0,94.03053450645078,,86.12352912454044,,,93.49287553267045,83.00499928792318,77.92963025935744,,,81.0931410806704,,
117,Chad Patrick,MIL,30113,28.1,94.53613383830094,,89.13516537173764,,,94.39615278977614,,85.37818215110086,,,88.29999923706055,,
118,Kumar Rocker,TEX,31843,77.1,94.40308709792149,,90.44368486906353,,,94.37523507172207,83.35889595515401,,,,88.84050644500346,,
119,Mick Abel,MIN,27756,17.0,94.47387475365991,,,,,93.46666802300348,85.34776010086287,80.45526444284539,,,87.17254758348652,,
120,Jack Leiter,TEX,30146,80.0,96.69200639122037,,92.98102263290517,,,95.734312693278,86.50823448031556,81.86721376512871,,,90.0045266485018,,
121,David Peterson,2 Tms,20302,51.2,92.00098090078316,,,,,91.65946960449219,85.8795907156808,80.451961442536,,,85.38166656494141,,
122,Patrick Corbin,TOR,9323,69.0,91.14876064584274,,86.20103155706347,,,91.35454552614094,78.7794311137139,68.08461585411659,57.70000076293945,,78.2783559823965,,
123,Martín Pérez,ATL,6902,72.0,89.9617639429429,,85.06179843859726,,,89.0320307413737,,76.87021312307805,,,81.8447670160338,,
124,Randy Vásquez,SDP,24719,80.2,94.90585492108319,,90.28993482713575,,,94.80000021291333,85.01506014904344,84.04370864969215,,,88.28648747624578,,
125,Ryan Feltner,COL,21446,63.1,94.7439394864169,,,,,94.38904966925182,87.16155808971774,79.55189861828768,,,85.34407967015316,,
126,Joe Boyle,TBR,29608,15.2,97.05636541193182,,,92.63250045776367,,97.09999952129289,88.04102605836005,,,,,,
127,Stephen Kolek,KCR,21487,54.0,94.23655431410846,,90.24313713522518,,,93.72417609246223,83.51074817693122,,,,87.07524698087485,,
128,Zach Thornton,NYM,33891,17.1,91.98873342594631,,86.68761858258928,,,92.43182095614347,80.12857317243304,75.35000610351562,,,83.66000061035156,,
129,Hunter Greene,CIN,22182,10.1,99.01919093276516,,,87.22500228881836,,99.36666531032986,89.60151441169508,,,,,,
130,Brandon Pfaadt,ARI,27782,32.1,92.94811349544885,,90.14225317726672,,,92.9923905082371,83.97413740486934,81.78965531272449,,,86.73484709768584,,
131,Matthew Liberatore,STL,22294,93.2,94.4723317745646,,90.72539738246373,86.97778065999348,,94.47238728537488,86.58997160080084,79.57388043759474,,,88.7042731912727,,
132,Nick Lodolo,CIN,26378,62.2,94.0171224515732,,,,,93.75326007345448,,82.21038372333233,,,88.16332159447394,,
133,Tomoyuki Sugano,COL,35321,84.1,92.26046540016351,,88.92589870974314,86.89426632679492,,92.1832702404646,84.45407184016821,79.74835087702824,,,,,
134,Reynaldo López,ATL,16400,39.2,94.28114794121414,,,,,,84.03743552183494,74.56344112273186,,,84.14230640117938,,
135,Spencer Arrighetti,HOU,29921,82.0,92.36075073242188,,87.48488492743914,,,92.14662201340134,79.62258057953208,76.61745663346916,,,84.18823578778435,,
136,Drew Anderson,DET,15130,7.1,95.51607404436383,,,,,93.55000305175781,87.8125,80.46666463216145,,,90.10312271118164,,
137,Garrett Crochet,BOS,27463,30.0,95.8224122496857,,90.92812395095825,84.89999771118164,,95.2275864173626,83.38918902422931,,,,88.23636211048473,,
138,Ian Seymour,TBR,27932,25.2,91.49059745592949,,,,,90.32608562967052,81.3476574420929,72.45999755859376,,,83.8991306470788,,
139,Sean Manaea,NYM,15873,32.0,91.11355987376412,,84.48030321525805,,,90.11519921875,76.46480487844798,,,,83.53076993502103,,
140,Lake Bachar,MIA,19222,9.0,94.29423170823317,,,83.5999984741211,,92.77499898274739,88.36721551613729,86.48181707208806,,,,,
141,Colin Rea,CHC,12317,77.2,93.64460930239312,,86.88648656896643,,,92.22222176576273,84.64444461945564,79.80952453613281,,,87.63749984215046,,
142,Robbie Ray,SFG,11486,100.1,93.28763847532439,,,,,92.50353061451631,85.94239156971807,,79.51646386123285,,86.02862043709591,,
143,Jack Kochanowicz,LAA,27688,64.0,96.15102040816326,,,,,95.69976461158609,85.63388951619466,,,,89.94786101463704,,
144,Brandon Sproat,MIL,33850,74.2,96.87742896961942,,92.90769215119191,,,96.14295293820784,86.3871214317553,83.02408794765054,,,91.27812417348225,,
145,Hunter Brown,HOU,25880,35.1,95.89627997819767,,,,,95.42513754589311,89.75090664950284,,82.75483900500882,,87.02222164093502,,
146,Gabriel Hughes,COL,31614,6.0,93.232001953125,,,,,94.12000122070313,86.43809291294643,78.28571428571429,,,88.47272838245739,,
147,Jose Quintana,COL,11423,41.0,89.7411771288105,,,,,89.8797001659422,,79.57669956244311,,,85.10694291856554,,
148,Patrick Sandoval,BOS,19447,4.1,94.26875305175781,,,,,93.51666259765625,85.72380719866071,76.375,,,84.4888916015625,,
149,Grant Taylor,CHW,33927,5.0,99.2529395608341,,,,,100.14000244140625,91.06923029972957,85.16666836208768,,,,,
150,Chris Paddack,2 Tms,20099,41.0,92.91368839858603,,85.90833209809803,,,92.91568651386336,79.25616371468323,76.92567650047508,,,84.83,,
151,José Suarez,2 Tms,19911,5.0,93.25000406901042,,,,,92.17778015136719,82.46842073139392,,,,83.67083231608073,,
152,David Sandlin,CHW,31743,16.0,96.88048572075076,,91.08222113715277,,,95.31666564941406,85.85833231608073,82.77878824869792,,,91.8133321126302,,
153,Edward Cabrera,CHC,21690,72.1,96.13793073381696,,,,,96.43385344627767,89.08260997827502,84.81554534655659,,,92.89071004898821,,
154,Griffin Canning,SDP,19867,46.2,94.2721664586018,,89.50425346861495,,,93.6367810128749,87.09831891741071,,80.94499969482422,,89.90957446808511,,
155,Coleman Crow,MIL,27926,16.2,91.30943442290683,,87.43265206473214,,,91.44772616299716,79.09565403150475,74.10172350653286,,,,,
156,Zebby Matthews,MIN,31827,67.0,95.005615234375,,90.4401571919599,,,94.95909031954679,86.8949981689453,79.49000056340144,,,85.7296872138977,,
157,Mason Montgomery,PIT,29770,4.0,97.81136391379617,,,,,,89.3375015258789,87.13333129882812,,,87.89999389648438,,
158,Tim Mayza,PHI,15042,4.1,94.0999984741211,,,91.38000183105468,,94.17307927058293,87.72499974568684,,,,,,
159,Carson Palmquist,WSN,31612,7.1,91.46363553133878,,82.42666625976562,,,90.75555759006076,74.1142877072704,,,,,,
160,Tatsuya Imai,HOU,37124,52.0,94.81106105830277,,,84.67073319597942,,94.49999824899142,86.66746794188387,77.61666361490886,,,86.38461362398587,,
161,Sean Newcomb,CHW,16943,3.0,94.94762021019345,,,,,93.89999825613839,,83.20000348772321,,,,,
162,Brady Singer,CIN,25377,89.2,90.67547276334942,,86.92342390455642,,,91.27785145888595,82.20365248495767,,,,,,
163,Robert Gasser,MIL,29812,46.1,92.38279609269993,,87.8921890258789,,,92.05156230926514,80.28173549425657,,,,87.41785676138741,,
164,Braydon Fisher,TOR,24609,6.2,94.74782794454823,,93.23333740234375,,,,88.47619120279948,81.33548268964213,,,,,
165,Jacob Latz,TEX,21306,4.0,92.36578690378289,,,,,,84.66666666666667,78.86000366210938,,,83.34286063058036,,
166,Noah Schultz,CHW,32056,53.0,95.28457841249269,,89.63480575308616,,,95.12387387387388,82.57157348013166,,,,89.14065870347913,,
167,Aaron Ashby,MIL,23550,2.1,,,,,,97.18147786458333,84.94285365513393,83.0,,,92.25,,
168,Mason Fluharty,TOR,31553,3.2,,,89.99722120496962,,,,81.56190272739956,,,,86.08333333333333,,
169,PJ Poulin,WSN,23394,15.0,90.00379885902888,,,,,88.93064585039693,79.16000099182129,,,,80.49999872843425,,
170,Kendry Rojas,MIN,29423,6.0,95.99189057221284,,,,,94.82631964432566,88.85357230050224,,,,88.7750015258789,,
171,Lance McCullers Jr.,HOU,14120,39.1,91.61999893188477,,89.12712843874668,,,91.32595052598398,82.31465543549636,,81.61376085193879,,85.47684326171876,,
172,Jakob Junis,TEX,13619,2.2,92.14000244140625,,,,,91.00999755859375,80.58571079799107,,,,85.19999694824219,,
173,Grayson Rodriguez,LAA,24492,31.0,96.24272002680016,,,,,,84.3063473171658,80.51923155173277,,,82.79512135575457,,
174,Chase Dollander,COL,33482,13.2,98.2494718852796,,,,,97.38571384974888,86.22631595009251,79.31499862670898,,,89.39231050931491,,
175,Roki Sasaki,LAD,35323,81.0,97.55716628282777,,,90.13878143395083,85.1563372007558,,86.5626229708312,,,,,,
176,Cody Bolton,HOU,23265,7.2,94.16,,90.18157798365543,,,94.0352944766774,80.63845942570613,78.51379236681709,,,89.10624885559082,,
177,Tyler Phillips,MIA,20629,40.1,96.16133280436198,,,86.97430631849501,,95.50544209382971,84.46060532078599,83.27864000635239,,,,,
178,Tyler Alexander,TEX,17735,3.0,92.18333180745442,,88.7076908991887,,,91.91666920979817,79.57500076293945,,,,84.87857055664062,,
179,Mason Englert,TBR,22288,9.1,92.73333288122106,,85.9296287254051,,,91.76774351058468,81.72500101725261,74.51738971212636,67.69999694824219,,86.25952439081101,,
180,Wandy Peralta,SDP,14295,4.0,97.31428745814732,,,,,97.31578786749589,89.47999877929688,,,,90.05384709284856,,
181,Steven Matz,TBR,13361,46.0,,,,,,93.1718840662301,82.37582330389337,78.0012335129726,,,82.78418803418803,,
182,Cal Quantrill,TEX,19312,17.0,94.32413666823814,,88.80370189525463,85.48400024414063,,94.30861900592673,,79.32857077462333,,,,,
183,Blake Snell,LAD,13543,3.0,95.9375,,,,,,88.913330078125,80.60624694824219,,,85.66428920200893,,
184,Cionel Pérez,NYM,19614,2.0,97.4,,,,,97.11428397042411,,85.99090853604403,,,,,
185,Bradgley Rodriguez,SDP,29107,3.0,97.61250019073486,,,,,96.95882101619945,,,,,89.4000030517578,,
186,Eduardo Rivera,BOS,31280,3.2,95.78000139508929,,,,,,88.76500244140625,,,,86.89999728732639,,
187,Grant Holmes,ATL,16944,83.1,94.218791509368,,92.18958401679993,,,93.06666679122822,85.33397730529079,82.89805884500151,,,89.53802683655645,,
188,Cole Sulser,TBR,15256,4.0,92.15999755859374,,87.72500101725261,,,,82.94999694824219,,,,83.68947239925987,,
189,Ryan Gusto,MIA,26440,21.1,93.78539421853054,,88.88444417317709,,,92.62592513472946,83.64878138100228,79.12916405995686,,,87.07179690630008,,
190,Bryan Hudson,CHW,19924,7.0,91.00000047683716,,83.55000305175781,,,,79.91666581895616,,,,,,
191,Mitch Spence,KCR,27707,4.0,,,91.99166870117188,,,92.75833129882812,83.79166666666667,80.19999864366319,,,88.03333536783855,,
192,Kai-Wei Teng,HOU,24282,44.0,92.81804764910441,,,,,92.97666600545247,84.17355037081069,82.36973692241467,,,86.84418505291606,,
193,Aaron Civale,ATH,19479,72.1,91.33571416681463,,87.53766662871357,83.87500095367432,,91.18220261395987,82.08095259893508,76.94243320665862,,,,,
194,Jack Dreyer,LAD,30249,1.0,95.30999755859375,,,,,,89.25,,,,,,
195,Spencer Miles,TOR,31621,10.0,96.2111104329427,,,,,95.67200032552083,87.12580723916331,80.02894672594573,,,86.80000305175781,,
196,Cody Ponce,TOR,17920,2.1,95.88333129882812,,,,,,88.34706025965073,84.48333231608073,,,88.25,,
197,Tyler Holton,DET,26231,1.2,91.38749694824219,,87.76363580877131,,,91.27142769949776,79.95454545454545,,,,83.75,,
198,Andrew Morris,MIN,31891,3.0,97.25517536031789,,90.42000122070313,,,96.23333231608073,82.6875,72.30000305175781,,,88.8000005086263,,
199,Jimmy Herget,COL,17556,3.0,92.13333384195964,,,,,91.42142813546317,82.09230628380409,,,,85.7,,
200,Zach Pop,PHI,20185,2.0,,,95.08333333333333,,,96.19523693266369,87.09000244140626,,,,,,
201,Spencer Strider,ATL,27498,39.0,95.1322188449848,,,,,,83.96544515400032,78.0309991455078,,,85.51830968722491,,
202,Tyler Samaniego,BOS,30081,1.0,94.17500305175781,,89.13333129882812,,,94.2,83.2,,,,85.0,,
203,Richard Lovelady,WSN,19337,7.1,91.4800018310547,,,,,90.82571454729353,82.23220411397644,,,,,,
204,Jordan Wicks,CHC,30094,6.1,93.04423170823317,,,,,93.0999984741211,86.20499877929687,80.1875,,,83.23243342219172,,
205,Adam Macko,TOR,25590,1.2,94.72000122070312,,,,,,85.5,,78.36666870117188,,84.4000015258789,,
206,Brenan Hanifee,DET,22304,1.2,96.23333231608073,,,,,95.1999994913737,88.74999745686848,,,,90.09999593098958,,
207,Casey Legumina,TBR,25921,3.0,93.2999979654948,,,,,92.47143118722099,85.5499986921038,,,,87.11111111111111,,
208,Kyle Hart,SDP,19646,2.0,95.56667073567708,,,86.5250015258789,,95.23333062065973,86.67647058823529,,,,,,
209,Luis Medina,ATH,21649,1.1,96.41666666666667,,,,,95.07999877929687,86.2750015258789,81.0999984741211,,,89.35000610351562,,
210,Riley Martin,CHC,29934,1.0,94.33333333333333,,,,,,89.0999984741211,85.0999984741211,,,,,
211,Kyle Backhus,PHI,29615,1.0,,,,,,92.37272505326705,81.36666870117188,,,,83.9000015258789,,
212,Matt Svanson,STL,29629,1.0,,,91.03333536783855,,,96.38571602957589,86.375,,,,,,
213,Didier Fuentes,ATL,30661,3.0,97.03414395960365,,,90.72222222222223,,,86.78333536783855,,,,,,
214,Cade Horton,CHC,31872,7.1,95.47777777777777,,,,,95.78571428571429,83.75454434481534,84.17500305175781,,,88.94737002724095,,
215,Hunter Dobbins,STL,30240,13.2,95.15319045046543,,,88.863330078125,,94.7000020345052,86.183908045977,79.88888888888889,,,,,
216,Kyle Hurt,LAD,27514,1.2,96.11111111111111,,,,,,86.55999755859375,,,,88.46922889122597,,
217,Jack Perkins,ATH,31468,26.2,95.9249987479968,,92.2096170278696,,,94.69999764182351,86.4437124286583,,,,89.53845958220653,,
218,DL Hall,MIL,22207,2.0,93.33333333333333,,,,,93.78571428571429,84.2,79.0,,,85.5250015258789,,
219,Jason Alexander,HOU,19666,12.0,91.19272904829545,,85.0,,,90.42954323508523,78.61333414713542,,,,79.76249694824219,,
220,Jose Cabrera,ARI,30412,17.2,93.431884765625,,89.63561510059931,,,92.98461444561298,83.48222249348959,86.04411764705883,,,86.49375057220459,,
221,Zach Eflin,BAL,13774,3.2,91.85714285714286,,88.21818403764205,,,92.17857142857143,78.89999825613839,78.713330078125,,,87.9105288856908,,
222,Carson Whisenhunt,SFG,31676,10.2,92.9594195822011,,,,,,85.50249938964843,,,,83.32222299727182,,
223,Jordan Leasure,CHW,29950,1.1,96.28181596235795,,,,,95.5,87.87778049045139,,,,,,
224,Joey Estes,ATH,26257,4.1,93.57999674479167,,88.7,,,,81.9590897993608,,,,84.55000305175781,,
225,Elmer Rodríguez,NYY,31811,17.0,95.23529232249541,,90.64000244140625,,,95.06742535215436,80.19615408090445,77.30344575026939,,,87.5999984741211,,
226,Paxton Schultz,WSN,25501,1.0,93.83333333333333,,88.61666870117188,,,,84.5,,,,86.84286063058036,,
227,Brad Lord,WSN,31972,2.1,93.22856794084821,,,,,94.05882352941177,83.83158151726974,,,,86.36666870117188,,
228,Javier Assad,CHC,21741,42.0,93.10514741785386,,88.15463917525773,,,92.92251982943702,83.0499995304988,77.57111206054688,,,85.61458333333333,,
229,Tanner Banks,PHI,16990,1.0,92.28333536783855,,,,,91.15000406901042,85.8187484741211,,,,,,
230,Sam Aldegheri,LAA,26443,25.2,92.11440449781378,,86.6595219203404,,,,81.74999904632568,74.67368437114514,,,80.0503553025266,,
231,JP Sears,SDP,23429,19.2,92.96186337228549,,88.12000122070313,,,92.22424247048117,79.98390636224856,,,,84.92631450452302,,
232,Keegan Akin,BAL,19362,2.0,94.125,,,,,,87.60000101725261,,,,88.0062484741211,,
233,Cade Povich,BAL,30055,13.2,92.03936377992021,,,,,91.48182019320402,86.55151228471236,76.16730675330528,,,84.88125038146973,,
234,Steven Cruz,KCR,23165,2.1,98.62916819254558,,93.46153846153847,,,,89.74000244140625,,,,,,
235,Shane Smith,CHW,31687,8.1,95.28378378378379,,,,,96.35937881469727,90.51999755859374,82.41132138810067,,,90.26341433641387,,
236,Ty Madden,DET,30140,3.1,92.492001953125,,86.25,84.57999877929687,,92.0,82.72142682756696,,,,,,
237,Ryan Rolison,CHC,22200,3.1,94.06923029972957,,,,,95.0,85.49091131036931,78.69999694824219,,,,,
238,Chris Bassitt,BAL,12304,46.0,91.58809498378209,,89.66171456473214,,,91.83084423511059,74.39264656515682,70.98666647886618,,,85.09230765318259,,
239,Brandon Williamson,CIN,25463,28.0,92.51226345997937,,88.37080238509353,,,92.79454387318005,80.17646879308364,74.60638362803358,,,85.01229408139088,,
240,Braxton Garrett,MIA,21844,4.1,91.74285888671875,,,,,91.08378642314189,85.0,,,,84.26470588235294,,
241,Chase Petty,CIN,30170,10.2,96.71052631578948,,,,,96.30270468222129,87.39361961851729,,,,87.56470265107997,,
242,Austin Warren,NYM,24937,2.0,94.25555759006076,,,,,94.39000244140625,85.29643031529018,84.36000366210938,,,,,
243,Will Klein,LAD,27787,3.0,97.41515003551136,,,,,,88.95454545454545,86.05555809868707,,,,,
244,Tanner Gordon,COL,27669,23.0,92.35380116959064,,,,,92.30000305175781,87.24336391212665,80.71666564941407,,,84.14772727272727,,
245,Luinder Avila,KCR,24452,38.1,95.99158470229347,,,,,96.14195444392062,87.5566177368164,82.74960107421875,,,89.28428682599748,,
246,John King,MIA,22051,1.2,,,,,,89.1,81.30909312855114,77.7999979654948,,,83.11666870117188,,
247,Chris Murphy,CHW,26214,2.0,96.92777845594618,,,,,,87.58571370442708,78.07692072941707,,,86.5,,
248,Zach Agnos,COL,31552,8.0,94.83999633789062,,92.28124809265137,86.55,,94.44166564941406,84.25588271197151,,,,,,
249,Zac Gallen,ARI,19291,98.0,93.39389471173679,,,,,92.78139531335165,88.74107676389872,,81.61874931736996,,86.61736000908746,,
250,Brandon Eisert,CHW,27668,4.2,90.1483863092238,,,,,89.71666463216145,84.25882317038143,,,,85.14583333333333,,
251,Justin Verlander,DET,8700,3.2,93.1970573874081,,,,,,87.0,79.19285365513393,,,83.5250015258789,,
252,Ryne Nelson,ARI,26253,83.1,96.34891088002384,,92.95937544107437,,,95.31458282470703,88.67490389908603,80.96666674109979,,,,,
253,Robby Snelling,MIA,31893,5.0,95.31428745814732,,,,,93.29999651227679,84.73749542236328,83.38965685614224,,,89.40713936941964,,
254,Sean Sullivan,COL,33502,22.1,87.63227513227513,,82.69516089654738,,,86.61666488647461,75.36944495307074,,,,77.05538330078124,,
255,Brent Suter,LAA,13942,3.2,86.70322738155242,,,,,88.18333435058594,76.89500122070312,,,,75.21738865064538,,
256,Mitch Bratt,ARI,30003,6.0,91.63261081861413,,,,,90.79999923706055,86.99374961853027,79.5787871389678,,,85.5999984741211,,
257,Matt Waldron,SDP,25550,13.2,91.71818403764205,,88.04090742631392,,,91.22902950163811,81.24444580078125,,,,,,80.55121891673018
258,Paul Blackburn,NYY,14739,3.0,94.05999755859375,,91.66428484235492,,,93.91764562270221,83.5199981689453,80.48999938964843,,,86.97500228881836,,
259,Colton Gordon,HOU,31312,3.2,90.9878817471591,,,,,91.0142822265625,82.58823529411765,75.26666259765625,,,82.9375,,
260,Andrew Painter,PHI,30091,55.0,96.588087315096,,,87.35364375840749,,95.17610695087804,86.3594253101288,81.14712769957795,,,,,
261,Tobias Myers,NYM,22191,4.2,92.92157102098652,,86.22857339041573,80.28000081380209,,,82.53888617621527,,,,,,
262,Adrian Houser,SFG,12718,66.0,95.3706222361764,,,,,94.68877623410884,88.19407348632812,82.18000132242838,,,85.22182731822058,,
263,Pete Fairbanks,MIA,17998,1.0,96.27000122070312,,88.45999755859376,,,,82.28333536783855,,,,91.30000305175781,,
264,Jesse Scholtens,TBR,19205,10.1,92.90000180844908,,,83.97058823529412,,91.56615459735576,84.97012923599837,,,,,,
265,Lyon Richardson,CIN,24581,1.0,96.11666870117188,,,,,95.85714285714286,83.32500457763672,,,,87.66153658353366,,
266,Alan Rangel,PHI,19524,7.1,93.11499837239583,,,,,,84.25625228881836,73.57500076293945,,,80.90784409466912,,
267,Lucas Giolito,SDP,15474,20.2,90.75031878234475,,,,,,83.23188317340353,76.43703432436342,,,78.8877567628614,,
268,Brennan Bernardino,COL,16835,1.1,89.9000015258789,,86.03333282470703,,,90.32916768391927,,77.74444240993924,,,81.2249984741211,,
269,Huascar Brazobán,NYM,6107,7.0,97.32500457763672,,,,,96.21212121212122,,,,,90.80882263183594,,
270,Jovani Morán,BOS,20422,3.0,92.63428780691964,,85.0,,,93.29999732971191,79.14999771118164,,,,83.60454628684305,,
271,Eric Lauer,2 Tms,19316,60.2,90.9183965718971,,87.01237188909472,,,,82.46410301404121,75.74444458976625,,,84.15345965691333,,
272,Ryan Johnson,LAA,35325,28.1,,,89.72708299424913,84.62167763876748,,92.15704796298239,79.64923001802885,,,,,,
273,Ryan Weiss,HOU,24621,7.0,94.55964740953948,,,,,92.94444444444444,83.78000081380209,81.7249984741211,,,89.19687271118164,,
274,George Klassen,LAA,33464,4.2,96.77678571428571,,,,,97.09375190734863,90.52857026599702,85.19999694824219,,,87.20277913411458,,
275,Erick Fedde,CHW,17425,44.1,94.04999923706055,,89.90070375254456,,,93.68165070420011,81.59965703258776,,,,88.45063337495056,,
276,Cristian Javier,HOU,17606,12.1,92.71818201995093,,,,,92.6999992957482,79.15000126279634,,76.77777777777777,,84.91714390345982,,
277,Mike Paredes,MIN,30187,22.0,92.80859470367432,,87.16037851009729,,,,78.75529282513787,,,,87.44074164496527,,
278,Kade Morris,ATH,33787,4.0,94.2363614169034,,,,,93.68610975477431,84.5374984741211,75.84999593098958,,,88.54000244140624,,
279,Brendan Beck,NYY,33043,3.2,92.68157637746711,,,82.85555691189236,,92.33333333333333,84.13103616648706,76.55999755859375,,,,,
280,JR Ritchie,ATL,31760,35.2,94.4226288064553,,89.64655093489021,,,94.05471657806973,85.04827644085061,82.78616275427477,,,88.60420137293198,,
281,Cole Ragans,KCR,21846,35.1,94.91564327644902,,89.70555708143446,,,,85.10470509248621,,79.3370361328125,,84.18381064278739,,
282,Hurston Waldrep,ATL,33527,8.2,,,91.29999718299278,83.39230581430289,,94.01967133068648,85.07692307692308,80.57618931361607,,,,,
283,Mike Burrows,HOU,24728,93.2,94.96577197593331,,,,,94.52701369733042,89.48671877384186,79.03955552842882,,,86.67624836466375,,
284,Bailey Falter,KCR,20070,4.1,91.5906982421875,,,85.14999961853027,,90.93332926432292,82.09500274658203,77.26428658621651,,,,,
285,Dean Kremer,BAL,19350,22.0,93.42624969482422,,87.0393954190341,82.63032906954406,,92.18363813920455,83.42856815883091,77.09183673469387,,,,,
286,Taijuan Walker,PHI,11836,18.2,91.97027093010979,,86.65915303834727,86.79444580078125,,91.87926799495045,81.39091075550427,74.38085158327793,,,,,
287,Jacob Lopez,ATH,25098,46.2,90.53833353678385,,86.42294096105239,,,89.69038537832407,77.33169751437205,,,,83.29540278993804,,
288,Germán Márquez,SDP,15038,38.2,94.72304725646973,,,,,94.20238167898995,87.77123333656624,,85.24871617504674,,86.90952555338542,,
289,Miles Mikolas,WSN,9803,38.0,92.84049004864839,,,,,92.46375740614513,86.64806521926796,76.62745098039215,,,85.5593752861023,,
290,Simeon Woods Richardson,MIN,24494,44.2,92.67611287434896,,,86.73853239006952,,,86.15106428430435,76.8404777163551,,,,,
291,Trey Gibson,BAL,33794,31.0,95.45299067048946,,91.88521622367527,,,94.59047569223002,87.53138810874772,84.47123195700449,,,,,
292,Luis Morales,ATH,32227,7.1,96.5,,,,,96.28235222311581,83.53333100818452,,,,89.59444512261285,,
293,Jeffrey Springs,ATH,17677,97.2,91.39931667307036,,88.3516141829952,,,,82.58719452536488,,,,79.4981628578166,,
294,Luis Gil,NYY,21052,19.1,95.02631578947368,,,,,94.54888983832465,85.39154826419454,,,,89.84637804998867,,
295,Shane Bieber,TOR,19427,17.2,92.19999923105316,,87.4132080078125,,,92.64000244140625,84.7281265258789,,82.86060772520123,,88.20714198521205,,
296,Kodai Senga,NYM,31838,27.2,96.0703889420889,,89.53360009765625,,83.00086988366168,88.95454476096414,82.44935062953404,65.5,,,,,
297,Merrill Kelly,ARI,11156,93.2,92.16948680388622,,91.16547082464791,,,92.40945908829973,86.47142846243722,82.58294085334329,,,88.54421097604852,,
298,Jameson Taillon,CHC,11674,67.2,91.76851757661795,,86.00418630200762,,,91.97075379569576,80.09948031107585,78.9380170333484,,,84.42807024682475,,
299,Max Scherzer,TOR,3137,22.0,93.08750061035157,,88.72000122070312,,,,86.18749936421712,76.191379941743,,,84.34848299893466,,
300,Brayan Bello,BOS,23920,35.2,94.54999852180481,,87.16590858228278,,,94.85953177257525,85.76712328767124,83.53958400090535,,,88.506348140656,,
301,Zack Littell,WSN,15823,56.1,91.6568095285141,,,83.8252684890583,,91.09842711921752,85.58305528428819,,,,,,
