rank,Name,Team,playerid,IP,Stf+ FA,Stf+ SI,Stf+ FC,Stf+ FS,Stf+ SL,Stf+ CU,Stf+ CH,Stf+ KC,Stf+ FO,Stuff+,Location+,Pitching+
1,Jacob Misiorowski,MIL,31623,111.0,130.79703915950336,,117.35229268292682,,118.85662790697677,129.7651612903226,97.76285714285714,,,126.74133772711535,100.71235112566575,127.98946803865938
2,Cristopher Sánchez,PHI,20778,120.1,,116.39793193717276,,,107.16000000000003,,124.99421652421653,,,118.03329246512266,99.01957039020085,116.40090057009245
3,Dylan Cease,TOR,18525,98.1,116.99008025682184,94.11259259259258,,,108.51681993006993,,103.69632653061224,90.68773006134971,,107.98495364087476,98.4617489027182,107.12104514965134
4,Cam Schlittler,NYY,32095,112.0,116.11386392811295,110.40713864306784,105.92026200873364,,111.56988095238096,105.95316239316239,,,,111.47778263805739,105.02251803941196,114.49357176953728
5,Jesús Luzardo,PHI,19959,110.1,97.74034632034633,112.48463949843261,,,121.47203519061584,,103.95201072386061,,,110.46008167477562,103.6349872860574,112.76006464615647
6,Joe Ryan,MIN,21390,104.1,115.62100000000001,106.85457446808515,,81.32420512820512,97.28781420765026,,,122.01448979591837,,107.81553100378923,107.70818492627588,112.17115940126725
7,Ranger Suarez,BOS,17277,91.1,83.84264984227129,96.08134502923977,91.36140939597313,,119.99421052631578,108.75053497942386,92.49759615384616,,,94.67730454809848,105.71984496583916,100.55635970194156
8,Shohei Ohtani,LAD,19755,85.2,105.96271973466003,104.81441176470587,91.76222222222223,114.98105263157895,129.7303431372549,108.6903759398496,,,,114.10707967400975,97.92661632450566,111.51028081821057
9,Paul Skenes,PIT,33677,103.0,95.9165925925926,96.79289340101523,,85.2663959390863,120.53998262626263,122.0,83.32686131386862,,,98.43805670903278,110.45943239749465,108.41006497100362
10,Braxton Ashcraft,PIT,23793,108.1,91.08813627254509,102.48186440677965,,86.27219512195123,102.07091397849463,131.00903381642513,,,,105.40520193263833,105.9386878824375,108.2739822377812
11,Chase Burns,CIN,35333,102.2,107.71908045977011,,,,124.96942307692308,89.4,89.47368421052632,,,113.08061445451179,100.42869089443784,114.0992447680207
12,Bryan Woo,SEA,30279,104.1,112.15749340369392,106.33684587813623,,,112.15232876712331,,81.67326732673267,,,109.16744380241249,108.9579090506052,114.51387214773477
13,Davis Martin,CHW,21448,100.1,93.60188861985472,84.37899641577063,86.63279620853079,,94.14393013100437,93.45781990521327,85.90379310344827,,,90.00084804019853,95.5000908812776,86.75515282678293
14,Parker Messick,CLE,31986,112.0,96.76759663865546,88.31697368421051,92.78901639344264,,94.11622641509433,98.98795918367347,99.1360097323601,,,95.65139172997809,104.17805093972324,103.07487683650952
15,Chris Sale,ATL,10603,98.0,110.85883280757095,128.29568345323742,,,128.504864,,93.13486631016045,,,117.25782072279844,107.8548504990395,119.67859962890635
16,Yoshinobu Yamamoto,LAD,33825,104.2,106.16232779097388,104.3243654822335,93.57004830917874,103.57540669856459,100.51886792452831,101.09495145631067,,,,102.50303623351945,107.69913986631252,111.28197862803665
17,Reid Detmers,LAA,27468,108.2,102.5271232876712,100.2503448275862,,,109.62203799654577,101.87343915343912,102.04659793814433,,,104.65948301250224,108.1556277271238,109.67512263644086
18,Sandy Alcantara,MIA,18684,130.2,97.44785907859077,100.77325203252033,103.288085106383,,109.9620569620253,88.57999999999998,94.48985576923074,,,100.20986396741077,103.87149750394934,103.21509471763417
19,Zack Wheeler,PHI,10310,87.0,112.06229508196722,108.64351851851849,82.6988,89.35336787564768,103.5159,117.77945454545454,,,,104.29630403174534,107.9810506343289,113.64017621952982
20,Casey Mize,DET,20492,71.2,99.565,93.2428813559322,,87.32448669201523,77.28744186046512,89.03927272727273,,,,89.886232564457,107.09334165483845,98.75324411127976
21,Justin Wrobleski,LAD,31204,96.1,92.30118155619596,91.3477894736842,85.3725,,106.73101810241157,79.53820512820513,91.71805555555557,,,95.98352710135005,111.73758174672929,105.22816779835222
22,Max Meyer,MIA,27474,108.0,97.44645320197043,92.17087719298247,,,100.3626626800184,,87.43788888888889,,,97.50480475718479,105.77724529006646,105.80741273439197
23,Jacob deGrom,TEX,10954,100.2,106.9450591715976,99.15266666666666,,,112.85448275862069,103.47039999999998,107.90045662100455,,,108.84152056515346,108.31731544157853,117.53930420427203
24,Drew Rasmussen,TBR,25385,99.1,111.32666666666667,115.19893805309735,101.26904958677684,,113.7123404255319,85.1857142857143,110.68084656084655,,,107.81625788778402,109.05072646601933,115.01063432518038
25,George Kirby,SEA,25436,110.0,91.36501043841336,114.2198305084746,83.04941176470588,,106.10920634920636,,83.8584347826087,105.61999999999999,,101.66382842219369,112.81019819530273,112.88580409785337
26,Nolan McLean,NYM,33703,107.1,103.05723943661972,115.07840531561462,99.93701657458564,,93.05557046979865,123.31482758620692,103.41846153846153,,,107.70344086614432,96.31325591062074,107.48816645290887
27,Logan Gilbert,SEA,22250,107.1,101.16123867069487,111.59,91.81725190839694,141.05491379310342,110.12539845758354,102.17691176470588,109.01383458646617,,,108.71266913636656,104.94375153920137,112.45018587963685
28,Kyle Harrison,MIL,27758,83.2,107.91047393364931,101.21520000000001,,,,101.38013392857144,108.86357142857143,,,105.89294363675532,114.56730754048597,116.57647084491435
29,Shane McClanahan,TBR,21483,86.0,86.51251509054326,,,,112.46318181818181,103.45272727272726,134.67719387755105,,,108.11494583127218,94.46688114144011,102.88316574292638
30,Michael Soroka,ARI,18383,82.0,94.74845605700715,95.4422900763359,93.03716216216218,,140.89555555555555,97.48973871733966,82.66775,,,94.3306289180991,106.560384900573,98.64823963599594
31,MacKenzie Gore,TEX,22201,101.0,95.5837597911227,101.37129411764705,94.08178343949044,,97.97582278481013,108.19783783783785,92.61873015873017,,,98.33840142770521,101.31153009967275,99.52063743653501
32,Dustin May,STL,19716,89.0,102.51432360742706,114.13588709677418,89.66828025477709,,115.04,102.81050505050504,84.80265306122449,,,102.92479072145115,103.46406650143568,106.32733665217044
33,Landen Roupp,SFG,30076,97.0,101.7072972972973,94.67414556962024,91.33251028806585,,,117.3041163310962,86.50211764705881,,,98.72393365511238,107.16921376867602,106.17398871105839
34,Cade Cavalli,WSN,27473,92.2,96.07005424954792,97.87871485943775,94.60705882352943,,121.08435754189941,,92.15378787878785,110.28944567627495,,102.67708856573554,96.00981525113352,96.79829447301589
35,Kevin Gausman,TOR,14107,106.1,96.53879866518355,,,100.56041176470589,89.0546590909091,,,,,97.3328527504131,107.647427193078,104.75064044773428
36,Max Fried,NYY,13743,61.2,101.56,108.16729064039409,98.53034146341462,,108.91943434343436,119.28538461538463,101.37253968253968,,,105.61008431632928,100.81825959733555,108.78739892500239
37,Payton Tolle,BOS,35466,80.1,123.4302925989673,99.432,102.62206572769954,,,123.00927835051547,109.76199999999999,,,113.83810161288945,97.34552787826776,108.96497878539505
38,Logan Webb,SFG,17995,100.1,94.23055837563452,108.71516059957173,84.19318918918918,,95.97752650176679,,100.14535911602209,,,99.2804788542953,104.9209325674457,105.58190698728261
39,Gavin Williams,CLE,30122,113.1,105.68015075376881,94.28414201183432,82.27594936708861,,115.11334745762713,106.79125,,,,104.08661134398717,103.97184633617616,106.75608625049742
40,Shane Baz,BAL,22264,107.0,103.04349315068495,89.66569343065694,95.97012987012987,,,,79.24776119402986,101.7423752151463,,98.43345302815916,100.2601974005545,100.95040737634676
41,Michael Wacha,KCR,14078,119.1,94.61762208067941,90.38376383763837,74.03884892086329,,85.3891719745223,85.9923913043478,131.7684892086331,,,97.81882005370849,101.90098408192831,99.28977564675805
42,Sonny Gray,BOS,12768,95.2,90.47461538461539,104.9940221402214,84.1663120567376,,131.89868613138688,104.43854077253219,83.44228571428572,,,102.22984648750301,97.94689027917549,102.85698859563674
43,Nick Martinez,TBR,12730,105.1,92.68058479532164,101.84415011037528,87.74400000000001,,97.89727272727274,87.77131313131314,111.42346987951808,,,99.52777647222202,104.87943545414734,103.9636868430313
44,Michael King,SDP,19853,108.1,99.63410334346503,95.28489151873768,,,106.45210332614587,,82.80216101694916,,,95.4186479515157,99.86812413087972,96.62587877340067
45,Tarik Skubal,DET,22267,70.2,115.75949999999999,121.66723618090451,,,111.48292993630574,111.93116279069767,122.40527881040893,,,117.77472718346544,106.75049995980218,121.73650210325225
46,José Soriano,LAA,22100,106.0,95.05318944844124,105.89040860215056,,102.02832861189802,95.44703296703295,,,92.99729847494552,,98.74387803684304,104.63273484320426,105.97646677354498
47,Foster Griffin,WSN,16432,110.1,98.34666666666669,92.39955555555555,97.76423076923076,112.10163265306122,105.79341085271317,102.5786956521739,84.1122162162162,,,98.36589209709476,102.0636682697478,98.26072042868678
48,Taj Bradley,MIN,22543,95.2,107.96865556978231,,111.4686224489796,108.33144615384613,,112.79027027027027,,,,109.30458267252169,90.95974732378026,100.44506590686358
49,Emerson Hancock,SEA,27470,97.2,92.0584429065744,97.88966292134832,100.11988950276242,,119.95143884892086,137.195,81.831,,,100.19470156223076,106.53997849635289,101.88464282924586
50,Keider Montero,DET,22630,86.1,91.24333333333334,101.51220472440947,,,99.87729468599035,,81.48292134831462,91.4496590909091,,93.459290418367,102.58594989400767,94.93113508557002
51,Ryan Weathers,NYY,23796,97.2,97.45365079365082,92.56152777777781,,,108.67909090909092,,102.22109947643979,,,101.2308885668414,109.11502642898874,109.32931772005895
52,Nathan Eovaldi,TEX,9132,111.1,90.41521126760564,101.5159375,94.64084084084084,95.31897858319601,100.30999999999999,101.42890710382513,,,,96.44813386977559,108.235039021652,106.83462125767856
53,Sean Burke,CHW,29878,80.2,118.2729019607843,88.2580808080808,87.83146341463414,,89.0789641434263,,81.81806451612904,84.05447811447813,,98.48634382697306,102.79683958601784,100.4109988226915
54,Noah Cameron,KCR,30184,88.2,88.75,90.63967213114753,89.3091961414791,,100.5456756756757,106.14249056603775,101.32638036809814,,,95.6699428409479,104.56896906608341,102.08172476475755
55,Trevor Rogers,BAL,22286,90.1,103.88183183183182,100.25600000000001,101.1876923076923,,121.22469273743017,,82.64287390029325,,,100.56307108078494,102.30200804893383,100.01491733083635
56,Jack Flaherty,DET,17479,82.1,105.89651832460736,76.66591549295774,,,90.58910052910055,,75.9374358974359,104.84354098360657,,99.91964688959834,95.5915227670393,95.04019748393692
57,Eduardo Rodriguez,ARI,13164,114.0,91.42397743300424,95.02326530612244,94.73671232876713,,,89.98843478260869,87.96788381742739,,,91.00787420637984,108.647391916657,102.21529748473105
58,Ben Brown,CHC,23590,42.1,83.0540807174888,92.70263157894738,,,,,95.2425641025641,114.22449339207049,,97.4313248571955,97.93890997686464,94.76233523739327
59,Andre Pallante,STL,26108,100.0,96.40445328031808,108.16883116883118,,95.42363636363635,92.21728,,,99.46410958904112,,97.84541046238614,106.02379021512168,104.43909432509933
60,Jake Bennett,BOS,31959,47.2,88.853,98.88243093922652,77.70476190476191,,98.3264705882353,111.62516129032257,86.64309523809524,,,92.2450507458415,115.36059992170681,105.8911348929472
61,Will Warren,NYY,30182,93.1,111.12124183006537,104.39968036529682,,,97.71174193548389,111.5279245283019,97.97442424242425,,,105.23052479902451,104.48912375655264,111.07951909795605
62,Brandon Young,BAL,27819,84.1,97.37909255898366,90.19207100591714,,92.02537549407116,105.81823834196892,91.21986842105262,,,,95.96932517448191,104.82901480459255,100.14099330033119
63,Bryce Miller,SEA,29837,52.2,109.87067901234568,86.69944444444445,94.08466666666666,111.99066666666667,106.98175708502025,,,118.40777777777777,,108.48568184276641,112.40776703276575,118.5710831704934
64,Walbert Ureña,LAA,29357,79.2,72.30832116788322,108.57462469733655,,,122.64912621359224,,95.3350655021834,,,98.86269824667598,103.00777094789503,104.26338354696229
65,Kyle Bradish,BAL,24586,100.2,84.85414965986394,95.76419014084509,,,113.15381165919283,105.59521505376344,,,,100.65845459321537,99.89338413809564,102.31974780872542
66,Framber Valdez,DET,17295,107.2,64.38555555555556,96.24010296010296,,,123.09051282051284,115.57333333333335,95.99735735735736,,,102.1423982041757,98.62357460470581,102.64300722113462
67,Freddy Peralta,NYM,18679,100.0,95.31428270042193,,,,108.3984464957265,100.2476923076923,83.81929113924052,,,95.6410413087502,103.97462373266936,100.56715562046035
68,Trey Yesavage,TOR,35456,73.1,92.42554128440368,,,136.82759206798872,104.29014285714285,,,,,108.51854772616035,89.32203777023469,97.37973699096483
69,Michael McGreevy,STL,29869,101.2,73.62177777777778,85.76351145038169,81.5651891891892,,90.85596566523606,83.88916201117317,78.93746913580247,,,81.35064205914347,112.39354060955446,95.52265365383559
70,Brandon Woodruff,MIL,16162,45.1,100.07701067615658,94.48032520325204,87.72061538461537,,115.23599999999999,90.53714285714284,88.13926470588235,,,94.85486974132374,104.93149498296971,98.94397496087637
71,Clay Holmes,NYM,13649,52.2,65.34,96.67937799043061,99.08827586206897,,106.29639672429481,130.32219178082195,96.88,,,101.45481386598944,102.42401767918389,101.98778009752701
72,J.T. Ginn,ATH,27889,91.2,79.66379888268156,107.26142566191447,76.92712230215828,,94.47112107623319,,81.813851590106,,,90.9999397907529,101.72492920856226,98.08477951308429
73,Kyle Leahy,STL,24763,89.1,86.25885985748218,103.3359375,,,89.75108808446454,87.58672268907563,89.85642857142858,,,90.19517007341545,105.38694369288335,99.23245739480421
74,Bryce Elder,ATL,27779,102.2,81.15824362606232,86.04552238805971,82.50636771300448,,87.89454545454545,,87.18029629629628,,,85.02451373361353,104.03574984916324,92.23573128829634
75,Connor Prielipp,MIN,31857,66.2,85.09197674418604,93.40592000000001,,,110.22657060518733,126.22716417910448,95.62762589928057,,,101.97000114490528,103.26033937082951,101.82478721739368
76,Walker Buehler,SDP,19374,87.0,90.24852564102564,97.94329411764706,91.81901449275361,,100.9595803222137,,87.03260869565216,108.20828025477705,,95.46710402542215,99.88011454346187,97.13319078722718
77,Joey Cantillo,CLE,23335,96.0,88.69671641791047,,76.02481012658228,,83.33072727272726,102.6304076738609,108.80742596810934,,,96.5763273115619,94.62516498376579,91.99822951014002
78,Carmen Mlodzinski,PIT,27572,44.0,81.123179916318,100.14679487179487,,97.0874111675127,95.06163265306124,94.56733333333331,,,,92.24963175471115,105.86481195165278,98.3943287287612
79,Slade Cecconi,CLE,27500,99.0,95.6672055427252,91.51685131195336,88.99022900763357,87.28,95.02355981416957,94.85719008264464,93.5275,,,92.87579747859377,101.12033210581536,90.48112627842139
80,Seth Lugo,KCR,12447,100.2,91.42264705882353,81.92336507936507,87.12158490566038,,91.12777703349283,99.77851159554731,69.02044444444446,,,88.66704703289912,105.89244530408531,95.15077380477479
81,Tyler Glasnow,LAD,14374,39.2,105.11344827586208,100.66749999999999,,,95.403125,154.38479999999998,,92.18425196850394,,103.83517980463981,95.3367314041514,101.24060998778998
82,Mitch Keller,PIT,17594,103.1,91.88706333973128,86.49386666666668,83.89438016528926,,102.52185015479874,88.8604,81.84433566433566,,,91.92317341492273,102.15192944541073,94.50389015928525
83,Logan Henderson,MIL,31475,28.1,113.28855555555555,,96.90891304347825,,107.63789473684211,,100.86086330935251,,,105.58348837209303,101.47809302325582,103.4326046511628
84,Andrew Abbott,CIN,29911,101.0,90.79529265255292,,93.49440000000001,,113.47672131147542,91.18720338983051,88.63607843137255,,,95.33885577159418,100.78324054357857,95.59756824654079
85,Shota Imanaga,CHC,33829,108.0,96.04478632478633,75.80252252252252,,90.22536842105264,100.0672705467372,90.41791666666667,,,,93.26322986411796,109.80617180590124,102.74330482748975
86,Peter Lambert,HOU,17969,80.0,95.93971428571427,86.35586776859503,83.56696969696968,,100.05980830670929,89.93641025641026,79.78887372013654,,,91.1164427069386,100.43615090467318,92.3822657972378
87,Janson Junk,MIA,23301,65.0,98.3670821529745,89.07743589743589,,,104.71151351351352,93.43972602739724,103.9548743718593,,,101.04810568594742,110.11013695524537,109.74408782240054
88,Eury Pérez,MIA,27768,79.2,120.87225375626045,104.97074074074074,,,124.74337574215437,106.00131578947371,84.77368421052633,,,116.42795606856319,92.56774143422886,105.61898724043314
89,Matthew Boyd,CHC,15440,39.2,91.34155223880596,97.14,,,106.01578947368421,102.36966666666667,98.5409944751381,,,96.3122354633235,110.53092218324954,103.63999416233605
90,Carlos Rodón,NYY,16137,46.1,106.85516304347827,105.97606837606837,,,112.69611940298509,93.6846153846154,106.65317829457365,,,107.91857048748354,84.47859213250518,91.73572683355293
91,Aaron Nola,PHI,16149,97.0,106.9955721393035,104.07085043988269,91.57846153846153,,88.33888888888889,,66.90943722943723,125.14131487889274,,105.74538049746134,101.9643305968501,106.33354871368164
92,Emmet Sheehan,LAD,29839,77.0,100.46390492359932,,,,98.50133333333332,91.33857142857141,105.47277777777778,,,99.70889160208228,107.09251047127378,107.87269231777337
93,Nick Pivetta,SDP,15454,16.0,106.921875,88.415,73.97655172413792,,120.7010810810811,90.41428571428574,,,,102.18466431095408,103.28876325088339,106.37300353356892
94,Gage Jump,ATH,35418,43.0,103.34148148148148,89.83999999999999,,,114.16236173393125,130.75000000000003,91.56633333333333,,,108.83956021028236,100.73030478442651,106.71701530860669
95,Michael Lorenzen,COL,14843,91.0,83.84939024390243,88.36989898989899,82.70305785123966,,92.95371184371184,85.1561809045226,87.07474320241691,,,86.76600396496092,100.61766962177093,89.75780954666187
96,Kumar Rocker,TEX,31843,71.2,81.59656050955414,100.7867676767677,83.35940828402366,,95.0152297592998,,72.4272972972973,,,92.24219827782011,98.15042140386774,92.83324772171387
97,Griffin Jax,TBR,20253,56.0,106.29253731343283,96.45592592592592,92.83079999999998,,103.82721649484536,117.49605633802815,102.43489583333336,,,102.93815510413721,106.7660348119365,113.0489606920698
98,Kris Bubic,KCR,21455,50.1,97.6777245508982,88.35980582524272,,,90.53801886792454,,92.08518518518518,,,93.50604475185798,99.71128709254562,96.55422873275784
99,Rhett Lowder,CIN,33876,62.2,81.7779365079365,82.81451713395639,,,89.8858940397351,,87.73926605504586,,,85.51058633716323,101.123825657703,89.61700650314216
100,Trevor McDonald,SFG,26448,59.1,91.02,106.86536332179931,67.06666666666666,,90.04234848484849,,89.75219858156031,,,99.4840188293995,102.07448921442283,101.63225599802722
101,Gerrit Cole,NYY,13125,49.0,106.77081081081081,90.78642857142859,,,105.18352112676055,,94.05839285714286,105.29454545454543,,103.00156829420901,103.96148941739781,103.64573213030947
102,Anthony Kay,CHW,20387,82.1,95.61675840978593,108.37933823529411,104.65404761904763,,108.96982577359083,,103.90592592592593,,,104.58110906085005,101.92609386573096,107.53794924088928
103,Christian Scott,NYM,30107,54.0,103.66212,86.61142857142858,97.44494252873562,113.52114285714285,120.29174721189592,,,,,106.98487471166342,96.22273781920077,101.32048318591617
104,Jared Jones,PIT,27863,35.0,92.50171428571427,,,,108.8545652173913,115.31103448275861,96.11466666666666,,,100.56189986773694,104.98616548846118,108.63632160448785
105,Luis Castillo,SEA,15689,76.1,98.06765391014974,94.12027027027025,86.06,,103.63069767441861,,84.88704545454544,,,97.29305478033766,111.06285981986608,105.20342284957654
106,Connelly Early,BOS,33666,91.2,105.95354477611941,95.70763157894739,,,102.17658436213993,104.73421686746988,103.18609318996417,,,102.6545432802714,96.8476173141512,99.6864943992017
107,Troy Melton,DET,31807,49.1,99.36237547892719,102.14870967741935,95.89214285714287,108.41193548387096,96.89121212121212,102.58900000000001,,,,99.4218298732952,98.13185943198906,100.09786036542152
108,Kyle Freeland,COL,16256,82.0,87.76297752808989,89.9527868852459,93.22068728522336,,101.8386075949367,,76.74535353535353,96.72244897959183,,90.99029921393696,103.73286789737121,94.85659847451006
109,Bailey Ober,MIN,21224,71.2,82.89843478260869,75.22777777777777,,,98.10466482477827,85.70454545454545,99.47074257425743,,,92.89086934485637,91.29705258503853,87.067573898958
110,Jake Irvin,WSN,21504,51.2,99.24888888888889,94.36842105263159,90.6320792079208,,112.89269868082367,102.6959670781893,82.7047619047619,,,99.07216166686997,100.0134616549256,96.60068716706762
111,Yusei Kikuchi,LAA,20633,31.0,106.77270833333334,,75.57230769230769,104.93984126984127,86.95925373134328,91.84360000000001,,,,97.93146078055864,102.48088185734038,102.11137726097343
112,Bubba Chandler,PIT,29868,84.1,105.25291727140782,100.13262135922332,,,110.94293574342214,109.93527272727272,92.0782572614108,,,104.45819047081854,101.26464662047512,107.37120604181352
113,Shane Drohan,MIL,27814,39.0,100.96138888888889,93.44015267175573,87.35957446808511,,103.86205882352941,99.10266666666666,90.435,,,98.446361988095,101.36407066037327,97.79554993842405
114,Luis Severino,ATH,15890,62.2,111.9101739130435,102.91459459459459,92.1367111111111,,121.8843037023116,,88.26033898305084,,,107.30981406427935,102.34919954426381,108.11726875449975
115,Andrew Alvarez,WSN,29914,26.2,83.75791666666666,99.14227848101265,,,93.4936936936937,104.9013432835821,90.81733333333334,,,94.54292513355317,103.33648033126295,102.08093039899802
116,Chad Patrick,MIL,30113,28.1,96.01058823529411,93.77461538461537,101.82637362637364,,,97.69781818181816,86.73,,,97.92805906477682,93.26308872991449,93.29335963225053
117,Mick Abel,MIN,27756,17.0,111.95981981981981,80.85333333333334,,,101.56835820895522,128.58736842105264,93.32039215686275,,,107.26797101449276,105.2590579710145,110.27304347826087
118,Jack Leiter,TEX,30146,80.0,105.62620817843866,98.09294117647059,86.2494890510949,,105.19850980392157,93.64655737704919,106.41530864197532,,,102.18649597569706,93.94252509733403,97.65422665293224
119,David Peterson,2 Tms,20302,51.2,78.88656862745098,93.8090909090909,,,88.01836734693877,87.65156862745098,86.05916666666666,,,87.34822851754718,99.38390340632337,91.54422611552273
120,Patrick Corbin,TOR,9323,69.0,80.8494214876033,84.94879765395893,95.83793814432988,,102.96367088607595,82.85230769230769,95.03419913419913,,,92.84351295103176,103.80112218938568,97.08981226728793
121,Tanner Bibee,CLE,30134,106.1,93.29286486486488,102.4720618556701,106.20645631067958,,118.4130612244898,96.71637426900585,123.17797752808987,,,104.52043242368384,101.27165142864348,104.15492575620644
122,Martín Pérez,ATL,6902,72.0,75.43264705882353,89.04442708333333,92.20524344569289,,,84.8108510638298,80.72209302325581,,,86.17188429497419,100.83703154118884,90.44516185100454
123,Randy Vásquez,SDP,24719,80.2,104.1572972972973,90.96232558139535,97.41448051948053,,104.40271751958673,95.08847682119206,80.80018018018018,,,98.15734736807414,100.35758295289249,95.55103539221271
124,Ryan Feltner,COL,21446,63.1,90.19280303030304,102.18452554744525,,,88.60153173097196,95.31493670886076,96.97171052631579,,,92.70956972111554,95.78400049800794,91.10788047808765
125,Joe Boyle,TBR,29608,15.2,103.44436363636363,106.28,,106.44500000000001,106.89919191919194,,,,,105.9807388757579,83.96315075531805,92.93314972767445
126,Stephen Kolek,KCR,21487,54.0,86.43210084033612,102.3310989010989,88.26137254901963,,95.64850467289719,,77.30970297029702,,,91.3693975607541,106.1186187164783,100.10060628483548
127,Tyler Mahle,SFG,16358,71.0,95.25574692442882,76.76235294117647,77.18430232558138,85.12268852459016,83.60646616541354,,,,,88.5231918532972,108.58109986760029,99.53888219049664
128,Brandon Sproat,MIL,33850,71.2,88.83397260273973,97.30248226950353,98.11682432432433,,134.09370967741935,118.25593984962407,82.40738095238096,,,100.31977265913005,96.31408916661992,95.26333990459058
129,Ian Seymour,TBR,27932,22.1,102.08021978021978,97.86949999999999,,,123.80040212965861,92.28444444444443,94.92399999999999,,,105.81756481039638,107.35438805115479,112.139626574728
130,Hunter Greene,CIN,22182,10.1,111.7610101010101,92.38,,120.745,122.21636363636365,,,,,115.02666833166833,93.86866633366633,109.71142107892109
131,Nick Lodolo,CIN,26378,57.2,105.09719844357976,104.05756653992395,,,,121.72449799196785,92.9775,,,106.05373576959417,91.52985596818719,94.95032547332406
132,Spencer Arrighetti,HOU,29921,82.0,102.03345000000002,96.87189189189189,94.79093023255814,,94.40107526881721,105.4848275862069,68.90529411764705,,,98.60370924354825,92.2294673928068,93.77365498803883
133,Tomoyuki Sugano,COL,35321,84.1,83.38425249169435,80.85330798479089,78.736690647482,72.60494623655913,86.62182817589576,78.48835164835164,,,,80.68785972193102,103.18397018949732,88.06091036816258
134,Reynaldo López,ATL,16400,34.2,86.58548895899054,,,,90.76444444444444,95.34282352941176,91.26181818181817,,,89.21667960053432,99.88142781417636,89.24133494476604
135,Drew Anderson,DET,15130,7.1,95.76071428571427,,,,86.195,89.51333333333332,122.46000000000001,,,100.80754098360656,101.35967213114755,103.88606557377048
136,Garrett Crochet,BOS,27463,30.0,116.57988505747127,101.01172413793103,103.14578124999998,98.61500000000001,150.15027027027028,,85.26545454545455,,,113.04547966709724,94.68359343433896,104.63917530343437
137,Colin Rea,CHC,12317,77.2,86.59412639405203,91.93264957264958,92.48273972602738,,108.51973715651135,88.0215873015873,95.72896551724138,,,94.15097244062908,98.33411089627693,93.08741372144685
138,Robert Gasser,MIL,29812,43.1,113.97952662721895,99.73754010695187,87.58118644067797,,117.60457711442787,,80.59041666666666,,,104.76862233041838,90.99520003271911,91.13911584050922
139,Sean Manaea,NYM,15873,32.0,101.50248587570623,96.73216,94.57690140845072,,121.53689655172415,,76.68461538461538,,,105.22000466455489,97.72422948328267,97.28354015453914
140,Lake Bachar,MIA,19222,9.0,95.7830769230769,93.58666666666666,,91.81,98.18601092896176,104.46242424242423,,,,98.02544176706827,108.23925702811245,102.11238955823292
141,Robbie Ray,SFG,11486,100.1,105.6191442155309,84.64917647058823,,,96.4511304347826,,82.79668965517243,89.24353658536585,,95.63452087262623,91.38799411799533,87.9081918781382
142,Jack Kochanowicz,LAA,27688,64.0,81.10310204081634,100.89179245283017,,,95.86422222222222,,96.04575875486381,,,94.55875157298038,92.77537006234262,90.5170913601289
143,Hunter Brown,HOU,25880,35.1,105.12260465116279,113.02994535519126,,,86.63272727272727,,79.35555555555555,97.32129032258064,,101.75028124999999,93.93065625000001,99.8018125
144,Gabriel Hughes,COL,31614,6.0,91.52,98.5,,,103.0,92.93999999999998,83.56,,,93.63021276595744,98.47893617021275,85.58851063829788
145,Jose Quintana,COL,11423,41.0,76.42401960784315,84.73533834586468,,,,83.59883495145631,77.35819444444444,,,80.4327650358659,104.16457384319384,85.90106915406655
146,Patrick Sandoval,BOS,19447,4.1,82.7,102.98,,,112.20095238095239,93.74,105.22,,,101.01876923076924,104.64676923076922,107.23076923076923
147,Grant Taylor,CHW,33927,5.0,117.17411764705882,123.86399999999999,,,105.28461538461539,113.67555555555555,,,,115.3046276346604,118.54596018735363,131.52196721311475
148,Brandon Pfaadt,ARI,27782,27.0,96.7142105263158,98.67347826086956,88.1154098360656,,119.54685714285716,93.12833333333334,70.83531914893618,,,95.53192156388066,96.56891968770805,93.25457241421049
149,Chris Paddack,2 Tms,20099,41.0,96.05650190114069,88.06078431372548,83.78714285714285,,89.7731506849315,81.39000000000001,87.06310000000002,,,89.63672157754397,111.44190581601516,101.21180186082266
150,José Suarez,2 Tms,19911,5.0,91.472,100.24888888888889,,,99.61684210526315,,109.92333333333335,,,99.72292682926829,96.32609756097561,96.17170731707319
151,Edward Cabrera,CHC,21690,72.1,86.33467980295568,92.66801556420234,,,101.32420289855074,105.78546218487396,87.62360655737706,,,93.64958994952052,104.98957889498713,99.37254260726034
152,Zach Thornton,NYM,33891,10.1,89.95555555555556,100.07619047619048,103.39323943661972,,101.74923076923076,92.74,70.32,,,99.06658227848102,90.69265822784811,87.46898734177215
153,David Sandlin,CHW,31743,16.0,101.18536585365854,93.27333333333333,95.70533333333333,,144.19,95.76727272727273,90.34666666666665,,,99.69543103448274,96.07775862068966,96.8055172413793
154,Zebby Matthews,MIN,31827,67.0,92.48743315508023,105.7079069767442,88.23007874015748,,100.36563636363636,93.37276923076922,91.16828125,,,94.11640273704789,100.28009775171066,94.00060606060606
155,Griffin Canning,SDP,19867,46.2,82.5158762886598,100.82390804597702,87.2536170212766,,96.81897358943577,,86.9818085106383,78.7485,,89.94991043940666,90.44061677861741,86.93449622166246
156,Coleman Crow,MIL,27926,16.2,94.4366037735849,97.68727272727273,93.34979591836733,,129.05913043478262,115.17586206896551,,,,101.91887023501867,105.73682153306693,103.97865178683243
157,Tatsuya Imai,HOU,37124,52.0,82.98302483069976,83.15967213114756,,80.33153846153846,89.80620087336244,76.11,80.42333333333333,,,86.14300776013387,97.97486801240468,86.29402402094485
158,Mason Montgomery,PIT,29770,4.0,111.11318181818181,,,,105.67,119.94666666666666,89.12,,,110.04245614035088,121.18807017543858,130.88245614035085
159,Matthew Liberatore,STL,22294,87.2,85.81055900621116,91.75801526717555,87.89180327868851,117.50666666666666,111.07875739644972,119.18543307086615,84.6424778761062,,,97.77042079232704,100.49439878118936,96.31839073446703
160,Tim Mayza,PHI,15042,4.1,118.88000000000001,96.72423076923077,,72.28,98.16416666666667,,,,,96.20192771084338,118.40072289156625,114.67493975903615
161,Carson Palmquist,WSN,31612,7.1,115.65999999999998,95.6711111111111,83.93599999999999,,119.36408163265307,,,,,105.90870676691729,110.33273684210528,110.15407268170425
162,Brady Singer,CIN,25377,89.2,95.47433962264151,98.37811671087533,76.71261261261262,,86.22266085512662,,,,,91.68990195398821,96.53115715225428,88.44156465790346
163,Sean Newcomb,CHW,16943,3.0,102.58,93.48,,,,111.46,,,,104.02333333333333,105.68333333333335,108.86666666666667
164,Braydon Fisher,TOR,24609,6.2,72.75130434782609,,83.46000000000001,,110.4957142857143,96.35290322580644,,,,96.4789898989899,91.98060606060604,86.26767676767676
165,Jacob Latz,TEX,21306,4.0,98.26,,,,92.94,110.46000000000001,106.84,,,98.63205882352942,121.52617647058824,121.13647058823528
166,Aaron Ashby,MIL,23550,2.1,,126.92,,,137.42000000000002,107.62,128.02,,,125.13136363636364,111.21318181818182,137.84136363636364
167,Lance McCullers Jr.,HOU,14120,39.1,80.45133333333334,90.96822784810125,93.9877659574468,,120.56275862068965,,79.93726315789473,106.8611009174312,,97.22936781609195,96.19005747126437,96.44479885057471
168,Mason Fluharty,TOR,31553,3.2,,,98.81777777777778,,94.66190476190476,,80.08666666666666,,,95.63321180555556,90.1504861111111,95.2657638888889
169,Kendry Rojas,MIN,29423,6.0,107.29297297297298,91.97473684210526,,,116.24928571428572,,96.92,,,106.0368315972222,75.79003472222223,80.918125
170,Grayson Rodriguez,LAA,24492,31.0,104.49378640776699,,,,104.23365079365078,96.51923076923079,105.16227642276424,,,103.53021460247068,96.0597656002534,99.70405527399429
171,Roki Sasaki,LAD,35323,81.0,96.73801302931597,,,127.2645429362881,108.93868852459018,,,,120.51901408450705,110.00882510459279,97.97825618008329,109.10388364820578
172,Jakob Junis,TEX,13619,2.2,94.36,84.92,,,103.8,,76.34,,,94.41548387096775,119.93870967741937,111.55032258064517
173,Steven Matz,TBR,13361,46.0,,90.44541114058357,,,102.06285714285711,97.13061728395063,104.02282051282052,,,96.54477650063856,103.95670498084291,100.04278416347383
174,Chase Dollander,COL,33482,13.2,113.16568421052631,103.37642857142858,,,119.79578947368421,96.364,88.27230769230769,,,108.85981981981982,93.52306306306308,100.99468468468469
175,Cody Bolton,HOU,23265,7.2,92.382,94.12823529411764,98.76315789473684,,103.20307692307694,85.62827586206896,86.5125,,,93.13924601632336,97.82253789350952,88.24776525456666
176,Mason Englert,TBR,22288,9.1,105.6074074074074,94.22645161290322,85.11555555555555,,99.98500000000001,88.92782608695653,93.59666666666666,,,94.39409902108434,111.18656641566267,105.57151852409638
177,Tyler Alexander,TEX,17735,3.0,98.53333333333335,108.64999999999999,99.57846153846154,,118.32,,98.18285714285715,,,103.37744680851064,119.64212765957446,117.96425531914893
178,Noah Schultz,CHW,32056,48.0,96.68568527918782,85.0964761904762,104.02597560975612,,114.61384782608695,,80.67342105263157,,,97.79222960815564,94.26629841781696,90.27865909451697
179,Wandy Peralta,SDP,14295,4.0,74.94571428571429,100.21789473684211,,,106.89200000000001,,104.05230769230772,,,98.76365714285714,125.59479999999999,127.97582857142858
180,Cal Quantrill,TEX,19312,17.0,83.91310344827586,93.91344827586207,93.49629629629628,95.336,,84.07714285714285,,,,91.02724523339909,114.90714003944773,108.61651325882096
181,Tyler Phillips,MIA,20629,39.1,78.17702702702704,83.44652482269503,,94.29093525179856,105.58115384615387,103.45,,,,94.20348869532987,98.03676380652335,92.0885716271312
182,Blake Snell,LAD,13543,3.0,96.88,,,,118.82,159.98000000000002,124.56000000000002,,,119.29844155844155,92.03662337662338,105.00233766233765
183,Aaron Civale,ATH,19479,72.1,96.78584415584416,82.16940677966102,98.83412556053811,73.71944444444445,91.18333333333332,110.75046052631579,,,,96.60169286924874,110.26231317893391,104.98271889164774
184,Cionel Pérez,NYM,19614,2.0,116.556,112.57142857142857,,,,120.62545454545456,,,,117.2895652173913,107.74347826086957,121.4208695652174
185,Bradgley Rodriguez,SDP,29107,3.0,100.36249999999998,92.10705882352943,,,,,97.44399999999999,,,95.51885714285714,110.36800000000001,105.26457142857143
186,Grant Holmes,ATL,16944,83.1,79.91163310961967,85.3243537414966,78.99020833333333,,97.56343629343627,97.09825242718448,80.99971830985913,,,88.64178743645763,99.00550351202683,89.52763160172763
187,Kai-Wei Teng,HOU,24282,44.0,88.13892682926829,82.574,,,103.11446591579775,109.77736842105263,77.1253488372093,,,93.54802096985583,89.41127129750983,83.27439056356488
188,Cole Sulser,TBR,15256,4.0,90.02000000000001,,80.60166666666667,,128.06,,102.32947368421051,,,93.02761904761904,106.53047619047621,99.9552380952381
189,Ryan Gusto,MIA,26440,21.1,98.03101123595506,94.28333333333333,87.92577777777777,,95.84803001876172,84.57416666666666,91.07333333333334,,,93.42822417725644,96.9347605083089,91.61130009775171
190,Mitch Spence,KCR,27707,4.0,,83.9,95.12,,94.71,96.02,69.14,,,91.22319999999999,104.06,94.6296
191,Jack Dreyer,LAD,30249,1.0,125.14000000000001,,,,94.82,,,,,116.47714285714287,126.43999999999998,141.71142857142857
192,Spencer Miles,TOR,31621,10.0,101.62444444444446,95.55973333333333,,,100.45225806451614,103.39052631578947,102.82,,,99.00537387747845,105.87226638214634,102.48756112741174
193,Cody Ponce,TOR,17920,2.1,106.54,,,,80.92,105.21999999999998,96.90000000000002,,,94.64340425531917,83.84851063829788,80.13361702127659
194,Javier Assad,CHC,21741,37.0,91.89886178861788,105.7875799086758,84.40533333333335,,103.08816901408451,96.98307692307692,99.5590476190476,,,98.19195634166931,103.35113583940067,104.18264131581726
195,Tyler Holton,DET,26231,1.2,84.88749999999999,120.44857142857143,101.2909090909091,,121.53636363636365,,105.6,,,107.29589743589743,124.58717948717948,125.29897435897435
196,PJ Poulin,WSN,23394,13.1,94.28788732394365,97.51423076923078,,,96.35164179104478,,86.14333333333333,,,95.31844978783595,100.62870438472419,91.69159830268741
197,Andrew Morris,MIN,31891,3.0,110.29586206896552,103.56666666666666,101.6,,129.26,77.88,100.49333333333334,,,109.96561071710006,93.92008668242708,99.23420015760442
198,Bryan Hudson,CHW,19924,6.0,99.58101694915256,,92.72,,115.10125,,,,,102.62779220779221,100.13506493506493,100.63064935064936
199,Jimmy Herget,COL,17556,3.0,111.02666666666669,82.41428571428573,,,121.05153846153847,,88.82,,,106.71935606060606,81.19534090909092,76.27405303030304
200,Spencer Strider,ATL,27498,39.0,96.21130699088145,,,,98.12115183246073,94.256,97.90422535211268,,,96.61679994796664,94.1024299582107,89.9862371745882
201,Zach Pop,PHI,20185,2.0,,111.83999999999999,83.84,,110.84,,,,,106.75428571428571,105.2862857142857,107.87885714285714
202,Tyler Samaniego,BOS,30081,1.0,82.0,98.54,79.46000000000001,,109.42,,85.22,,,91.7909090909091,102.77545454545456,97.83636363636361
203,Richard Lovelady,WSN,19337,7.1,85.722,92.77028571428572,,,95.66250847457628,,,,,92.41767589743591,99.47606153846152,91.80372717948718
204,Mitch Bratt,ARI,30003,3.0,105.5,104.72,,,92.82,103.94,,,,102.13333333333334,90.80407407407408,84.90666666666667
205,Jordan Wicks,CHC,30094,6.1,93.86999999999999,96.27666666666669,,,101.28399999999999,88.74,101.43621621621621,,,97.0953488372093,114.82170542635659,110.81007751937985
206,Adam Macko,TOR,25590,1.2,84.88,,,,97.48,,108.52,100.18,,95.02199999999999,127.57866666666668,121.614
207,Brenan Hanifee,DET,22304,1.2,106.32,104.88499999999999,,,110.80333333333333,,87.44,,,104.36333333333333,130.67833333333334,129.36666666666667
208,Casey Legumina,TBR,25921,3.0,116.33,107.3,,,95.50999999999999,,79.54222222222222,,,100.41630036630039,120.11912087912089,121.60446886446887
209,Kyle Hart,SDP,19646,2.0,124.64,114.59999999999998,,106.32,119.16588235294117,,,,,117.50944444444443,87.22111111111111,106.88222222222221
210,Luis Medina,ATH,21649,1.1,111.59999999999998,97.88,,,113.0,93.28,122.2,,,108.25999999999999,96.28111111111112,101.75666666666667
211,Riley Martin,CHC,29934,1.0,109.06,,,,97.3,97.56,,,,103.26666666666665,129.18333333333334,133.41666666666666
212,Kyle Backhus,PHI,29615,1.0,,111.53999999999998,,,119.28000000000002,,84.26,,,111.26933333333334,107.756,112.94800000000001
213,Matt Svanson,STL,29629,1.0,,91.98,93.83999999999999,,109.12,,,,,97.2757142857143,133.94714285714286,118.85142857142856
214,Didier Fuentes,ATL,30661,3.0,110.15999999999998,,,80.52,109.59999999999998,,,,,106.3735135135135,110.17594594594595,113.19486486486487
215,Cade Horton,CHC,31872,7.1,100.04622222222223,96.28,,,116.72000000000001,105.82,88.12526315789474,,,99.4165351220786,116.3554670975323,113.12479990860427
216,Hunter Dobbins,STL,30240,13.2,86.37553191489363,97.67733333333332,,86.57600000000001,108.42482758620689,99.86111111111111,,,,96.05158301158302,95.2269498069498,90.99760617760617
217,Jack Perkins,ATH,31468,26.2,91.84038461538462,88.11272727272727,88.49923076923076,,111.44232784431136,,101.68179487179486,,,99.70417665519719,102.74073203009793,104.32830718039854
218,Kyle Hurt,LAD,27514,1.2,69.3,,,,95.56,,117.34,,,90.295,136.06555555555556,124.11999999999999
219,Jason Alexander,HOU,19666,12.0,81.16254545454547,83.30818181818182,74.84,,95.02133333333333,,89.6575,,,85.79211111111111,103.8238888888889,89.43922222222221
220,Jose Cabrera,ARI,30412,17.2,86.48521739130436,93.17846153846155,81.69698630136986,,96.54444444444445,108.4935294117647,70.59937500000001,,,88.29554633204633,83.32138416988417,77.36334555984556
221,DL Hall,MIL,22207,2.0,141.8,101.32000000000001,,,128.18400000000003,79.64,82.36,,,103.2175,81.124375,85.67062499999999
222,Zach Eflin,BAL,13774,3.2,89.52,104.38,89.48,,98.46,100.48,88.06,,,95.16594594594595,106.71972972972972,98.21243243243244
223,Carson Whisenhunt,SFG,31676,10.2,92.21797101449275,,,,98.834,,99.42,,,95.92353197674419,91.89600290697673,89.07261627906976
224,Jordan Leasure,CHW,29950,1.1,106.92000000000002,76.66,,,87.18,,,,,97.01904761904764,82.95428571428572,90.03714285714285
225,Joey Estes,ATH,26257,4.1,87.12000000000002,,90.9,,92.22909090909091,,75.8,,,88.86394366197183,93.89577464788734,79.88816901408451
226,Elmer Rodríguez,NYY,31811,17.0,76.46205882352942,92.59893939393939,77.636,,109.11961538461539,94.9793103448276,93.06187500000001,,,91.90221001512617,81.71838707109306,74.03249263593663
227,Paxton Schultz,WSN,25501,1.0,90.02,,85.83999999999999,,97.86,,71.14,,,85.17846153846153,86.52999999999999,69.18076923076923
228,Brad Lord,WSN,31972,2.1,89.26,73.9,,,113.44526315789474,,72.44,,,92.05132075471698,91.68716981132076,71.15735849056604
229,Sam Aldegheri,LAA,26443,25.2,79.92888888888889,,100.67999999999999,,99.364,92.25578947368422,95.43460992907802,,,88.04377352941177,94.78656960784313,84.29835049019609
230,Tanner Banks,PHI,16990,1.0,104.06,96.68,,,90.672,,,,,94.98222222222223,47.80222222222223,52.166666666666664
231,JP Sears,SDP,23429,19.2,81.87898305084745,78.3539393939394,82.51400000000001,,113.43057471264366,,80.32421052631578,,,89.60390301948536,99.23066562546482,89.79645917001339
232,Cade Povich,BAL,30055,13.2,105.22148936170213,96.29,,,98.6739393939394,103.35538461538461,99.53875,,,102.43481457098967,92.37550800965548,92.94574281325434
233,Keegan Akin,BAL,19362,2.0,122.57000000000001,,,,92.14,,96.02499999999999,,,105.92451612903226,127.57677419354839,129.77161290322582
234,Steven Cruz,KCR,23165,2.1,106.81,,88.82307692307691,,131.11999999999998,,,,,104.14802325581395,72.35739202657807,76.78132890365448
235,Chris Bassitt,BAL,12304,46.0,79.3952380952381,94.62525974025974,86.80297142857142,,114.01499999999999,107.43179487179489,74.4651282051282,,,95.86388348920147,97.44506329113922,93.5044942066031
236,Shane Smith,CHW,31687,8.1,105.06027027027025,98.94375000000001,,,88.1984,86.02603773584906,103.09463414634146,,,97.48755052410903,91.762114884696,91.01587924528303
237,Ty Madden,DET,30140,3.1,78.86,78.9,91.2,78.9,80.74000000000001,,,,,79.92833333333334,84.43,75.65958333333333
238,Ryan Rolison,CHC,22200,3.1,91.26461538461538,116.28,,,98.95636363636363,93.82,,,,100.45,106.94941176470589,112.38235294117646
239,Brandon Williamson,CIN,25463,28.0,96.28283018867926,90.41127272727273,98.66875912408759,,131.89019607843136,110.12978723404257,84.65475409836067,,,98.33201049185831,90.49355931726392,90.63595038955651
240,Braxton Garrett,MIA,21844,4.1,77.79714285714284,94.82324324324324,,,91.07744680851063,,91.74000000000001,,,89.96852073953445,66.3765151560768,60.99620253718884
241,Chase Petty,CIN,30170,10.2,107.23473684210526,91.61351351351351,,,100.45319148936169,,97.89764705882352,,,98.37211678832116,107.43080291970803,107.23328467153284
242,Austin Warren,NYM,24937,2.0,112.15111111111112,85.628,,,81.02142857142859,96.048,,,,88.74000000000001,110.10423076923077,110.00807692307693
243,Luinder Avila,KCR,24452,38.1,92.1221782178218,104.94333333333333,,,101.39470588235292,94.08576,95.67800000000001,,,97.81827315084449,88.0582638322656,89.28049704634329
244,Tanner Gordon,COL,27669,23.0,78.01134502923976,75.32,,,83.99946902654867,86.32199999999999,85.57409090909091,,,81.38593352192362,110.38245049504953,91.4589639321075
245,Will Klein,LAD,27787,3.0,97.39636363636363,,,,84.43727272727273,61.30888888888889,,,,87.866875,106.72093749999999,102.16468750000001
246,John King,MIA,22051,1.2,,97.38,,,83.554,69.75999999999999,92.32,,,88.70827586206896,94.44344827586205,93.0206896551724
247,Zac Gallen,ARI,19291,98.0,91.61894389438945,77.03488372093024,,,79.76804532577903,,82.84861111111111,92.80789473684209,,87.15870366941176,109.71942642484215,100.03268582167279
248,Chris Murphy,CHW,26214,2.0,105.65555555555555,,,,123.21238095238095,105.25538461538461,138.32,,,113.59666666666665,85.81037037037038,90.72592592592592
249,Zach Agnos,COL,31552,8.0,82.228,92.03500000000001,88.99437499999999,97.864,92.1835294117647,,,,,89.9265625,100.87156250000001,91.33296874999999
250,Ryan Johnson,LAA,35325,23.1,,84.0177966101695,107.73160305343511,75.3575221238938,108.9034375,,,,,92.75410572849513,94.28676841302003,83.1409572928453
251,Brandon Eisert,CHW,27668,4.2,86.86451612903225,87.87,,,81.29294117647059,,66.03416666666668,,,79.67157894736842,94.424,88.92126315789474
252,Ryne Nelson,ARI,26253,83.1,109.8109264305177,79.96958333333333,89.83531249999999,,107.8688803088803,103.5790243902439,,,,105.37811366047804,102.40225370713611,107.42596005567856
253,Justin Verlander,DET,8700,3.2,88.5,,,,106.57666666666667,124.38,99.72,,,101.324,77.325,76.7645
254,Robby Snelling,MIA,31893,5.0,111.76,107.74,,,99.7,106.26,92.52,,,105.32418604651164,91.51976744186045,93.7306976744186
255,Sean Sullivan,COL,33502,22.1,72.50814814814814,82.46666666666667,84.36225806451613,,87.34055555555557,,95.76153846153846,,,81.14145631067962,100.0133009708738,81.41466019417474
256,Brent Suter,LAA,13942,3.2,96.04064516129033,47.26666666666667,,,95.536,,105.09391304347825,,,91.53883720930233,98.3246511627907,91.05953488372094
257,Matt Waldron,SDP,25550,13.2,96.70727272727272,104.95806451612903,81.87409090909091,,92.81644444444444,,,,,92.73102077687443,106.64831376091539,101.60911372076684
258,Paul Blackburn,NYY,14739,3.0,112.32000000000001,94.62117647058824,85.07428571428571,,118.048,93.556,82.05749999999999,,,93.95694915254236,115.5464406779661,113.43728813559323
259,Andrew Painter,PHI,30091,55.0,92.01285266457681,82.33327433628318,,97.95549668874173,112.29991342883643,118.02528735632185,,,,100.62556205518544,103.2331688990468,104.81289428754164
260,Adrian Houser,SFG,12718,66.0,87.08723163841807,91.33791583166334,,,88.25511111111109,79.95733333333334,89.41543147208122,,,88.87228376065259,107.72672775181714,98.78701320595277
261,Colton Gordon,HOU,31312,3.2,93.26,85.08,,,113.31294117647059,86.76,92.32,,,97.7575,103.94055555555558,92.6086111111111
262,Tobias Myers,NYM,22191,4.2,101.38352941176471,,86.51142857142858,119.35199999999999,97.36222222222221,,,,,102.417284144427,73.21567765567767,78.40183673469389
263,Jesse Scholtens,TBR,19205,10.1,110.13037037037039,88.97323076923077,,103.48470588235294,88.22207792207793,,,,,93.05978494623655,98.3332258064516,91.14236559139785
264,Pete Fairbanks,MIA,17998,1.0,92.56,,120.25999999999999,,104.06,,96.28,,,105.5125925925926,125.26592592592594,135.53037037037038
265,Lyon Richardson,CIN,24581,1.0,82.64,78.53999999999999,,,91.84,,64.02000000000001,,,74.84133333333334,79.22733333333333,67.27533333333334
266,Alan Rangel,PHI,19524,7.1,81.09533333333334,,,,96.68249999999999,99.26,116.46666666666665,,,97.40578616352201,99.78477987421383,93.90830188679246
267,Lucas Giolito,SDP,15474,20.2,75.00407643312101,,,,87.44434782608695,94.22962962962963,100.04013605442178,,,87.63083991464586,92.05532251330759,83.90029902932888
268,Brennan Bernardino,COL,16835,1.1,93.6,93.5,82.90666666666668,,,89.10000000000001,72.165,,,90.34298951048952,95.87372377622378,87.82202797202797
269,Huascar Brazobán,NYM,6107,7.0,109.33,89.78969696969698,,,,,83.9714705882353,,,87.50263103802672,87.2102295306612,82.95279205207264
270,Jovani Morán,BOS,20422,3.0,95.01371428571429,94.335,97.80666666666667,,104.07,,107.54272727272728,,,99.53108108108107,105.01513513513514,106.31324324324325
271,Eric Lauer,2 Tms,19316,60.2,83.37221698113207,,95.78628865979383,,100.5374358974359,93.41285714285715,79.55169811320754,,,87.8731439224245,100.82332596761724,86.22130928501471
272,Ryan Weiss,HOU,24621,7.0,95.61649122807017,85.61555555555556,,,112.06199999999998,117.80000000000001,94.18,,,101.41580246913581,82.31962962962963,82.78358024691357
273,Erick Fedde,CHW,17425,44.1,103.71454545454544,83.67165137614678,85.37205673758865,,104.63267123287672,,75.08481012658227,,,91.65765915164987,102.92981561747504,95.03481985128734
274,George Klassen,LAA,33464,4.2,105.5175,110.35125000000001,,,82.87142857142857,94.57,83.27,,,96.03958620689656,83.4271724137931,82.67296551724137
275,Germán Márquez,SDP,15038,34.2,75.60651583710407,77.00676056338028,,,95.4984126984127,,80.53238095238095,100.95323671497584,,87.0681066412661,99.83673500379605,87.22391867870964
276,Mike Paredes,MIN,30187,22.0,85.22593749999999,,92.71584905660379,,113.948,,88.51975308641974,,,94.21552432687767,101.22551566682411,97.74981735159817
277,Kade Morris,ATH,33787,4.0,125.84,91.42,,,110.06,108.56,86.32,,,103.12666666666667,76.24511111111111,75.03422222222221
278,Brendan Beck,NYY,33043,3.2,82.52,83.74000000000001,,98.58,81.1,86.25999999999999,,,,84.0071264367816,100.62896551724137,85.15724137931035
279,Cole Ragans,KCR,21846,35.1,108.89061452513965,,91.05055555555558,,116.16447058823529,,113.43885714285715,101.2448148148148,,108.91943661971831,86.38676056338029,95.81846635367764
280,JR Ritchie,ATL,31760,35.2,93.80175182481752,96.28698113207547,88.49689655172412,,89.96275862068964,101.47132075471698,92.79697478991595,,,95.107007992008,94.2271967318396,95.24918331668331
281,Mike Burrows,HOU,24728,93.2,98.26156599552573,92.2321327014218,,,94.63578125,95.82257777777777,87.33201900237529,,,93.56454820225215,97.97245244486815,92.4574452442617
282,Cristian Javier,HOU,17606,9.1,90.24357142857143,88.02,,,102.7409090909091,,86.86592592592594,90.2088888888889,,92.69636363636363,87.62477272727273,82.47602272727273
283,Hurston Waldrep,ATL,33527,8.2,,85.34491803278688,78.71692307692308,114.89692307692306,81.25307692307692,96.05714285714285,,,,89.99767018072289,72.38134939759036,71.03084036144578
284,Bailey Falter,KCR,20070,4.1,91.46093023255813,77.52,,80.45500000000001,87.602,84.10000000000001,,,,88.271992481203,108.23776942355892,101.80095238095237
285,Dean Kremer,BAL,19350,22.0,100.92525,79.83454545454545,90.36424242424243,89.34409836065574,105.94285714285715,79.52081632653062,,,,89.5722589397654,100.63193039798638,94.19228430613981
286,Jacob Lopez,ATH,25098,46.2,88.55513333333334,80.20807692307692,87.38752941176472,,108.90279245283018,,78.45770114942529,,,92.95325610968597,99.27813750375941,94.63497021141087
287,Taijuan Walker,PHI,11836,18.2,91.10864864864865,91.9329268292683,91.35211267605634,74.17977777777779,101.55515151515151,94.6604255319149,,,,88.5673992248062,94.17684948320412,81.3521492248062
288,Simeon Woods Richardson,MIN,24494,44.2,83.86633333333334,,,87.71477064220183,93.07861702127661,87.05523809523808,,,,87.22538532613548,94.35690724806545,86.03794539887993
289,Miles Mikolas,WSN,9803,38.0,86.95803680981595,86.87838926174494,,,90.95275629220382,101.93039215686274,83.371875,,,90.01504931714719,111.08091299949419,98.76289516944865
290,Trey Gibson,BAL,33794,31.0,93.99042735042735,99.42312925170067,95.85530434782608,,109.5017518248175,75.59698630136988,,,,97.02853218089211,91.8727947434569,93.03039446122638
291,Jeffrey Springs,ATH,17677,97.2,89.66002732240437,,94.98129032258066,,97.29182485875704,,111.74320209973752,,,97.20447979516412,100.55568731102491,97.37780798501176
292,Luis Morales,ATH,32227,7.1,85.71111111111111,96.52764705882355,,,105.19047619047619,,76.67,,,92.62432432432432,74.96608108108107,72.65945945945946
293,Luis Gil,NYY,21052,19.1,100.71381578947368,93.56,,,101.02535211267605,,84.44782608695652,,,96.5226609619764,85.74145883651921,86.07023393830652
294,Shane Bieber,TOR,19427,17.2,91.23782178217822,,82.98490566037738,,93.27187500000001,,79.90028571428572,91.51363636363635,,87.32314533436347,94.25480985492318,87.20174778950981
295,Kodai Senga,NYM,31838,27.2,96.56174757281552,84.78545454545454,86.95392,,84.32037518037518,72.05,,,118.1158260869565,96.58876833368828,91.10897366841566,92.45480316495319
296,Merrill Kelly,ARI,11156,93.2,91.20553846153845,87.41743243243243,88.1930941704036,,97.79404761904763,91.9105882352941,84.40963157894738,,,89.52047207995135,101.10268640476569,95.57420294829828
297,Jameson Taillon,CHC,11674,67.2,95.05111111111111,95.04396226415095,87.26781395348836,,104.14239583333334,75.73768595041322,92.74573099415205,,,92.69581731869708,101.57980931718436,99.09494849772592
298,Max Scherzer,TOR,3137,22.0,85.26780000000001,,83.124,,104.48895833333334,97.29724137931034,84.14696969696969,,,91.10775763903864,98.3464021366988,89.90587407550325
299,Brayan Bello,BOS,23920,35.2,81.615,99.75866220735783,84.66166666666666,,105.95013698630136,102.53291666666667,74.30809523809523,,,92.47223016351407,98.89805601002708,92.28267028330319
300,Zack Littell,WSN,15823,56.1,80.91509727626459,80.10645669291337,,91.35935483870969,81.86756359931358,,,,,83.23298040927266,99.6311497469598,84.22665888071128
