rank,Name,Team,playerid,O-Swing%,Z-Swing%,Swing%,O-Contact%,Z-Contact%,Contact%,Zone%,F-Strike%,SwStr%,CStr%,CSW%
1,Jacob Misiorowski,MIL,31623,0.37935657,0.67705628,0.50925576,0.47526502,0.78388747,0.65430267,0.43634303,0.66015038,0.17591544,0.16308041,0.33899585
2,Cristopher Sánchez,PHI,20778,0.38228823,0.65746269,0.49905003,0.56258993,0.82519864,0.70939086,0.42431919,0.65694282,0.1450285,0.16117796,0.30620646
3,Cam Schlittler,NYY,32095,0.37705849,0.70758405,0.51611842,0.60692771,0.8198895,0.72976418,0.42072368,0.61892247,0.13929041,0.14881735,0.28810775
4,Chris Sale,ATL,10603,0.38764426,0.66030881,0.5042735,0.58669002,0.83218707,0.72419106,0.42773893,0.64969136,0.13902913,0.17398058,0.31300971
5,Jesús Luzardo,PHI,19959,0.34894895,0.61725293,0.46100035,0.51979346,0.84531886,0.70182094,0.41762854,0.62723521,0.13741259,0.18286713,0.32027972
6,Dylan Cease,TOR,18525,0.33569482,0.66509434,0.45630397,0.58603896,0.79432624,0.69719909,0.36614853,0.61751825,0.13812155,0.15953039,0.29765193
7,Tarik Skubal,2 Tms,22267,0.39686099,0.70530452,0.53013582,0.57250471,0.80362117,0.70536429,0.43208829,0.68870968,0.15613067,0.14976665,0.30589733
8,Drew Rasmussen,TBR,25385,0.35656836,0.67979452,0.49849624,0.61842105,0.87657431,0.77300151,0.43909774,0.67115097,0.11315789,0.16691729,0.28007519
9,Parker Messick,CLE,31986,0.33661645,0.69205569,0.48388191,0.63683305,0.86153846,0.76998597,0.41431965,0.60240964,0.11122414,0.15530688,0.26653103
10,Reid Detmers,LAA,27468,0.35680191,0.671875,0.4932341,0.57023411,0.8627907,0.74279835,0.43301759,0.6527027,0.12668919,0.16689189,0.29358108
11,Yoshinobu Yamamoto,LAD,33825,0.35777497,0.67795139,0.49268471,0.59893993,0.85915493,0.7498144,0.42136064,0.62570621,0.12317251,0.16483918,0.2880117
12,Jacob deGrom,TEX,10954,0.37763079,0.72947761,0.51553931,0.5111465,0.83631714,0.69148936,0.39195612,0.63473054,0.15899123,0.13377193,0.29276316
13,Chase Burns,CIN,35333,0.37133956,0.67738589,0.48618139,0.5385906,0.856049,0.70456365,0.37524329,0.6015873,0.14363566,0.14168937,0.28532503
14,Paul Skenes,PIT,33677,0.35990757,0.72821398,0.50761246,0.60995185,0.83530806,0.73960464,0.40103806,0.61938202,0.13217993,0.1349481,0.26712803
15,Payton Tolle,BOS,35466,0.40959119,0.71980198,0.54688869,0.63147793,0.83631362,0.75080128,0.44259422,0.66500829,0.13628396,0.14022787,0.27651183
16,Bryan Woo,SEA,30279,0.36635638,0.74032674,0.52943382,0.62794918,0.87688734,0.77974504,0.43607049,0.67887324,0.11656672,0.1428036,0.25937031
17,Zack Wheeler,PHI,10310,0.38652482,0.70114943,0.50018875,0.59785933,0.84053651,0.72075472,0.3612684,0.65891473,0.13967535,0.13741034,0.27708569
18,Trevor Rogers,BAL,22286,0.38700947,0.70082645,0.52827381,0.6520979,0.86320755,0.77816901,0.45014881,0.6981402,0.11710037,0.1605948,0.27769517
19,Cade Cavalli,WSN,27473,0.33757152,0.65004156,0.47298271,0.5819209,0.86828645,0.75247525,0.43335735,0.62181303,0.11682243,0.17936736,0.29618979
20,Ranger Suarez,BOS,17277,0.32377049,0.64673913,0.44840604,0.68565401,0.88907563,0.79887746,0.38590604,0.65849673,0.09007122,0.18181818,0.2718894
21,Braxton Ashcraft,PIT,23793,0.39044731,0.67093236,0.51761293,0.59029126,0.88828338,0.76541233,0.45337754,0.68365817,0.12142561,0.17737257,0.29879818
22,Gavin Williams,CLE,30122,0.36327231,0.66452132,0.4884654,0.50551181,0.8377724,0.69336071,0.41558007,0.63136729,0.14978268,0.1738549,0.32363758
23,Max Fried,NYY,13743,0.32653061,0.65967016,0.45754717,0.65178571,0.86818182,0.77448454,0.3932783,0.57373272,0.10318396,0.17216981,0.27535377
24,Nolan McLean,NYM,33703,0.30099357,0.64089776,0.44131778,0.63883495,0.87937743,0.78304821,0.41283459,0.59705489,0.09571184,0.18730703,0.28301887
25,Sonny Gray,BOS,12768,0.33906465,0.66176471,0.47210994,0.60851927,0.92148148,0.78938356,0.41228779,0.62664714,0.09939394,0.16727273,0.26666667
26,Shane Baz,BAL,22264,0.32584951,0.68091845,0.47990381,0.65921788,0.90116279,0.80816034,0.43387152,0.62028609,0.09187521,0.15941035,0.25128557
27,Sandy Alcantara,MIA,18684,0.33648498,0.70958904,0.50368324,0.6892562,0.88610039,0.81352834,0.44812769,0.6300905,0.09392265,0.15653775,0.25046041
28,Eduardo Rodriguez,ARI,13164,0.34782609,0.69306122,0.4858075,0.715625,0.87161366,0.80456682,0.39967374,0.63705584,0.09485007,0.15026076,0.24511082
29,Kevin Gausman,2 Tms,14107,0.37711387,0.67778682,0.5001665,0.61285501,0.84993998,0.74434088,0.40925741,0.63333333,0.12787213,0.15817516,0.28604729
30,Logan Webb,SFG,17995,0.34326337,0.66369931,0.47347267,0.68836292,0.89716841,0.80730051,0.40635048,0.62125749,0.09120129,0.17717959,0.26838088
31,Shohei Ohtani,LAD,19755,0.33198381,0.64983165,0.47340824,0.53252033,0.83160622,0.71518987,0.44494382,0.55,0.13483146,0.17078652,0.30561798
32,Nick Martinez,TBR,12730,0.34520349,0.69860627,0.50594295,0.71157895,0.91396509,0.83868442,0.4548336,0.65373961,0.08158416,0.17306931,0.25465347
33,Logan Gilbert,SEA,22250,0.33806986,0.71152359,0.5,0.55166375,0.82173913,0.71830986,0.43360161,0.668,0.14079785,0.14649682,0.28729467
34,Sean Burke,CHW,29878,0.34477825,0.6800382,0.48834356,0.66390041,0.86376404,0.78308208,0.42822086,0.63907285,0.10588716,0.17089125,0.27677841
35,MacKenzie Gore,TEX,22201,0.33010262,0.71310116,0.48614865,0.62003454,0.87093023,0.76997915,0.40743243,0.572,0.1117111,0.14107324,0.25278434
36,Taj Bradley,MIN,22543,0.30584795,0.69153069,0.47147147,0.56596558,0.87191011,0.7586695,0.42942943,0.61631016,0.11374249,0.16044029,0.27418279
37,Dustin May,2 Tms,19716,0.33427963,0.67340748,0.47414512,0.64118896,0.89039039,0.78715919,0.41242702,0.61030596,0.10083333,0.17291667,0.27375
38,Michael Soroka,ARI,18383,0.37344795,0.67257844,0.49662921,0.67007673,0.90872211,0.80316742,0.41179775,0.63019694,0.09769792,0.16058394,0.25828186
39,Andre Pallante,STL,26108,0.2919708,0.65110132,0.44625284,0.65681818,0.89580514,0.80661578,0.42959879,0.62150221,0.08629826,0.17297502,0.25927328
40,Michael King,SDP,19853,0.32258065,0.66474465,0.46192553,0.67017544,0.85501859,0.77850399,0.40724589,0.64068692,0.10231466,0.16772895,0.27004361
41,Davis Martin,CHW,21448,0.33561124,0.68886576,0.48463565,0.62217195,0.89123867,0.78351449,0.42186128,0.57788945,0.10491659,0.15364355,0.25856014
42,Jared Jones,PIT,27863,0.34741288,0.69577875,0.49388005,0.4893617,0.84937238,0.70260223,0.42044064,0.57831325,0.14687882,0.1505508,0.29742962
43,Noah Cameron,KCR,30184,0.32092739,0.70354365,0.47925608,0.63307985,0.86240786,0.77238806,0.41380544,0.59141274,0.10908441,0.14771102,0.25679542
44,Foster Griffin,2 Tms,16432,0.33435771,0.67827529,0.48076244,0.65992647,0.88386308,0.79441997,0.42569714,0.61581137,0.09876543,0.17566138,0.27442681
45,Walbert Ureña,LAA,29357,0.33049041,0.65578635,0.46650124,0.59784946,0.84012066,0.74024823,0.41811414,0.56393443,0.12102437,0.15654688,0.27757125
46,José Soriano,2 Tms,22100,0.34469052,0.64935065,0.46536351,0.57660626,0.87066667,0.73913043,0.39609053,0.59060403,0.12135756,0.16283853,0.28419609
47,Kyle Leahy,STL,24763,0.29774436,0.67903711,0.46110872,0.60353535,0.9098966,0.79683131,0.42844865,0.62248322,0.09364261,0.17053265,0.26417526
48,Ryan Weathers,NYY,23796,0.3099851,0.64179104,0.44649123,0.59615385,0.85714286,0.75049116,0.41140351,0.60915493,0.11135467,0.1871986,0.29855327
49,Joe Ryan,MIN,21390,0.34379671,0.68721668,0.49897583,0.6326087,0.85092348,0.76847291,0.45186399,0.67100977,0.11543185,0.17069177,0.28612362
50,George Kirby,SEA,25436,0.37734668,0.70775862,0.51631617,0.65837479,0.88306943,0.78792135,0.42059463,0.66261808,0.10930148,0.14802751,0.25732899
51,Landen Roupp,SFG,30076,0.31054803,0.62758621,0.42920354,0.64895636,0.87755102,0.77405498,0.37426254,0.57534247,0.09686924,0.1694291,0.26629834
52,Michael Wacha,KCR,14078,0.32720806,0.69202088,0.48877147,0.6884058,0.88146552,0.80945946,0.44286658,0.65147783,0.09306931,0.1620462,0.25511551
53,Peter Lambert,HOU,17969,0.34258065,0.68984446,0.48618994,0.66290019,0.86339523,0.78054475,0.41354521,0.64307229,0.10665658,0.15393343,0.26059002
54,Shane McClanahan,TBR,21483,0.33039216,0.67037037,0.48087432,0.57566766,0.86372007,0.75340909,0.44262295,0.63449692,0.11857923,0.16393443,0.28251366
55,Logan Henderson,MIL,31475,0.35524652,0.72128852,0.52890365,0.68327402,0.81165049,0.76633166,0.4744186,0.67654987,0.12358804,0.15149502,0.27508306
56,Brandon Pfaadt,ARI,27782,0.35456476,0.68956044,0.5005988,0.67365269,0.90438247,0.81220096,0.43592814,0.67456897,0.09389952,0.16208134,0.25598086
57,Tyler Glasnow,LAD,14374,0.29839884,0.6017316,0.42036554,0.44878049,0.8705036,0.69151139,0.40208877,0.61458333,0.12934028,0.20225694,0.33159722
58,Max Meyer,MIA,27474,0.33557692,0.64753004,0.46618222,0.52148997,0.89072165,0.73621103,0.41866965,0.65151515,0.1228364,0.17197097,0.29480737
59,Eury Pérez,MIA,27768,0.34693878,0.74152154,0.50883791,0.62683824,0.80716934,0.73466371,0.41030463,0.60882801,0.13475976,0.12124625,0.25600601
60,Jake Bennett,BOS,31959,0.40130862,0.72598425,0.53414948,0.67663043,0.87635575,0.78769602,0.40914948,0.65079365,0.11325611,0.14028314,0.25353925
61,Casey Mize,2 Tms,20492,0.31795302,0.67901235,0.47239558,0.65435356,0.86942149,0.78658537,0.42774844,0.65027322,0.10081613,0.16370619,0.26452232
62,Gerrit Cole,NYY,13125,0.3172147,0.68375136,0.48949257,0.6554878,0.88038278,0.80314136,0.47001538,0.68978805,0.09626216,0.18740399,0.28366615
63,Griffin Jax,TBR,20253,0.36801752,0.64808917,0.48215445,0.57738095,0.83538084,0.71870794,0.40752758,0.67228916,0.13562622,0.16742375,0.30304997
64,Christian Scott,NYM,30107,0.34551784,0.70306748,0.49389002,0.64735516,0.82897033,0.75463918,0.41496945,0.61392405,0.12111959,0.14961832,0.27073791
65,Tyler Mahle,2 Tms,16358,0.31293463,0.66286307,0.45337219,0.67333333,0.86541471,0.78604224,0.40133222,0.58957655,0.0969218,0.17512479,0.27204659
66,Janson Junk,MIA,23301,0.31109023,0.69526953,0.4880892,0.74320242,0.92879747,0.86500519,0.46071972,0.625,0.06582278,0.17012658,0.23594937
67,Framber Valdez,DET,17295,0.3175,0.66780822,0.46531792,0.66338583,0.90897436,0.8121118,0.42196532,0.61477573,0.08733309,0.17394442,0.26127752
68,Will Warren,NYY,30182,0.30491803,0.62904809,0.43474843,0.68387097,0.87363495,0.79385172,0.40055031,0.60923077,0.08955224,0.18774548,0.27729772
69,Blake Snell,LAD,13543,0.40909091,0.65758755,0.49527665,0.57575758,0.80473373,0.68119891,0.34682861,0.69942197,0.15768194,0.1509434,0.30862534
70,Freddy Peralta,2 Tms,18679,0.33636851,0.71886447,0.47752619,0.67038217,0.84458599,0.76716207,0.3690436,0.58356164,0.11114865,0.13277027,0.24391892
71,Michael McGreevy,STL,29869,0.30197723,0.65972851,0.4444845,0.68055556,0.91632373,0.81995134,0.39834174,0.57977208,0.08002884,0.16510454,0.24513338
72,Connor Prielipp,MIN,31857,0.32437276,0.67654321,0.47248183,0.64364641,0.8850365,0.78901099,0.42056075,0.65863454,0.09958506,0.16856846,0.26815353
73,Keider Montero,DET,22630,0.30018248,0.68353068,0.47604938,0.73556231,0.89448819,0.84024896,0.45876543,0.62929476,0.07604938,0.17432099,0.25037037
74,Hunter Brown,HOU,25880,0.28558798,0.63066667,0.42317916,0.60990712,0.84566596,0.75,0.39872408,0.5631929,0.10579479,0.18234981,0.2881446
75,Bubba Chandler,PIT,29868,0.31859558,0.67705382,0.46476704,0.69387755,0.87168759,0.7995029,0.40777821,0.59785933,0.09307692,0.16,0.25307692
76,Seth Lugo,KCR,12447,0.27795527,0.66821346,0.45451365,0.71494253,0.89236111,0.83294842,0.45241428,0.64580559,0.07590066,0.18048269,0.25638335
77,Andrew Alvarez,WSN,29914,0.31022327,0.63110307,0.43660969,0.56060606,0.90544413,0.75693312,0.39387464,0.56077348,0.10604982,0.17580071,0.28185053
78,Shota Imanaga,CHC,33829,0.37492573,0.72582076,0.51565836,0.60063391,0.81418093,0.72118703,0.40106762,0.56657224,0.1437211,0.1358947,0.2796158
79,Carlos Rodón,NYY,16137,0.32531501,0.71327434,0.47774687,0.57394366,0.8560794,0.73944687,0.39290682,0.58823529,0.12447844,0.13630042,0.26077886
80,Justin Wrobleski,LAD,31204,0.332,0.67830688,0.50025707,0.73493976,0.85959438,0.81706064,0.48586118,0.66095238,0.09137577,0.17402464,0.26540041
81,Clay Holmes,2 Tms,13649,0.32302772,0.62666667,0.45009299,0.65016502,0.91252955,0.8030303,0.41847489,0.58949881,0.08859975,0.1802974,0.26889715
82,Emerson Hancock,SEA,27470,0.32037194,0.75101215,0.51635191,0.66226913,0.85849057,0.79214987,0.45508982,0.65017668,0.1072744,0.13535912,0.24263352
83,J.T. Ginn,ATH,27889,0.30899308,0.69487179,0.45362806,0.60696517,0.85793358,0.75105932,0.3748198,0.54710145,0.11287224,0.14985591,0.26272815
84,David Peterson,2 Tms,20302,0.30657558,0.68765743,0.4605598,0.6545961,0.87362637,0.78674033,0.40407125,0.6259542,0.09806911,0.16260163,0.26067073
85,Gage Jump,ATH,35418,0.34356436,0.66756032,0.48120729,0.57636888,0.89759036,0.76568047,0.42482916,0.60640732,0.11275626,0.16230068,0.27505695
86,Nathan Eovaldi,TEX,9132,0.38047138,0.70337079,0.51876805,0.56637168,0.83546326,0.72263451,0.42829644,0.65095986,0.14388835,0.14821944,0.2921078
87,Matthew Boyd,CHC,15440,0.34869565,0.69021066,0.48952478,0.68578554,0.86894075,0.79227557,0.41236587,0.66923077,0.10168625,0.16351559,0.26520184
88,Joey Cantillo,CLE,23335,0.29431664,0.64672365,0.44093244,0.56321839,0.8164464,0.71774194,0.41604109,0.5615142,0.12426036,0.17514793,0.29940828
89,Troy Melton,DET,31807,0.33499501,0.70519481,0.49576988,0.61607143,0.88581952,0.78270762,0.43429216,0.60425532,0.10772702,0.14438804,0.25211506
90,Brandon Young,BAL,27819,0.35851557,0.6777669,0.48735178,0.6284658,0.88583815,0.7729116,0.40355731,0.65321375,0.11067194,0.1486166,0.25928854
91,Kyle Harrison,MIL,27758,0.35871404,0.6457346,0.47828233,0.59198113,0.85504587,0.73993808,0.4165844,0.63092784,0.12432166,0.17266897,0.29699063
92,Tanner Bibee,CLE,30134,0.3125,0.6839172,0.46967655,0.68411215,0.84633295,0.78407461,0.42318059,0.64358974,0.10141509,0.16745283,0.26886792
93,Cal Quantrill,TEX,19312,0.33333333,0.71238938,0.48824593,0.72018349,0.90372671,0.82962963,0.40867993,0.64451827,0.08318264,0.15822785,0.24141049
94,Walker Buehler,SDP,19374,0.29653821,0.66232558,0.44742901,0.71145374,0.88764045,0.81903945,0.41250959,0.65437788,0.0808739,0.17439632,0.25527022
95,Kyle Bradish,BAL,24586,0.32653061,0.63901979,0.45264359,0.58007813,0.92477876,0.77647059,0.4035755,0.56352765,0.10117916,0.16432103,0.26550019
96,Martín Pérez,ATL,6902,0.28969791,0.63285024,0.4237848,0.68983957,0.88358779,0.80289532,0.39075035,0.59397163,0.08349057,0.17971698,0.26320755
97,Ben Brown,CHC,23590,0.34293948,0.6875,0.48922056,0.5210084,0.89772727,0.74576271,0.42454395,0.62804878,0.12437811,0.16749585,0.29187396
98,Rhett Lowder,CIN,33876,0.28676471,0.63146998,0.43881279,0.66666667,0.92622951,0.8314256,0.44109589,0.59194396,0.07390511,0.18065693,0.25456204
99,Anthony Kay,CHW,20387,0.3559633,0.66268657,0.47272727,0.64776632,0.88138138,0.7724359,0.38068182,0.60413589,0.10753502,0.15183643,0.25937145
100,Andrew Abbott,CIN,29911,0.32378726,0.65457686,0.4573022,0.65162455,0.90765172,0.79954268,0.40362496,0.58710562,0.09166957,0.16556291,0.25723249
101,Robert Gasser,MIL,29812,0.30332262,0.70199501,0.48760807,0.6360424,0.87921847,0.79787234,0.46224784,0.64236902,0.09855908,0.16311239,0.26167147
102,Nick Pivetta,SDP,15454,0.36526946,0.62704918,0.47577855,0.68032787,0.90849673,0.80727273,0.42214533,0.63571429,0.0916955,0.183391,0.27508651
103,Emmet Sheehan,LAD,29839,0.37818821,0.69889503,0.5029554,0.54651163,0.8458498,0.70833333,0.38903815,0.5969163,0.14653784,0.14009662,0.28663446
104,Kumar Rocker,TEX,31843,0.32934132,0.68502203,0.47326203,0.58636364,0.89549839,0.76741996,0.40463458,0.55478261,0.10982659,0.14050689,0.25033348
105,Randy Vásquez,SDP,24719,0.32103689,0.7097561,0.4958859,0.6863354,0.90721649,0.82853982,0.44980801,0.6388309,0.08502468,0.1574328,0.24245749
106,Jack Flaherty,DET,17479,0.2937564,0.66918429,0.44539353,0.62369338,0.83747178,0.75342466,0.40390482,0.57326478,0.10982306,0.16107383,0.27089689
107,Aaron Nola,PHI,16149,0.34519177,0.64341761,0.46130346,0.61674718,0.85907859,0.74834437,0.38934148,0.64247312,0.11605022,0.17339667,0.2894469
108,Trey Yesavage,TOR,35456,0.31979695,0.71135647,0.47313156,0.53650794,0.83813747,0.71409922,0.39159975,0.59600998,0.13526868,0.14638666,0.28165534
109,Hayden Wesneski,HOU,27581,0.36466165,0.67213115,0.48997773,0.63917526,0.89430894,0.78181818,0.40757238,0.69105691,0.10678532,0.16129032,0.26807564
110,Bailey Ober,MIN,21224,0.31601363,0.71029083,0.48646035,0.69002695,0.88188976,0.8111332,0.43230174,0.60072595,0.09187621,0.15715667,0.24903288
111,Brandon Woodruff,MIL,16162,0.36443149,0.6722973,0.50704225,0.608,0.88442211,0.77777778,0.46322379,0.68965517,0.11267606,0.17683881,0.28951487
112,Bryce Elder,ATL,27779,0.30280091,0.68181818,0.45879733,0.6525,0.90793651,0.80873786,0.41158129,0.60189573,0.08767245,0.16599911,0.25367156
113,Matthew Liberatore,STL,22294,0.31043771,0.66014235,0.46109621,0.58785249,0.88948787,0.77389859,0.4308164,0.60534125,0.10409491,0.17527746,0.27937237
114,Shane Drohan,MIL,27814,0.32760596,0.64864865,0.46653671,0.63636364,0.84259259,0.76044568,0.43274854,0.66093366,0.11161583,0.16612589,0.27774173
115,Patrick Sandoval,BOS,19447,0.3085622,0.67280164,0.46931408,0.65445026,0.84802432,0.77692308,0.44133574,0.55254237,0.10459874,0.1632101,0.26780884
116,Yusei Kikuchi,LAA,20633,0.28726708,0.71863799,0.4875208,0.61621622,0.88778055,0.80204778,0.46422629,0.64590164,0.09650582,0.15141431,0.24792013
117,Gabriel Hughes,COL,31614,0.29145729,0.69512195,0.4738292,0.63218391,0.9122807,0.81782946,0.45179063,0.59558824,0.08623853,0.16238532,0.24862385
118,Andrew Painter,PHI,30091,0.36284722,0.67647059,0.49288618,0.6722488,0.84963768,0.77319588,0.41463415,0.62475442,0.11173184,0.15337735,0.26510919
119,Mitch Keller,PIT,17594,0.32819583,0.67346939,0.47164812,0.68508287,0.90530303,0.81573034,0.4154743,0.60437376,0.08686441,0.16207627,0.24894068
120,Bryce Miller,SEA,29837,0.38662791,0.74772432,0.54081066,0.67418546,0.86608696,0.78747433,0.42698501,0.65310493,0.11480865,0.12922906,0.24403771
121,Roki Sasaki,LAD,35323,0.34731544,0.71395349,0.50097466,0.53381643,0.86319218,0.73054475,0.41910331,0.60665362,0.13499025,0.14132554,0.27631579
122,Anthony Molina,SFG,26952,0.35840708,0.73142857,0.52119701,0.71604938,0.828125,0.784689,0.43640898,0.58415842,0.11221945,0.1446384,0.25685786
123,Carmen Mlodzinski,PIT,27572,0.28860294,0.64028777,0.44120708,0.68789809,0.90636704,0.8254717,0.433923,0.61065574,0.07692308,0.18503119,0.26195426
124,Grant Holmes,ATL,16944,0.32964602,0.70486486,0.48180623,0.53914989,0.88190184,0.74249318,0.40552389,0.58986928,0.12390543,0.13922942,0.26313485
125,Kris Bubic,KCR,21455,0.29769392,0.69760479,0.46239211,0.59859155,0.87124464,0.768,0.41183724,0.57487923,0.10714286,0.15640394,0.2635468
126,Kyle Freeland,COL,16256,0.35760518,0.70526316,0.50869167,0.64705882,0.89402985,0.79586331,0.43458371,0.65905383,0.10379515,0.15912209,0.26291724
127,Quinn Mathews,STL,33851,0.28657315,0.67934783,0.4532872,0.55944056,0.884,0.76590331,0.42445213,0.63507109,0.10611303,0.16147636,0.26758939
128,David Sandlin,CHW,31743,0.31007752,0.62561576,0.44902386,0.7,0.8503937,0.79227053,0.44034707,0.584,0.09327549,0.19088937,0.28416486
129,Jake Irvin,WSN,21504,0.28061224,0.69565217,0.46481271,0.68,0.84742647,0.79120879,0.44381385,0.62910798,0.09704881,0.16628831,0.26333712
130,Connelly Early,2 Tms,33666,0.33829787,0.65916399,0.46606914,0.6572327,0.88536585,0.78571429,0.39820743,0.61,0.09980806,0.17338452,0.27319258
131,Ian Seymour,TBR,27932,0.39167862,0.70817844,0.52955466,0.5970696,0.82152231,0.72782875,0.43562753,0.66149068,0.14412955,0.15546559,0.29959514
132,Randy Dobnak,KCR,23798,0.30746269,0.68505747,0.4561086,0.66019417,0.91275168,0.80952381,0.39366516,0.61071429,0.08687783,0.16923077,0.2561086
133,Ryan Gusto,MIA,26440,0.33040936,0.6796748,0.49576597,0.67699115,0.90191388,0.82298137,0.47344111,0.67042254,0.08769231,0.18384615,0.27153846
134,Slade Cecconi,CLE,27500,0.30205279,0.68337731,0.46434587,0.68608414,0.9034749,0.82224909,0.42560359,0.67019027,0.08244532,0.16937745,0.25182277
135,Zebby Matthews,MIN,31827,0.30518395,0.69163952,0.47331129,0.64931507,0.8744113,0.79241517,0.4350496,0.65688073,0.09825224,0.15871516,0.25696741
136,Luis Severino,ATH,15890,0.34267913,0.66666667,0.47513812,0.69090909,0.88851351,0.80426357,0.40883978,0.60516605,0.09300184,0.15930018,0.25230203
137,Zac Thornton,NYM,33891,0.35818713,0.71204188,0.51949085,0.72653061,0.8995098,0.83460949,0.45584726,0.65578635,0.08578237,0.15329627,0.23907863
138,Jonah Tong,NYM,32157,0.3438914,0.70992366,0.48011364,0.55263158,0.79569892,0.68639053,0.37215909,0.57471264,0.15056818,0.14488636,0.29545455
139,Chris Bassitt,BAL,12304,0.27777778,0.69513991,0.45725142,0.668,0.89618644,0.81717452,0.430019,0.58513189,0.08349146,0.16698292,0.25047438
140,Hunter Greene,CIN,22182,0.3531746,0.75,0.53070175,0.58426966,0.83660131,0.74380165,0.44736842,0.61983471,0.13596491,0.13815789,0.27412281
141,Robbie Ray,2 Tms,11486,0.31341535,0.70152091,0.46139906,0.64672897,0.87533875,0.77926159,0.38129757,0.58762887,0.10177472,0.1343716,0.23614632
142,Trevor McDonald,SFG,26448,0.29685157,0.64680851,0.44151275,0.62626263,0.90789474,0.79681275,0.41336851,0.59032258,0.08963093,0.18629174,0.27592267
143,Kade Anderson,SEA,37238,0.37541528,0.75416667,0.54343808,0.63716814,0.83425414,0.7585034,0.44362292,0.6369863,0.13123845,0.12939002,0.26062847
144,Sean Manaea,NYM,15873,0.36431624,0.71025641,0.52156177,0.67155425,0.87545126,0.79776536,0.45454545,0.60737527,0.10541642,0.15375655,0.25917298
145,Lake Bachar,2 Tms,19222,0.30514706,0.63157895,0.43115124,0.51807229,0.87037037,0.71727749,0.38600451,0.68571429,0.12189616,0.15801354,0.27990971
146,Jacob Lopez,ATH,25098,0.31379026,0.67344498,0.46067416,0.68684211,0.8383659,0.77730647,0.40840254,0.60469667,0.10266344,0.15883777,0.26150121
147,Chad Patrick,MIL,30113,0.33445946,0.66666667,0.45474138,0.64646465,0.8125,0.73459716,0.36206897,0.6,0.12068966,0.15732759,0.27801724
148,Mick Abel,MIN,27756,0.36942675,0.64705882,0.48913043,0.5862069,0.88311688,0.75555556,0.43115942,0.71232877,0.11956522,0.1884058,0.30797101
149,Colin Rea,CHC,12317,0.32640333,0.65665236,0.4653823,0.70063694,0.91503268,0.82794308,0.42083082,0.64908257,0.08007225,0.17218543,0.25225768
150,Dean Kremer,2 Tms,19350,0.31818182,0.68439716,0.45907231,0.60278746,0.84715026,0.74294205,0.38472033,0.61813187,0.11792774,0.16632584,0.28425358
151,Stephen Kolek,KCR,21487,0.30508475,0.70958904,0.48148148,0.66666667,0.9034749,0.81885856,0.43608124,0.57142857,0.08711217,0.1575179,0.24463007
152,Jack Leiter,TEX,30146,0.33695652,0.68365554,0.4781675,0.61648746,0.86375321,0.76047904,0.40730136,0.56338028,0.11453114,0.1567645,0.27129563
153,Joe Boyle,TBR,29608,0.31543624,0.64035088,0.45627376,0.61702128,0.84931507,0.75833333,0.43346008,0.57575758,0.11026616,0.16730038,0.27756654
154,Patrick Corbin,TOR,9323,0.32418301,0.73672566,0.47740345,0.70967742,0.90690691,0.82271945,0.37140509,0.63022508,0.08456486,0.13711002,0.22167488
155,Jackson Jobe,DET,30203,0.32618026,0.69836066,0.47341115,0.67763158,0.85915493,0.78356164,0.39559014,0.60103627,0.10246433,0.15304799,0.25551232
156,Robert Stock,NYM,6576,0.32142857,0.69354839,0.48741007,0.5959596,0.86046512,0.76383764,0.44604317,0.60689655,0.11490126,0.14901257,0.26391382
157,Reynaldo López,ATL,16400,0.30051813,0.66507177,0.45336008,0.6091954,0.89568345,0.78539823,0.41925777,0.57936508,0.09719439,0.15430862,0.25150301
158,Spencer Miles,TOR,31621,0.32044199,0.62983425,0.47513812,0.75862069,0.92105263,0.86627907,0.5,0.65625,0.06353591,0.20441989,0.2679558
159,Michael Lorenzen,COL,14843,0.26910828,0.67861021,0.44235186,0.69822485,0.8976,0.82762201,0.42305926,0.61827957,0.07625172,0.17179605,0.24804777
160,Drew Anderson,DET,15130,0.36734694,0.67507886,0.488228,0.58888889,0.90654206,0.76142132,0.39281289,0.65714286,0.11648079,0.16480793,0.28128872
161,Jackson Kent,WSN,35462,0.32631579,0.64444444,0.4446281,0.63709677,0.91724138,0.78810409,0.37190083,0.58278146,0.09421488,0.15371901,0.24793388
162,Sean Newcomb,CHW,16943,0.22988506,0.62765957,0.43646409,0.55,0.86440678,0.78481013,0.51933702,0.52631579,0.09392265,0.20441989,0.29834254
163,Tomoyuki Sugano,COL,35321,0.29448276,0.70895522,0.47065821,0.65105386,0.91842105,0.82224094,0.42505948,0.60365854,0.08353127,0.14449723,0.2280285
164,Tim Mayza,PHI,15042,0.25806452,0.68493151,0.44578313,0.66666667,0.96,0.86486486,0.43975904,0.575,0.06024096,0.19277108,0.25301205
165,Kendry Rojas,MIN,29423,0.28571429,0.67816092,0.45728643,0.5625,0.81355932,0.72527473,0.43718593,0.63265306,0.12562814,0.13567839,0.26130653
166,Cody Bradford,TEX,27597,0.37724551,0.64705882,0.5024077,0.8015873,0.89839572,0.85942492,0.46388443,0.7,0.070626,0.18138042,0.25200642
167,Jack Perkins,ATH,31468,0.35406699,0.64444444,0.47361013,0.57094595,0.88594164,0.7473997,0.41168191,0.58152174,0.11963406,0.16396904,0.2836031
168,Mitch Bratt,ARI,30003,0.29496403,0.70873786,0.47107438,0.80487805,0.91324201,0.87426901,0.42561983,0.59793814,0.05922865,0.15151515,0.2107438
169,Ryan Feltner,COL,21446,0.30306022,0.71373556,0.48158482,0.60586319,0.88129496,0.78331402,0.43470982,0.63692946,0.10429448,0.14612381,0.25041829
170,Max Scherzer,TOR,3137,0.34064665,0.72436975,0.49691992,0.69830508,0.8863109,0.80991736,0.4072553,0.62912088,0.09439124,0.14637483,0.24076607
171,Riley Cornelio,WSN,31953,0.31707317,0.70833333,0.46153846,0.30769231,0.79411765,0.58333333,0.36923077,0.57142857,0.19230769,0.13076923,0.32307692
172,Garrett Crochet,BOS,27463,0.34782609,0.71428571,0.48648649,0.61607143,0.89285714,0.76984127,0.37837838,0.55072464,0.11196911,0.14478764,0.25675676
173,Kyle Hart,SDP,19646,0.33802817,0.58490566,0.44354839,0.54166667,0.96774194,0.78181818,0.42741935,0.60606061,0.09677419,0.21774194,0.31451613
174,Casey Legumina,TBR,25921,0.37837838,0.66666667,0.52054795,0.75,0.9375,0.86842105,0.49315068,0.71794872,0.06849315,0.18493151,0.25342466
175,Brandon Sproat,MIL,33850,0.28716216,0.68201439,0.460518,0.60784314,0.85232068,0.76680384,0.4390398,0.58376963,0.10725552,0.15835962,0.26561514
176,Hunter Dobbins,STL,30240,0.2962963,0.64130435,0.43079096,0.65625,0.85875706,0.77377049,0.38983051,0.59537572,0.09745763,0.16384181,0.26129944
177,Cade Povich,BAL,30055,0.31818182,0.66203704,0.45992366,0.58163265,0.94405594,0.7966805,0.41221374,0.56617647,0.09351145,0.15076336,0.24427481
178,Brady Basso,ATH,25582,0.34302326,0.76153846,0.52317881,0.66101695,0.92929293,0.82911392,0.43046358,0.6547619,0.08940397,0.12251656,0.21192053
179,Brad Lord,WSN,31972,0.304,0.72477064,0.5,0.78947368,0.91139241,0.87179487,0.46581197,0.60377358,0.06410256,0.15384615,0.21794872
180,Ryan Yarbrough,NYY,16502,0.34090909,0.75609756,0.54117647,0.6,0.70967742,0.67391304,0.48235294,0.72727273,0.17647059,0.14117647,0.31764706
181,Blade Tidwell,SFG,31701,0.25858124,0.65294118,0.43114543,0.59292035,0.92792793,0.81492537,0.43758044,0.58510638,0.07969152,0.17994859,0.2596401
182,Aaron Civale,ATH,19479,0.34196185,0.63269231,0.46251994,0.73306773,0.88753799,0.82068966,0.41467305,0.64525994,0.08293461,0.18899522,0.27192982
183,Tatsuya Imai,HOU,37124,0.28531073,0.66365688,0.43092963,0.4950495,0.84693878,0.70362903,0.38488271,0.49811321,0.12760417,0.15190972,0.27951389
184,Grant Taylor,CHW,33927,0.4516129,0.6,0.52459016,0.5,0.88888889,0.71875,0.49180328,0.8125,0.14754098,0.21311475,0.36065574
185,José Suarez,2 Tms,19911,0.4,0.74074074,0.51219512,0.54545455,1.0,0.76190476,0.32926829,0.81818182,0.12195122,0.12195122,0.24390244
186,Tyler Phillips,MIA,20629,0.33584906,0.63123994,0.46539548,0.56554307,0.89795918,0.76327769,0.43855932,0.59840426,0.11016949,0.17725989,0.28742938
187,Grayson Rodriguez,LAA,24492,0.31854839,0.70346598,0.48785997,0.61075949,0.88868613,0.78703704,0.43986448,0.61261261,0.10383747,0.15744921,0.26128668
188,Jack Dreyer,LAD,30249,0.4047619,0.64,0.49253731,0.52941176,0.9375,0.72727273,0.37313433,0.33333333,0.13432836,0.14925373,0.28358209
189,Gordon Graceffo,STL,29519,0.45454545,0.375,0.42105263,0.4,1.0,0.625,0.42105263,0.66666667,0.15789474,0.23684211,0.39473684
190,Mason Montgomery,PIT,29770,0.38461538,0.6875,0.52112676,0.4,0.77272727,0.62162162,0.45070423,0.57142857,0.1971831,0.16901408,0.36619718
191,Noah Schultz,CHW,32056,0.296,0.63076923,0.43703704,0.64864865,0.90243902,0.8029661,0.4212963,0.60661765,0.08611111,0.17962963,0.26574074
192,Chris Paddack,2 Tms,20099,0.367713,0.72240803,0.51006711,0.70121951,0.90277778,0.81578947,0.40134228,0.67875648,0.09395973,0.13154362,0.22550336
193,Jack Kochanowicz,LAA,27688,0.28110599,0.69230769,0.45027125,0.66666667,0.83809524,0.7751004,0.41139241,0.53378378,0.10117435,0.15537489,0.25654923
194,Ryan Johnson,LAA,35325,0.30810811,0.65912306,0.46017157,0.64561404,0.8583691,0.77762983,0.43321078,0.61800487,0.10232843,0.17034314,0.27267157
195,Bradgley Rodriguez,SDP,29107,0.38461538,0.63636364,0.5,0.8,0.85714286,0.83333333,0.45833333,0.61538462,0.08333333,0.1875,0.27083333
196,Coleman Crow,MIL,27926,0.3566879,0.68907563,0.5,0.76785714,0.86585366,0.82608696,0.43115942,0.67105263,0.08695652,0.17753623,0.26449275
197,Griffin Canning,SDP,19867,0.26550388,0.67346939,0.42840512,0.59124088,0.87878788,0.77173913,0.39930151,0.51131222,0.09767442,0.15581395,0.25348837
198,Mason Adams,COL,31663,0.29365079,0.67592593,0.47008547,0.54054054,0.91780822,0.79090909,0.46153846,0.61290323,0.0982906,0.18589744,0.28418803
199,Wandy Peralta,SDP,14295,0.4,0.7037037,0.53225806,0.64285714,0.94736842,0.81818182,0.43548387,0.68421053,0.0952381,0.12698413,0.22222222
200,Alec Gamboa,BOS,26227,0.36585366,0.74193548,0.52777778,0.86666667,0.91304348,0.89473684,0.43055556,0.55,0.05555556,0.15277778,0.20833333
201,Adrian Houser,SFG,12718,0.28052326,0.66221374,0.44554455,0.66839378,0.90201729,0.81851852,0.43234323,0.6402439,0.08079143,0.1797197,0.26051113
202,PJ Poulin,WSN,23394,0.30769231,0.5631068,0.42060086,0.85,0.84482759,0.84693878,0.44206009,0.65517241,0.06437768,0.21888412,0.2832618
203,Braydon Fisher,TOR,24609,0.25225225,0.5942029,0.38333333,0.46428571,0.87804878,0.71014493,0.38333333,0.57777778,0.11111111,0.20555556,0.31666667
204,Jacob Latz,TEX,21306,0.15625,0.63888889,0.41176471,0.2,0.7826087,0.67857143,0.52941176,0.5,0.13235294,0.20588235,0.33823529
205,Aaron Ashby,MIL,23550,0.29166667,0.45,0.36363636,0.42857143,1.0,0.75,0.45454545,0.7,0.09090909,0.27272727,0.36363636
206,Tyler Alexander,TEX,17735,0.35483871,0.7027027,0.48484848,0.72727273,0.84615385,0.79166667,0.37373737,0.59090909,0.1010101,0.15151515,0.25252525
207,Carson Palmquist,WSN,31612,0.35664336,0.62222222,0.45922747,0.62745098,0.89285714,0.76635514,0.38626609,0.61818182,0.10729614,0.16309013,0.27038627
208,Jakob Junis,TEX,13619,0.35714286,0.58823529,0.48387097,0.8,0.9,0.86666667,0.5483871,0.7,0.06451613,0.22580645,0.29032258
209,Tanner Gordon,COL,27669,0.33458647,0.72626932,0.51472081,0.69662921,0.89361702,0.82445759,0.45989848,0.65055762,0.09035533,0.15025381,0.24060914
210,Shane Bieber,TOR,19427,0.31447587,0.63829787,0.42903226,0.61904762,0.94285714,0.78947368,0.35376344,0.58677686,0.09032258,0.17311828,0.26344086
211,Javier Assad,CHC,21741,0.28265107,0.64563107,0.44432432,0.7862069,0.91729323,0.87104623,0.44540541,0.60792952,0.05723542,0.17818575,0.23542117
212,Wilber Dotel,PIT,28901,0.37142857,0.66666667,0.51470588,0.92307692,1.0,0.97142857,0.48529412,0.75,0.01470588,0.17647059,0.19117647
213,Matt Wilkinson,SFG,33760,0.3215859,0.62790698,0.43258427,0.75342466,0.92592593,0.84415584,0.36235955,0.58064516,0.06741573,0.18258427,0.25
214,Luis Castillo,2 Tms,15689,0.35931091,0.73471742,0.51534036,0.66438356,0.87284144,0.78790698,0.415628,0.68665377,0.1093001,0.13326942,0.24256951
215,Cody Bolton,HOU,23265,0.20588235,0.640625,0.37349398,0.71428571,0.92682927,0.85483871,0.38554217,0.52631579,0.05421687,0.18072289,0.23493976
216,Chase Dollander,COL,33482,0.2519084,0.68131868,0.42792793,0.63636364,0.91935484,0.82105263,0.40990991,0.55932203,0.07657658,0.14864865,0.22522523
217,George Klassen,LAA,33464,0.26460481,0.735,0.45621181,0.46753247,0.85714286,0.72321429,0.40733198,0.544,0.12627291,0.13034623,0.25661914
218,Hagen Smith,CHW,35205,0.27777778,0.66666667,0.45454545,0.4,0.9,0.73333333,0.45454545,0.5,0.12121212,0.18181818,0.3030303
219,Luinder Avila,KCR,24452,0.28885135,0.63247863,0.41675504,0.67251462,0.87387387,0.78625954,0.37221633,0.56465517,0.08907741,0.17073171,0.25980912
220,Cionel Pérez,NYM,19614,0.57142857,0.88888889,0.69565217,0.5,0.75,0.625,0.39130435,0.75,0.26086957,0.08695652,0.34782609
221,Kent Emanuel,CIN,15849,0.28846154,0.63636364,0.44791667,0.66666667,0.85714286,0.79069767,0.45833333,0.65217391,0.09375,0.17708333,0.27083333
222,Yohan Ramírez,PIT,19444,0.30769231,0.76923077,0.46153846,0.375,0.8,0.61111111,0.33333333,0.75,0.17948718,0.12820513,0.30769231
223,Steven Matz,TBR,13361,0.29954955,0.69444444,0.47636816,0.67669173,0.864,0.79895561,0.44776119,0.60606061,0.09577114,0.1579602,0.25373134
224,Justin Hagenman,NYM,21546,0.25,0.72222222,0.43478261,0.71428571,1.0,0.9,0.39130435,0.5,0.04347826,0.13043478,0.17391304
225,Mitch Spence,KCR,27707,0.37142857,0.75,0.53968254,0.84615385,0.95238095,0.91176471,0.44444444,0.65,0.04761905,0.12698413,0.17460317
226,Cole Sulser,TBR,15256,0.44736842,0.75,0.56451613,0.64705882,0.88888889,0.77142857,0.38709677,0.8125,0.12698413,0.11111111,0.23809524
227,Andrew Morris,MIN,31891,0.25,0.74418605,0.5060241,0.8,0.875,0.85714286,0.51807229,0.6,0.07228916,0.14457831,0.21686747
228,Mason Fluharty,TOR,31553,0.28,0.62962963,0.4025974,0.57142857,0.88235294,0.74193548,0.35064935,0.47619048,0.1025641,0.15384615,0.25641026
229,Lance McCullers Jr.,HOU,14120,0.29039813,0.62081784,0.41810345,0.58064516,0.91017964,0.76975945,0.38649425,0.55232558,0.09626437,0.17097701,0.26724138
230,Elmer Rodríguez,NYY,31811,0.26072607,0.60824742,0.39637827,0.51898734,0.86440678,0.72588832,0.39034205,0.544,0.10865191,0.18309859,0.2917505
231,Brady Singer,CIN,25377,0.29069069,0.6540493,0.43805784,0.59917355,0.8923284,0.77669112,0.40556944,0.58206897,0.09778729,0.17487509,0.27266238
232,Cody Ponce,TOR,17920,0.52631579,1.0,0.61702128,0.35,0.77777778,0.48275862,0.19148936,0.8,0.31914894,0.0212766,0.34042553
233,Brandon Williamson,CIN,25463,0.28077754,0.66783217,0.42857143,0.72307692,0.82198953,0.78193146,0.38184246,0.51336898,0.09345794,0.15220294,0.24566088
234,Cesar Perdomo,SFG,30334,0.29608939,0.6884058,0.46687697,0.71698113,0.91578947,0.84459459,0.43533123,0.58426966,0.07255521,0.14826498,0.22082019
235,Spencer Arrighetti,2 Tms,29921,0.27425743,0.64006024,0.41935484,0.6101083,0.87058824,0.76780627,0.39665472,0.54418605,0.09731343,0.1761194,0.27343284
236,Tyler Holton,DET,26231,0.3125,0.64516129,0.47619048,0.6,0.75,0.7,0.49206349,0.625,0.14285714,0.17460317,0.31746032
237,Edward Cabrera,CHC,21690,0.32778489,0.70941884,0.4765625,0.58203125,0.88418079,0.75737705,0.38984375,0.58054711,0.115625,0.1328125,0.2484375
238,Jimmy Herget,COL,17556,0.36363636,0.61538462,0.5,0.5,0.875,0.75,0.54166667,0.75,0.125,0.1875,0.3125
239,Spencer Strider,ATL,27498,0.31775701,0.70342205,0.46454414,0.56617647,0.86486486,0.73831776,0.38060781,0.58787879,0.12156295,0.15195369,0.27351664
240,Zach Pop,PHI,20185,0.3,0.47058824,0.37837838,1.0,1.0,1.0,0.45945946,0.55555556,0.0,0.24324324,0.24324324
241,Tyler Samaniego,BOS,30081,0.3,0.91666667,0.63636364,0.66666667,0.63636364,0.64285714,0.54545455,0.33333333,0.22727273,0.04545455,0.27272727
242,Trevor Williams,TEX,16977,0.41666667,1.0,0.63157895,0.4,0.71428571,0.58333333,0.36842105,0.33333333,0.26315789,0.05263158,0.31578947
243,Erik Miller,BOS,26252,0.4,0.85714286,0.58823529,0.0,0.83333333,0.5,0.41176471,0.8,0.29411765,0.05882353,0.35294118
244,Richard Lovelady,WSN,19337,0.29268293,0.59016393,0.41958042,0.79166667,0.91666667,0.86666667,0.42657343,0.64864865,0.05555556,0.21527778,0.27083333
245,Jordan Wicks,CHC,30094,0.36363636,0.76923077,0.52713178,0.60714286,0.875,0.76470588,0.40310078,0.64705882,0.12403101,0.13953488,0.26356589
246,Kirby Yates,PIT,9073,0.29411765,0.72727273,0.46428571,0.8,0.875,0.84615385,0.39285714,0.5,0.07142857,0.14285714,0.21428571
247,Adam Macko,TOR,25590,0.42105263,0.72727273,0.53333333,0.625,1.0,0.8125,0.36666667,0.71428571,0.1,0.13333333,0.23333333
248,Brenan Hanifee,DET,22304,0.41666667,0.83333333,0.625,0.8,1.0,0.93333333,0.5,0.75,0.04166667,0.125,0.16666667
249,Will Dion,WSN,30061,0.47826087,0.57142857,0.51351351,0.72727273,1.0,0.84210526,0.37837838,0.88888889,0.08108108,0.18918919,0.27027027
250,Ray Kerr,ATL,23809,0.28571429,0.72222222,0.53125,1.0,0.92307692,0.94117647,0.5625,0.63636364,0.03125,0.15625,0.1875
251,Luis Medina,ATH,21649,0.125,0.7,0.44444444,1.0,0.85714286,0.875,0.55555556,0.4,0.05555556,0.22222222,0.27777778
252,Caleb Ferguson,CIN,19349,0.27272727,0.625,0.48148148,0.66666667,1.0,0.92307692,0.59259259,0.57142857,0.03571429,0.21428571,0.25
253,Kai-Wei Teng,HOU,24282,0.30821918,0.64,0.44954128,0.54814815,0.86538462,0.74052478,0.4259502,0.63235294,0.11664482,0.18217562,0.29882045
254,Edgardo Henriquez,LAD,26944,0.30769231,0.75,0.47619048,0.5,0.66666667,0.6,0.38095238,0.5,0.19047619,0.0952381,0.28571429
255,Brock Stewart,LAD,16727,0.57142857,1.0,0.66666667,0.5,1.0,0.66666667,0.22222222,0.75,0.22222222,0.11111111,0.33333333
256,Kyle Backhus,PHI,29615,0.28571429,0.625,0.46666667,1.0,1.0,1.0,0.53333333,0.6,0.0,0.33333333,0.33333333
257,Matt Svanson,STL,29629,0.6,0.75,0.64285714,0.83333333,1.0,0.88888889,0.28571429,0.75,0.07142857,0.07142857,0.14285714
258,Riley Martin,CHC,29934,0.5,0.75,0.66666667,0.0,1.0,0.75,0.66666667,1.0,0.16666667,0.33333333,0.5
259,Carson Seymour,SFG,30084,0.28571429,0.66666667,0.4,0.0,1.0,0.5,0.3,0.33333333,0.2,0.2,0.4
260,JT Brubaker,SFG,17578,0.33333333,0.42857143,0.375,0.66666667,1.0,0.83333333,0.4375,0.6,0.0625,0.25,0.3125
261,Didier Fuentes,ATL,30661,0.25714286,0.76923077,0.52702703,0.33333333,0.76666667,0.66666667,0.52702703,0.66666667,0.17567568,0.18918919,0.36486486
262,Brent Suter,2 Tms,13942,0.29787234,0.54666667,0.40828402,0.64285714,0.75609756,0.71014493,0.44378698,0.56756757,0.11764706,0.20588235,0.32352941
263,Derek Law,ARI,13133,0.18181818,0.75,0.42105263,1.0,1.0,1.0,0.42105263,0.16666667,0.0,0.10526316,0.10526316
264,Logan Allen,CLE,27589,0.31764706,0.72413793,0.48251748,0.77777778,0.88095238,0.84057971,0.40559441,0.66666667,0.07692308,0.13286713,0.20979021
265,Cade Horton,CHC,31872,0.37037037,0.57894737,0.45652174,0.65,0.90909091,0.78571429,0.41304348,0.65384615,0.09782609,0.19565217,0.29347826
266,Kyle Hurt,LAD,27514,0.36842105,0.76470588,0.55555556,0.71428571,0.84615385,0.8,0.47222222,0.55555556,0.11111111,0.11111111,0.22222222
267,Taylor Clarke,ARI,17611,0.3125,0.61538462,0.4,0.6,0.875,0.72222222,0.28888889,0.41666667,0.11111111,0.15555556,0.26666667
268,Joey Estes,ATH,26257,0.38095238,0.72413793,0.52112676,0.625,0.85714286,0.75675676,0.4084507,0.72222222,0.12676056,0.14084507,0.26760563
269,DL Hall,MIL,22207,0.15,0.66666667,0.34375,0.66666667,0.625,0.63636364,0.375,0.28571429,0.125,0.15625,0.28125
270,Cole Winn,TEX,22113,0.5,0.75,0.66666667,1.0,1.0,1.0,0.66666667,0.66666667,0.0,0.16666667,0.16666667
271,Zach Eflin,BAL,13774,0.24444444,0.79310345,0.45945946,0.36363636,0.7826087,0.64705882,0.39189189,0.58823529,0.16216216,0.13513514,0.2972973
272,Erick Fedde,CHW,17425,0.27604871,0.63298969,0.41748366,0.73039216,0.91205212,0.83953033,0.39624183,0.60526316,0.06699346,0.18137255,0.24836601
273,Seth Johnson,ATH,26020,0.33333333,0.58333333,0.41666667,0.5,0.71428571,0.6,0.33333333,0.75,0.16666667,0.19444444,0.36111111
274,Jordan Leasure,CHW,29950,0.14285714,0.85714286,0.38095238,0.5,1.0,0.875,0.33333333,0.6,0.04761905,0.19047619,0.23809524
275,Cade Gibson,MIA,31815,0.5,0.33333333,0.43478261,0.57142857,1.0,0.7,0.39130435,0.57142857,0.13043478,0.2173913,0.34782609
276,Jacob Waguespack,DET,18318,0.05555556,0.58333333,0.26666667,1.0,0.71428571,0.75,0.4,0.33333333,0.06666667,0.2,0.26666667
277,Jordan Hicks,CHW,19618,0.25,0.46153846,0.33333333,0.4,1.0,0.72727273,0.39393939,0.75,0.09090909,0.24242424,0.33333333
278,Andrew Sears,DET,33664,0.2890625,0.70886076,0.44927536,0.56756757,0.875,0.75268817,0.38164251,0.59259259,0.11057692,0.14903846,0.25961538
279,Jason Alexander,HOU,19666,0.29166667,0.5952381,0.43333333,0.60714286,0.9,0.79487179,0.46666667,0.68,0.08888889,0.21666667,0.30555556
280,Paxton Schultz,WSN,25501,0.23076923,0.76923077,0.5,0.33333333,0.9,0.76923077,0.5,0.66666667,0.11538462,0.15384615,0.26923077
281,Jose Cabrera,ARI,30412,0.29468599,0.66197183,0.44412607,0.6557377,0.94680851,0.83225806,0.40687679,0.62626263,0.07428571,0.17142857,0.24571429
282,Tanner Banks,PHI,16990,0.0,0.5,0.25,,0.42857143,0.42857143,0.5,0.5,0.14285714,0.25,0.39285714
283,Will Klein,LAD,27787,0.35,0.75,0.47727273,0.61904762,0.95238095,0.78571429,0.31818182,0.4,0.10227273,0.13636364,0.23863636
284,Jefry Yan,NYM,27902,0.32,0.66666667,0.43243243,0.5,1.0,0.75,0.32432432,0.6,0.10810811,0.13513514,0.24324324
285,Beck Way,KCR,27877,0.25,0.76923077,0.52,0.66666667,1.0,0.92307692,0.52,0.42857143,0.04,0.12,0.16
286,Keegan Akin,BAL,19362,0.47058824,0.64285714,0.5483871,0.5,0.55555556,0.52941176,0.4516129,0.71428571,0.25806452,0.12903226,0.38709677
287,Carson Whisenhunt,SFG,31676,0.32124352,0.66233766,0.44894652,0.58064516,0.86928105,0.7400722,0.37439222,0.6402439,0.11669368,0.16045381,0.27714749
288,Steven Cruz,KCR,23165,0.4137931,0.76923077,0.52380952,0.41666667,0.8,0.59090909,0.30952381,0.33333333,0.20930233,0.06976744,0.27906977
289,Eduardo Rivera,BOS,31280,0.31,0.66666667,0.4556213,0.74193548,0.82608696,0.79220779,0.40828402,0.47058824,0.09467456,0.14201183,0.23668639
290,River Ryan,DET,29514,0.31578947,0.56,0.3902439,0.61111111,0.78571429,0.6875,0.30487805,0.57142857,0.12195122,0.18292683,0.30487805
291,Zach Agnos,COL,31552,0.34615385,0.71212121,0.48823529,0.61111111,0.87234043,0.75903614,0.38823529,0.60465116,0.11764706,0.14705882,0.26470588
292,CJ Van Eyk,TOR,27568,0.37777778,0.76923077,0.55952381,0.70588235,0.83333333,0.78723404,0.46428571,0.65,0.11904762,0.11904762,0.23809524
293,Cristian Javier,HOU,17606,0.34521576,0.74336283,0.5,0.64673913,0.81746032,0.74541284,0.38876147,0.62727273,0.12729358,0.12385321,0.25114679
294,Ty Madden,DET,30140,0.25,1.0,0.5,0.375,0.875,0.70833333,0.33333333,0.46666667,0.14583333,0.08333333,0.22916667
295,JP Sears,SDP,23429,0.31203008,0.70555556,0.47085202,0.73493976,0.8503937,0.8047619,0.40358744,0.5483871,0.09192825,0.14798206,0.23991031
296,Ryan Rolison,CHC,22200,0.23529412,0.76470588,0.5,0.5,0.76923077,0.70588235,0.5,0.45454545,0.14705882,0.17647059,0.32352941
297,Shane Smith,CHW,31687,0.30075188,0.59782609,0.42222222,0.6,0.87272727,0.75789474,0.40888889,0.51020408,0.10222222,0.18666667,0.28888889
298,Austin Warren,NYM,24937,0.16666667,0.59090909,0.34615385,0.8,0.84615385,0.83333333,0.42307692,0.36363636,0.05769231,0.17307692,0.23076923
299,Braxton Garrett,MIA,21844,0.22619048,0.71111111,0.39534884,0.63157895,0.875,0.78431373,0.34883721,0.32142857,0.08461538,0.10769231,0.19230769
300,José Urquidy,CHW,18413,0.22222222,0.71794872,0.43010753,0.75,0.96428571,0.9,0.41935484,0.71428571,0.04301075,0.17204301,0.21505376
301,Eddy Yean,WSN,24248,0.375,0.83333333,0.65,1.0,1.0,1.0,0.6,0.7,0.0,0.1,0.1
302,Miguel Ullola,HOU,29036,0.17647059,0.71428571,0.33333333,0.66666667,0.8,0.75,0.29166667,0.42857143,0.08333333,0.08333333,0.16666667
303,Sam Aldegheri,LAA,26443,0.28723404,0.66161616,0.44166667,0.7654321,0.87022901,0.83018868,0.4125,0.62711864,0.075,0.16875,0.24375
304,Eric Lauer,2 Tms,19316,0.37796976,0.73559322,0.5171504,0.78571429,0.88709677,0.84183673,0.38918206,0.61479592,0.08174028,0.13447594,0.21621622
305,Daniel Espino,CLE,25625,0.41463415,0.62068966,0.5,0.64705882,0.77777778,0.71428571,0.41428571,0.70588235,0.14285714,0.17142857,0.31428571
306,Ryne Nelson,ARI,26253,0.39319728,0.73608618,0.54102167,0.73356401,0.90487805,0.83404864,0.43111455,0.63943662,0.08971384,0.13070379,0.22041763
307,Bryan Hudson,CHW,19924,0.31147541,0.62162162,0.48148148,0.63157895,0.86956522,0.8,0.54814815,0.53846154,0.0962963,0.21481481,0.31111111
308,Owen Murphy,ATL,31761,0.36363636,0.7037037,0.55102041,0.875,0.84210526,0.85185185,0.55102041,0.8,0.08163265,0.14285714,0.2244898
309,Matt Waldron,2 Tms,25550,0.33783784,0.71428571,0.51094891,0.7,0.96666667,0.87142857,0.45985401,0.70512821,0.06569343,0.15328467,0.2189781
310,John King,MIA,22051,0.33333333,0.58333333,0.43333333,0.5,1.0,0.76923077,0.4,0.42857143,0.1,0.13333333,0.23333333
311,Merrill Kelly,ARI,11156,0.36709638,0.69807497,0.49197248,0.70234114,0.89259797,0.8041958,0.37729358,0.61789773,0.09610984,0.13806255,0.23417239
312,Yunior Marte,SFG,31097,0.27464789,0.74,0.46694215,0.66666667,0.89189189,0.81415929,0.41322314,0.5,0.08677686,0.12809917,0.21487603
313,Brandon Eisert,CHW,27668,0.23333333,0.68571429,0.4,0.35714286,0.79166667,0.63157895,0.36842105,0.76190476,0.14736842,0.16842105,0.31578947
314,Robby Snelling,MIA,31893,0.32,0.72222222,0.48837209,0.5625,0.88461538,0.76190476,0.41860465,0.72727273,0.11627907,0.13953488,0.25581395
315,Thomas Pannone,MIL,17281,0.34375,0.66666667,0.48214286,0.90909091,0.875,0.88888889,0.42857143,0.64285714,0.05357143,0.14285714,0.19642857
316,Jack Ralston,MIA,26104,0.2,0.61111111,0.42424242,0.66666667,1.0,0.92857143,0.54545455,0.625,0.03030303,0.24242424,0.27272727
317,Nick Lodolo,CIN,26378,0.31743278,0.64879357,0.447604,0.66120219,0.90289256,0.79882353,0.39283834,0.59670782,0.09004739,0.164297,0.25434439
318,Paul Blackburn,NYY,14739,0.34210526,0.71428571,0.47457627,0.76923077,0.93333333,0.85714286,0.3559322,0.69230769,0.06779661,0.10169492,0.16949153
319,Sean Sullivan,COL,33502,0.34222222,0.64171123,0.47815534,0.7012987,0.94166667,0.84771574,0.4538835,0.5877193,0.07281553,0.17961165,0.25242718
320,Jose Quintana,COL,11423,0.31898239,0.70819672,0.46446078,0.69325153,0.87962963,0.7994723,0.37377451,0.5990566,0.09279609,0.12820513,0.22100122
321,Tobias Myers,NYM,22191,0.1754386,0.70588235,0.37362637,0.8,0.83333333,0.82352941,0.37362637,0.58333333,0.06593407,0.17582418,0.24175824
322,Colton Gordon,HOU,31312,0.48888889,0.73913043,0.57352941,0.68181818,0.94117647,0.79487179,0.33823529,0.73684211,0.11764706,0.16176471,0.27941176
323,AJ Smith-Shawver,ATL,29960,0.32520325,0.73548387,0.48379052,0.6875,0.8245614,0.76804124,0.38653367,0.53398058,0.11221945,0.13965087,0.25187032
324,Justin Verlander,DET,8700,0.3627451,0.69565217,0.49707602,0.81081081,0.8125,0.81176471,0.40350877,0.61538462,0.09356725,0.14035088,0.23391813
325,Pete Fairbanks,MIA,17998,0.33333333,0.41666667,0.37037037,0.8,0.8,0.8,0.44444444,0.28571429,0.07142857,0.21428571,0.28571429
326,Lyon Richardson,CIN,24581,0.18181818,0.625,0.3,0.5,0.6,0.55555556,0.26666667,0.42857143,0.13333333,0.13333333,0.26666667
327,Lucas Giolito,SDP,15474,0.22916667,0.65,0.3975,0.67272727,0.80769231,0.76100629,0.4,0.49473684,0.09452736,0.15920398,0.25373134
328,Jesse Scholtens,TBR,19205,0.33628319,0.68493151,0.47311828,0.63157895,0.88,0.77272727,0.39247312,0.68085106,0.10752688,0.13978495,0.24731183
329,Huascar Brazobán,NYM,6107,0.29032258,0.62222222,0.39855072,0.62962963,0.92857143,0.78181818,0.32608696,0.59375,0.08633094,0.15107914,0.23741007
330,Brennan Bernardino,COL,16835,0.125,0.6,0.34090909,1.0,0.83333333,0.86666667,0.45454545,0.5,0.04545455,0.20454545,0.25
331,Chase Petty,CIN,30170,0.25,0.78481013,0.49142857,0.75,0.85483871,0.8255814,0.45142857,0.64814815,0.08571429,0.14857143,0.23428571
332,Jovani Morán,BOS,20422,0.23684211,0.66666667,0.44594595,0.55555556,0.83333333,0.75757576,0.48648649,0.55555556,0.10810811,0.16216216,0.27027027
333,Zac Gallen,ARI,19291,0.3271665,0.65643275,0.45879603,0.69047619,0.91536748,0.81910828,0.39976622,0.64835165,0.08294393,0.1728972,0.25584112
334,Tanner Houck,BOS,19879,0.35714286,0.63636364,0.48,0.9,1.0,0.95833333,0.44,0.38461538,0.02,0.2,0.22
335,Jedixson Paez,BOS,29114,0.31372549,0.69444444,0.47126437,0.6875,0.88,0.80487805,0.4137931,0.56521739,0.09195402,0.14942529,0.24137931
336,DJ Herz,WSN,26389,0.35714286,0.73684211,0.52755906,0.72,0.88095238,0.82089552,0.4488189,0.6,0.09375,0.1328125,0.2265625
337,Ryan Weiss,HOU,24621,0.29292929,0.61904762,0.41975309,0.68965517,0.92307692,0.82352941,0.38888889,0.42857143,0.07407407,0.15432099,0.22839506
338,Alan Rangel,PHI,19524,0.28776978,0.68468468,0.464,0.65,0.84210526,0.77586207,0.444,0.63157895,0.104,0.168,0.272
339,Kohl Drake,ARI,32070,0.25764192,0.70588235,0.43717277,0.69491525,0.87962963,0.81437126,0.40052356,0.64210526,0.08115183,0.15445026,0.23560209
340,Ethan Pecko,HOU,33515,0.308,0.66197183,0.43622449,0.7012987,0.89361702,0.80701754,0.3622449,0.50549451,0.08418367,0.1377551,0.22193878
341,Trey Gibson,BAL,33794,0.28358209,0.609319,0.41703377,0.64035088,0.9,0.79577465,0.40969163,0.58285714,0.08516887,0.1938326,0.27900147
342,Brayan Bello,BOS,23920,0.30627306,0.72511848,0.48962656,0.6686747,0.83333333,0.77542373,0.43775934,0.61752988,0.10984456,0.1388601,0.24870466
343,Brycen Mautz,STL,31910,0.10714286,0.625,0.22222222,0.66666667,0.6,0.625,0.22222222,0.3,0.08333333,0.11111111,0.19444444
344,Cole Ragans,KCR,21846,0.29695431,0.70612245,0.45383412,0.57264957,0.82080925,0.72068966,0.38341158,0.54304636,0.12676056,0.15023474,0.27699531
345,Mike Paredes,MIN,30187,0.34673367,0.72297297,0.50720461,0.72463768,0.8411215,0.79545455,0.42651297,0.625,0.10344828,0.12931034,0.23275862
346,Hurston Waldrep,ATL,33527,0.2173913,0.66176471,0.40625,0.6,0.88888889,0.8,0.425,0.63636364,0.08125,0.1625,0.24375
347,Bailey Falter,KCR,20070,0.26829268,0.65116279,0.46428571,0.81818182,0.85714286,0.84615385,0.51190476,0.64285714,0.07142857,0.17857143,0.25
348,Chris Murphy,CHW,26214,0.23255814,0.73684211,0.4691358,0.5,0.85714286,0.76315789,0.4691358,0.6,0.11111111,0.17283951,0.28395062
349,Ronel Blanco,HOU,19407,0.33603239,0.70348837,0.48687351,0.63855422,0.89256198,0.78921569,0.41050119,0.63265306,0.1026253,0.14081146,0.24343675
350,Daniel Lynch IV,KCR,21537,0.29344729,0.68131868,0.46314103,0.76699029,0.90860215,0.85813149,0.4375,0.60115607,0.0656,0.1792,0.2448
351,JR Ritchie,ATL,31760,0.28547297,0.66404199,0.43371017,0.66272189,0.90909091,0.81042654,0.39157246,0.564,0.08221994,0.15519013,0.23741007
352,Taijuan Walker,PHI,11836,0.28837209,0.68275862,0.44722222,0.77419355,0.90909091,0.85714286,0.40277778,0.63829787,0.06388889,0.16666667,0.23055556
353,Xzavion Curry,NYM,25595,0.27272727,0.60714286,0.42622951,0.77777778,0.94117647,0.88461538,0.45901639,0.5625,0.04918033,0.18032787,0.2295082
354,Brendan Beck,NYY,33043,0.31623932,0.73134328,0.4673913,0.56756757,0.71428571,0.65116279,0.36413043,0.64285714,0.16304348,0.13586957,0.29891304
355,Kade Morris,ATH,33787,0.29487179,0.69387755,0.4488189,0.73913043,0.94117647,0.85964912,0.38582677,0.58333333,0.0625,0.15625,0.21875
356,Corbin Burnes,ARI,19361,0.31147541,0.75,0.47979798,0.55263158,0.84210526,0.72631579,0.38383838,0.4893617,0.13131313,0.13131313,0.26262626
357,Mike Burrows,HOU,24728,0.3410341,0.69738863,0.48974359,0.66774194,0.88105727,0.79450262,0.41730769,0.63484487,0.10044786,0.15419066,0.25463852
358,Luis Morales,ATH,32227,0.2755102,0.64,0.39864865,0.74074074,0.9375,0.84745763,0.33783784,0.42857143,0.06081081,0.13513514,0.19594595
359,Jeffrey Springs,ATH,17677,0.32722335,0.66094854,0.46144481,0.69917012,0.86412214,0.79419525,0.40219156,0.58571429,0.09496753,0.16233766,0.25730519
360,Mason Englert,TBR,22288,0.3592233,0.7238806,0.50294118,0.63513514,0.86597938,0.76608187,0.39411765,0.70454545,0.11764706,0.17647059,0.29411765
361,Simeon Woods Richardson,MIN,24494,0.24449339,0.69774011,0.44306931,0.65765766,0.92307692,0.84078212,0.43811881,0.58411215,0.0702836,0.15536375,0.22564735
362,Kodai Senga,NYM,31838,0.27977839,0.71489362,0.45134228,0.52475248,0.8452381,0.72490706,0.3942953,0.54,0.1239531,0.13567839,0.25963149
363,Germán Márquez,SDP,15038,0.2853717,0.70317003,0.47513089,0.67226891,0.88114754,0.81267218,0.45418848,0.61616162,0.08877285,0.1462141,0.23498695
364,Luis Gil,NYY,21052,0.26146789,0.59663866,0.37982196,0.78947368,0.92957746,0.8671875,0.35311573,0.6,0.0504451,0.18694362,0.23738872
365,Mason Barnett,ATH,31741,0.27457627,0.67613636,0.42462845,0.66666667,0.87394958,0.79,0.37367304,0.52419355,0.08879493,0.14799154,0.23678647
366,Miles Mikolas,WSN,9803,0.29817444,0.67788462,0.47194719,0.74829932,0.92553191,0.86480186,0.45764576,0.68571429,0.06380638,0.16721672,0.2310231
367,Zack Littell,WSN,15823,0.31603774,0.74255319,0.49728752,0.78606965,0.90544413,0.86181818,0.42495479,0.64451827,0.06865402,0.14092141,0.20957543
368,Jameson Taillon,2 Tms,11674,0.32842582,0.67142857,0.46153846,0.62413793,0.86170213,0.75825826,0.38808039,0.55675676,0.11157311,0.16077616,0.27234927
