rank,Name,Team,playerid,O-Swing%,Z-Swing%,Swing%,O-Contact%,Z-Contact%,Contact%,Zone%,F-Strike%,SwStr%,CStr%,CSW%
1,Jacob Misiorowski,MIL,31623,0.36996736,0.65991903,0.49939759,0.47941176,0.77709611,0.65500603,0.44638554,0.67061611,0.17208183,0.17569194,0.34777377
2,Cristopher Sánchez,PHI,20778,0.40788268,0.64901478,0.51077246,0.57752809,0.81214421,0.70473251,0.42669469,0.66095238,0.1508145,0.16184971,0.31266421
3,Dylan Cease,TOR,18525,0.34601449,0.66123779,0.45867288,0.57329843,0.76847291,0.67385787,0.35739232,0.63341646,0.14950553,0.16404887,0.31355439
4,Cam Schlittler,NYY,32095,0.3815534,0.71736375,0.52721275,0.64122137,0.84275618,0.76016684,0.43375481,0.63752665,0.12616566,0.14591333,0.27207899
5,Joe Ryan,MIN,21390,0.34685598,0.67947179,0.49917537,0.64035088,0.8409894,0.7654185,0.45794393,0.68222222,0.1169687,0.17353103,0.29049973
6,Jesús Luzardo,PHI,19959,0.34304511,0.62046632,0.45969499,0.52054795,0.82672234,0.6943128,0.4204793,0.60043197,0.14052288,0.18028322,0.3208061
7,Paul Skenes,PIT,33677,0.37080689,0.72842999,0.51049724,0.61858191,0.85048544,0.7478355,0.39060773,0.61818182,0.12872928,0.13535912,0.2640884
8,Ranger Suarez,BOS,17277,0.33184855,0.65875912,0.45573997,0.66442953,0.85872576,0.77086495,0.37897649,0.64095745,0.10428177,0.17127072,0.27555249
9,Shohei Ohtani,LAD,19755,0.33198381,0.64983165,0.47340824,0.53252033,0.83160622,0.71518987,0.44494382,0.55,0.13483146,0.17078652,0.30561798
10,Chase Burns,CIN,35333,0.36791547,0.67924528,0.48598688,0.55874674,0.84259259,0.70920245,0.37924866,0.59564165,0.14132379,0.14013119,0.28145498
11,Bryan Woo,SEA,30279,0.37387387,0.74709302,0.53680203,0.63855422,0.87548638,0.78250591,0.43654822,0.68632075,0.11667724,0.14204185,0.25871909
12,Braxton Ashcraft,PIT,23793,0.38983051,0.68824306,0.52263374,0.57065217,0.87332054,0.7480315,0.44503233,0.6659436,0.13168724,0.16578483,0.29747208
13,Davis Martin,CHW,21448,0.3413831,0.68247126,0.48911014,0.59807074,0.87789474,0.76717557,0.43310516,0.58273381,0.11387679,0.15370255,0.26757934
14,Parker Messick,CLE,31986,0.33558341,0.69153515,0.47866205,0.64942529,0.85062241,0.76626506,0.40196078,0.58651685,0.11175115,0.15322581,0.26497696
15,Zack Wheeler,PHI,10310,0.38335159,0.68888889,0.49690296,0.61714286,0.84946237,0.73684211,0.37164487,0.65352113,0.13076394,0.14177564,0.27253957
16,Chris Sale,ATL,10603,0.37416481,0.65793304,0.49716088,0.62202381,0.80973451,0.72969543,0.43343849,0.63771712,0.13430013,0.17528373,0.30958386
17,Yoshinobu Yamamoto,LAD,33825,0.36181435,0.67183099,0.49457177,0.61516035,0.86163522,0.75853659,0.42822678,0.6,0.11927711,0.16204819,0.2813253
18,Reid Detmers,LAA,27468,0.3496572,0.67574578,0.48995536,0.58263305,0.86372361,0.74943052,0.43024554,0.64823009,0.12249443,0.16202673,0.28452116
19,Casey Mize,DET,20492,0.3126935,0.67641326,0.47368421,0.56930693,0.82997118,0.73406193,0.44262295,0.66118421,0.12597066,0.17428818,0.30025884
20,Logan Gilbert,SEA,22250,0.34650456,0.71231156,0.50981492,0.5497076,0.84126984,0.73157316,0.44643859,0.69487751,0.13684801,0.15030847,0.28715648
21,Sandy Alcantara,MIA,18684,0.34375,0.71188341,0.51232033,0.66115702,0.88503937,0.80360721,0.45790554,0.65745856,0.10061602,0.15965092,0.26026694
22,Justin Wrobleski,LAD,31204,0.33571429,0.68592593,0.50763636,0.76595745,0.8574514,0.82664756,0.49090909,0.64921466,0.08787219,0.17138707,0.25925926
23,Max Meyer,MIA,27474,0.33869347,0.65555556,0.47172012,0.51928783,0.89194915,0.73671199,0.41982507,0.65246637,0.12405358,0.16831683,0.29237041
24,Jacob deGrom,TEX,10954,0.3697479,0.73660031,0.51900312,0.47727273,0.82120582,0.67587035,0.40685358,0.63341646,0.16811955,0.1388543,0.30697385
25,Drew Rasmussen,TBR,25385,0.36009174,0.67113095,0.49546632,0.61464968,0.89135255,0.77777778,0.43523316,0.66326531,0.11010363,0.1638601,0.27396373
26,Kevin Gausman,TOR,14107,0.37140288,0.68900804,0.49892357,0.60290557,0.85797665,0.74433657,0.401507,0.61914894,0.12755651,0.14962325,0.27717976
27,Nolan McLean,NYM,33703,0.30352046,0.62330623,0.43543879,0.63949843,0.87391304,0.77792041,0.41252096,0.58705357,0.09664804,0.19217877,0.28882682
28,George Kirby,SEA,25436,0.38170347,0.70990237,0.52278177,0.65564738,0.88605108,0.79013761,0.42985612,0.64692982,0.10964649,0.1527861,0.26243259
29,Cade Cavalli,WSN,27473,0.32799145,0.65503356,0.47293278,0.60912052,0.87909836,0.77484277,0.44318858,0.60969977,0.10629454,0.18052257,0.2868171
30,Kyle Harrison,MIL,27758,0.3697479,0.65865385,0.49347975,0.57792208,0.84184915,0.72878999,0.42827728,0.64516129,0.13374486,0.16872428,0.30246914
31,Shane Baz,BAL,22264,0.31686047,0.68872549,0.48106061,0.63302752,0.90569395,0.80539933,0.44155844,0.60995851,0.09341253,0.1549676,0.24838013
32,Shane McClanahan,TBR,21483,0.33333333,0.67111853,0.48432836,0.58704453,0.85572139,0.75346687,0.44701493,0.62711864,0.11940299,0.16716418,0.28656716
33,Michael Soroka,ARI,18383,0.36842105,0.66666667,0.49534884,0.67032967,0.91530055,0.81064163,0.4255814,0.64564565,0.09379845,0.17131783,0.26511628
34,Payton Tolle,BOS,35466,0.38832117,0.71550256,0.53930818,0.63909774,0.84761905,0.76676385,0.46147799,0.64222874,0.12578616,0.14150943,0.2672956
35,MacKenzie Gore,TEX,22201,0.32884615,0.70933333,0.48826816,0.60233918,0.87030075,0.76544622,0.41899441,0.59375,0.11446119,0.1451703,0.25963149
36,Dustin May,STL,19716,0.32988506,0.66934189,0.47153382,0.65853659,0.88968825,0.79545455,0.41728064,0.59897172,0.09632107,0.18060201,0.27692308
37,Landen Roupp,SFG,30076,0.29744526,0.640625,0.42396313,0.60736196,0.87560976,0.75679348,0.36866359,0.58394161,0.10305124,0.17271157,0.27576281
38,Max Fried,NYY,13743,0.31588448,0.64187328,0.44492912,0.64571429,0.87124464,0.7745098,0.39585605,0.52916667,0.10032715,0.17448201,0.27480916
39,Logan Webb,SFG,17995,0.34850166,0.67959528,0.47991968,0.70700637,0.91066998,0.82147838,0.39692102,0.62864078,0.08567604,0.17536814,0.26104418
40,Gavin Williams,CLE,30122,0.34833659,0.65548387,0.48080134,0.53932584,0.85433071,0.72453704,0.43127435,0.6326087,0.13244296,0.1803005,0.31274346
41,Sonny Gray,BOS,12768,0.34549878,0.64736842,0.4691092,0.61267606,0.93766938,0.79632466,0.40948276,0.64397906,0.09554598,0.17672414,0.27227011
42,Tarik Skubal,DET,22267,0.39236641,0.70355731,0.52799311,0.56809339,0.80617978,0.70636215,0.43583118,0.68686869,0.15490534,0.14888124,0.30378657
43,Michael Wacha,KCR,14078,0.33,0.6748072,0.48087739,0.70909091,0.87238095,0.80935673,0.4375703,0.65092402,0.09162451,0.16694772,0.25857223
44,Nick Martinez,TBR,12730,0.34777377,0.69585253,0.50067476,0.69550173,0.92273731,0.83423181,0.43927126,0.64485981,0.08293999,0.17127444,0.25421443
45,Michael King,SDP,19853,0.31527094,0.64944134,0.45349509,0.659375,0.8516129,0.77324841,0.41363374,0.61399549,0.10283073,0.17099942,0.27383016
46,José Soriano,LAA,22100,0.34090909,0.65738162,0.46294307,0.55384615,0.84745763,0.71461717,0.38560687,0.58154506,0.132116,0.15628357,0.28839957
47,Emerson Hancock,SEA,27470,0.29787234,0.76093294,0.50522193,0.65873016,0.85249042,0.78940568,0.44778068,0.63076923,0.10632746,0.13111546,0.23744292
48,Foster Griffin,WSN,16432,0.34486166,0.67325428,0.48560136,0.63323782,0.8630137,0.76976744,0.42857143,0.61123596,0.11167513,0.17992104,0.29159616
49,Keider Montero,DET,22630,0.30793157,0.69244288,0.48844884,0.75252525,0.89593909,0.84797297,0.46947195,0.63636364,0.07425743,0.17409241,0.24834983
50,Nathan Eovaldi,TEX,9132,0.38207044,0.70334262,0.52145015,0.55307263,0.81584158,0.70683662,0.43383686,0.65658747,0.15287009,0.1510574,0.30392749
51,Ryan Weathers,NYY,23796,0.31210191,0.64592593,0.45145331,0.60884354,0.84633028,0.75068493,0.4174397,0.58679707,0.11248455,0.18541409,0.29789864
52,Sean Burke,CHW,29878,0.34877735,0.6402027,0.47479912,0.67527675,0.88390501,0.79692308,0.43243243,0.62973761,0.09642075,0.18699781,0.28341855
53,Taj Bradley,MIN,22543,0.30891089,0.6952381,0.47163324,0.57371795,0.87084149,0.7582017,0.42120344,0.5962877,0.11404011,0.15816619,0.2722063
54,Kyle Bradish,BAL,24586,0.31977819,0.63112392,0.44144144,0.55780347,0.92009132,0.76020408,0.39076577,0.55506608,0.10585586,0.1661036,0.27195946
55,Trevor Rogers,BAL,22286,0.35824437,0.71732523,0.51565623,0.66556291,0.875,0.79328165,0.43837442,0.68324607,0.10645376,0.15236194,0.2588157
56,Jack Flaherty,DET,17479,0.29817008,0.67038217,0.44829801,0.62093863,0.84085511,0.75358166,0.40333976,0.57681941,0.11046885,0.15992293,0.27039178
57,Eduardo Rodriguez,ARI,13164,0.32424812,0.6473029,0.45495243,0.73333333,0.89529915,0.82656827,0.4045887,0.60822511,0.07885906,0.16610738,0.24496644
58,Ben Brown,CHC,23590,0.34293948,0.6875,0.48922056,0.5210084,0.89772727,0.74576271,0.42454395,0.62804878,0.12437811,0.16749585,0.29187396
59,Andre Pallante,STL,26108,0.28893663,0.6452514,0.44383728,0.64684015,0.9047619,0.80984952,0.43472981,0.64775414,0.08439587,0.18397086,0.26836673
60,Noah Cameron,KCR,30184,0.31515152,0.69069069,0.46618357,0.625,0.87608696,0.7746114,0.40217391,0.59338061,0.10507246,0.1557971,0.26086957
61,Joey Cantillo,CLE,23335,0.30738916,0.64534075,0.44752018,0.55769231,0.80172414,0.70360825,0.41464821,0.54651163,0.13248848,0.17569124,0.30817972
62,Jake Bennett,BOS,31959,0.39949109,0.70992366,0.52366412,0.6433121,0.88172043,0.77259475,0.4,0.64835165,0.11908397,0.1389313,0.25801527
63,Brandon Young,BAL,27819,0.37018634,0.68121442,0.49324324,0.65436242,0.89693593,0.7869102,0.39564565,0.66115702,0.10510511,0.15015015,0.25525526
64,Bryce Miller,SEA,29837,0.40640394,0.78181818,0.57472826,0.65454545,0.82945736,0.76122931,0.44836957,0.64467005,0.13722826,0.125,0.26222826
65,Walbert Ureña,LAA,29357,0.31670823,0.62773723,0.44296296,0.6023622,0.8372093,0.73745819,0.40592593,0.53982301,0.11612426,0.16050296,0.27662722
66,Framber Valdez,DET,17295,0.33604888,0.66479663,0.47433628,0.66060606,0.91350211,0.80970149,0.42064897,0.62260128,0.09010601,0.1737338,0.26383981
67,Will Warren,NYY,30182,0.3030303,0.64232489,0.44009633,0.68333333,0.87006961,0.79343365,0.40397351,0.61771562,0.09079976,0.1864101,0.27720986
68,Brandon Woodruff,MIL,16162,0.36443149,0.6722973,0.50704225,0.608,0.88442211,0.77777778,0.46322379,0.68965517,0.11267606,0.17683881,0.28951487
69,Clay Holmes,NYM,13649,0.32900433,0.64754098,0.46980676,0.63815789,0.91139241,0.80462725,0.44202899,0.60465116,0.09178744,0.18115942,0.27294686
70,Michael McGreevy,STL,29869,0.30588235,0.66462481,0.4534005,0.67132867,0.93087558,0.82777778,0.41120907,0.58354115,0.07808564,0.16561713,0.24370277
71,Kyle Leahy,STL,24763,0.28637951,0.68292683,0.45183175,0.6097561,0.92380952,0.80780781,0.41723202,0.59020619,0.08677966,0.16677966,0.25355932
72,Eury Pérez,MIA,27768,0.34782609,0.74137931,0.50994318,0.62152778,0.80697674,0.73259053,0.41193182,0.61891117,0.13626686,0.12136267,0.25762952
73,Freddy Peralta,NYM,18679,0.31255337,0.70360111,0.461701,0.63114754,0.84448819,0.75514874,0.38140518,0.59656652,0.11298838,0.14044351,0.25343189
74,Emmet Sheehan,LAD,29839,0.37486096,0.71075838,0.5047749,0.5578635,0.84615385,0.71486486,0.38676671,0.60571429,0.14373297,0.13896458,0.28269755
75,Bryce Elder,ATL,27779,0.31590656,0.68670886,0.46897453,0.64084507,0.91013825,0.80362117,0.41280209,0.64367816,0.09203655,0.1651436,0.25718016
76,Connor Prielipp,MIN,31857,0.32459971,0.67164179,0.46539792,0.67713004,0.89206349,0.80297398,0.40570934,0.63605442,0.09161625,0.16681072,0.25842697
77,Gage Jump,ATH,35418,0.36923077,0.67605634,0.5037037,0.58928571,0.90833333,0.77696078,0.4382716,0.62745098,0.11234568,0.1617284,0.27407407
78,Peter Lambert,HOU,17969,0.33493976,0.69798658,0.48667602,0.67266187,0.86538462,0.78818444,0.41795231,0.63276836,0.10301331,0.14435879,0.24737211
79,Trey Yesavage,TOR,35456,0.30759162,0.73150106,0.46968472,0.54468085,0.84682081,0.72461274,0.38237672,0.56913183,0.12934519,0.13904608,0.26839127
80,Andrew Abbott,CIN,29911,0.328125,0.65687583,0.46216658,0.64705882,0.89837398,0.79269729,0.40772999,0.58862144,0.09580838,0.16113228,0.25694066
81,Carmen Mlodzinski,PIT,27572,0.29478458,0.60766962,0.43076923,0.69230769,0.89320388,0.81547619,0.43461538,0.59487179,0.07948718,0.19358974,0.27307692
82,Slade Cecconi,CLE,27500,0.29826464,0.6768559,0.45991299,0.68363636,0.89677419,0.81756757,0.42697328,0.66666667,0.08379888,0.17194289,0.25574178
83,Tyler Glasnow,LAD,14374,0.29971182,0.60714286,0.42904841,0.47115385,0.88235294,0.71595331,0.42070117,0.60135135,0.12166667,0.20166667,0.32333333
84,Logan Henderson,MIL,31475,0.31707317,0.77333333,0.55581395,0.69230769,0.78735632,0.76150628,0.52325581,0.72072072,0.13255814,0.14186047,0.2744186
85,Mitch Keller,PIT,17594,0.334375,0.67857143,0.47951807,0.68847352,0.90736842,0.81909548,0.42168675,0.61173815,0.08669476,0.16014449,0.24683925
86,Seth Lugo,KCR,12447,0.27578719,0.68251928,0.46203649,0.71259843,0.88888889,0.83184713,0.45791642,0.66222222,0.07764706,0.17764706,0.25529412
87,J.T. Ginn,ATH,27889,0.32087227,0.67357513,0.45330739,0.59223301,0.85897436,0.74105866,0.37548638,0.54187192,0.11730395,0.15359689,0.27090084
88,Shota Imanaga,CHC,33829,0.39376218,0.69925926,0.51499118,0.59653465,0.82415254,0.71917808,0.3968254,0.60502283,0.14453584,0.14101058,0.28554642
89,Janson Junk,MIA,23301,0.30073801,0.68495935,0.48355899,0.73006135,0.91988131,0.858,0.47582205,0.63405797,0.06859903,0.17101449,0.23961353
90,Matthew Boyd,CHC,15440,0.36285097,0.69407895,0.49413299,0.60714286,0.83412322,0.73350923,0.39634941,0.65306122,0.13168188,0.15645372,0.28813559
91,Carlos Rodón,NYY,16137,0.31702544,0.74763407,0.48188406,0.59876543,0.83544304,0.73934837,0.38285024,0.59278351,0.12560386,0.12801932,0.25362319
92,Walker Buehler,SDP,19374,0.29111111,0.646875,0.43896104,0.71374046,0.86956522,0.8091716,0.41558442,0.65979381,0.08376623,0.17857143,0.26233766
93,Michael Lorenzen,COL,14843,0.27120316,0.66440217,0.43657143,0.68,0.89570552,0.81806283,0.42057143,0.61655773,0.07942857,0.176,0.25542857
94,Aaron Nola,PHI,16149,0.3326791,0.65638767,0.46235294,0.60766962,0.85458613,0.7480916,0.40058824,0.65176471,0.11640212,0.17519106,0.29159318
95,Griffin Jax,TBR,20253,0.34960938,0.6456044,0.47260274,0.53072626,0.84680851,0.71014493,0.41552511,0.67489712,0.1369863,0.16552511,0.30251142
96,Nick Pivetta,SDP,15454,0.40697674,0.61261261,0.48763251,0.62857143,0.89705882,0.76086957,0.39222615,0.60606061,0.11660777,0.16254417,0.27915194
97,Kyle Freeland,COL,16256,0.35837438,0.70219436,0.50965517,0.62886598,0.89732143,0.79161028,0.44,0.65671642,0.1061337,0.16402481,0.27015851
98,Kris Bubic,KCR,21455,0.29769392,0.69760479,0.46239211,0.59859155,0.87124464,0.768,0.41183724,0.57487923,0.10714286,0.15640394,0.2635468
99,Bubba Chandler,PIT,29868,0.32321041,0.70692432,0.47764096,0.67114094,0.86560364,0.78697422,0.40246273,0.6159601,0.10155239,0.14424321,0.2457956
100,Rhett Lowder,CIN,33876,0.27272727,0.61349693,0.4250457,0.61212121,0.91333333,0.80645161,0.44698355,0.57192982,0.08219178,0.18812785,0.27031963
101,Trevor McDonald,SFG,26448,0.2976,0.6494382,0.44392523,0.62365591,0.90311419,0.79368421,0.41588785,0.58419244,0.09158879,0.18411215,0.27570093
102,Shane Drohan,MIL,27814,0.32914573,0.64220183,0.47034483,0.67175573,0.80952381,0.75659824,0.45103448,0.66494845,0.11416781,0.16918845,0.28335626
103,Gerrit Cole,NYY,13125,0.31989924,0.65951743,0.48441558,0.71653543,0.89837398,0.83646113,0.48441558,0.69565217,0.07911803,0.20103761,0.28015564
104,Jared Jones,PIT,27863,0.32934132,0.69958848,0.48526863,0.53636364,0.81764706,0.70714286,0.42114385,0.52083333,0.14211438,0.13518198,0.27729636
105,Christian Scott,NYM,30107,0.33504274,0.68599034,0.48048048,0.66836735,0.82042254,0.75833333,0.41441441,0.58369099,0.116,0.151,0.267
106,Anthony Kay,CHW,20387,0.33876221,0.63780919,0.45258911,0.6474359,0.89196676,0.77860327,0.38063215,0.57567568,0.10013441,0.15927419,0.2594086
107,Connelly Early,BOS,33666,0.3405876,0.65845649,0.46727749,0.65814696,0.88279302,0.78431373,0.39856021,0.61025641,0.10071942,0.17266187,0.27338129
108,Luis Castillo,SEA,15689,0.377943,0.72461274,0.52305476,0.69836066,0.88123515,0.80440771,0.4185879,0.7,0.10230548,0.13544669,0.23775216
109,Troy Melton,DET,31807,0.3238342,0.71382637,0.49784792,0.608,0.87837838,0.78097983,0.44619799,0.55026455,0.10903874,0.14060258,0.24964132
110,Jake Irvin,WSN,21504,0.2851711,0.67612293,0.45943098,0.63333333,0.84615385,0.77293578,0.44573235,0.61403509,0.10432034,0.16859852,0.27291886
111,Tyler Mahle,SFG,16358,0.30749354,0.65019011,0.44615385,0.69327731,0.87719298,0.80172414,0.40461538,0.57566766,0.08832565,0.17434716,0.26267281
112,Bailey Ober,MIN,21224,0.31239936,0.70515464,0.48462929,0.72680412,0.85380117,0.80783582,0.43851718,0.63,0.09312839,0.16274864,0.25587703
113,Yusei Kikuchi,LAA,20633,0.30254777,0.70750988,0.48324515,0.62105263,0.87709497,0.78832117,0.44620811,0.62676056,0.10229277,0.15167549,0.25396825
114,Andrew Alvarez,WSN,29914,0.32094595,0.60427807,0.43064182,0.57894737,0.88495575,0.74519231,0.38716356,0.55,0.10973085,0.16770186,0.27743271
115,Luis Severino,ATH,15890,0.34267913,0.66666667,0.47513812,0.69090909,0.88851351,0.80426357,0.40883978,0.60516605,0.09300184,0.15930018,0.25230203
116,Tanner Bibee,CLE,30134,0.30339321,0.67957276,0.46430611,0.68092105,0.83300589,0.77613776,0.42775557,0.63019694,0.10394061,0.16790405,0.27184466
117,Chad Patrick,MIL,30113,0.33445946,0.66666667,0.45474138,0.64646465,0.8125,0.73459716,0.36206897,0.6,0.12068966,0.15732759,0.27801724
118,Kumar Rocker,TEX,31843,0.33083645,0.69060773,0.47619048,0.61509434,0.91466667,0.790625,0.40401786,0.53061224,0.09948033,0.13659985,0.23608018
119,Mick Abel,MIN,27756,0.36942675,0.64705882,0.48913043,0.5862069,0.88311688,0.75555556,0.43115942,0.71232877,0.11956522,0.1884058,0.30797101
120,Jack Leiter,TEX,30146,0.33695652,0.68365554,0.4781675,0.61648746,0.86375321,0.76047904,0.40730136,0.56338028,0.11453114,0.1567645,0.27129563
121,David Peterson,2 Tms,20302,0.3148855,0.68698061,0.46666667,0.66666667,0.875,0.79176755,0.4079096,0.66396761,0.09695603,0.15332582,0.25028185
122,Patrick Corbin,TOR,9323,0.32418301,0.73672566,0.47740345,0.70967742,0.90690691,0.82271945,0.37140509,0.63022508,0.08456486,0.13711002,0.22167488
123,Martín Pérez,ATL,6902,0.28223496,0.62527233,0.41832325,0.68527919,0.86759582,0.79338843,0.39671564,0.59800664,0.08643042,0.18755402,0.27398444
124,Randy Vásquez,SDP,24719,0.32542819,0.71838111,0.49778107,0.65991903,0.89906103,0.81129272,0.43860947,0.64,0.09393491,0.14792899,0.24186391
125,Ryan Feltner,COL,21446,0.29982669,0.71662763,0.47709163,0.57803468,0.88235294,0.77244259,0.4252988,0.58801498,0.10856574,0.14641434,0.25498008
126,Joe Boyle,TBR,29608,0.31543624,0.64035088,0.45627376,0.61702128,0.84931507,0.75833333,0.43346008,0.57575758,0.11026616,0.16730038,0.27756654
127,Stephen Kolek,KCR,21487,0.30508475,0.70958904,0.48148148,0.66666667,0.9034749,0.81885856,0.43608124,0.57142857,0.08711217,0.1575179,0.24463007
128,Zach Thornton,NYM,33891,0.37956204,0.68932039,0.5125,0.57692308,0.92957746,0.7804878,0.42916667,0.62686567,0.1125,0.16666667,0.27916667
129,Hunter Greene,CIN,22182,0.34313725,0.725,0.51098901,0.48571429,0.82758621,0.69892473,0.43956044,0.64444444,0.15384615,0.14835165,0.3021978
130,Brandon Pfaadt,ARI,27782,0.375,0.65384615,0.49583333,0.68627451,0.92647059,0.82352941,0.43333333,0.69924812,0.0875,0.17291667,0.26041667
131,Matthew Liberatore,STL,22294,0.31625835,0.66913947,0.46755725,0.64788732,0.87361419,0.78639456,0.42875318,0.62135922,0.09980928,0.1684679,0.26827718
132,Nick Lodolo,CIN,26378,0.32420091,0.66511628,0.45906164,0.6713615,0.8986014,0.80160321,0.39558418,0.60215054,0.09107636,0.16283349,0.25390984
133,Tomoyuki Sugano,COL,35321,0.26485788,0.68976898,0.45144928,0.65365854,0.91866029,0.83146067,0.43913043,0.59776536,0.07592191,0.15618221,0.23210412
134,Reynaldo López,ATL,16400,0.29873418,0.67832168,0.45814978,0.61864407,0.90206186,0.79487179,0.41997063,0.58433735,0.09384164,0.1568915,0.25073314
135,Spencer Arrighetti,HOU,29921,0.27956989,0.64298725,0.42352092,0.60683761,0.87535411,0.76831346,0.3961039,0.52808989,0.09805335,0.17447729,0.27253064
136,Drew Anderson,DET,15130,0.27777778,0.62,0.41803279,0.35,0.83870968,0.64705882,0.40983607,0.63333333,0.14754098,0.17213115,0.31967213
137,Garrett Crochet,BOS,27463,0.34782609,0.71428571,0.48648649,0.61607143,0.89285714,0.76984127,0.37837838,0.55072464,0.11196911,0.14478764,0.25675676
138,Ian Seymour,TBR,27932,0.36324786,0.64835165,0.48798077,0.57647059,0.83050847,0.72413793,0.4375,0.64485981,0.13461538,0.17788462,0.3125
139,Sean Manaea,NYM,15873,0.39339339,0.76211454,0.54285714,0.70992366,0.90751445,0.82236842,0.40535714,0.53284672,0.09642857,0.12321429,0.21964286
140,Lake Bachar,MIA,19222,0.26923077,0.67741935,0.42168675,0.46428571,0.85714286,0.7,0.37349398,0.75,0.12650602,0.15060241,0.27710843
141,Colin Rea,CHC,12317,0.32941176,0.66728625,0.46891788,0.69444444,0.91643454,0.82487725,0.41289332,0.63953488,0.08211819,0.16423638,0.24635457
142,Robbie Ray,SFG,11486,0.31969553,0.72740964,0.47755102,0.6547619,0.86749482,0.78021978,0.38717201,0.6,0.10495627,0.1212828,0.22623907
143,Brandon Sproat,MIL,33850,0.28804348,0.68654174,0.46485261,0.60849057,0.84863524,0.76585366,0.44368859,0.578125,0.10867925,0.15849057,0.26716981
144,Jack Kochanowicz,LAA,27688,0.28110599,0.69230769,0.45027125,0.66666667,0.83809524,0.7751004,0.41139241,0.53378378,0.10117435,0.15537489,0.25654923
145,Hunter Brown,HOU,25880,0.25445293,0.63562753,0.4015625,0.65,0.82802548,0.75875486,0.3859375,0.55555556,0.096875,0.1875,0.284375
146,Gabriel Hughes,COL,31614,0.39622642,0.70731707,0.53191489,0.61904762,0.96551724,0.82,0.43617021,0.79166667,0.09574468,0.19148936,0.28723404
147,Jose Quintana,COL,11423,0.32648402,0.71485944,0.46724891,0.69230769,0.87640449,0.79439252,0.36244541,0.59116022,0.09565217,0.12463768,0.22028986
148,Patrick Sandoval,BOS,19447,0.36842105,0.55555556,0.44615385,0.64285714,0.93333333,0.79310345,0.41538462,0.52631579,0.09230769,0.18461538,0.27692308
149,Grant Taylor,CHW,33927,0.4516129,0.6,0.52459016,0.5,0.88888889,0.71875,0.49180328,0.8125,0.14754098,0.21311475,0.36065574
150,Chris Paddack,2 Tms,20099,0.367713,0.72240803,0.51006711,0.70121951,0.90277778,0.81578947,0.40134228,0.67875648,0.09395973,0.13154362,0.22550336
151,José Suarez,2 Tms,19911,0.4,0.74074074,0.51219512,0.54545455,1.0,0.76190476,0.32926829,0.81818182,0.12195122,0.12195122,0.24390244
152,David Sandlin,CHW,31743,0.29230769,0.61764706,0.43534483,0.73684211,0.85714286,0.81188119,0.43965517,0.5625,0.08189655,0.17241379,0.25431034
153,Edward Cabrera,CHC,21690,0.33196721,0.70912951,0.47963425,0.59259259,0.88323353,0.76083189,0.3915212,0.58899676,0.11471322,0.13466334,0.24937656
154,Griffin Canning,SDP,19867,0.25369979,0.67601246,0.42443325,0.58333333,0.87557604,0.77151335,0.40428212,0.50246305,0.09697733,0.15743073,0.25440806
155,Coleman Crow,MIL,27926,0.3566879,0.68907563,0.5,0.76785714,0.86585366,0.82608696,0.43115942,0.67105263,0.08695652,0.17753623,0.26449275
156,Zebby Matthews,MIN,31827,0.31099656,0.67573696,0.46823069,0.66850829,0.8590604,0.78705637,0.43108504,0.65818182,0.09970674,0.16813294,0.26783969
157,Mason Montgomery,PIT,29770,0.40625,0.72,0.54385965,0.38461538,0.72222222,0.58064516,0.43859649,0.58823529,0.22807018,0.15789474,0.38596491
158,Tim Mayza,PHI,15042,0.28571429,0.55882353,0.39759036,0.71428571,0.94736842,0.84848485,0.40963855,0.65,0.06024096,0.22891566,0.28915663
159,Carson Palmquist,WSN,31612,0.42352941,0.58181818,0.48571429,0.61111111,0.90625,0.75,0.39285714,0.6875,0.12142857,0.17857143,0.3
160,Tatsuya Imai,HOU,37124,0.29392971,0.66161616,0.43639922,0.5,0.85496183,0.70852018,0.38747554,0.50643777,0.12707722,0.15347019,0.28054741
161,Sean Newcomb,CHW,16943,0.21052632,0.56521739,0.4047619,0.75,0.76923077,0.76470588,0.54761905,0.44444444,0.0952381,0.26190476,0.35714286
162,Brady Singer,CIN,25377,0.29818956,0.62264151,0.42920635,0.60714286,0.88636364,0.77071006,0.40380952,0.55223881,0.0984127,0.1847619,0.2831746
163,Robert Gasser,MIL,29812,0.31527094,0.70933333,0.50448143,0.625,0.87969925,0.79695431,0.48015365,0.67164179,0.10243278,0.16517286,0.26760563
164,Braydon Fisher,TOR,24609,0.21568627,0.5625,0.38383838,0.36363636,0.81481481,0.68421053,0.48484848,0.60714286,0.12121212,0.25252525,0.37373737
165,Jacob Latz,TEX,21306,0.15625,0.63888889,0.41176471,0.2,0.7826087,0.67857143,0.52941176,0.5,0.13235294,0.20588235,0.33823529
166,Aaron Ashby,MIL,23550,0.29166667,0.45,0.36363636,0.42857143,1.0,0.75,0.45454545,0.7,0.09090909,0.27272727,0.36363636
167,Noah Schultz,CHW,32056,0.29433962,0.62933333,0.43314917,0.63461538,0.91101695,0.80102041,0.41436464,0.61038961,0.08618785,0.17790055,0.2640884
168,Mason Fluharty,TOR,31553,0.31578947,0.64,0.44444444,0.58333333,0.875,0.75,0.3968254,0.52941176,0.109375,0.171875,0.28125
169,PJ Poulin,WSN,23394,0.30769231,0.5631068,0.42060086,0.85,0.84482759,0.84693878,0.44206009,0.65517241,0.06437768,0.21888412,0.2832618
170,Kendry Rojas,MIN,29423,0.28070175,0.64102564,0.42708333,0.5,0.76,0.65853659,0.40625,0.8,0.14583333,0.13541667,0.28125
171,Lance McCullers Jr.,HOU,14120,0.29039813,0.62081784,0.41810345,0.58064516,0.91017964,0.76975945,0.38649425,0.55232558,0.09626437,0.17097701,0.26724138
172,Jakob Junis,TEX,13619,0.35714286,0.58823529,0.48387097,0.8,0.9,0.86666667,0.5483871,0.7,0.06451613,0.22580645,0.29032258
173,Grayson Rodriguez,LAA,24492,0.27687296,0.69172932,0.46945899,0.63529412,0.91847826,0.82899628,0.46422339,0.56164384,0.08013937,0.15679443,0.2369338
174,Chase Dollander,COL,33482,0.2519084,0.68131868,0.42792793,0.63636364,0.91935484,0.82105263,0.40990991,0.55932203,0.07657658,0.14864865,0.22522523
175,Roki Sasaki,LAD,35323,0.33457249,0.72520325,0.50351617,0.53703704,0.87443946,0.7472067,0.43248945,0.60511364,0.12728551,0.13642757,0.26371308
176,Cody Bolton,HOU,23265,0.20588235,0.640625,0.37349398,0.71428571,0.92682927,0.85483871,0.38554217,0.52631579,0.05421687,0.18072289,0.23493976
177,Tyler Phillips,MIA,20629,0.31005587,0.67028986,0.46687697,0.61261261,0.88648649,0.78378378,0.43533123,0.60465116,0.10094637,0.16088328,0.26182965
178,Mason Englert,TBR,22288,0.35051546,0.69565217,0.4939759,0.64705882,0.83333333,0.75609756,0.41566265,0.6744186,0.12048193,0.1746988,0.29518072
179,Tyler Alexander,TEX,17735,0.46666667,0.76470588,0.57446809,0.64285714,0.76923077,0.7037037,0.36170213,0.63636364,0.17021277,0.12765957,0.29787234
180,Wandy Peralta,SDP,14295,0.4137931,0.65,0.51020408,0.75,0.92307692,0.84,0.40816327,0.71428571,0.08,0.14,0.22
181,Steven Matz,TBR,13361,0.29930394,0.69318182,0.47637292,0.68217054,0.86065574,0.79892761,0.449553,0.60512821,0.09578544,0.1596424,0.25542784
182,Cal Quantrill,TEX,19312,0.29787234,0.70967742,0.46153846,0.78571429,0.86363636,0.83333333,0.3974359,0.60294118,0.07692308,0.15384615,0.23076923
183,Blake Snell,LAD,13543,0.45454545,0.68181818,0.51948052,0.52,0.73333333,0.6,0.28571429,0.55555556,0.20779221,0.12987013,0.33766234
184,Cionel Pérez,NYM,19614,0.57142857,0.88888889,0.69565217,0.5,0.75,0.625,0.39130435,0.75,0.26086957,0.08695652,0.34782609
185,Bradgley Rodriguez,SDP,29107,0.38888889,0.76470588,0.57142857,1.0,0.84615385,0.9,0.48571429,0.7,0.05714286,0.14285714,0.2
186,Eduardo Rivera,BOS,31280,0.33333333,0.60714286,0.453125,0.83333333,0.88235294,0.86206897,0.4375,0.35714286,0.0625,0.15625,0.21875
187,Cole Sulser,TBR,15256,0.44736842,0.75,0.56451613,0.64705882,0.88888889,0.77142857,0.38709677,0.8125,0.12698413,0.11111111,0.23809524
188,Grant Holmes,ATL,16944,0.32262052,0.68935428,0.47467438,0.54789272,0.88101266,0.74847561,0.4146165,0.5785124,0.11913357,0.14368231,0.26281588
189,Bryan Hudson,CHW,19924,0.24324324,0.61702128,0.45238095,0.55555556,0.82758621,0.76315789,0.55952381,0.58333333,0.10714286,0.21428571,0.32142857
190,Ryan Gusto,MIA,26440,0.29807692,0.73170732,0.48924731,0.62903226,0.90833333,0.81318681,0.44086022,0.61386139,0.09139785,0.14247312,0.23387097
191,Aaron Civale,ATH,19479,0.34196185,0.63269231,0.46251994,0.73306773,0.88753799,0.82068966,0.41467305,0.64525994,0.08293461,0.18899522,0.27192982
192,Mitch Spence,KCR,27707,0.37142857,0.75,0.53968254,0.84615385,0.95238095,0.91176471,0.44444444,0.65,0.04761905,0.12698413,0.17460317
193,Kai-Wei Teng,HOU,24282,0.30821918,0.64,0.44954128,0.54814815,0.86538462,0.74052478,0.4259502,0.63235294,0.11664482,0.18217562,0.29882045
194,Jack Dreyer,LAD,30249,0.55555556,0.6,0.57142857,0.2,1.0,0.5,0.35714286,,0.28571429,0.14285714,0.42857143
195,Spencer Miles,TOR,31621,0.38554217,0.625,0.50306748,0.84375,0.94,0.90243902,0.49079755,0.7173913,0.04907975,0.19018405,0.2392638
196,Cody Ponce,TOR,17920,0.52631579,1.0,0.61702128,0.35,0.77777778,0.48275862,0.19148936,0.8,0.31914894,0.0212766,0.34042553
197,Tyler Holton,DET,26231,0.31578947,0.7,0.51282051,0.66666667,0.64285714,0.65,0.51282051,0.5,0.17948718,0.17948718,0.35897436
198,Andrew Morris,MIN,31891,0.23076923,0.64285714,0.44444444,0.66666667,0.94444444,0.875,0.51851852,0.46666667,0.05555556,0.2037037,0.25925926
199,Jimmy Herget,COL,17556,0.36363636,0.61538462,0.5,0.5,0.875,0.75,0.54166667,0.75,0.125,0.1875,0.3125
200,Zach Pop,PHI,20185,0.3,0.47058824,0.37837838,1.0,1.0,1.0,0.45945946,0.55555556,0.0,0.24324324,0.24324324
201,Spencer Strider,ATL,27498,0.31775701,0.70342205,0.46454414,0.56617647,0.86486486,0.73831776,0.38060781,0.58787879,0.12156295,0.15195369,0.27351664
202,Tyler Samaniego,BOS,30081,0.3,0.91666667,0.63636364,0.66666667,0.63636364,0.64285714,0.54545455,0.33333333,0.22727273,0.04545455,0.27272727
203,Richard Lovelady,WSN,19337,0.28571429,0.57407407,0.41129032,0.75,0.90322581,0.84313725,0.43548387,0.67741935,0.064,0.224,0.288
204,Jordan Wicks,CHC,30094,0.36363636,0.76923077,0.52713178,0.60714286,0.875,0.76470588,0.40310078,0.64705882,0.12403101,0.13953488,0.26356589
205,Adam Macko,TOR,25590,0.42105263,0.72727273,0.53333333,0.625,1.0,0.8125,0.36666667,0.71428571,0.1,0.13333333,0.23333333
206,Brenan Hanifee,DET,22304,0.41666667,0.83333333,0.625,0.8,1.0,0.93333333,0.5,0.75,0.04166667,0.125,0.16666667
207,Casey Legumina,TBR,25921,0.30434783,0.63157895,0.45238095,0.85714286,1.0,0.94736842,0.45238095,0.63636364,0.02380952,0.19047619,0.21428571
208,Kyle Hart,SDP,19646,0.25,0.5,0.38888889,0.5,1.0,0.85714286,0.55555556,0.66666667,0.05555556,0.27777778,0.33333333
209,Luis Medina,ATH,21649,0.125,0.7,0.44444444,1.0,0.85714286,0.875,0.55555556,0.4,0.05555556,0.22222222,0.27777778
210,Riley Martin,CHC,29934,0.5,0.75,0.66666667,0.0,1.0,0.75,0.66666667,1.0,0.16666667,0.33333333,0.5
211,Kyle Backhus,PHI,29615,0.28571429,0.625,0.46666667,1.0,1.0,1.0,0.53333333,0.6,0.0,0.33333333,0.33333333
212,Matt Svanson,STL,29629,0.6,0.75,0.64285714,0.83333333,1.0,0.88888889,0.28571429,0.75,0.07142857,0.07142857,0.14285714
213,Didier Fuentes,ATL,30661,0.25714286,0.76923077,0.52702703,0.33333333,0.76666667,0.66666667,0.52702703,0.66666667,0.17567568,0.18918919,0.36486486
214,Cade Horton,CHC,31872,0.37037037,0.57894737,0.45652174,0.65,0.90909091,0.78571429,0.41304348,0.65384615,0.09782609,0.19565217,0.29347826
215,Hunter Dobbins,STL,30240,0.28104575,0.67924528,0.44401544,0.65116279,0.83333333,0.76521739,0.40926641,0.60655738,0.1042471,0.15057915,0.25482625
216,Kyle Hurt,LAD,27514,0.36842105,0.76470588,0.55555556,0.71428571,0.84615385,0.8,0.47222222,0.55555556,0.11111111,0.11111111,0.22222222
217,Jack Perkins,ATH,31468,0.30740741,0.6419214,0.46092184,0.56626506,0.86394558,0.75652174,0.45891784,0.61904762,0.11222445,0.17835671,0.29058116
218,DL Hall,MIL,22207,0.15,0.66666667,0.34375,0.66666667,0.625,0.63636364,0.375,0.28571429,0.125,0.15625,0.28125
219,Jason Alexander,HOU,19666,0.29166667,0.5952381,0.43333333,0.60714286,0.9,0.79487179,0.46666667,0.68,0.08888889,0.21666667,0.30555556
220,Jose Cabrera,ARI,30412,0.29166667,0.67567568,0.44444444,0.65306122,0.93333333,0.82258065,0.39784946,0.61728395,0.07857143,0.16428571,0.24285714
221,Zach Eflin,BAL,13774,0.24444444,0.79310345,0.45945946,0.36363636,0.7826087,0.64705882,0.39189189,0.58823529,0.16216216,0.13513514,0.2972973
222,Carson Whisenhunt,SFG,31676,0.38392857,0.71666667,0.5,0.62790698,0.93023256,0.77906977,0.34883721,0.69565217,0.11046512,0.11627907,0.22674419
223,Jordan Leasure,CHW,29950,0.14285714,0.85714286,0.38095238,0.5,1.0,0.875,0.33333333,0.6,0.04761905,0.19047619,0.23809524
224,Joey Estes,ATH,26257,0.38095238,0.72413793,0.52112676,0.625,0.85714286,0.75675676,0.4084507,0.72222222,0.12676056,0.14084507,0.26760563
225,Elmer Rodríguez,NYY,31811,0.25,0.62295082,0.39308176,0.55102041,0.89473684,0.76,0.3836478,0.55421687,0.09433962,0.17295597,0.2672956
226,Paxton Schultz,WSN,25501,0.23076923,0.76923077,0.5,0.33333333,0.9,0.76923077,0.5,0.66666667,0.11538462,0.15384615,0.26923077
227,Brad Lord,WSN,31972,0.35714286,0.72,0.52830189,0.8,1.0,0.92857143,0.47169811,0.90909091,0.03773585,0.18867925,0.22641509
228,Javier Assad,CHC,21741,0.29110512,0.6440678,0.44744745,0.80555556,0.93157895,0.88590604,0.44294294,0.60843373,0.05097451,0.17841079,0.22938531
229,Tanner Banks,PHI,16990,0.0,0.5,0.25,,0.42857143,0.42857143,0.5,0.5,0.14285714,0.25,0.39285714
230,Sam Aldegheri,LAA,26443,0.28723404,0.66161616,0.44166667,0.7654321,0.87022901,0.83018868,0.4125,0.62711864,0.075,0.16875,0.24375
231,JP Sears,SDP,23429,0.28571429,0.7109375,0.4537037,0.73214286,0.81318681,0.78231293,0.39506173,0.53488372,0.09876543,0.15123457,0.25
232,Keegan Akin,BAL,19362,0.47058824,0.64285714,0.5483871,0.5,0.55555556,0.52941176,0.4516129,0.71428571,0.25806452,0.12903226,0.38709677
233,Cade Povich,BAL,30055,0.3220339,0.64646465,0.47004608,0.5,0.90625,0.75490196,0.4562212,0.60344828,0.11520737,0.16129032,0.2764977
234,Steven Cruz,KCR,23165,0.4137931,0.76923077,0.52380952,0.41666667,0.8,0.59090909,0.30952381,0.33333333,0.20930233,0.06976744,0.27906977
235,Shane Smith,CHW,31687,0.30075188,0.59782609,0.42222222,0.6,0.87272727,0.75789474,0.40888889,0.51020408,0.10222222,0.18666667,0.28888889
236,Ty Madden,DET,30140,0.25,1.0,0.5,0.375,0.875,0.70833333,0.33333333,0.46666667,0.14583333,0.08333333,0.22916667
237,Ryan Rolison,CHC,22200,0.23529412,0.76470588,0.5,0.5,0.76923077,0.70588235,0.5,0.45454545,0.14705882,0.17647059,0.32352941
238,Chris Bassitt,BAL,12304,0.25416667,0.71181556,0.44619105,0.66393443,0.89473684,0.81842818,0.41958888,0.56422018,0.08101572,0.1547763,0.23579202
239,Brandon Williamson,CIN,25463,0.28267477,0.67724868,0.42664093,0.72043011,0.8046875,0.76923077,0.36486486,0.5234375,0.0984556,0.14285714,0.24131274
240,Braxton Garrett,MIA,21844,0.22619048,0.71111111,0.39534884,0.63157895,0.875,0.78431373,0.34883721,0.32142857,0.08461538,0.10769231,0.19230769
241,Austin Warren,NYM,24937,0.16666667,0.59090909,0.34615385,0.8,0.84615385,0.83333333,0.42307692,0.36363636,0.05769231,0.17307692,0.23076923
242,Chase Petty,CIN,30170,0.29166667,0.76923077,0.51824818,0.80952381,0.88,0.85915493,0.47445255,0.68888889,0.0729927,0.1459854,0.2189781
243,Will Klein,LAD,27787,0.31111111,0.84210526,0.46875,0.64285714,0.9375,0.8,0.296875,0.42857143,0.09375,0.125,0.21875
244,Tanner Gordon,COL,27669,0.29064039,0.68656716,0.48762376,0.72881356,0.86956522,0.82741117,0.49752475,0.57407407,0.08415842,0.16336634,0.24752475
245,Luinder Avila,KCR,24452,0.28348214,0.5984556,0.39886846,0.66929134,0.89032258,0.79078014,0.36633663,0.5497076,0.0834512,0.18104668,0.26449788
246,John King,MIA,22051,0.33333333,0.58333333,0.43333333,0.5,1.0,0.76923077,0.4,0.42857143,0.1,0.13333333,0.23333333
247,Chris Murphy,CHW,26214,0.25,0.80769231,0.51851852,0.42857143,0.80952381,0.71428571,0.48148148,0.5,0.14814815,0.14814815,0.2962963
248,Zach Agnos,COL,31552,0.35064935,0.68627451,0.484375,0.55555556,0.91428571,0.75806452,0.3984375,0.625,0.1171875,0.15625,0.2734375
249,Zac Gallen,ARI,19291,0.32826748,0.65396341,0.45830797,0.69444444,0.91142191,0.81806109,0.39926963,0.65,0.08333333,0.17396594,0.25729927
250,Brandon Eisert,CHW,27668,0.23333333,0.68571429,0.4,0.35714286,0.79166667,0.63157895,0.36842105,0.76190476,0.14736842,0.16842105,0.31578947
251,Justin Verlander,DET,8700,0.41666667,0.59375,0.4875,0.8,0.89473684,0.84615385,0.4,0.68421053,0.075,0.175,0.25
252,Ryne Nelson,ARI,26253,0.39319728,0.73608618,0.54102167,0.73356401,0.90487805,0.83404864,0.43111455,0.63943662,0.08971384,0.13070379,0.22041763
253,Robby Snelling,MIA,31893,0.32,0.72222222,0.48837209,0.5625,0.88461538,0.76190476,0.41860465,0.72727273,0.11627907,0.13953488,0.25581395
254,Sean Sullivan,COL,33502,0.34222222,0.64171123,0.47815534,0.7012987,0.94166667,0.84771574,0.4538835,0.5877193,0.07281553,0.17961165,0.25242718
255,Brent Suter,LAA,13942,0.30909091,0.5483871,0.39534884,0.64705882,0.94117647,0.79411765,0.36046512,0.61111111,0.08139535,0.20930233,0.29069767
256,Mitch Bratt,ARI,30003,0.28571429,0.83333333,0.49107143,0.7,0.94285714,0.85454545,0.375,0.46428571,0.07142857,0.08928571,0.16071429
257,Matt Waldron,SDP,25550,0.32835821,0.70535714,0.5,0.68181818,0.96202532,0.86178862,0.45528455,0.68115942,0.06910569,0.15447154,0.22357724
258,Paul Blackburn,NYY,14739,0.34210526,0.71428571,0.47457627,0.76923077,0.93333333,0.85714286,0.3559322,0.69230769,0.06779661,0.10169492,0.16949153
259,Andrew Painter,PHI,30091,0.35416667,0.67813268,0.48830112,0.72058824,0.87318841,0.80833333,0.41403866,0.60546875,0.09359105,0.1525941,0.24618515
260,Colton Gordon,HOU,31312,0.48888889,0.73913043,0.57352941,0.68181818,0.94117647,0.79487179,0.33823529,0.73684211,0.11764706,0.16176471,0.27941176
261,Tobias Myers,NYM,22191,0.1754386,0.70588235,0.37362637,0.8,0.83333333,0.82352941,0.37362637,0.58333333,0.06593407,0.17582418,0.24175824
262,Adrian Houser,SFG,12718,0.26740506,0.66735967,0.44025157,0.66272189,0.90654206,0.82244898,0.43216532,0.64026403,0.07816712,0.17879605,0.25696316
263,Pete Fairbanks,MIA,17998,0.33333333,0.41666667,0.37037037,0.8,0.8,0.8,0.44444444,0.28571429,0.07142857,0.21428571,0.28571429
264,Jesse Scholtens,TBR,19205,0.33628319,0.68493151,0.47311828,0.63157895,0.88,0.77272727,0.39247312,0.68085106,0.10752688,0.13978495,0.24731183
265,Lyon Richardson,CIN,24581,0.18181818,0.625,0.3,0.5,0.6,0.55555556,0.26666667,0.42857143,0.13333333,0.13333333,0.26666667
266,Alan Rangel,PHI,19524,0.26086957,0.65671642,0.42767296,0.54166667,0.86363636,0.75,0.42138365,0.55882353,0.10691824,0.17610063,0.28301887
267,Lucas Giolito,SDP,15474,0.22916667,0.65,0.3975,0.67272727,0.80769231,0.76100629,0.4,0.49473684,0.09452736,0.15920398,0.25373134
268,Brennan Bernardino,COL,16835,0.125,0.6,0.34090909,1.0,0.83333333,0.86666667,0.45454545,0.5,0.04545455,0.20454545,0.25
269,Huascar Brazobán,NYM,6107,0.29032258,0.62222222,0.39855072,0.62962963,0.92857143,0.78181818,0.32608696,0.59375,0.08633094,0.15107914,0.23741007
270,Jovani Morán,BOS,20422,0.23684211,0.66666667,0.44594595,0.55555556,0.83333333,0.75757576,0.48648649,0.55555556,0.10810811,0.16216216,0.27027027
271,Eric Lauer,2 Tms,19316,0.36440678,0.72378517,0.50764526,0.77674419,0.89399293,0.84337349,0.39857288,0.62452107,0.07942974,0.14154786,0.2209776
272,Ryan Johnson,LAA,35325,0.35211268,0.71100917,0.50796813,0.64,0.82580645,0.75294118,0.43426295,0.62601626,0.12549801,0.13545817,0.26095618
273,Ryan Weiss,HOU,24621,0.29292929,0.61904762,0.41975309,0.68965517,0.92307692,0.82352941,0.38888889,0.42857143,0.07407407,0.15432099,0.22839506
274,George Klassen,LAA,33464,0.21505376,0.75,0.40689655,0.45,0.79487179,0.6779661,0.35862069,0.5,0.13103448,0.10344828,0.23448276
275,Erick Fedde,CHW,17425,0.26818182,0.65116279,0.42375169,0.72881356,0.91326531,0.84394904,0.40620783,0.59685864,0.06612686,0.17139001,0.23751687
276,Cristian Javier,HOU,17606,0.28275862,0.78021978,0.47457627,0.68292683,0.81690141,0.76785714,0.38559322,0.625,0.11016949,0.10169492,0.21186441
277,Mike Paredes,MIN,30187,0.34673367,0.72297297,0.50720461,0.72463768,0.8411215,0.79545455,0.42651297,0.625,0.10344828,0.12931034,0.23275862
278,Kade Morris,ATH,33787,0.29824561,0.66666667,0.43333333,0.64705882,0.95454545,0.82051282,0.36666667,0.63636364,0.07692308,0.15384615,0.23076923
279,Brendan Beck,NYY,33043,0.30909091,0.78125,0.48275862,0.58823529,0.64,0.61904762,0.36781609,0.5,0.18390805,0.10344828,0.28735632
280,JR Ritchie,ATL,31760,0.27948718,0.62348178,0.41287284,0.64220183,0.9025974,0.79467681,0.3877551,0.5375,0.08477237,0.16640502,0.25117739
281,Cole Ragans,KCR,21846,0.29695431,0.70612245,0.45383412,0.57264957,0.82080925,0.72068966,0.38341158,0.54304636,0.12676056,0.15023474,0.27699531
282,Hurston Waldrep,ATL,33527,0.2173913,0.66176471,0.40625,0.6,0.88888889,0.8,0.425,0.63636364,0.08125,0.1625,0.24375
283,Mike Burrows,HOU,24728,0.3410341,0.69738863,0.48974359,0.66774194,0.88105727,0.79450262,0.41730769,0.63484487,0.10044786,0.15419066,0.25463852
284,Bailey Falter,KCR,20070,0.26829268,0.65116279,0.46428571,0.81818182,0.85714286,0.84615385,0.51190476,0.64285714,0.07142857,0.17857143,0.25
285,Dean Kremer,BAL,19350,0.31343284,0.65517241,0.4566474,0.58730159,0.8,0.71518987,0.41907514,0.6744186,0.129683,0.17002882,0.29971182
286,Taijuan Walker,PHI,11836,0.28837209,0.68275862,0.44722222,0.77419355,0.90909091,0.85714286,0.40277778,0.63829787,0.06388889,0.16666667,0.23055556
287,Jacob Lopez,ATH,25098,0.29824561,0.64265928,0.44050343,0.79738562,0.84051724,0.82337662,0.41304348,0.5990991,0.07771429,0.16228571,0.24
288,Germán Márquez,SDP,15038,0.28610354,0.71760797,0.48053892,0.67619048,0.87962963,0.81308411,0.4505988,0.625,0.08982036,0.14071856,0.23053892
289,Miles Mikolas,WSN,9803,0.31318681,0.6779661,0.47647951,0.73684211,0.925,0.8566879,0.44764795,0.70285714,0.06828528,0.16540212,0.23368741
290,Simeon Woods Richardson,MIN,24494,0.24449339,0.69774011,0.44306931,0.65765766,0.92307692,0.84078212,0.43811881,0.58411215,0.0702836,0.15536375,0.22564735
291,Trey Gibson,BAL,33794,0.28133705,0.61304348,0.41086587,0.63366337,0.88652482,0.78099174,0.39049236,0.55629139,0.08998302,0.18505942,0.27504244
292,Luis Morales,ATH,32227,0.2755102,0.64,0.39864865,0.74074074,0.9375,0.84745763,0.33783784,0.42857143,0.06081081,0.13513514,0.19594595
293,Jeffrey Springs,ATH,17677,0.32932933,0.6612426,0.46328358,0.67781155,0.86577181,0.78608247,0.40358209,0.58139535,0.09910448,0.16537313,0.26447761
294,Luis Gil,NYY,21052,0.26146789,0.59663866,0.37982196,0.78947368,0.92957746,0.8671875,0.35311573,0.6,0.0504451,0.18694362,0.23738872
295,Shane Bieber,TOR,19427,0.32608696,0.65853659,0.44192635,0.57333333,0.97530864,0.78205128,0.34844193,0.51162791,0.09631728,0.16147309,0.25779037
296,Kodai Senga,NYM,31838,0.28228228,0.71962617,0.45338208,0.54255319,0.83766234,0.72580645,0.39122486,0.51492537,0.12408759,0.1350365,0.25912409
297,Merrill Kelly,ARI,11156,0.35371179,0.68805704,0.48070413,0.71604938,0.87305699,0.80140845,0.37982397,0.62043796,0.09533469,0.14536849,0.24070318
298,Jameson Taillon,CHC,11674,0.33382138,0.66591928,0.46501329,0.62280702,0.85858586,0.75619048,0.39503986,0.56794425,0.11337467,0.1656333,0.27900797
299,Max Scherzer,TOR,3137,0.34126984,0.75722543,0.51058824,0.73255814,0.92366412,0.84792627,0.40705882,0.61764706,0.07746479,0.12910798,0.20657277
300,Brayan Bello,BOS,23920,0.30272953,0.72312704,0.48450704,0.68852459,0.82882883,0.77906977,0.43239437,0.63243243,0.1068917,0.13783404,0.24472574
301,Zack Littell,WSN,15823,0.31428571,0.75247525,0.50484392,0.76969697,0.90460526,0.85714286,0.43487621,0.6374502,0.07204301,0.13548387,0.20752688
