rank,Name,Team,playerid,BABIP,GB/FB,LD%,GB%,FB%,IFFB%,HR/FB,RS,RS/9,Balls,Strikes,Pitches,Pull%,Cent%,Oppo%,Soft%,Med%,Hard%
1,Jacob Misiorowski,MIL,31623,0.22748815165876776,1.298701298,0.184331797,0.460829493,0.354838709,0.103896103,0.116883116,59.0,4.783783824884431,534.0,1128.0,1662.0,0.31363636,0.36818182,0.31818182,0.18181818,0.53181818,0.28636364
2,Cristopher Sánchez,PHI,20778,0.3333333333333333,2.170212765,0.155807365,0.577903682,0.266288951,0.085106382,0.127659574,78.0,5.513089101580734,612.0,1291.0,1903.0,0.46045198,0.33615819,0.20338983,0.16384181,0.47175141,0.36440678
3,Cam Schlittler,NYY,32095,0.26732673267326734,1.06557377,0.187096774,0.419354838,0.393548387,0.090163934,0.098360655,55.0,4.024390368714073,617.0,1304.0,1921.0,0.34713376,0.37898089,0.27388535,0.17834395,0.50636943,0.31528662
4,Dylan Cease,TOR,18525,0.30845771144278605,1.3,0.214634146,0.443902439,0.341463414,0.171428571,0.071428571,43.0,3.93559334756862,646.0,1073.0,1719.0,0.45145631,0.33009709,0.2184466,0.22330097,0.47572816,0.30097087
5,Paul Skenes,PIT,33677,0.29328621908127206,1.008474576,0.179930795,0.411764705,0.408304498,0.110169491,0.093220338,84.0,6.554913424655717,670.0,1240.0,1910.0,0.40614334,0.31399317,0.27986348,0.17406143,0.49488055,0.33105802
6,Jesús Luzardo,PHI,19959,0.32167832167832167,1.689655172,0.198630136,0.503424657,0.297945205,0.103448275,0.114942528,62.0,4.8381504623764675,693.0,1233.0,1926.0,0.44594595,0.35472973,0.19932432,0.16891892,0.56756757,0.26351351
7,Joe Ryan,MIN,21390,0.2872340425531915,0.776119402,0.179310344,0.358620689,0.462068965,0.126865671,0.074626865,63.0,5.138972870281226,595.0,1226.0,1821.0,0.45205479,0.31164384,0.23630137,0.18150685,0.44863014,0.36986301
8,Chris Sale,ATL,10603,0.2988505747126437,1.252631578,0.198501872,0.445692883,0.355805243,0.084210526,0.084210526,73.0,6.257142970805267,542.0,1133.0,1675.0,0.39033457,0.38289963,0.2267658,0.133829,0.55390335,0.31226766
9,Reid Detmers,LAA,27468,0.2764505119453925,0.760869565,0.195364238,0.347682119,0.456953642,0.108695652,0.086956521,56.0,4.395349007803024,652.0,1230.0,1882.0,0.35855263,0.39473684,0.24671053,0.14473684,0.53618421,0.31907895
10,Ranger Suarez,BOS,17277,0.3048780487804878,1.216867469,0.264,0.404,0.332,0.144578313,0.060240963,43.0,4.237226424851606,535.0,913.0,1448.0,0.42231076,0.34661355,0.2310757,0.187251,0.56972112,0.24302789
11,Yoshinobu Yamamoto,LAD,33825,0.22259136212624583,1.336363636,0.170967741,0.474193548,0.354838709,0.09090909,0.118181818,70.0,5.26462402535845,598.0,1164.0,1762.0,0.47452229,0.32802548,0.19745223,0.18152866,0.50955414,0.3089172
12,Shohei Ohtani,LAD,19755,0.24401913875598086,1.542857142,0.156398104,0.511848341,0.331753554,0.157142857,0.057142857,41.0,4.307393028076654,473.0,862.0,1335.0,0.41784038,0.342723,0.23943662,0.17370892,0.51173709,0.31455399
13,Davis Martin,CHW,21448,0.32,1.303030303,0.245033112,0.427152317,0.327814569,0.121212121,0.06060606,63.0,5.3490567962738895,602.0,1090.0,1692.0,0.42810458,0.33006536,0.24183007,0.13398693,0.53921569,0.32679739
14,Chase Burns,CIN,35333,0.26422764227642276,0.807017543,0.192156862,0.360784313,0.447058823,0.184210526,0.105263157,74.0,6.487013087443145,623.0,1054.0,1677.0,0.38132296,0.3463035,0.27237354,0.14396887,0.56420233,0.29182879
15,Braxton Ashcraft,PIT,23793,0.2972027972027972,1.163636363,0.201342281,0.429530201,0.369127516,0.136363636,0.127272727,99.0,7.86176492639892,528.0,1173.0,1701.0,0.36333333,0.39333333,0.24333333,0.15333333,0.49666667,0.35
16,Parker Messick,CLE,31986,0.2569444444444444,1.196261682,0.192439862,0.439862542,0.367697594,0.186915887,0.093457943,45.0,3.6160716133154263,636.0,1100.0,1736.0,0.40939597,0.32214765,0.26845638,0.15771812,0.52684564,0.31543624
17,Casey Mize,DET,20492,0.27699530516431925,0.744897959,0.208333333,0.337962962,0.453703703,0.163265306,0.051020408,37.0,4.12809945011017,433.0,800.0,1233.0,0.44036697,0.3440367,0.21559633,0.18348624,0.53669725,0.27981651
18,Zack Wheeler,PHI,10310,0.23943661971830985,1.324675324,0.197309417,0.457399103,0.345291479,0.142857142,0.129870129,60.0,5.806451731988471,522.0,931.0,1453.0,0.38565022,0.32286996,0.29147982,0.21973094,0.48878924,0.29147982
19,Bryan Woo,SEA,30279,0.28289473684210525,0.882352941,0.187301587,0.38095238,0.431746031,0.147058823,0.088235294,54.0,4.404833887622682,542.0,1133.0,1675.0,0.37974684,0.34493671,0.27531646,0.16772152,0.48734177,0.34493671
20,Logan Gilbert,SEA,22250,0.26174496644295303,0.804347826,0.196774193,0.358064516,0.44516129,0.130434782,0.108695652,63.0,4.72500015020371,635.0,1243.0,1878.0,0.45686901,0.35782748,0.18530351,0.14376997,0.49520767,0.36102236
21,Nolan McLean,NYM,33703,0.27037037037037037,1.528735632,0.205776173,0.480144404,0.314079422,0.103448275,0.114942528,68.0,5.400000106026146,695.0,1188.0,1883.0,0.38571429,0.35357143,0.26071429,0.19642857,0.51785714,0.28571429
22,Sandy Alcantara,MIA,18684,0.2878411910669975,1.25170068,0.196601941,0.446601941,0.356796116,0.122448979,0.095238095,85.0,5.5975610797707365,672.0,1380.0,2052.0,0.38369305,0.38369305,0.23261391,0.15827338,0.54916067,0.29256595
23,Cade Cavalli,WSN,27473,0.3404255319148936,1.527472527,0.204152249,0.480968858,0.314878892,0.054945054,0.098901098,91.0,7.824841025751112,610.0,1169.0,1779.0,0.39862543,0.32302405,0.27835052,0.16151203,0.48797251,0.35051546
24,Max Meyer,MIA,27474,0.2624113475177305,1.0625,0.200692041,0.411764705,0.387543252,0.125,0.098214285,82.0,6.648648762894514,646.0,1145.0,1791.0,0.3890785,0.37542662,0.23549488,0.15017065,0.50853242,0.34129693
25,Justin Wrobleski,LAD,31204,0.2491103202846975,1.0,0.173611111,0.413194444,0.413194444,0.06722689,0.06722689,69.0,6.446366867096671,440.0,937.0,1377.0,0.3633218,0.38408304,0.25259516,0.12456747,0.4567474,0.41868512
26,Jacob deGrom,TEX,10954,0.26556016597510373,0.780701754,0.203921568,0.349019607,0.447058823,0.087719298,0.140350877,52.0,4.649006695921163,548.0,1058.0,1606.0,0.42412451,0.36964981,0.20622568,0.11284047,0.50194553,0.38521401
27,Drew Rasmussen,TBR,25385,0.25,1.319148936,0.186567164,0.462686567,0.350746268,0.106382978,0.127659574,57.0,5.164429596311193,521.0,1023.0,1544.0,0.49632353,0.30147059,0.20220588,0.18014706,0.50367647,0.31617647
28,George Kirby,SEA,25436,0.3426791277258567,1.398230088,0.181268882,0.477341389,0.341389728,0.079646017,0.097345132,41.0,3.354545541794834,541.0,1128.0,1669.0,0.32228916,0.4186747,0.25903614,0.13855422,0.50903614,0.35240964
29,Tarik Skubal,DET,22267,0.2828282828282828,1.540983606,0.232673267,0.465346534,0.301980198,0.06557377,0.163934426,48.0,5.225806612377985,396.0,853.0,1249.0,0.45673077,0.32692308,0.21634615,0.15384615,0.54807692,0.29807692
30,Kevin Gausman,TOR,14107,0.29411764705882354,0.889705882,0.189274447,0.38170347,0.429022082,0.117647058,0.110294117,46.0,3.685460044947436,651.0,1207.0,1858.0,0.40809969,0.34579439,0.24610592,0.17757009,0.45794393,0.36448598
31,Kyle Harrison,MIL,27758,0.2912621359223301,0.908045977,0.220657276,0.370892018,0.408450704,0.08045977,0.114942528,52.0,5.593625668031781,488.0,970.0,1458.0,0.39814815,0.3287037,0.27314815,0.14351852,0.48611111,0.37037037
32,Dustin May,STL,19716,0.3284671532846715,1.2,0.205776173,0.433212996,0.36101083,0.08,0.07,52.0,4.775510346402932,555.0,1038.0,1593.0,0.35357143,0.36071429,0.28571429,0.15357143,0.46785714,0.37857143
33,Shane Baz,BAL,22264,0.3161094224924012,0.969465648,0.23668639,0.375739644,0.387573964,0.083969465,0.06870229,42.0,3.3850747617779824,673.0,1179.0,1852.0,0.37573964,0.36982249,0.25443787,0.14201183,0.5,0.35798817
34,Michael Soroka,ARI,18383,0.2920353982300885,1.0,0.234782608,0.382608695,0.382608695,0.068181818,0.068181818,44.0,4.829268405013396,429.0,861.0,1290.0,0.45689655,0.31896552,0.22413793,0.13362069,0.53448276,0.33189655
35,Landen Roupp,SFG,30076,0.291970802919708,1.586206896,0.181818181,0.501818181,0.316363636,0.08045977,0.08045977,57.0,4.93269248862239,733.0,1101.0,1834.0,0.47330961,0.3202847,0.20640569,0.15658363,0.55871886,0.28469751
36,Payton Tolle,BOS,35466,0.2602739726027397,0.675675675,0.162162162,0.337837837,0.5,0.108108108,0.072072072,37.0,3.964285804300894,400.0,872.0,1272.0,0.40969163,0.31277533,0.27753304,0.18942731,0.50660793,0.30396476
37,Shane McClanahan,TBR,21483,0.26587301587301587,1.12371134,0.172690763,0.437751004,0.389558232,0.072164948,0.072164948,50.0,4.945055100526551,495.0,932.0,1427.0,0.47286822,0.3372093,0.18992248,0.12403101,0.5,0.37596899
38,Logan Webb,SFG,17995,0.26688102893890675,1.75,0.201892744,0.507886435,0.29022082,0.086956521,0.097826086,50.0,4.205607514119438,545.0,1049.0,1594.0,0.4137931,0.35109718,0.23510972,0.15987461,0.52037618,0.31974922
39,MacKenzie Gore,TEX,22201,0.2945205479452055,0.881889763,0.211221122,0.369636963,0.419141914,0.062992125,0.11023622,62.0,5.042168834019446,683.0,1195.0,1878.0,0.41176471,0.33986928,0.24836601,0.13071895,0.4869281,0.38235294
40,Max Fried,NYY,13743,0.25,1.421052631,0.168674698,0.487951807,0.343373493,0.122807017,0.017543859,33.0,4.816216340354104,347.0,570.0,917.0,0.31952663,0.37869822,0.30177515,0.19526627,0.52662722,0.27810651
41,Sean Burke,CHW,29878,0.29955947136563876,0.897959183,0.201716738,0.377682403,0.420600858,0.122448979,0.102040816,44.0,4.534351310087572,491.0,976.0,1467.0,0.41772152,0.37552743,0.20675105,0.13080169,0.55696203,0.31223629
42,Trevor Rogers,BAL,22286,0.2906574394463668,0.897637795,0.18581081,0.385135135,0.429054054,0.157480314,0.078740157,44.0,4.096551912740927,520.0,1082.0,1602.0,0.39130435,0.38461538,0.22408027,0.1638796,0.47491639,0.36120401
43,Foster Griffin,WSN,16432,0.24758842443729903,1.275862068,0.185185185,0.456790123,0.358024691,0.103448275,0.146551724,91.0,6.980113712008581,620.0,1250.0,1870.0,0.43292683,0.36890244,0.19817073,0.14939024,0.54573171,0.30487805
44,Michael Wacha,KCR,14078,0.2781065088757396,0.929577464,0.20116618,0.38483965,0.413994169,0.112676056,0.098591549,44.0,3.31843581606969,624.0,1155.0,1779.0,0.40056818,0.38920455,0.21022727,0.16193182,0.55681818,0.28125
45,Gavin Williams,CLE,30122,0.2857142857142857,1.247706422,0.175084175,0.457912457,0.367003367,0.073394495,0.183486238,60.0,4.525139749185941,623.0,1258.0,1881.0,0.44333333,0.31,0.24666667,0.13,0.47666667,0.39333333
46,Sonny Gray,BOS,12768,0.2717391304347826,1.457446808,0.192307692,0.479020979,0.328671328,0.031914893,0.117021276,65.0,5.754098450615342,532.0,951.0,1483.0,0.51916376,0.28919861,0.19163763,0.11149826,0.57491289,0.31358885
47,Nick Martinez,TBR,12730,0.26426426426426425,0.843971631,0.235294117,0.35,0.414705882,0.085106382,0.078014184,47.0,4.015822906005923,485.0,998.0,1483.0,0.44476744,0.33430233,0.22093023,0.15697674,0.54069767,0.30232558
48,José Soriano,LAA,22100,0.2765957446808511,1.790697674,0.178082191,0.52739726,0.294520547,0.093023255,0.139534883,72.0,5.837837988308004,706.0,1156.0,1862.0,0.46938776,0.36734694,0.16326531,0.18027211,0.47619048,0.34353741
49,Michael King,SDP,19853,0.24752475247524752,1.097560975,0.156862745,0.44117647,0.401960784,0.113821138,0.089430894,41.0,3.2558824442662195,680.0,1148.0,1828.0,0.41853035,0.36102236,0.22044728,0.14376997,0.54632588,0.30990415
50,Emerson Hancock,SEA,27470,0.24705882352941178,1.0,0.180451127,0.409774436,0.409774436,0.091743119,0.110091743,58.0,5.2550336747689075,555.0,978.0,1533.0,0.3670412,0.38951311,0.24344569,0.1423221,0.48689139,0.37078652
51,Brandon Young,BAL,27819,0.28832116788321166,0.974137931,0.18505338,0.402135231,0.412811387,0.137931034,0.077586206,65.0,6.405109711984986,504.0,923.0,1427.0,0.42907801,0.38652482,0.18439716,0.16312057,0.45390071,0.38297872
52,Keider Montero,DET,22630,0.22868217054263565,0.711111111,0.128301886,0.36226415,0.509433962,0.155555555,0.066666666,49.0,5.108108296195818,405.0,807.0,1212.0,0.3670412,0.37078652,0.26217228,0.17228464,0.5093633,0.31835206
53,Ryan Weathers,NYY,23796,0.30708661417322836,1.214285714,0.19330855,0.442379182,0.364312267,0.081632653,0.163265306,34.0,3.133105944817329,586.0,1032.0,1618.0,0.39259259,0.4037037,0.2037037,0.17777778,0.51481481,0.30740741
54,Taj Bradley,MIN,22543,0.28044280442804426,0.75,0.214035087,0.336842105,0.449122807,0.1015625,0.125,82.0,6.8544893259925805,680.0,1159.0,1839.0,0.42160279,0.30313589,0.27526132,0.1184669,0.5087108,0.3728223
55,Joey Cantillo,CLE,23335,0.3140794223826715,1.107142857,0.169014084,0.436619718,0.394366197,0.107142857,0.107142857,59.0,5.009434097472697,674.0,1142.0,1816.0,0.41176471,0.35986159,0.2283737,0.15916955,0.5432526,0.29757785
56,Kyle Bradish,BAL,24586,0.2912280701754386,1.44,0.172881355,0.488135593,0.33898305,0.1,0.12,57.0,4.7795032471456365,690.0,1086.0,1776.0,0.36363636,0.38720539,0.24915825,0.18518519,0.50841751,0.30639731
57,Jake Bennett,BOS,31959,0.23178807947019867,1.358490566,0.161073825,0.483221476,0.355704697,0.150943396,0.056603773,31.0,5.198757917947885,238.0,482.0,720.0,0.4025974,0.32467532,0.27272727,0.18831169,0.48051948,0.33116883
58,Andre Pallante,STL,26108,0.2848297213622291,1.895833333,0.160120845,0.549848942,0.290030211,0.072916666,0.104166666,75.0,6.4082280414988135,643.0,1092.0,1735.0,0.36636637,0.37237237,0.26126126,0.18318318,0.53153153,0.28528529
59,Eduardo Rodriguez,ARI,13164,0.2594752186588921,1.044117647,0.205714285,0.405714285,0.388571428,0.073529411,0.088235294,68.0,5.2457144429420985,697.0,1159.0,1856.0,0.37464789,0.34929577,0.27605634,0.13521127,0.50704225,0.35774648
60,Jack Flaherty,DET,17479,0.3087557603686636,0.638888888,0.202702702,0.31081081,0.486486486,0.138888888,0.083333333,40.0,4.372469855096593,601.0,956.0,1557.0,0.43362832,0.32743363,0.23893805,0.13716814,0.46460177,0.39823009
61,Ben Brown,CHC,23590,0.23853211009174313,1.1,0.222222222,0.407407407,0.37037037,0.075,0.025,25.0,5.31496066983261,206.0,397.0,603.0,0.36363636,0.40909091,0.22727273,0.11818182,0.57272727,0.30909091
62,Eury Pérez,MIA,27768,0.24761904761904763,0.83,0.171945701,0.37556561,0.452488687,0.14,0.13,50.0,4.909090994212255,542.0,960.0,1502.0,0.44394619,0.35426009,0.20179372,0.17040359,0.43946188,0.39013453
63,Bryce Miller,SEA,29837,0.24087591240875914,0.779411764,0.153846153,0.37062937,0.475524475,0.117647058,0.117647058,22.0,3.3942858437674435,249.0,578.0,827.0,0.46896552,0.31034483,0.22068966,0.15862069,0.53793103,0.30344828
64,Peter Lambert,HOU,17969,0.23504273504273504,0.839285714,0.152263374,0.386831275,0.460905349,0.116071428,0.098214285,46.0,4.500000139941344,561.0,970.0,1531.0,0.3877551,0.32653061,0.28571429,0.16326531,0.51020408,0.32653061
65,Walbert Ureña,LAA,29357,0.24519230769230768,1.676470588,0.137440758,0.54028436,0.322274881,0.088235294,0.073529411,51.0,5.761506391100433,531.0,821.0,1352.0,0.44131455,0.30985915,0.24882629,0.16901408,0.56338028,0.26760563
66,Gage Jump,ATH,35418,0.3404255319148936,0.98245614,0.220689655,0.386206896,0.393103448,0.035087719,0.070175438,17.0,2.9235670032924546,300.0,597.0,897.0,0.4,0.39310345,0.20689655,0.10344828,0.47586207,0.42068966
67,Michael McGreevy,STL,29869,0.25471698113207547,1.348214285,0.198170731,0.460365853,0.341463414,0.053571428,0.125,43.0,3.5833333966172782,636.0,1046.0,1682.0,0.39156627,0.38253012,0.22590361,0.12650602,0.48493976,0.38855422
68,Noah Cameron,KCR,30184,0.32247557003257327,0.89516129,0.251592356,0.353503184,0.394904458,0.088709677,0.112903225,63.0,5.632450473417837,648.0,1098.0,1746.0,0.43302181,0.3364486,0.2305296,0.14953271,0.5046729,0.34579439
69,Framber Valdez,DET,17295,0.2923076923076923,1.722772277,0.174174174,0.522522522,0.303303303,0.05940594,0.108910891,51.0,4.263157957672822,592.0,1106.0,1698.0,0.45238095,0.30357143,0.24404762,0.13988095,0.5,0.36011905
70,Will Warren,NYY,30182,0.30742049469964666,1.148148148,0.205479452,0.424657534,0.369863013,0.046296296,0.129629629,80.0,7.322034277035175,617.0,1046.0,1663.0,0.42033898,0.34915254,0.23050847,0.11864407,0.5559322,0.32542373
71,Nathan Eovaldi,TEX,9132,0.29180327868852457,1.5,0.169230769,0.498461538,0.332307692,0.074074074,0.203703703,69.0,5.384393122947484,568.0,1168.0,1736.0,0.48466258,0.36809816,0.14723926,0.14110429,0.48466258,0.37423313
72,J.T. Ginn,ATH,27889,0.2462686567164179,1.336734693,0.173285198,0.472924187,0.353790613,0.081632653,0.122448979,75.0,6.596091410114755,636.0,989.0,1625.0,0.46428571,0.35714286,0.17857143,0.19642857,0.5,0.30357143
73,Trey Yesavage,TOR,35456,0.21844660194174756,0.660377358,0.161904761,0.333333333,0.504761904,0.113207547,0.075471698,32.0,3.555555723004552,510.0,822.0,1332.0,0.39719626,0.35046729,0.25233645,0.1635514,0.53271028,0.30373832
74,Brandon Woodruff,MIL,16162,0.2072072072072072,0.484375,0.173913043,0.269565217,0.556521739,0.125,0.078125,20.0,3.970588430195128,200.0,439.0,639.0,0.31034483,0.37931034,0.31034483,0.15517241,0.5,0.34482759
75,Clay Holmes,NYM,13649,0.25,2.0,0.16,0.56,0.28,0.071428571,0.071428571,27.0,4.61392427342689,286.0,542.0,828.0,0.48,0.38,0.14,0.16,0.48,0.36
76,Shota Imanaga,CHC,33829,0.2582781456953642,0.86013986,0.171339563,0.38317757,0.445482866,0.132867132,0.153846153,59.0,4.617391419221415,617.0,1184.0,1801.0,0.45987654,0.28395062,0.25617284,0.17283951,0.49691358,0.33024691
77,Kyle Leahy,STL,24763,0.3157894736842105,1.337078651,0.235294117,0.4375,0.327205882,0.078651685,0.101123595,40.0,4.029850803629332,558.0,917.0,1475.0,0.41605839,0.37591241,0.2080292,0.13138686,0.45985401,0.40875912
78,Freddy Peralta,NYM,18679,0.3053691275167785,1.093220338,0.200647249,0.417475728,0.381877022,0.118644067,0.127118644,52.0,4.48562322186958,748.0,1146.0,1894.0,0.39936102,0.33865815,0.26198083,0.17571885,0.48242812,0.34185304
79,Emmet Sheehan,LAD,29839,0.2890995260663507,0.73076923,0.196428571,0.339285714,0.464285714,0.115384615,0.144230769,48.0,5.246963826115913,522.0,946.0,1468.0,0.5,0.31858407,0.18141593,0.15044248,0.50884956,0.34070796
80,Bryce Elder,ATL,27779,0.27,1.130434782,0.207119741,0.420711974,0.372168284,0.104347826,0.130434782,41.0,3.5941559665720666,555.0,977.0,1532.0,0.40127389,0.32802548,0.27070064,0.12420382,0.52547771,0.35031847
81,Connor Prielipp,MIN,31857,0.31351351351351353,1.0,0.170212765,0.414893617,0.414893617,0.102564102,0.102564102,37.0,4.995000047636033,418.0,739.0,1157.0,0.359375,0.390625,0.25,0.16145833,0.52604167,0.3125
82,Seth Lugo,KCR,12447,0.3191489361702128,0.985401459,0.197640117,0.398230088,0.404129793,0.0729927,0.109489051,49.0,3.984939850610477,638.0,1152.0,1790.0,0.37790698,0.37209302,0.25,0.11627907,0.48546512,0.39825581
83,Logan Henderson,MIL,31475,0.26582278481012656,0.621621621,0.268292682,0.280487804,0.451219512,0.162162162,0.081081081,20.0,5.400000051498414,151.0,352.0,503.0,0.46341463,0.32926829,0.20731707,0.19512195,0.5,0.30487805
84,Andrew Abbott,CIN,29911,0.2750809061488673,1.0,0.173501577,0.413249211,0.413249211,0.099236641,0.122137404,45.0,3.8571429622416624,688.0,1149.0,1837.0,0.34055728,0.41176471,0.24767802,0.13931889,0.53560372,0.3250774
85,Carmen Mlodzinski,PIT,27572,0.35766423357664234,1.255319148,0.231884057,0.427536231,0.34057971,0.106382978,0.063829787,24.0,4.90909122829597,290.0,490.0,780.0,0.41007194,0.37410072,0.21582734,0.09352518,0.52517986,0.38129496
86,Christian Scott,NYM,30107,0.27972027972027974,0.741935483,0.260273972,0.315068493,0.424657534,0.096774193,0.112903225,27.0,4.072626002097338,391.0,688.0,1079.0,0.37333333,0.34,0.28666667,0.13333333,0.5,0.36666667
87,Slade Cecconi,CLE,27500,0.31475409836065577,1.256637168,0.187898089,0.452229299,0.359872611,0.07079646,0.115044247,43.0,3.9090910597171615,590.0,1021.0,1611.0,0.37735849,0.39308176,0.22955975,0.1163522,0.53773585,0.34591195
88,Tyler Glasnow,LAD,14374,0.18518518518518517,1.147058823,0.15116279,0.453488372,0.395348837,0.147058823,0.147058823,28.0,6.352941278296419,221.0,379.0,600.0,0.44186047,0.3372093,0.22093023,0.15116279,0.5,0.34883721
89,Shane Drohan,MIL,27814,0.3125,1.09090909,0.206896551,0.413793103,0.379310344,0.072727272,0.09090909,38.0,6.662337951142234,290.0,527.0,817.0,0.38926174,0.34228188,0.26845638,0.16107383,0.44966443,0.38926174
90,Mitch Keller,PIT,17594,0.2861736334405145,1.033898305,0.254658385,0.378881987,0.366459627,0.06779661,0.110169491,63.0,5.487096892355883,594.0,1067.0,1661.0,0.35185185,0.37654321,0.27160494,0.16049383,0.45679012,0.38271605
91,Matthew Boyd,CHC,15440,0.3028169014084507,1.148148148,0.216216216,0.418918918,0.364864864,0.148148148,0.111111111,47.0,8.13461583217928,297.0,561.0,858.0,0.47297297,0.30405405,0.22297297,0.18918919,0.40540541,0.40540541
92,Jared Jones,PIT,27863,0.2755102040816326,1.205128205,0.156862745,0.460784313,0.382352941,0.128205128,0.128205128,23.0,5.175000123381618,244.0,407.0,651.0,0.50485437,0.21359223,0.2815534,0.14563107,0.51456311,0.33980583
93,Janson Junk,MIA,23301,0.2935323383084577,1.074074074,0.168316831,0.430693069,0.400990099,0.185185185,0.111111111,29.0,4.015384733211363,354.0,681.0,1035.0,0.39423077,0.375,0.23076923,0.19711538,0.48076923,0.32211538
94,Carlos Rodón,NYY,16137,0.25892857142857145,1.045454545,0.210526315,0.403508771,0.385964912,0.068181818,0.068181818,33.0,6.410072118363199,323.0,505.0,828.0,0.46956522,0.34782609,0.1826087,0.10434783,0.56521739,0.33043478
95,Griffin Jax,TBR,20253,0.28823529411764703,1.209677419,0.230337078,0.421348314,0.348314606,0.032258064,0.161290322,30.0,4.090909150021136,341.0,620.0,961.0,0.42222222,0.37777778,0.2,0.12222222,0.5,0.37777778
96,Michael Lorenzen,COL,14843,0.36363636363636365,1.365217391,0.204678362,0.459064327,0.336257309,0.078260869,0.12173913,41.0,3.843750190921137,676.0,1074.0,1750.0,0.45348837,0.34883721,0.19767442,0.11046512,0.4622093,0.42732558
97,Walker Buehler,SDP,19374,0.31640625,1.443181818,0.197761194,0.473880597,0.328358208,0.045454545,0.136363636,39.0,3.943820393758212,585.0,955.0,1540.0,0.40671642,0.41044776,0.18283582,0.11567164,0.52985075,0.35447761
98,Nick Pivetta,SDP,15454,0.3333333333333333,0.571428571,0.083333333,0.333333333,0.583333333,0.238095238,0.0,4.0,2.25,99.0,184.0,283.0,0.38888889,0.25,0.36111111,0.27777778,0.52777778,0.19444444
99,Gerrit Cole,NYY,13125,0.28104575163398693,0.714285714,0.175,0.34375,0.48125,0.077922077,0.116883116,27.0,4.418181971400243,274.0,600.0,874.0,0.4,0.34375,0.25625,0.13125,0.55625,0.3125
100,Kyle Freeland,COL,16256,0.3617021276595745,0.991596638,0.204697986,0.395973154,0.399328859,0.06722689,0.151260504,42.0,4.295454731657493,471.0,980.0,1451.0,0.42333333,0.40333333,0.17333333,0.11333333,0.41333333,0.47333333
101,Rhett Lowder,CIN,33876,0.3431372549019608,1.0875,0.204761904,0.414285714,0.38095238,0.075,0.1,28.0,3.876923304450596,434.0,709.0,1143.0,0.41981132,0.36320755,0.21698113,0.11320755,0.51886792,0.36792453
102,Bailey Ober,MIN,21224,0.2555066079295154,0.725663716,0.177215189,0.345991561,0.476793248,0.21238938,0.115044247,61.0,7.129870306482447,415.0,779.0,1194.0,0.46443515,0.29707113,0.23849372,0.18828452,0.51046025,0.30125523
103,Troy Melton,DET,31807,0.18840579710144928,1.163636363,0.179310344,0.44137931,0.379310344,0.09090909,0.127272727,29.0,4.745454710022483,285.0,506.0,791.0,0.48965517,0.29655172,0.2137931,0.13793103,0.53103448,0.33103448
104,Kris Bubic,KCR,21455,0.256,1.142857142,0.1796875,0.4375,0.3828125,0.020408163,0.081632653,17.0,3.0397351761302613,305.0,507.0,812.0,0.44186047,0.39534884,0.1627907,0.11627907,0.56589147,0.31782946
105,Trevor McDonald,SFG,26448,0.295,2.326530612,0.197044334,0.561576354,0.24137931,0.040816326,0.122448979,28.0,3.79899515693488,394.0,676.0,1070.0,0.41463415,0.3804878,0.20487805,0.14146341,0.50243902,0.35609756
106,Bubba Chandler,PIT,29868,0.2784313725490196,0.909909909,0.184615384,0.388461538,0.426923076,0.135135135,0.09009009,43.0,4.348314746523913,583.0,963.0,1546.0,0.39015152,0.30681818,0.3030303,0.16287879,0.48484848,0.35227273
107,Connelly Early,BOS,33666,0.27615062761506276,1.07070707,0.176706827,0.425702811,0.397590361,0.06060606,0.151515151,48.0,4.712727452503558,548.0,981.0,1529.0,0.4488189,0.34251969,0.20866142,0.11811024,0.54330709,0.33858268
108,Luis Castillo,SEA,15689,0.30434782608695654,0.834951456,0.205882352,0.361344537,0.432773109,0.106796116,0.116504854,37.0,4.362445596521935,471.0,917.0,1388.0,0.42738589,0.29875519,0.27385892,0.12863071,0.51037344,0.36099585
109,Jake Irvin,WSN,21504,0.3037037037037037,0.949152542,0.184397163,0.39716312,0.418439716,0.118644067,0.118644067,28.0,4.877419414857672,353.0,596.0,949.0,0.40140845,0.32394366,0.27464789,0.15492958,0.47183099,0.37323944
110,Yusei Kikuchi,LAA,20633,0.3516483516483517,0.921052631,0.223404255,0.372340425,0.404255319,0.131578947,0.078947368,13.0,3.7741936644952117,207.0,360.0,567.0,0.43617021,0.34042553,0.22340426,0.14893617,0.42553191,0.42553191
111,Tyler Mahle,SFG,16358,0.3181818181818182,1.102272727,0.188596491,0.425438596,0.385964912,0.102272727,0.136363636,26.0,3.0000001100393483,491.0,811.0,1302.0,0.39224138,0.36206897,0.24568966,0.14224138,0.52586207,0.33189655
112,Aaron Nola,PHI,16149,0.3192982456140351,0.952755905,0.184210526,0.398026315,0.417763157,0.094488188,0.181102362,51.0,4.456310844655114,648.0,1150.0,1798.0,0.43831169,0.35064935,0.21103896,0.15909091,0.50324675,0.33766234
113,Anthony Kay,CHW,20387,0.284,1.23076923,0.20703125,0.4375,0.35546875,0.153846153,0.131868131,62.0,6.463320701308994,611.0,960.0,1571.0,0.47709924,0.32824427,0.19465649,0.17938931,0.50763359,0.3129771
114,Andrew Alvarez,WSN,29914,0.36,3.384615384,0.24,0.586666666,0.173333333,0.23076923,0.076923076,11.0,3.712500221282257,193.0,290.0,483.0,0.51315789,0.34210526,0.14473684,0.15789474,0.59210526,0.25
115,Luis Severino,ATH,15890,0.3170731707317073,1.1875,0.181286549,0.444444444,0.374269005,0.046875,0.140625,23.0,3.3031915731427914,396.0,690.0,1086.0,0.3699422,0.39884393,0.23121387,0.14450867,0.49710983,0.3583815
116,Tanner Bibee,CLE,30134,0.24203821656050956,1.007518796,0.198198198,0.402402402,0.399399399,0.09774436,0.150375939,35.0,2.7876106900479485,643.0,1108.0,1751.0,0.37724551,0.38622754,0.23652695,0.13173653,0.50299401,0.36526946
117,Chad Patrick,MIL,30113,0.2926829268292683,0.666666666,0.197530864,0.320987654,0.481481481,0.102564102,0.025641025,14.0,4.447059023108046,179.0,285.0,464.0,0.34939759,0.27710843,0.37349398,0.13253012,0.5060241,0.36144578
118,Kumar Rocker,TEX,31843,0.296137339055794,1.141304347,0.19262295,0.430327868,0.37704918,0.108695652,0.130434782,25.0,2.9094828782197886,522.0,825.0,1347.0,0.4122449,0.40408163,0.18367347,0.16734694,0.45306122,0.37959184
119,Brandon Pfaadt,ARI,27782,0.2689075630252101,1.5,0.146341463,0.512195121,0.341463414,0.119047619,0.095238095,31.0,7.407079958581501,190.0,377.0,567.0,0.46341463,0.29268293,0.24390244,0.17073171,0.56910569,0.2601626
120,Mick Abel,MIN,27756,0.3111111111111111,1.117647058,0.162790697,0.441860465,0.395348837,0.176470588,0.0,8.0,4.235294117647059,89.0,187.0,276.0,0.42222222,0.28888889,0.28888889,0.15555556,0.55555556,0.28888889
121,Jack Leiter,TEX,30146,0.3013698630136986,0.904255319,0.228448275,0.36637931,0.405172413,0.085106382,0.14893617,34.0,3.8250001823902218,509.0,888.0,1397.0,0.39055794,0.35622318,0.25321888,0.17167382,0.49356223,0.33476395
122,David Peterson,2 Tms,20302,0.375,1.777777777,0.260355029,0.473372781,0.266272189,0.066666666,0.111111111,13.0,2.2645162404960506,335.0,552.0,887.0,0.42196532,0.34104046,0.23699422,0.12138728,0.47398844,0.40462428
123,Patrick Corbin,TOR,9323,0.33636363636363636,1.075,0.271929824,0.377192982,0.350877192,0.075,0.1125,28.0,3.652174114955632,468.0,750.0,1218.0,0.43668122,0.3930131,0.17030568,0.12663755,0.53275109,0.34061135
124,Martín Pérez,ATL,6902,0.25,1.515151515,0.213270142,0.473933649,0.312796208,0.075757575,0.121212121,33.0,4.125000109275185,453.0,704.0,1157.0,0.57407407,0.28240741,0.14351852,0.13888889,0.5,0.36111111
125,Randy Vásquez,SDP,24719,0.316,0.77118644,0.196153846,0.35,0.453846153,0.033898305,0.101694915,41.0,4.574380309503108,479.0,873.0,1352.0,0.41221374,0.38549618,0.20229008,0.08396947,0.51908397,0.39694656
126,Joe Boyle,TBR,29608,0.23255813953488372,0.947368421,0.159090909,0.409090909,0.431818181,0.263157894,0.052631578,4.0,2.2978724336775285,98.0,165.0,263.0,0.34090909,0.43181818,0.22727273,0.29545455,0.40909091,0.29545455
127,Gabriel Hughes,COL,31614,0.32142857142857145,0.818181818,0.285714285,0.321428571,0.392857142,0.09090909,0.0,4.0,3.176470677332897,56.0,120.0,176.0,0.32142857,0.28571429,0.39285714,0.07142857,0.71428571,0.21428571
128,Stephen Kolek,KCR,21487,0.27976190476190477,1.403508771,0.217142857,0.457142857,0.325714285,0.122807017,0.140350877,24.0,4.0000001412850885,302.0,536.0,838.0,0.39772727,0.41477273,0.1875,0.19318182,0.46590909,0.34090909
129,Spencer Arrighetti,HOU,29921,0.24770642201834864,0.864583333,0.21491228,0.364035087,0.421052631,0.135416666,0.125,42.0,4.344827633833914,594.0,878.0,1472.0,0.49130435,0.29565217,0.21304348,0.13478261,0.55652174,0.30869565
130,Hunter Greene,CIN,22182,0.3235294117647059,0.444444444,0.297297297,0.216216216,0.486486486,0.166666666,0.166666666,17.0,9.367347121089763,88.0,188.0,276.0,0.18918919,0.40540541,0.40540541,0.13513514,0.45945946,0.40540541
131,Robbie Ray,SFG,11486,0.25435540069686413,0.731884057,0.195286195,0.34006734,0.464646464,0.065217391,0.108695652,63.0,5.434504957915265,717.0,1085.0,1802.0,0.35099338,0.29470199,0.35430464,0.11589404,0.60264901,0.28145695
132,Zac Thornton,NYM,33891,0.21739130434782608,0.947368421,0.195652173,0.391304347,0.413043478,0.0,0.052631578,5.0,2.596153893767025,77.0,163.0,240.0,0.44680851,0.36170213,0.19148936,0.06382979,0.46808511,0.46808511
133,Matthew Liberatore,STL,22294,0.32209737827715357,0.869565217,0.234875444,0.355871886,0.409252669,0.069565217,0.147826086,55.0,5.284697706187492,572.0,1001.0,1573.0,0.46478873,0.25704225,0.27816901,0.12323944,0.48591549,0.39084507
134,Colin Rea,CHC,12317,0.296875,1.137254901,0.180451127,0.436090225,0.383458646,0.088235294,0.117647058,61.0,6.561753337087087,508.0,886.0,1394.0,0.39179104,0.34328358,0.26492537,0.14925373,0.5,0.35074627
135,Nick Lodolo,CIN,26378,0.30434782608695654,1.208955223,0.221052631,0.426315789,0.352631578,0.059701492,0.134328358,35.0,5.026595948669594,407.0,680.0,1087.0,0.33160622,0.38341969,0.28497409,0.12953368,0.48186528,0.38860104
136,Roki Sasaki,LAD,35323,0.2727272727272727,1.009803921,0.173387096,0.41532258,0.411290322,0.137254901,0.186274509,43.0,4.465384746416085,546.0,970.0,1516.0,0.384,0.356,0.26,0.124,0.516,0.36
137,Reynaldo López,ATL,16400,0.25688073394495414,0.882352941,0.165217391,0.391304347,0.44347826,0.098039215,0.117647058,27.0,6.126050518357261,263.0,419.0,682.0,0.35652174,0.3826087,0.26086957,0.19130435,0.45217391,0.35652174
138,Drew Anderson,DET,15130,0.2857142857142857,1.166666666,0.071428571,0.5,0.428571428,0.166666666,0.0,5.0,6.1363647003806205,50.0,72.0,122.0,0.28571429,0.42857143,0.28571429,0.14285714,0.5,0.35714286
139,Garrett Crochet,BOS,27463,0.345679012345679,0.96875,0.258823529,0.364705882,0.376470588,0.0625,0.15625,14.0,4.200000133514409,189.0,329.0,518.0,0.38372093,0.39534884,0.22093023,0.19767442,0.48837209,0.31395349
140,Tomoyuki Sugano,COL,35321,0.2638888888888889,0.868217054,0.209836065,0.367213114,0.422950819,0.069767441,0.139534883,63.0,6.253676711778233,565.0,895.0,1460.0,0.44771242,0.33986928,0.2124183,0.11111111,0.48039216,0.40849673
141,Brady Singer,CIN,25377,0.2937062937062937,1.159292035,0.2,0.429508196,0.370491803,0.053097345,0.185840707,45.0,4.189655282636321,640.0,1031.0,1671.0,0.41368078,0.38110749,0.20521173,0.10423453,0.53745928,0.35830619
142,Lake Bachar,MIA,19222,0.2,1.142857142,0.210526315,0.421052631,0.368421052,0.142857142,0.0,2.0,2.0000002119276483,70.0,96.0,166.0,0.55,0.35,0.1,0.15,0.55,0.3
143,Patrick Sandoval,BOS,19447,0.4482758620689655,0.909090909,0.275862068,0.344827586,0.379310344,0.272727272,0.09090909,5.0,4.821428735645456,46.0,95.0,141.0,0.36666667,0.36666667,0.26666667,0.13333333,0.56666667,0.3
144,Jack Kochanowicz,LAA,27688,0.2885572139303483,1.918032786,0.13592233,0.567961165,0.296116504,0.06557377,0.114754098,39.0,5.48437524772454,435.0,672.0,1107.0,0.42307692,0.34615385,0.23076923,0.14903846,0.50480769,0.34615385
145,Brandon Sproat,MIL,33850,0.27717391304347827,1.148648648,0.192893401,0.431472081,0.375634517,0.094594594,0.189189189,46.0,5.544643116810809,498.0,827.0,1325.0,0.36363636,0.38383838,0.25252525,0.12121212,0.52020202,0.35858586
146,Jose Quintana,COL,11423,0.2846715328467153,0.71641791,0.178571428,0.342857142,0.478571428,0.119402985,0.089552238,26.0,5.707317471433323,280.0,410.0,690.0,0.48951049,0.25174825,0.25874126,0.17482517,0.48951049,0.33566434
147,Robert Gasser,MIL,29812,0.2624113475177305,0.589041095,0.231788079,0.284768211,0.483443708,0.109589041,0.150684931,33.0,5.785714536518256,282.0,585.0,867.0,0.38815789,0.33552632,0.27631579,0.15789474,0.47368421,0.36842105
148,Hunter Brown,HOU,25880,0.25773195876288657,1.6875,0.148514851,0.534653465,0.316831683,0.1875,0.15625,20.0,4.5000002145767315,310.0,422.0,732.0,0.40196078,0.31372549,0.28431373,0.25490196,0.44117647,0.30392157
149,Grant Taylor,CHW,33927,0.09090909090909091,0.428571428,0.09090909,0.272727272,0.636363636,0.0,0.0,4.0,7.2,16.0,45.0,61.0,0.09090909,0.72727273,0.18181818,0.09090909,0.54545455,0.36363636
150,Chris Paddack,2 Tms,20099,0.36428571428571427,0.98245614,0.226027397,0.383561643,0.390410958,0.035087719,0.122807017,15.0,3.2926830800071847,263.0,482.0,745.0,0.41496599,0.31972789,0.26530612,0.14965986,0.53061224,0.31972789
151,José Suarez,2 Tms,19911,0.45454545454545453,1.666666666,0.272727272,0.454545454,0.272727272,0.333333333,0.0,1.0,1.8000003433228193,30.0,52.0,82.0,0.63636364,0.27272727,0.09090909,0.09090909,0.54545455,0.36363636
152,David Sandlin,CHW,31743,0.24390243902439024,1.0,0.209302325,0.395348837,0.395348837,0.117647058,0.117647058,30.0,16.875,91.0,141.0,232.0,0.48837209,0.30232558,0.20930233,0.1627907,0.55813953,0.27906977
153,Edward Cabrera,CHC,21690,0.29,1.232876712,0.223809523,0.428571428,0.347619047,0.09589041,0.191780821,46.0,5.723502555684672,462.0,741.0,1203.0,0.50234742,0.28638498,0.21126761,0.08920188,0.49765258,0.41314554
154,Grant Holmes,ATL,16944,0.2637795275590551,1.038095238,0.195488721,0.409774436,0.394736842,0.095238095,0.142857142,51.0,5.196226602094636,543.0,916.0,1459.0,0.42007435,0.34200743,0.23791822,0.12267658,0.50185874,0.37546468
155,Mason Montgomery,PIT,29770,0.3,0.8,0.1,0.4,0.5,0.0,0.0,8.0,14.4,22.0,49.0,71.0,0.3,0.4,0.3,0.1,0.5,0.4
156,Sean Manaea,NYM,15873,0.28846153846153844,1.175,0.201834862,0.43119266,0.366972477,0.05,0.175,18.0,4.41818200970485,219.0,440.0,659.0,0.45045045,0.27027027,0.27927928,0.13513514,0.51351351,0.35135135
157,Coleman Crow,MIL,27926,0.3103448275862069,0.846153846,0.2,0.366666666,0.433333333,0.115384615,0.076923076,9.0,4.860000185394294,86.0,190.0,276.0,0.38333333,0.38333333,0.23333333,0.1,0.56666667,0.33333333
158,Tim Mayza,PHI,15042,0.35714285714285715,1.0,0.428571428,0.285714285,0.285714285,0.0,0.0,2.0,4.153846458570514,31.0,52.0,83.0,0.42857143,0.42857143,0.14285714,0.07142857,0.57142857,0.35714286
159,Griffin Canning,SDP,19867,0.3358208955223881,1.185185185,0.169014084,0.450704225,0.38028169,0.074074074,0.166666666,15.0,2.682119374693269,355.0,505.0,860.0,0.47552448,0.33566434,0.18881119,0.1048951,0.51748252,0.37762238
160,Carson Palmquist,WSN,31612,0.42105263157894735,1.333333333,0.222222222,0.444444444,0.333333333,0.0,0.166666666,4.0,4.909091121894278,46.0,94.0,140.0,0.3,0.4,0.3,0.05,0.6,0.35
161,Tatsuya Imai,HOU,37124,0.2903225806451613,1.208333333,0.190839694,0.442748091,0.366412213,0.125,0.1875,58.0,10.038462292138522,419.0,604.0,1023.0,0.35338346,0.39097744,0.2556391,0.13533835,0.40601504,0.45864662
162,Ian Seymour,TBR,27932,0.27692307692307694,0.567567567,0.194444444,0.291666666,0.513888888,0.135135135,0.216216216,23.0,7.220930392707346,159.0,318.0,477.0,0.46575342,0.2739726,0.26027397,0.20547945,0.42465753,0.36986301
163,Sean Newcomb,CHW,16943,0.0,3.0,0.2,0.6,0.2,0.0,0.0,1.0,3.0,14.0,28.0,42.0,0.2,0.4,0.4,0.2,0.4,0.4
164,Braydon Fisher,TOR,24609,0.2,0.714285714,0.2,0.333333333,0.466666666,0.0,0.0,2.0,2.70000025749209,36.0,63.0,99.0,0.53333333,0.33333333,0.13333333,0.06666667,0.46666667,0.46666667
165,Noah Schultz,CHW,32056,0.24822695035460993,0.75,0.179310344,0.351724137,0.468965517,0.088235294,0.117647058,35.0,5.943396440304322,349.0,556.0,905.0,0.36912752,0.36241611,0.26845638,0.18120805,0.45637584,0.36241611
166,Jacob Latz,TEX,21306,0.0,0.666666666,0.0,0.4,0.6,0.166666666,0.0,3.0,6.75,26.0,42.0,68.0,0.4,0.4,0.2,0.1,0.6,0.3
167,Aaron Ashby,MIL,23550,0.5,1.0,0.0,0.5,0.5,0.0,0.0,3.0,11.571430147910819,16.0,28.0,44.0,0.33333333,0.5,0.16666667,0.0,0.33333333,0.66666667
168,Mason Fluharty,TOR,31553,0.36363636363636365,0.5,0.181818181,0.272727272,0.545454545,0.333333333,0.0,0.0,0.0,25.0,39.0,64.0,0.18181818,0.63636364,0.18181818,0.18181818,0.54545455,0.27272727
169,PJ Poulin,WSN,23394,0.225,1.058823529,0.166666666,0.428571428,0.404761904,0.058823529,0.117647058,16.0,9.600001258850263,83.0,150.0,233.0,0.45238095,0.30952381,0.23809524,0.11904762,0.5,0.38095238
170,Kendry Rojas,MIN,29423,0.23076923076923078,1.0,0.23076923,0.384615384,0.384615384,0.2,0.0,4.0,6.0,40.0,56.0,96.0,0.30769231,0.61538462,0.07692308,0.23076923,0.61538462,0.15384615
171,Lance McCullers Jr.,HOU,14120,0.3163265306122449,1.216216216,0.219047619,0.428571428,0.352380952,0.108108108,0.189189189,32.0,7.3220341350113864,286.0,410.0,696.0,0.5047619,0.28571429,0.20952381,0.13333333,0.4952381,0.37142857
172,Jakob Junis,TEX,13619,0.25,0.4,0.125,0.25,0.625,0.2,0.0,0.0,0.0,9.0,22.0,31.0,0.25,0.5,0.25,0.25,0.375,0.375
173,Chase Dollander,COL,33482,0.2972972972972973,1.2,0.153846153,0.461538461,0.384615384,0.2,0.133333333,9.0,5.926829544012932,94.0,128.0,222.0,0.28205128,0.41025641,0.30769231,0.17948718,0.43589744,0.38461538
174,Cody Bolton,HOU,23265,0.38095238095238093,1.0,0.263157894,0.368421052,0.368421052,0.142857142,0.0,3.0,3.521739422486299,74.0,92.0,166.0,0.28571429,0.42857143,0.28571429,0.0952381,0.42857143,0.47619048
175,Zebby Matthews,MIN,31827,0.2885572139303483,0.943820224,0.191588785,0.392523364,0.41588785,0.078651685,0.168539325,37.0,4.757142921953786,398.0,712.0,1110.0,0.45833333,0.30092593,0.24074074,0.09259259,0.50925926,0.39814815
176,Tyler Alexander,TEX,17735,0.16666666666666666,5.0,0.0,0.833333333,0.166666666,0.0,0.0,5.0,15.0,14.0,33.0,47.0,0.5,0.33333333,0.16666667,0.0,0.5,0.5
177,Tyler Phillips,MIA,20629,0.2764227642276423,1.525,0.198412698,0.484126984,0.317460317,0.05,0.15,15.0,3.3471075435388595,236.0,398.0,634.0,0.3875969,0.35658915,0.25581395,0.09302326,0.51162791,0.39534884
178,Spencer Miles,TOR,31621,0.36,2.071428571,0.156862745,0.56862745,0.274509803,0.0,0.142857142,11.0,7.071428571428571,68.0,155.0,223.0,0.32692308,0.38461538,0.28846154,0.17307692,0.51923077,0.30769231
179,Wandy Peralta,SDP,14295,0.2,1.666666666,0.2,0.5,0.3,0.0,0.0,0.0,0.0,18.0,32.0,50.0,0.4,0.5,0.1,0.2,0.6,0.2
180,Ryan Feltner,COL,21446,0.265625,1.085365853,0.165853658,0.434146341,0.4,0.121951219,0.170731707,53.0,7.263959672180783,405.0,670.0,1075.0,0.45145631,0.35436893,0.19417476,0.14563107,0.48543689,0.36893204
181,Steven Matz,TBR,13361,0.26717557251908397,0.793103448,0.257142857,0.328571428,0.414285714,0.086206896,0.155172413,20.0,3.913043559386286,285.0,498.0,783.0,0.36428571,0.37857143,0.25714286,0.14285714,0.52857143,0.32857143
182,Blake Snell,LAD,13543,0.5454545454545454,7.0,0.272727272,0.636363636,0.09090909,0.0,0.0,0.0,0.0,27.0,50.0,77.0,0.45454545,0.45454545,0.09090909,0.18181818,0.63636364,0.18181818
183,Cionel Pérez,NYM,19614,0.4,1.0,0.2,0.4,0.4,0.0,0.0,3.0,13.5,5.0,18.0,23.0,0.2,0.6,0.2,0.2,0.4,0.4
184,Bradgley Rodriguez,SDP,29107,0.125,1.333333333,0.125,0.5,0.375,0.0,0.0,1.0,3.0,10.0,25.0,35.0,0.375,0.375,0.25,0.25,0.625,0.125
185,Ryan Yarbrough,NYY,16502,0.2222222222222222,0.333333333,0.111111111,0.222222222,0.666666666,0.166666666,0.0,1.0,3.3750008046628963,10.0,26.0,36.0,0.0,0.55555556,0.44444444,0.44444444,0.44444444,0.11111111
186,Cole Sulser,TBR,15256,0.38461538461538464,0.571428571,0.153846153,0.307692307,0.538461538,0.0,0.0,2.0,4.5,21.0,42.0,63.0,0.61538462,0.15384615,0.23076923,0.0,0.61538462,0.38461538
187,Bryan Hudson,CHW,19924,0.11764705882352941,0.777777777,0.058823529,0.411764705,0.529411764,0.0,0.111111111,1.0,1.28571446087898,27.0,57.0,84.0,0.35294118,0.41176471,0.23529412,0.11764706,0.64705882,0.23529412
188,Ryan Gusto,MIA,26440,0.3088235294117647,0.733333333,0.267605633,0.309859154,0.422535211,0.066666666,0.1,17.0,7.1718754274770875,135.0,237.0,372.0,0.35211268,0.32394366,0.32394366,0.12676056,0.47887324,0.3943662
189,Mitch Spence,KCR,27707,0.3888888888888889,2.25,0.277777777,0.5,0.222222222,0.25,0.0,3.0,6.75,21.0,42.0,63.0,0.55555556,0.27777778,0.16666667,0.11111111,0.55555556,0.33333333
190,Aaron Civale,ATH,19479,0.3261802575107296,0.571428571,0.242914979,0.275303643,0.481781376,0.092436974,0.134453781,36.0,4.479262810609701,434.0,820.0,1254.0,0.46370968,0.32258065,0.21370968,0.15322581,0.50403226,0.34274194
191,Kai-Wei Teng,HOU,24282,0.3333333333333333,1.104166666,0.240601503,0.39849624,0.360902255,0.083333333,0.145833333,20.0,4.090909179577159,281.0,482.0,763.0,0.41353383,0.36090226,0.22556391,0.14285714,0.44360902,0.41353383
192,Jack Dreyer,LAD,30249,0.0,0.0,0.0,0.0,0.0,0.0,0.0,0.0,0.0,4.0,10.0,14.0,,,,,,
193,Cody Ponce,TOR,17920,0.16666666666666666,1.0,0.0,0.5,0.5,0.0,0.0,0.0,0.0,17.0,30.0,47.0,0.66666667,0.0,0.33333333,0.16666667,0.5,0.33333333
194,Tyler Holton,DET,26231,0.5,4.0,0.166666666,0.666666666,0.166666666,0.0,0.0,0.0,0.0,12.0,27.0,39.0,0.66666667,0.16666667,0.16666667,0.0,0.66666667,0.33333333
195,Andrew Morris,MIN,31891,0.4166666666666667,2.0,0.181818181,0.545454545,0.272727272,0.0,0.0,2.0,6.0,18.0,36.0,54.0,0.0,0.5,0.5,0.0,0.66666667,0.33333333
196,Jimmy Herget,COL,17556,0.14285714285714285,0.5,0.0,0.333333333,0.666666666,0.0,0.0,0.0,0.0,14.0,34.0,48.0,0.42857143,0.28571429,0.28571429,0.0,0.42857143,0.57142857
197,Zach Pop,PHI,20185,0.375,2.5,0.125,0.625,0.25,0.0,0.0,0.0,0.0,12.0,25.0,37.0,0.125,0.625,0.25,0.0,0.375,0.625
198,Tyler Samaniego,BOS,30081,0.8571428571428571,0.5,0.571428571,0.142857142,0.285714285,0.0,0.0,0.0,0.0,7.0,15.0,22.0,0.57142857,0.14285714,0.28571429,0.14285714,0.42857143,0.42857143
199,Spencer Strider,ATL,27498,0.2696629213483146,0.538461538,0.175257731,0.288659793,0.536082474,0.153846153,0.173076923,33.0,7.615384801605049,264.0,427.0,691.0,0.42857143,0.26530612,0.30612245,0.14285714,0.45918367,0.39795918
200,Richard Lovelady,WSN,19337,0.2631578947368421,1.0,0.3,0.35,0.35,0.142857142,0.142857142,4.0,4.909091121894278,44.0,81.0,125.0,0.35,0.45,0.2,0.2,0.55,0.25
201,Jordan Wicks,CHC,30094,0.48,1.5,0.23076923,0.461538461,0.307692307,0.0,0.125,1.0,1.4210527029063929,43.0,86.0,129.0,0.23076923,0.46153846,0.30769231,0.11538462,0.53846154,0.34615385
202,Grayson Rodriguez,LAA,24492,0.34782608695652173,0.782608695,0.316666666,0.3,0.383333333,0.04347826,0.108695652,17.0,4.371428928764528,248.0,413.0,661.0,0.39166667,0.40833333,0.2,0.09166667,0.5,0.40833333
203,Adam Macko,TOR,25590,0.5,1.0,0.666666666,0.166666666,0.166666666,0.0,0.0,0.0,0.0,10.0,20.0,30.0,0.33333333,0.33333333,0.33333333,0.16666667,0.5,0.33333333
204,Brenan Hanifee,DET,22304,0.42857142857142855,0.5,0.142857142,0.285714285,0.571428571,0.0,0.0,0.0,0.0,6.0,18.0,24.0,0.28571429,0.14285714,0.57142857,0.14285714,0.42857143,0.42857143
205,Casey Legumina,TBR,25921,0.2222222222222222,3.0,0.111111111,0.666666666,0.222222222,0.0,0.0,2.0,6.000001907349239,13.0,29.0,42.0,0.66666667,0.0,0.33333333,0.0,0.66666667,0.33333333
206,Kyle Hart,SDP,19646,0.3333333333333333,0.25,0.166666666,0.166666666,0.666666666,0.0,0.0,0.0,0.0,12.0,24.0,36.0,0.33333333,0.5,0.16666667,0.33333333,0.16666667,0.5
207,Luis Medina,ATH,21649,0.5,3.0,0.25,0.75,0.0,0.0,0.0,3.0,20.250004827977378,6.0,12.0,18.0,0.75,0.0,0.25,0.25,0.25,0.5
208,Riley Martin,CHC,29934,0.0,0.0,0.0,0.0,1.0,0.0,0.0,0.0,0.0,0.0,6.0,6.0,0.0,0.5,0.5,0.0,0.5,0.5
209,Kyle Backhus,PHI,29615,0.5,4.0,0.0,1.0,0.0,0.0,0.0,2.0,18.0,3.0,12.0,15.0,0.5,0.25,0.25,0.0,1.0,0.0
210,Matt Svanson,STL,29629,0.3333333333333333,1.0,0.333333333,0.333333333,0.333333333,0.0,0.0,2.0,18.0,4.0,10.0,14.0,0.33333333,0.66666667,0.0,0.0,0.66666667,0.33333333
211,Didier Fuentes,ATL,30661,0.6666666666666666,2.5,0.3,0.5,0.2,0.0,0.5,8.0,24.0,21.0,53.0,74.0,0.3,0.4,0.3,0.2,0.4,0.4
212,Cade Horton,CHC,31872,0.15789473684210525,2.2,0.2,0.55,0.25,0.0,0.2,10.0,12.272727804735695,31.0,61.0,92.0,0.25,0.35,0.4,0.15,0.6,0.25
213,Logan Allen,CLE,27589,0.46153846153846156,1.4,0.076923076,0.538461538,0.384615384,0.0,0.0,0.0,0.0,30.0,51.0,81.0,0.46153846,0.30769231,0.23076923,0.07692308,0.61538462,0.30769231
214,Hunter Dobbins,STL,30240,0.2894736842105263,1.066666666,0.225,0.4,0.375,0.0,0.133333333,9.0,5.926829544012932,105.0,154.0,259.0,0.35,0.375,0.275,0.1,0.55,0.35
215,Kyle Hurt,LAD,27514,0.42857142857142855,5.0,0.142857142,0.714285714,0.142857142,0.0,0.0,2.0,10.800004119874618,12.0,24.0,36.0,0.28571429,0.28571429,0.42857143,0.0,0.14285714,0.85714286
216,Jack Perkins,ATH,31468,0.3582089552238806,0.617647058,0.256756756,0.283783783,0.459459459,0.088235294,0.205882352,13.0,4.387500104606154,179.0,320.0,499.0,0.32432432,0.37837838,0.2972973,0.17567568,0.43243243,0.39189189
217,DL Hall,MIL,22207,0.0,1.0,0.333333333,0.333333333,0.333333333,0.0,0.0,1.0,4.5,16.0,16.0,32.0,0.66666667,0.33333333,0.0,0.0,0.66666667,0.33333333
218,Jason Alexander,HOU,19666,0.2222222222222222,1.0625,0.131578947,0.447368421,0.421052631,0.0,0.125,6.0,4.5,63.0,117.0,180.0,0.55263158,0.28947368,0.15789474,0.18421053,0.44736842,0.36842105
219,Jose Cabrera,ARI,30412,0.2982456140350877,0.84,0.148148148,0.388888888,0.462962962,0.2,0.12,7.0,3.566037864182593,110.0,170.0,280.0,0.45,0.35,0.2,0.21666667,0.48333333,0.3
220,Zach Eflin,BAL,13774,0.42857142857142855,2.0,0.25,0.5,0.25,0.0,0.5,0.0,0.0,30.0,44.0,74.0,0.75,0.25,0.0,0.0,0.25,0.75
221,Carson Whisenhunt,SFG,31676,0.24242424242424243,0.857142857,0.212121212,0.363636363,0.424242424,0.0,0.071428571,9.0,7.593750452622798,64.0,108.0,172.0,0.52941176,0.29411765,0.17647059,0.11764706,0.55882353,0.32352941
222,Jordan Leasure,CHW,29950,0.0,1.0,0.0,0.5,0.5,0.5,0.0,0.0,0.0,9.0,12.0,21.0,0.25,0.75,0.0,0.5,0.25,0.25
223,Eduardo Rivera,BOS,31280,0.2,1.333333333,0.125,0.5,0.375,0.166666666,0.166666666,5.0,7.500001192093085,49.0,79.0,128.0,0.5625,0.25,0.1875,0.25,0.5,0.25
224,Joey Estes,ATH,26257,0.3333333333333333,0.333333333,0.384615384,0.153846153,0.461538461,0.0,0.166666666,4.0,8.307692917141027,24.0,47.0,71.0,0.61538462,0.23076923,0.15384615,0.07692308,0.15384615,0.76923077
225,Elmer Rodríguez,NYY,31811,0.3103448275862069,1.526315789,0.157894736,0.508771929,0.333333333,0.0,0.052631578,5.0,2.647058972025421,137.0,181.0,318.0,0.36206897,0.32758621,0.31034483,0.12068966,0.56896552,0.31034483
226,Paxton Schultz,WSN,25501,0.5,2.0,0.25,0.5,0.25,0.0,0.0,2.0,18.0,9.0,17.0,26.0,0.5,0.5,0.0,0.0,0.25,0.75
227,Brad Lord,WSN,31972,0.25,3.0,0.0,0.75,0.25,0.0,0.0,2.0,7.714286765273879,15.0,38.0,53.0,0.375,0.25,0.375,0.5,0.5,0.0
228,Will Klein,LAD,27787,0.4166666666666667,2.333333333,0.23076923,0.538461538,0.23076923,0.0,0.333333333,1.0,2.25,34.0,54.0,88.0,0.46153846,0.30769231,0.23076923,0.07692308,0.38461538,0.53846154
229,Sam Aldegheri,LAA,26443,0.23529411764705882,0.842105263,0.204545454,0.363636363,0.431818181,0.184210526,0.105263157,12.0,4.207792312022428,187.0,293.0,480.0,0.4494382,0.35955056,0.19101124,0.2247191,0.38202247,0.39325843
230,Tanner Banks,PHI,16990,0.5,0.0,0.0,0.0,1.0,0.0,0.0,0.0,0.0,13.0,15.0,28.0,0.0,0.0,1.0,0.0,0.5,0.5
231,Javier Assad,CHC,21741,0.22950819672131148,1.076923076,0.169230769,0.43076923,0.4,0.057692307,0.173076923,31.0,6.642857595365905,250.0,417.0,667.0,0.38167939,0.40458015,0.21374046,0.13740458,0.4351145,0.42748092
232,JP Sears,SDP,23429,0.2807017543859649,1.041666666,0.169491525,0.423728813,0.406779661,0.0,0.166666666,9.0,4.118644400664863,128.0,196.0,324.0,0.44262295,0.3442623,0.21311475,0.04918033,0.60655738,0.3442623
233,Keegan Akin,BAL,19362,0.0,1.0,0.333333333,0.333333333,0.333333333,0.0,1.0,0.0,0.0,10.0,21.0,31.0,0.33333333,0.33333333,0.33333333,0.66666667,0.0,0.33333333
234,Cade Povich,BAL,30055,0.3,0.772727272,0.093023255,0.395348837,0.511627906,0.09090909,0.136363636,8.0,5.268292928011496,79.0,138.0,217.0,0.41860465,0.30232558,0.27906977,0.1627907,0.39534884,0.44186047
235,Steven Cruz,KCR,23165,0.0,0.5,0.0,0.333333333,0.666666666,0.0,0.5,0.0,0.0,18.0,25.0,43.0,0.0,0.66666667,0.33333333,0.0,0.33333333,0.66666667
236,Shane Smith,CHW,31687,0.4074074074074074,1.2,0.185185185,0.444444444,0.37037037,0.0,0.1,3.0,3.2400004943848413,87.0,138.0,225.0,0.2962963,0.48148148,0.22222222,0.2962963,0.48148148,0.22222222
237,Ty Madden,DET,30140,0.25,0.166666666,0.222222222,0.111111111,0.666666666,0.166666666,0.166666666,6.0,16.20000154495254,20.0,28.0,48.0,0.33333333,0.44444444,0.22222222,0.22222222,0.33333333,0.44444444
238,Ryan Rolison,CHC,22200,0.125,0.8,0.0,0.444444444,0.555555555,0.0,0.2,0.0,0.0,11.0,23.0,34.0,0.77777778,0.11111111,0.11111111,0.0,0.66666667,0.33333333
239,Chris Bassitt,BAL,12304,0.34394904458598724,1.333333333,0.217391304,0.447204968,0.335403726,0.092592592,0.111111111,26.0,5.086956732665216,329.0,498.0,827.0,0.34355828,0.41104294,0.24539877,0.18404908,0.5398773,0.27607362
240,Cal Quantrill,TEX,19312,0.2753623188405797,0.885714285,0.09589041,0.424657534,0.479452054,0.114285714,0.142857142,10.0,4.285714285714286,116.0,204.0,320.0,0.33783784,0.44594595,0.21621622,0.18918919,0.54054054,0.27027027
241,Brandon Williamson,CIN,25463,0.2682926829268293,0.69047619,0.174418604,0.337209302,0.488372093,0.119047619,0.095238095,10.0,3.214285933241567,220.0,298.0,518.0,0.39534884,0.36046512,0.24418605,0.1744186,0.53488372,0.29069767
242,Braxton Garrett,MIA,21844,0.4666666666666667,1.166666666,0.133333333,0.466666666,0.4,0.166666666,0.0,4.0,8.307692917141027,65.0,65.0,130.0,0.53333333,0.2,0.26666667,0.13333333,0.6,0.26666667
243,Austin Warren,NYM,24937,0.2857142857142857,5.0,0.142857142,0.714285714,0.142857142,0.0,0.0,0.0,0.0,25.0,27.0,52.0,0.28571429,0.57142857,0.14285714,0.14285714,0.42857143,0.42857143
244,Chase Petty,CIN,30170,0.21621621621621623,0.647058823,0.282051282,0.282051282,0.435897435,0.117647058,0.117647058,8.0,6.750000402331376,46.0,91.0,137.0,0.25641026,0.48717949,0.25641026,0.12820513,0.51282051,0.35897436
245,Tanner Gordon,COL,27669,0.3717948717948718,0.972222222,0.154761904,0.416666666,0.428571428,0.055555555,0.166666666,9.0,3.5217391304347827,141.0,263.0,404.0,0.41666667,0.30952381,0.27380952,0.08333333,0.48809524,0.42857143
246,Luinder Avila,KCR,24452,0.3142857142857143,1.261904761,0.136363636,0.481818181,0.381818181,0.071428571,0.142857142,30.0,7.043478505462698,296.0,411.0,707.0,0.45945946,0.30630631,0.23423423,0.09009009,0.4954955,0.41441441
247,Owen Murphy,ATL,31761,0.4,0.4,0.363636363,0.181818181,0.454545454,0.4,0.2,4.0,13.500003218651585,15.0,34.0,49.0,0.54545455,0.36363636,0.09090909,0.18181818,0.36363636,0.45454545
248,John King,MIA,22051,0.25,3.0,0.2,0.6,0.2,0.0,1.0,0.0,0.0,12.0,18.0,30.0,0.6,0.2,0.2,0.0,0.2,0.8
249,Chris Murphy,CHW,26214,0.4,0.2,0.0,0.166666666,0.833333333,0.0,0.2,2.0,9.000004559757636,18.0,36.0,54.0,0.33333333,0.33333333,0.33333333,0.16666667,0.66666667,0.16666667
250,Zach Agnos,COL,31552,0.09523809523809523,0.428571428,0.130434782,0.260869565,0.608695652,0.071428571,0.142857142,0.0,0.0,46.0,82.0,128.0,0.30434783,0.52173913,0.17391304,0.17391304,0.2173913,0.60869565
251,Brandon Eisert,CHW,27668,0.3333333333333333,0.5,0.142857142,0.285714285,0.571428571,0.0,0.25,5.0,9.642860550358575,41.0,54.0,95.0,0.5,0.21428571,0.28571429,0.07142857,0.5,0.42857143
252,Zac Gallen,ARI,19291,0.31901840490797545,1.245901639,0.198830409,0.444444444,0.356725146,0.073770491,0.147540983,47.0,4.316326698627344,601.0,1043.0,1644.0,0.47383721,0.3255814,0.2005814,0.10174419,0.4244186,0.47383721
253,Justin Verlander,DET,8700,0.3333333333333333,0.428571428,0.375,0.1875,0.4375,0.142857142,0.142857142,0.0,0.0,27.0,53.0,80.0,0.625,0.1875,0.1875,0.125,0.25,0.625
254,Robby Snelling,MIA,31893,0.26666666666666666,1.2,0.214285714,0.428571428,0.357142857,0.2,0.2,2.0,3.6,32.0,54.0,86.0,0.5,0.3125,0.1875,0.125,0.5625,0.3125
255,Sean Sullivan,COL,33502,0.3670886075949367,0.32,0.204819277,0.192771084,0.602409638,0.12,0.1,11.0,4.432836073282502,141.0,271.0,412.0,0.38095238,0.23809524,0.38095238,0.13095238,0.5,0.36904762
256,Ryne Nelson,ARI,26253,0.2540322580645161,0.656488549,0.181132075,0.324528301,0.494339622,0.076335877,0.13740458,35.0,3.7800001888060666,423.0,870.0,1293.0,0.35471698,0.35471698,0.29056604,0.12075472,0.49433962,0.38490566
257,Brent Suter,LAA,13942,0.36363636363636365,3.5,0.25,0.583333333,0.166666666,0.0,0.5,2.0,4.909091760304496,34.0,52.0,86.0,0.58333333,0.33333333,0.08333333,0.5,0.16666667,0.33333333
258,Mason Englert,TBR,22288,0.3488372093023256,0.65,0.29787234,0.276595744,0.425531914,0.1,0.25,3.0,1.8837210973447842,79.0,175.0,254.0,0.58333333,0.14583333,0.27083333,0.08333333,0.47916667,0.4375
259,Mitch Bratt,ARI,30003,0.21052631578947367,1.125,0.15,0.45,0.4,0.125,0.125,6.0,9.0,47.0,65.0,112.0,0.4,0.5,0.1,0.15,0.5,0.35
260,Matt Waldron,SDP,25550,0.37254901960784315,1.09090909,0.115384615,0.461538461,0.423076923,0.136363636,0.136363636,7.0,4.609756312010059,85.0,161.0,246.0,0.38888889,0.44444444,0.16666667,0.11111111,0.61111111,0.27777778
261,Randy Dobnak,KCR,23798,0.23076923076923078,1.0,0.142857142,0.428571428,0.428571428,0.0,0.166666666,4.0,8.307692917141027,36.0,60.0,96.0,0.64285714,0.14285714,0.21428571,0.07142857,0.35714286,0.57142857
262,Paul Blackburn,NYY,14739,0.16666666666666666,2.0,0.142857142,0.571428571,0.285714285,0.0,0.5,7.0,21.0,25.0,34.0,59.0,0.42857143,0.28571429,0.28571429,0.14285714,0.57142857,0.28571429
263,Colton Gordon,HOU,31312,0.5454545454545454,1.0,0.23076923,0.384615384,0.384615384,0.0,0.4,7.0,17.181821161065738,18.0,50.0,68.0,0.30769231,0.23076923,0.46153846,0.15384615,0.46153846,0.38461538
264,Tobias Myers,NYM,22191,0.3333333333333333,0.714285714,0.2,0.333333333,0.466666666,0.142857142,0.142857142,1.0,1.9285716913184698,40.0,51.0,91.0,0.4375,0.375,0.1875,0.125,0.5,0.375
265,Andrew Painter,PHI,30091,0.3502824858757062,0.833333333,0.185185185,0.37037037,0.444444444,0.107142857,0.154761904,19.0,3.109091070821471,351.0,632.0,983.0,0.41052632,0.33157895,0.25789474,0.21578947,0.42105263,0.36315789
266,Adrian Houser,SFG,12718,0.3130841121495327,1.084337349,0.22072072,0.405405405,0.373873873,0.060240963,0.144578313,30.0,4.090909386469335,421.0,692.0,1113.0,0.38495575,0.34955752,0.26548673,0.1460177,0.50442478,0.34955752
267,Pete Fairbanks,MIA,17998,0.5,0.333333333,0.2,0.2,0.6,0.0,0.333333333,1.0,9.0,12.0,16.0,28.0,0.4,0.4,0.2,0.2,0.4,0.4
268,Jesse Scholtens,TBR,19205,0.25,0.857142857,0.161290322,0.387096774,0.451612903,0.071428571,0.214285714,1.0,0.8709678491122153,72.0,114.0,186.0,0.5483871,0.35483871,0.09677419,0.22580645,0.4516129,0.32258065
269,Lyon Richardson,CIN,24581,0.0,0.0,0.0,0.0,1.0,0.5,0.5,1.0,9.0,17.0,13.0,30.0,0.5,0.5,0.0,0.5,0.0,0.5
270,Ryan Johnson,LAA,35325,0.24468085106382978,0.847826086,0.158415841,0.386138613,0.455445544,0.065217391,0.173913043,14.0,3.7800000360488895,218.0,375.0,593.0,0.38235294,0.3627451,0.25490196,0.1372549,0.47058824,0.39215686
271,Lucas Giolito,SDP,15474,0.2542372881355932,0.586206896,0.258064516,0.274193548,0.467741935,0.206896551,0.103448275,13.0,5.661290496742818,179.0,223.0,402.0,0.4516129,0.25806452,0.29032258,0.17741935,0.5483871,0.27419355
272,Brennan Bernardino,COL,16835,0.5,0.333333333,0.428571428,0.142857142,0.428571428,0.0,0.333333333,0.0,0.0,20.0,24.0,44.0,0.14285714,0.28571429,0.57142857,0.14285714,0.57142857,0.28571429
273,Huascar Brazobán,NYM,6107,0.15789473684210525,2.0,0.1,0.6,0.3,0.166666666,0.166666666,3.0,3.8571433826369397,63.0,76.0,139.0,0.6,0.25,0.15,0.2,0.55,0.25
274,Jovani Morán,BOS,20422,0.625,1.0,0.4,0.3,0.3,0.0,0.666666666,3.0,9.0,29.0,45.0,74.0,0.5,0.5,0.0,0.1,0.4,0.5
275,Eric Lauer,2 Tms,19316,0.25133689839572193,0.596153846,0.161616161,0.313131313,0.525252525,0.115384615,0.134615384,51.0,7.565934383096145,341.0,641.0,982.0,0.3681592,0.32835821,0.30348259,0.16915423,0.51243781,0.31840796
276,Ryan Weiss,HOU,24621,0.3333333333333333,1.0,0.2,0.4,0.4,0.25,0.25,2.0,2.57142892175796,69.0,93.0,162.0,0.5,0.25,0.25,0.25,0.5,0.25
277,Alan Rangel,PHI,19524,0.3333333333333333,0.714285714,0.25,0.3125,0.4375,0.071428571,0.214285714,3.0,2.3823530079996726,91.0,159.0,250.0,0.6969697,0.15151515,0.15151515,0.15151515,0.48484848,0.36363636
278,George Klassen,LAA,33464,0.4,2.666666666,0.266666666,0.533333333,0.2,0.0,0.333333333,2.0,3.8571433826369397,71.0,74.0,145.0,0.4375,0.4375,0.125,0.125,0.5,0.375
279,Erick Fedde,CHW,17425,0.23134328358208955,0.738461538,0.215277777,0.333333333,0.451388888,0.076923076,0.153846153,30.0,6.090225738589229,298.0,443.0,741.0,0.375,0.36805556,0.25694444,0.15277778,0.56944444,0.27777778
280,Cristian Javier,HOU,17606,0.375,0.571428571,0.195121951,0.292682926,0.512195121,0.095238095,0.095238095,3.0,2.189189414894456,98.0,138.0,236.0,0.47619048,0.26190476,0.26190476,0.11904762,0.47619048,0.4047619
281,Mike Paredes,MIN,30187,0.2535211267605634,1.0,0.2,0.4,0.4,0.0,0.166666666,7.0,2.8636364877716622,126.0,222.0,348.0,0.48684211,0.30263158,0.21052632,0.07894737,0.5,0.42105263
282,Dean Kremer,BAL,19350,0.22413793103448276,0.766666666,0.196969696,0.348484848,0.454545454,0.033333333,0.3,11.0,3.8076923076923075,161.0,269.0,430.0,0.52238806,0.35820896,0.11940299,0.04477612,0.52238806,0.43283582
283,Jacob Lopez,ATH,25098,0.2838709677419355,0.611764705,0.164634146,0.31707317,0.518292682,0.152941176,0.129411764,31.0,5.47058854218587,379.0,580.0,959.0,0.39156627,0.37951807,0.22891566,0.23493976,0.5,0.26506024
284,Kade Morris,ATH,33787,0.5,3.666666666,0.066666666,0.733333333,0.2,0.0,1.0,2.0,4.5,37.0,54.0,91.0,0.73333333,0.06666667,0.2,0.13333333,0.33333333,0.53333333
285,Brendan Beck,NYY,33043,0.2,0.2,0.076923076,0.153846153,0.769230769,0.0,0.3,0.0,0.0,36.0,51.0,87.0,0.53846154,0.30769231,0.15384615,0.0,0.30769231,0.69230769
286,JR Ritchie,ATL,31760,0.25263157894736843,1.243243243,0.186274509,0.450980392,0.362745098,0.081081081,0.189189189,19.0,4.794392608827834,267.0,370.0,637.0,0.46078431,0.29411765,0.24509804,0.11764706,0.55882353,0.32352941
287,Cole Ragans,KCR,21846,0.2328767123287671,0.636363636,0.121951219,0.341463414,0.536585365,0.113636363,0.227272727,13.0,3.311320879469783,253.0,386.0,639.0,0.42168675,0.3253012,0.25301205,0.12048193,0.55421687,0.3253012
288,Hurston Waldrep,ATL,33527,0.2962962962962963,2.857142857,0.1,0.666666666,0.233333333,0.285714285,0.428571428,7.0,7.269231302498399,68.0,92.0,160.0,0.6,0.36666667,0.03333333,0.13333333,0.5,0.36666667
289,Mike Burrows,HOU,24728,0.3157894736842105,0.892307692,0.193442622,0.380327868,0.426229508,0.069230769,0.161538461,46.0,4.419928945627693,555.0,1008.0,1563.0,0.46405229,0.31045752,0.2254902,0.14052288,0.50653595,0.35294118
290,Bailey Falter,KCR,20070,0.5,1.142857142,0.347826086,0.347826086,0.304347826,0.285714285,0.428571428,1.0,2.076923229285257,29.0,55.0,84.0,0.47826087,0.39130435,0.13043478,0.08695652,0.43478261,0.47826087
291,Taijuan Walker,PHI,11836,0.36065573770491804,1.260869565,0.223880597,0.43283582,0.343283582,0.04347826,0.260869565,5.0,2.410714367822728,138.0,222.0,360.0,0.35820896,0.41791045,0.2238806,0.19402985,0.56716418,0.23880597
292,Shane Bieber,TOR,19427,0.3142857142857143,1.066666666,0.194805194,0.415584415,0.389610389,0.066666666,0.233333333,6.0,2.281690294083763,169.0,264.0,433.0,0.48051948,0.32467532,0.19480519,0.14285714,0.4025974,0.45454545
293,Simeon Woods Richardson,MIN,24494,0.34615384615384615,0.885714285,0.185185185,0.382716049,0.432098765,0.1,0.128571428,16.0,3.2238807805690923,326.0,485.0,811.0,0.37575758,0.34545455,0.27878788,0.10909091,0.48484848,0.40606061
294,Miles Mikolas,WSN,9803,0.2992125984251969,1.53488372,0.204379562,0.481751824,0.313868613,0.093023255,0.255813953,31.0,7.342105447420458,235.0,424.0,659.0,0.47826087,0.30434783,0.2173913,0.15942029,0.46376812,0.37681159
295,Trey Gibson,BAL,33794,0.3076923076923077,2.0,0.234693877,0.510204081,0.25510204,0.08,0.28,23.0,6.6774199711048965,237.0,352.0,589.0,0.42857143,0.34693878,0.2244898,0.1122449,0.44897959,0.43877551
296,Luis Morales,ATH,32227,0.375,0.533333333,0.178571428,0.285714285,0.535714285,0.066666666,0.266666666,2.0,2.454545560947139,69.0,79.0,148.0,0.46428571,0.25,0.28571429,0.17857143,0.46428571,0.35714286
297,Jeffrey Springs,ATH,17677,0.2704626334519573,0.725352112,0.196721311,0.337704918,0.46557377,0.091549295,0.183098591,58.0,5.3447100889701025,617.0,1058.0,1675.0,0.39739414,0.36807818,0.23452769,0.15635179,0.53420195,0.30944625
298,Germán Márquez,SDP,15038,0.2698412698412698,0.777777777,0.176470588,0.360294117,0.463235294,0.095238095,0.174603174,32.0,6.912000105468752,274.0,454.0,728.0,0.43065693,0.29927007,0.27007299,0.13868613,0.44525547,0.41605839
299,Luis Gil,NYY,21052,0.16071428571428573,1.076923076,0.114754098,0.459016393,0.426229508,0.153846153,0.23076923,8.0,3.72413799226922,144.0,193.0,337.0,0.40322581,0.35483871,0.24193548,0.08064516,0.53225806,0.38709677
300,Kodai Senga,NYM,31838,0.3283582089552239,0.475,0.213333333,0.253333333,0.533333333,0.075,0.225,8.0,2.6024098777688156,225.0,323.0,548.0,0.38157895,0.38157895,0.23684211,0.09210526,0.56578947,0.34210526
301,Merrill Kelly,ARI,11156,0.28013029315960913,0.968992248,0.216049382,0.385802469,0.398148148,0.077519379,0.162790697,44.0,4.013513578168663,576.0,990.0,1566.0,0.44648318,0.37003058,0.18348624,0.11926606,0.48012232,0.40061162
302,Jameson Taillon,CHC,11674,0.2459016393442623,0.693069306,0.153465346,0.346534653,0.5,0.05940594,0.198019801,21.0,2.7931035532496993,416.0,713.0,1129.0,0.45812808,0.28078818,0.26108374,0.15763547,0.45812808,0.38423645
303,Max Scherzer,TOR,3137,0.26865671641791045,0.585365853,0.144736842,0.315789473,0.539473684,0.097560975,0.219512195,9.0,3.681818341420709,153.0,273.0,426.0,0.5,0.28947368,0.21052632,0.21052632,0.43421053,0.35526316
304,Brayan Bello,BOS,23920,0.366412213740458,1.558139534,0.20289855,0.485507246,0.311594202,0.023255813,0.232558139,13.0,3.2803740656754017,268.0,443.0,711.0,0.53191489,0.28368794,0.18439716,0.07801418,0.59574468,0.32624113
305,Zack Littell,WSN,15823,0.25,0.635514018,0.186046511,0.316279069,0.497674418,0.102803738,0.186915887,28.0,4.0427808311336095,367.0,659.0,1026.0,0.42592593,0.35185185,0.22222222,0.10185185,0.49537037,0.40277778
