rank,Name,Team,playerid,W,L,ERA,G,GS,QS,CG,ShO,SV,HLD,BS,IP,TBF,H,R,ER,HR,BB,IBB,HBP,WP,BK,SO
1,Jacob Misiorowski,MIL,31623,10.0,4.0,1.6216216355540443,18.0,18.0,12.0,1.0,1.0,0.0,0.0,0.0,111.0,422.0,57.0,27.0,20.0,9.0,27.0,0.0,8.0,5.0,1.0,167.0
2,Cristopher Sánchez,PHI,20778,11.0,4.0,2.6151832917754763,20.0,20.0,14.0,1.0,1.0,0.0,0.0,0.0,127.1,525.0,126.0,42.0,37.0,12.0,25.0,0.0,2.0,1.0,0.0,144.0
3,Cam Schlittler,NYY,32095,9.0,6.0,2.195122019298585,21.0,21.0,12.0,0.0,0.0,0.0,0.0,0.0,123.0,489.0,93.0,37.0,30.0,12.0,25.0,0.0,4.0,0.0,0.0,145.0
4,Dylan Cease,TOR,18525,6.0,4.0,2.562711947253985,17.0,17.0,7.0,0.0,0.0,0.0,0.0,0.0,98.1,401.0,67.0,31.0,28.0,5.0,44.0,0.0,3.0,3.0,0.0,148.0
5,Paul Skenes,PIT,33677,9.0,8.0,3.433526079581566,21.0,21.0,10.0,0.0,0.0,0.0,0.0,0.0,115.1,465.0,94.0,51.0,44.0,11.0,26.0,0.0,7.0,1.0,0.0,138.0
6,Jesús Luzardo,PHI,19959,9.0,4.0,3.4335261345897514,20.0,20.0,10.0,0.0,0.0,0.0,0.0,0.0,115.1,483.0,102.0,50.0,44.0,10.0,37.0,0.0,7.0,5.0,1.0,143.0
7,Joe Ryan,MIN,21390,6.0,5.0,2.8549849279340145,20.0,20.0,11.0,0.0,0.0,0.0,0.0,0.0,110.1,450.0,91.0,46.0,35.0,10.0,25.0,0.0,5.0,2.0,0.0,128.0
8,Chris Sale,ATL,10603,10.0,6.0,2.057142894511321,18.0,18.0,11.0,0.0,0.0,0.0,0.0,0.0,105.0,426.0,86.0,29.0,24.0,8.0,25.0,0.0,9.0,0.0,0.0,123.0
9,Reid Detmers,LAA,27468,3.0,6.0,4.159883882385006,20.0,20.0,8.0,0.0,0.0,0.0,0.0,0.0,114.2,474.0,93.0,56.0,53.0,12.0,35.0,0.0,4.0,3.0,0.0,130.0
10,Ranger Suarez,BOS,17277,4.0,3.0,3.1532847812849165,17.0,17.0,7.0,0.0,0.0,0.0,0.0,0.0,91.1,376.0,80.0,34.0,32.0,5.0,26.0,0.0,2.0,0.0,0.0,97.0
11,Yoshinobu Yamamoto,LAD,33825,10.0,6.0,2.782729841975181,18.0,18.0,14.0,1.0,0.0,0.0,0.0,0.0,119.2,455.0,80.0,38.0,37.0,13.0,25.0,1.0,3.0,2.0,0.0,113.0
12,Shohei Ohtani,LAD,19755,8.0,2.0,1.7859922311537348,14.0,14.0,12.0,0.0,0.0,0.0,0.0,0.0,85.2,340.0,55.0,21.0,17.0,4.0,26.0,0.0,6.0,0.0,1.0,95.0
13,Davis Martin,CHW,21448,9.0,5.0,3.3113208738838367,19.0,19.0,10.0,0.0,0.0,0.0,0.0,0.0,106.0,440.0,102.0,39.0,39.0,6.0,33.0,0.0,4.0,7.0,1.0,97.0
14,Chase Burns,CIN,35333,11.0,1.0,2.542207831565557,18.0,18.0,9.0,0.0,0.0,0.0,0.0,0.0,102.2,413.0,77.0,29.0,29.0,12.0,37.0,0.0,0.0,3.0,0.0,118.0
15,Braxton Ashcraft,PIT,23793,9.0,3.0,3.4941177450661867,19.0,19.0,10.0,0.0,0.0,0.0,0.0,0.0,113.1,461.0,99.0,48.0,44.0,14.0,27.0,0.0,6.0,1.0,0.0,128.0
16,Parker Messick,CLE,31986,8.0,5.0,2.732142996727211,19.0,19.0,7.0,0.0,0.0,0.0,0.0,0.0,112.0,445.0,84.0,36.0,34.0,10.0,36.0,2.0,1.0,3.0,1.0,110.0
17,Casey Mize,DET,20492,4.0,6.0,2.7892563852095744,15.0,15.0,7.0,0.0,0.0,0.0,0.0,0.0,80.2,320.0,64.0,26.0,25.0,5.0,19.0,0.0,1.0,0.0,0.0,82.0
18,Zack Wheeler,PHI,10310,10.0,1.0,2.1290323017291057,15.0,15.0,11.0,0.0,0.0,0.0,0.0,0.0,93.0,355.0,61.0,22.0,22.0,10.0,22.0,0.0,2.0,1.0,0.0,108.0
19,Bryan Woo,SEA,30279,7.0,6.0,4.160120893865867,19.0,19.0,11.0,0.0,0.0,0.0,0.0,0.0,110.1,450.0,98.0,55.0,51.0,12.0,22.0,1.0,3.0,2.0,1.0,109.0
20,Logan Gilbert,SEA,22250,8.0,6.0,3.375000107288364,20.0,20.0,9.0,0.0,0.0,0.0,0.0,0.0,120.0,472.0,93.0,45.0,45.0,15.0,25.0,1.0,5.0,3.0,0.0,129.0
21,Nolan McLean,NYM,33703,7.0,6.0,3.3352941831337963,20.0,20.0,11.0,0.0,0.0,0.0,0.0,0.0,113.1,469.0,83.0,51.0,42.0,10.0,41.0,0.0,13.0,2.0,0.0,135.0
22,Sandy Alcantara,MIA,18684,10.0,5.0,3.885365925958511,21.0,21.0,15.0,1.0,1.0,0.0,0.0,0.0,136.2,568.0,130.0,64.0,59.0,14.0,37.0,0.0,7.0,1.0,1.0,107.0
23,Cade Cavalli,WSN,27473,6.0,4.0,3.7834396168466915,21.0,21.0,9.0,0.0,0.0,0.0,0.0,0.0,104.2,454.0,105.0,53.0,44.0,9.0,32.0,0.0,12.0,3.0,1.0,119.0
24,Max Meyer,MIA,27474,9.0,1.0,2.6756757216526705,20.0,20.0,7.0,0.0,0.0,0.0,0.0,0.0,111.0,462.0,85.0,39.0,33.0,11.0,41.0,0.0,7.0,5.0,0.0,121.0
25,Justin Wrobleski,LAD,31204,10.0,2.0,2.5224913827769586,15.0,15.0,11.0,0.0,0.0,0.0,0.0,0.0,96.1,382.0,78.0,27.0,27.0,8.0,19.0,0.0,3.0,1.0,0.0,71.0
26,Jacob deGrom,TEX,10954,7.0,5.0,3.4867550219408727,18.0,18.0,8.0,0.0,0.0,0.0,0.0,0.0,100.2,401.0,80.0,39.0,39.0,16.0,22.0,2.0,0.0,3.0,0.0,122.0
27,Drew Rasmussen,TBR,25385,7.0,5.0,3.261745008196543,18.0,18.0,10.0,0.0,0.0,0.0,0.0,0.0,99.1,392.0,77.0,38.0,36.0,12.0,17.0,0.0,5.0,2.0,0.0,98.0
28,George Kirby,SEA,25436,7.0,8.0,3.7636364615259117,18.0,18.0,11.0,1.0,0.0,0.0,0.0,0.0,110.0,456.0,121.0,50.0,46.0,11.0,24.0,0.0,2.0,0.0,0.0,98.0
29,Tarik Skubal,DET,22267,6.0,5.0,2.830645248371409,14.0,14.0,7.0,0.0,0.0,0.0,0.0,0.0,82.2,321.0,66.0,29.0,26.0,10.0,11.0,0.0,4.0,0.0,0.0,98.0
30,Kevin Gausman,TOR,14107,4.0,8.0,4.326409617981772,20.0,20.0,10.0,0.0,0.0,0.0,0.0,0.0,112.1,470.0,105.0,59.0,54.0,15.0,32.0,1.0,1.0,1.0,3.0,116.0
31,Kyle Harrison,MIL,27758,8.0,2.0,3.0119522827863436,17.0,17.0,6.0,0.0,0.0,0.0,0.0,0.0,83.2,341.0,70.0,28.0,28.0,10.0,20.0,0.0,4.0,2.0,0.0,101.0
32,Dustin May,STL,19716,5.0,7.0,4.775510346402932,19.0,19.0,9.0,1.0,1.0,0.0,0.0,0.0,98.0,414.0,97.0,55.0,52.0,7.0,32.0,0.0,6.0,7.0,0.0,95.0
33,Shane Baz,BAL,22264,4.0,9.0,4.191044943153692,19.0,19.0,7.0,0.0,0.0,0.0,0.0,0.0,111.2,482.0,113.0,58.0,52.0,9.0,42.0,1.0,3.0,5.0,0.0,99.0
34,Michael Soroka,ARI,18383,8.0,3.0,3.073170803190343,15.0,15.0,7.0,0.0,0.0,0.0,0.0,0.0,82.0,333.0,72.0,28.0,28.0,6.0,17.0,0.0,5.0,1.0,0.0,79.0
35,Landen Roupp,SFG,30076,7.0,8.0,3.9807693767829813,19.0,19.0,9.0,0.0,0.0,0.0,0.0,0.0,104.0,435.0,87.0,50.0,46.0,7.0,45.0,0.0,3.0,1.0,0.0,106.0
36,Payton Tolle,BOS,35466,5.0,6.0,3.1071429276952953,15.0,15.0,8.0,0.0,0.0,0.0,0.0,0.0,84.0,341.0,65.0,33.0,29.0,8.0,25.0,0.0,2.0,2.0,1.0,87.0
37,Shane McClanahan,TBR,21483,8.0,6.0,3.0659341623264615,18.0,18.0,4.0,0.0,0.0,0.0,0.0,0.0,91.0,378.0,74.0,39.0,31.0,7.0,31.0,0.0,3.0,3.0,0.0,85.0
38,Logan Webb,SFG,17995,5.0,7.0,3.869158912989883,17.0,17.0,11.0,1.0,0.0,0.0,0.0,0.0,107.0,438.0,92.0,49.0,46.0,9.0,27.0,0.0,6.0,1.0,0.0,85.0
39,MacKenzie Gore,TEX,22201,6.0,8.0,4.798192922695924,21.0,21.0,6.0,0.0,0.0,0.0,0.0,0.0,110.2,475.0,100.0,59.0,59.0,14.0,42.0,0.0,5.0,1.0,0.0,122.0
40,Max Fried,NYY,13743,4.0,3.0,3.2108108935694024,10.0,10.0,6.0,0.0,0.0,0.0,0.0,0.0,61.2,240.0,43.0,22.0,22.0,1.0,19.0,0.0,2.0,0.0,0.0,50.0
41,Sean Burke,CHW,29878,5.0,4.0,3.606870360296932,16.0,16.0,7.0,0.0,0.0,0.0,0.0,0.0,87.1,366.0,78.0,36.0,35.0,10.0,28.0,0.0,7.0,6.0,0.0,94.0
42,Trevor Rogers,BAL,22286,6.0,7.0,4.282758817865514,18.0,18.0,8.0,0.0,0.0,0.0,0.0,0.0,96.2,409.0,94.0,48.0,46.0,10.0,32.0,0.0,1.0,2.0,0.0,77.0
43,Foster Griffin,WSN,16432,11.0,2.0,2.6846591200033005,20.0,20.0,11.0,0.0,0.0,0.0,0.0,0.0,117.1,473.0,94.0,40.0,35.0,17.0,27.0,0.0,7.0,3.0,1.0,111.0
44,Michael Wacha,KCR,14078,5.0,7.0,3.770949790988284,19.0,19.0,12.0,0.0,0.0,0.0,0.0,0.0,119.1,487.0,108.0,52.0,50.0,14.0,34.0,1.0,5.0,3.0,0.0,96.0
45,Gavin Williams,CLE,30122,10.0,5.0,3.9972067784475813,20.0,20.0,7.0,0.0,0.0,0.0,0.0,0.0,119.1,485.0,100.0,56.0,53.0,20.0,37.0,0.0,3.0,3.0,0.0,145.0
46,Sonny Gray,BOS,12768,12.0,1.0,2.478688563341994,18.0,18.0,13.0,0.0,0.0,0.0,0.0,0.0,101.2,408.0,86.0,29.0,28.0,11.0,28.0,0.0,3.0,0.0,1.0,90.0
47,Nick Martinez,TBR,12730,8.0,2.0,2.6487342571528427,18.0,18.0,9.0,0.0,0.0,0.0,0.0,0.0,105.1,428.0,99.0,31.0,31.0,11.0,19.0,0.0,3.0,2.0,0.0,62.0
48,José Soriano,LAA,22100,8.0,6.0,3.4864865763506137,20.0,20.0,7.0,0.0,0.0,0.0,0.0,0.0,111.0,466.0,90.0,46.0,43.0,12.0,53.0,1.0,4.0,1.0,0.0,115.0
49,Michael King,SDP,19853,6.0,7.0,3.335294211199542,20.0,20.0,9.0,0.0,0.0,0.0,0.0,0.0,113.1,464.0,86.0,43.0,42.0,11.0,45.0,0.0,9.0,2.0,0.0,96.0
50,Emerson Hancock,SEA,27470,6.0,4.0,3.17114101063641,18.0,18.0,9.0,0.0,0.0,0.0,0.0,0.0,99.1,390.0,75.0,35.0,35.0,12.0,25.0,0.0,4.0,3.0,0.0,94.0
51,Brandon Young,BAL,27819,8.0,2.0,3.25182493070007,16.0,16.0,8.0,0.0,0.0,0.0,0.0,0.0,91.1,390.0,88.0,41.0,33.0,9.0,32.0,0.0,1.0,2.0,0.0,74.0
52,Keider Montero,DET,22630,4.0,4.0,3.335907458740126,15.0,15.0,7.0,0.0,0.0,0.0,0.0,0.0,86.1,341.0,68.0,33.0,32.0,9.0,18.0,0.0,2.0,1.0,0.0,54.0
53,Ryan Weathers,NYY,23796,3.0,7.0,4.146757868140583,18.0,18.0,6.0,0.0,0.0,0.0,0.0,0.0,97.2,409.0,94.0,51.0,45.0,16.0,27.0,0.0,2.0,5.0,0.0,110.0
54,Taj Bradley,MIN,22543,9.0,4.0,3.84520132921535,19.0,19.0,8.0,0.0,0.0,0.0,0.0,0.0,107.2,456.0,92.0,46.0,46.0,16.0,43.0,0.0,2.0,4.0,0.0,124.0
55,Joey Cantillo,CLE,23335,8.0,5.0,3.735849157437266,21.0,21.0,4.0,0.0,0.0,0.0,0.0,0.0,106.0,455.0,99.0,50.0,44.0,12.0,52.0,0.0,2.0,5.0,0.0,112.0
56,Kyle Bradish,BAL,24586,6.0,9.0,3.6055901688993397,19.0,19.0,9.0,0.0,0.0,0.0,0.0,0.0,107.1,454.0,95.0,49.0,43.0,12.0,50.0,1.0,1.0,6.0,0.0,106.0
57,Jake Bennett,BOS,31959,5.0,3.0,2.3478261564925935,9.0,9.0,5.0,0.0,0.0,0.0,0.0,0.0,53.2,203.0,38.0,14.0,14.0,3.0,9.0,1.0,2.0,1.0,0.0,38.0
58,Andre Pallante,STL,26108,10.0,6.0,4.015822906005923,19.0,19.0,6.0,0.0,0.0,0.0,0.0,0.0,105.1,445.0,102.0,49.0,47.0,10.0,31.0,0.0,6.0,4.0,0.0,75.0
59,Eduardo Rodriguez,ARI,13164,8.0,3.0,2.6228572214710493,20.0,20.0,12.0,0.0,0.0,0.0,0.0,0.0,116.2,478.0,101.0,36.0,34.0,12.0,41.0,0.0,0.0,0.0,1.0,82.0
60,Jack Flaherty,DET,17479,3.0,8.0,4.481781601474008,18.0,18.0,2.0,0.0,0.0,0.0,0.0,0.0,82.1,371.0,76.0,49.0,41.0,9.0,40.0,1.0,7.0,5.0,1.0,98.0
61,Ben Brown,CHC,23590,3.0,1.0,1.7007874143464352,8.0,8.0,3.0,0.0,0.0,0.0,0.0,0.0,42.1,164.0,27.0,8.0,8.0,1.0,11.0,0.0,2.0,2.0,0.0,41.0
62,Eury Pérez,MIA,27768,5.0,7.0,3.534545515832823,17.0,17.0,7.0,0.0,0.0,0.0,0.0,0.0,91.2,371.0,65.0,40.0,36.0,13.0,37.0,0.0,7.0,3.0,1.0,104.0
63,Bryce Miller,SEA,29837,3.0,4.0,2.160000082397464,10.0,10.0,3.0,0.0,0.0,0.0,0.0,0.0,58.1,223.0,41.0,17.0,14.0,8.0,10.0,1.0,1.0,0.0,0.0,67.0
64,Peter Lambert,HOU,17969,8.0,5.0,3.032608789960471,16.0,16.0,7.0,0.0,0.0,0.0,0.0,0.0,92.0,379.0,66.0,31.0,31.0,11.0,36.0,0.0,7.0,4.0,0.0,91.0
65,Walbert Ureña,LAA,29357,5.0,6.0,2.9372385523257107,15.0,15.0,6.0,0.0,0.0,0.0,0.0,0.0,79.2,339.0,56.0,27.0,26.0,5.0,43.0,0.0,7.0,2.0,1.0,76.0
66,Gage Jump,ATH,35418,3.0,5.0,3.783439651319647,10.0,10.0,3.0,0.0,0.0,0.0,0.0,0.0,52.1,221.0,52.0,24.0,22.0,4.0,17.0,1.0,3.0,3.0,0.0,56.0
67,Michael McGreevy,STL,29869,4.0,7.0,2.9166667181768546,19.0,19.0,13.0,0.0,0.0,0.0,0.0,0.0,108.0,427.0,95.0,36.0,35.0,14.0,24.0,0.0,0.0,2.0,0.0,71.0
68,Noah Cameron,KCR,30184,5.0,8.0,5.274834570343689,19.0,19.0,5.0,0.0,0.0,0.0,0.0,0.0,100.2,449.0,113.0,64.0,59.0,14.0,34.0,1.0,2.0,1.0,0.0,92.0
69,Framber Valdez,DET,17295,5.0,6.0,4.0959752926660435,19.0,19.0,10.0,0.0,0.0,0.0,0.0,0.0,107.2,469.0,106.0,54.0,49.0,11.0,36.0,0.0,10.0,3.0,0.0,87.0
70,Will Warren,NYY,30182,7.0,4.0,4.027118852369346,19.0,19.0,5.0,0.0,0.0,0.0,0.0,0.0,98.1,429.0,101.0,56.0,44.0,14.0,33.0,0.0,3.0,3.0,1.0,96.0
71,Nathan Eovaldi,TEX,9132,9.0,8.0,4.213872878828466,19.0,19.0,10.0,0.0,0.0,0.0,0.0,0.0,115.1,483.0,111.0,57.0,54.0,22.0,28.0,0.0,6.0,5.0,0.0,122.0
72,J.T. Ginn,ATH,27889,8.0,6.0,3.3420196477914756,19.0,19.0,9.0,1.0,0.0,0.0,0.0,0.0,102.1,429.0,78.0,42.0,38.0,12.0,47.0,1.0,6.0,2.0,1.0,96.0
73,Trey Yesavage,TOR,35456,4.0,5.0,3.7777779556923363,15.0,15.0,6.0,0.0,0.0,0.0,0.0,0.0,81.0,335.0,53.0,35.0,34.0,8.0,41.0,0.0,2.0,4.0,0.0,78.0
74,Brandon Woodruff,MIL,16162,2.0,2.0,2.977941322646346,9.0,9.0,3.0,0.0,0.0,0.0,0.0,0.0,45.1,174.0,28.0,16.0,15.0,5.0,10.0,1.0,1.0,0.0,0.0,47.0
75,Clay Holmes,NYM,13649,4.0,4.0,2.392405178813943,9.0,9.0,4.0,0.0,0.0,0.0,0.0,0.0,52.2,215.0,40.0,14.0,14.0,3.0,18.0,0.0,1.0,2.0,1.0,45.0
76,Shota Imanaga,CHC,33829,6.0,8.0,3.9130435756113693,20.0,20.0,8.0,0.0,0.0,0.0,0.0,0.0,115.0,464.0,100.0,51.0,50.0,22.0,28.0,0.0,3.0,4.0,0.0,109.0
77,Kyle Leahy,STL,24763,7.0,4.0,3.7276119933571317,18.0,18.0,3.0,0.0,0.0,0.0,0.0,0.0,89.1,388.0,93.0,37.0,37.0,9.0,33.0,0.0,5.0,3.0,0.0,75.0
78,Freddy Peralta,NYM,18679,5.0,8.0,4.658147191941487,20.0,20.0,4.0,0.0,0.0,0.0,0.0,0.0,104.1,466.0,106.0,61.0,54.0,15.0,44.0,0.0,5.0,6.0,0.0,104.0
79,Emmet Sheehan,LAD,29839,4.0,6.0,4.809716840606253,17.0,17.0,5.0,0.0,0.0,0.0,0.0,0.0,82.1,350.0,76.0,45.0,44.0,15.0,26.0,0.0,5.0,2.0,2.0,93.0
80,Bryce Elder,ATL,27779,5.0,6.0,4.120130010460662,18.0,18.0,10.0,0.0,0.0,0.0,0.0,0.0,102.2,435.0,96.0,52.0,47.0,15.0,32.0,0.0,2.0,1.0,0.0,86.0
81,Connor Prielipp,MIN,31857,2.0,5.0,4.995000047636033,13.0,13.0,3.0,0.0,0.0,0.0,0.0,0.0,66.2,294.0,66.0,45.0,37.0,8.0,25.0,0.0,5.0,1.0,2.0,71.0
82,Seth Lugo,KCR,12447,3.0,6.0,4.391566365978893,20.0,20.0,11.0,0.0,0.0,0.0,0.0,0.0,110.2,473.0,120.0,62.0,54.0,15.0,36.0,0.0,4.0,1.0,1.0,89.0
83,Logan Henderson,MIL,31475,3.0,1.0,2.9700000283241277,7.0,7.0,1.0,0.0,0.0,0.0,0.0,0.0,33.1,128.0,24.0,11.0,11.0,3.0,7.0,0.0,1.0,1.0,0.0,38.0
84,Andrew Abbott,CIN,29911,5.0,5.0,4.114285826391106,20.0,20.0,7.0,0.0,0.0,0.0,0.0,0.0,105.0,457.0,101.0,51.0,48.0,16.0,48.0,0.0,0.0,0.0,0.0,84.0
85,Carmen Mlodzinski,PIT,27572,2.0,3.0,4.2954548247589734,9.0,9.0,1.0,0.0,0.0,0.0,0.0,0.0,44.0,195.0,52.0,22.0,21.0,3.0,15.0,0.0,1.0,0.0,0.0,39.0
86,Christian Scott,NYM,30107,3.0,1.0,2.865922001475904,13.0,13.0,0.0,0.0,0.0,0.0,0.0,0.0,59.2,253.0,47.0,20.0,19.0,7.0,26.0,0.0,5.0,0.0,1.0,72.0
87,Slade Cecconi,CLE,27500,4.0,6.0,4.5454547206013505,19.0,19.0,5.0,0.0,0.0,0.0,0.0,0.0,99.0,429.0,109.0,52.0,50.0,13.0,31.0,1.0,3.0,2.0,0.0,77.0
88,Tyler Glasnow,LAD,14374,3.0,0.0,2.722689119269894,7.0,7.0,4.0,0.0,0.0,0.0,0.0,0.0,39.2,148.0,20.0,12.0,12.0,5.0,13.0,1.0,0.0,0.0,0.0,49.0
89,Shane Drohan,MIL,27814,3.0,3.0,3.8571430243455045,10.0,10.0,4.0,0.0,0.0,0.0,0.0,0.0,51.1,219.0,50.0,24.0,22.0,5.0,17.0,0.0,3.0,0.0,0.0,50.0
90,Mitch Keller,PIT,17594,6.0,7.0,5.138709788079319,19.0,19.0,9.0,0.0,0.0,0.0,0.0,0.0,103.1,443.0,102.0,64.0,59.0,13.0,35.0,0.0,7.0,4.0,1.0,77.0
91,Matthew Boyd,CHC,15440,6.0,1.0,4.153846382389419,10.0,10.0,3.0,0.0,0.0,0.0,0.0,0.0,52.0,217.0,49.0,25.0,24.0,6.0,14.0,0.0,4.0,0.0,0.0,51.0
92,Jared Jones,PIT,27863,2.0,1.0,4.050000096559526,9.0,9.0,1.0,0.0,0.0,0.0,0.0,0.0,40.0,163.0,32.0,19.0,18.0,5.0,12.0,0.0,0.0,3.0,2.0,48.0
93,Janson Junk,MIA,23301,4.0,5.0,4.569230903309482,12.0,12.0,2.0,0.0,0.0,0.0,0.0,0.0,65.0,276.0,68.0,36.0,33.0,9.0,17.0,0.0,1.0,1.0,0.0,48.0
94,Carlos Rodón,NYY,16137,4.0,2.0,3.302158364005284,9.0,9.0,3.0,0.0,0.0,0.0,0.0,0.0,46.1,194.0,32.0,20.0,17.0,3.0,26.0,0.0,1.0,3.0,0.0,52.0
95,Griffin Jax,TBR,20253,4.0,5.0,3.545454596684985,15.0,15.0,1.0,0.0,0.0,0.0,0.0,0.0,66.0,268.0,59.0,32.0,26.0,10.0,19.0,0.0,2.0,1.0,0.0,67.0
96,Michael Lorenzen,COL,14843,3.0,9.0,6.281250311993078,20.0,20.0,2.0,0.0,0.0,0.0,0.0,0.0,96.0,459.0,134.0,76.0,67.0,14.0,38.0,0.0,4.0,3.0,1.0,73.0
97,Walker Buehler,SDP,19374,5.0,5.0,5.35955079151757,19.0,19.0,3.0,0.0,0.0,0.0,0.0,0.0,89.0,388.0,93.0,53.0,53.0,12.0,35.0,2.0,4.0,3.0,0.0,81.0
98,Nick Pivetta,SDP,15454,1.0,2.0,4.5,4.0,4.0,0.0,0.0,0.0,0.0,0.0,0.0,16.0,66.0,12.0,8.0,8.0,0.0,6.0,0.0,0.0,0.0,0.0,24.0
99,Gerrit Cole,NYY,13125,3.0,5.0,3.9272728634668823,10.0,10.0,5.0,0.0,0.0,0.0,0.0,0.0,55.0,230.0,52.0,24.0,24.0,9.0,12.0,0.0,1.0,0.0,0.0,55.0
100,Kyle Freeland,COL,16256,2.0,8.0,7.363636682841418,17.0,17.0,2.0,0.0,0.0,0.0,0.0,0.0,88.0,402.0,120.0,74.0,72.0,18.0,18.0,0.0,5.0,2.0,0.0,79.0
101,Rhett Lowder,CIN,33876,3.0,7.0,6.230769596438457,14.0,14.0,3.0,0.0,0.0,0.0,0.0,0.0,65.0,303.0,78.0,46.0,45.0,8.0,30.0,0.0,3.0,1.0,1.0,58.0
102,Bailey Ober,MIN,21224,7.0,3.0,4.324675431800828,14.0,14.0,4.0,1.0,1.0,0.0,0.0,0.0,77.0,321.0,71.0,39.0,37.0,13.0,21.0,0.0,2.0,0.0,0.0,58.0
103,Troy Melton,DET,31807,5.0,1.0,1.8000000624223211,9.0,9.0,5.0,0.0,0.0,0.0,0.0,0.0,55.0,212.0,33.0,12.0,11.0,7.0,15.0,0.0,2.0,2.0,0.0,50.0
104,Kris Bubic,KCR,21455,3.0,2.0,4.112582885352706,9.0,9.0,4.0,0.0,0.0,0.0,0.0,0.0,50.1,207.0,36.0,23.0,23.0,4.0,26.0,0.0,1.0,4.0,0.0,51.0
105,Trevor McDonald,SFG,26448,3.0,7.0,5.02010074309252,13.0,13.0,5.0,0.0,0.0,0.0,0.0,0.0,66.1,291.0,65.0,40.0,37.0,6.0,21.0,0.0,10.0,5.0,1.0,54.0
106,Bubba Chandler,PIT,29868,3.0,7.0,4.853932740305764,18.0,18.0,2.0,0.0,0.0,0.0,0.0,0.0,89.0,401.0,81.0,53.0,48.0,10.0,53.0,1.0,5.0,4.0,0.0,78.0
107,Connelly Early,BOS,33666,7.0,5.0,3.436363767450511,17.0,17.0,7.0,0.0,0.0,0.0,0.0,0.0,91.2,390.0,81.0,35.0,35.0,15.0,34.0,0.0,9.0,4.0,1.0,93.0
108,Luis Castillo,SEA,15689,2.0,7.0,4.834061336686469,15.0,15.0,3.0,0.0,0.0,0.0,0.0,0.0,76.1,340.0,82.0,48.0,41.0,12.0,24.0,0.0,4.0,0.0,0.0,70.0
109,Jake Irvin,WSN,21504,2.0,4.0,5.225806515918935,11.0,11.0,0.0,0.0,0.0,0.0,0.0,0.0,51.2,228.0,48.0,34.0,30.0,7.0,22.0,0.0,6.0,1.0,0.0,58.0
110,Yusei Kikuchi,LAA,20633,0.0,3.0,5.806451791531095,7.0,7.0,1.0,0.0,0.0,0.0,0.0,0.0,31.0,142.0,35.0,20.0,20.0,3.0,14.0,0.0,1.0,3.0,1.0,33.0
111,Tyler Mahle,SFG,16358,2.0,8.0,5.307692502377308,15.0,15.0,2.0,0.0,0.0,0.0,0.0,0.0,78.0,337.0,82.0,47.0,46.0,12.0,32.0,0.0,0.0,3.0,1.0,73.0
112,Aaron Nola,PHI,16149,3.0,7.0,5.6796118608349495,20.0,20.0,6.0,0.0,0.0,0.0,0.0,0.0,103.0,452.0,114.0,67.0,65.0,23.0,35.0,1.0,1.0,2.0,0.0,108.0
113,Anthony Kay,CHW,20387,6.0,4.0,4.274131431510787,18.0,18.0,3.0,0.0,0.0,0.0,0.0,0.0,86.1,389.0,83.0,45.0,41.0,12.0,35.0,0.0,17.0,3.0,2.0,75.0
114,Andrew Alvarez,WSN,29914,0.0,2.0,4.050000241398826,6.0,6.0,0.0,0.0,0.0,0.0,0.0,0.0,26.2,120.0,28.0,12.0,12.0,1.0,15.0,0.0,1.0,1.0,0.0,28.0
115,Luis Severino,ATH,15890,2.0,6.0,4.164893722658302,12.0,12.0,3.0,0.0,0.0,0.0,0.0,0.0,62.2,271.0,61.0,33.0,29.0,9.0,31.0,0.0,2.0,0.0,1.0,65.0
116,Tanner Bibee,CLE,30134,3.0,9.0,3.9026549660671277,20.0,20.0,11.0,0.0,0.0,0.0,0.0,0.0,113.0,457.0,96.0,51.0,49.0,20.0,34.0,0.0,2.0,2.0,0.0,87.0
117,Chad Patrick,MIL,30113,2.0,1.0,2.8588236577123154,6.0,6.0,1.0,0.0,0.0,0.0,0.0,0.0,28.1,120.0,25.0,9.0,9.0,1.0,15.0,1.0,0.0,0.0,0.0,22.0
118,Kumar Rocker,TEX,31843,1.0,8.0,4.887931235409245,16.0,16.0,4.0,0.0,0.0,0.0,0.0,0.0,77.1,343.0,81.0,43.0,42.0,12.0,31.0,0.0,3.0,4.0,0.0,64.0
119,Brandon Pfaadt,ARI,27782,4.0,1.0,3.8230090108807744,7.0,7.0,1.0,0.0,0.0,0.0,0.0,0.0,37.2,156.0,36.0,17.0,16.0,4.0,7.0,0.0,2.0,1.0,0.0,24.0
120,Mick Abel,MIN,27756,1.0,1.0,2.1176470588235294,3.0,3.0,2.0,0.0,0.0,0.0,0.0,0.0,17.0,73.0,14.0,4.0,4.0,0.0,6.0,0.0,3.0,0.0,0.0,19.0
121,Jack Leiter,TEX,30146,3.0,7.0,5.28750025212766,15.0,15.0,2.0,0.0,0.0,0.0,0.0,0.0,80.0,355.0,80.0,50.0,47.0,14.0,35.0,0.0,4.0,2.0,0.0,83.0
122,David Peterson,2 Tms,20302,2.0,7.0,7.838710063255559,11.0,11.0,0.0,0.0,0.0,0.0,0.0,0.0,51.2,247.0,68.0,47.0,45.0,5.0,28.0,0.0,1.0,1.0,0.0,45.0
123,Patrick Corbin,TOR,9323,2.0,4.0,5.086956802973916,15.0,15.0,1.0,0.0,0.0,0.0,0.0,0.0,69.0,311.0,83.0,39.0,39.0,9.0,24.0,0.0,6.0,1.0,0.0,52.0
124,Martín Pérez,ATL,6902,6.0,6.0,3.750000099341077,14.0,14.0,2.0,0.0,0.0,0.0,0.0,0.0,72.0,301.0,60.0,31.0,30.0,8.0,32.0,1.0,2.0,0.0,0.0,51.0
125,Randy Vásquez,SDP,24719,6.0,5.0,4.462810058051812,16.0,16.0,4.0,0.0,0.0,0.0,0.0,0.0,80.2,350.0,91.0,41.0,40.0,12.0,26.0,1.0,3.0,1.0,0.0,59.0
126,Joe Boyle,TBR,29608,0.0,1.0,5.170212975774439,3.0,3.0,1.0,0.0,0.0,0.0,0.0,0.0,15.2,66.0,11.0,11.0,9.0,1.0,6.0,0.0,0.0,1.0,0.0,16.0
127,Gabriel Hughes,COL,31614,0.0,1.0,3.9705883466661214,2.0,2.0,1.0,0.0,0.0,0.0,0.0,0.0,11.1,45.0,9.0,5.0,5.0,0.0,4.0,0.0,0.0,1.0,0.0,13.0
128,Stephen Kolek,KCR,21487,4.0,3.0,4.500000158945725,10.0,10.0,5.0,1.0,1.0,0.0,0.0,0.0,54.0,224.0,55.0,30.0,27.0,8.0,12.0,0.0,2.0,2.0,0.0,34.0
129,Spencer Arrighetti,HOU,29921,7.0,5.0,4.344827633833914,16.0,16.0,6.0,0.0,0.0,0.0,0.0,0.0,87.0,377.0,66.0,44.0,42.0,12.0,48.0,0.0,12.0,1.0,1.0,87.0
130,Hunter Greene,CIN,22182,2.0,1.0,6.061224607763964,3.0,3.0,2.0,0.0,0.0,0.0,0.0,0.0,16.1,68.0,14.0,11.0,11.0,3.0,5.0,0.0,0.0,1.0,0.0,26.0
131,Robbie Ray,SFG,11486,7.0,6.0,3.536741321817871,19.0,19.0,7.0,0.0,0.0,0.0,0.0,0.0,104.1,442.0,88.0,49.0,41.0,15.0,52.0,0.0,0.0,3.0,0.0,88.0
132,Zac Thornton,NYM,33891,0.0,1.0,2.596153893767025,3.0,3.0,2.0,0.0,0.0,0.0,0.0,0.0,17.1,67.0,11.0,5.0,5.0,1.0,5.0,0.0,0.0,0.0,0.0,15.0
133,Matthew Liberatore,STL,22294,5.0,6.0,4.996441467668174,19.0,19.0,4.0,0.0,0.0,0.0,0.0,0.0,93.2,412.0,103.0,57.0,52.0,17.0,36.0,0.0,4.0,4.0,0.0,88.0
134,Colin Rea,CHC,12317,6.0,5.0,4.625498254012209,16.0,16.0,3.0,0.0,0.0,0.0,0.0,0.0,83.2,368.0,88.0,45.0,43.0,12.0,33.0,0.0,6.0,1.0,1.0,61.0
135,Nick Lodolo,CIN,26378,3.0,2.0,4.595744867355057,12.0,12.0,3.0,0.0,0.0,0.0,0.0,0.0,62.2,279.0,65.0,32.0,32.0,9.0,27.0,0.0,9.0,0.0,1.0,50.0
136,Roki Sasaki,LAD,35323,3.0,5.0,4.984615530883071,17.0,17.0,4.0,0.0,0.0,0.0,0.0,0.0,86.2,374.0,82.0,50.0,48.0,19.0,34.0,0.0,5.0,7.0,0.0,85.0
137,Reynaldo López,ATL,16400,2.0,2.0,3.6302521590265253,9.0,9.0,1.0,0.0,0.0,0.0,0.0,0.0,39.2,166.0,34.0,19.0,16.0,6.0,15.0,0.0,1.0,2.0,0.0,35.0
138,Drew Anderson,DET,15130,0.0,0.0,1.227272940076124,2.0,2.0,0.0,0.0,0.0,0.0,0.0,0.0,7.1,30.0,4.0,1.0,1.0,0.0,4.0,0.0,0.0,0.0,0.0,12.0
139,Garrett Crochet,BOS,27463,3.0,3.0,6.3000002002716124,6.0,6.0,3.0,0.0,0.0,0.0,0.0,0.0,30.0,138.0,33.0,23.0,21.0,5.0,11.0,0.0,4.0,2.0,0.0,37.0
140,Tomoyuki Sugano,COL,35321,9.0,4.0,4.764706066116749,17.0,17.0,5.0,0.0,0.0,0.0,0.0,0.0,90.2,382.0,94.0,50.0,48.0,18.0,23.0,0.0,2.0,1.0,0.0,51.0
141,Brady Singer,CIN,25377,4.0,9.0,4.562069085537328,19.0,19.0,6.0,0.0,0.0,0.0,0.0,0.0,96.2,428.0,105.0,54.0,49.0,21.0,31.0,0.0,8.0,2.0,0.0,82.0
142,Lake Bachar,MIA,19222,0.0,0.0,2.0000002119276483,4.0,4.0,0.0,0.0,0.0,0.0,0.0,0.0,9.0,36.0,4.0,2.0,2.0,0.0,4.0,0.0,1.0,0.0,0.0,11.0
143,Patrick Sandoval,BOS,19447,0.0,0.0,4.821428735645456,2.0,2.0,0.0,0.0,0.0,0.0,0.0,0.0,9.1,42.0,14.0,6.0,5.0,1.0,2.0,0.0,0.0,1.0,0.0,10.0
144,Jack Kochanowicz,LAA,27688,2.0,5.0,6.187500279484096,13.0,13.0,5.0,0.0,0.0,0.0,0.0,0.0,64.0,296.0,65.0,47.0,44.0,7.0,36.0,1.0,5.0,6.0,0.0,47.0
145,Brandon Sproat,MIL,33850,3.0,3.0,5.06250023708813,16.0,16.0,3.0,0.0,0.0,0.0,0.0,0.0,74.2,320.0,65.0,43.0,42.0,14.0,33.0,0.0,9.0,6.0,0.0,80.0
146,Jose Quintana,COL,11423,2.0,3.0,5.2682930505538375,9.0,9.0,1.0,0.0,0.0,0.0,0.0,0.0,41.0,181.0,45.0,27.0,24.0,6.0,17.0,0.0,1.0,1.0,1.0,20.0
147,Robert Gasser,MIL,29812,2.0,4.0,4.909091121894278,10.0,10.0,2.0,0.0,0.0,0.0,0.0,0.0,51.1,219.0,48.0,29.0,28.0,11.0,14.0,0.0,5.0,0.0,0.0,48.0
148,Hunter Brown,HOU,25880,1.0,1.0,4.050000193119058,8.0,8.0,3.0,0.0,0.0,0.0,0.0,0.0,40.0,177.0,30.0,20.0,18.0,5.0,28.0,0.0,4.0,1.0,0.0,43.0
149,Grant Taylor,CHW,33927,0.0,0.0,0.0,4.0,4.0,0.0,0.0,0.0,0.0,0.0,0.0,5.0,16.0,1.0,0.0,0.0,0.0,0.0,0.0,0.0,0.0,0.0,5.0
150,Chris Paddack,2 Tms,20099,0.0,7.0,7.682927186683431,9.0,9.0,1.0,0.0,0.0,0.0,0.0,0.0,41.0,193.0,58.0,35.0,35.0,7.0,13.0,0.0,2.0,3.0,0.0,31.0
151,José Suarez,2 Tms,19911,0.0,1.0,7.200001373291277,2.0,2.0,0.0,0.0,0.0,0.0,0.0,0.0,5.0,22.0,5.0,4.0,4.0,0.0,3.0,0.0,0.0,0.0,1.0,8.0
152,David Sandlin,CHW,31743,2.0,1.0,5.625,3.0,3.0,2.0,0.0,0.0,0.0,0.0,0.0,16.0,64.0,12.0,10.0,10.0,2.0,7.0,0.0,0.0,1.0,0.0,14.0
153,Edward Cabrera,CHC,21690,5.0,4.0,5.101382712675469,14.0,14.0,4.0,0.0,0.0,0.0,0.0,0.0,72.1,309.0,72.0,46.0,41.0,14.0,29.0,0.0,1.0,0.0,0.0,65.0
154,Grant Holmes,ATL,16944,6.0,4.0,3.8716982525411012,18.0,18.0,5.0,0.0,0.0,0.0,0.0,0.0,88.1,387.0,82.0,40.0,38.0,15.0,41.0,0.0,3.0,4.0,0.0,74.0
155,Mason Montgomery,PIT,29770,0.0,0.0,0.0,5.0,5.0,0.0,0.0,0.0,0.0,0.0,0.0,5.0,21.0,3.0,0.0,0.0,0.0,3.0,0.0,0.0,0.0,0.0,8.0
156,Sean Manaea,NYM,15873,1.0,4.0,4.41818200970485,7.0,7.0,2.0,0.0,0.0,0.0,0.0,0.0,36.2,161.0,37.0,24.0,18.0,7.0,9.0,0.0,5.0,1.0,0.0,36.0
157,Coleman Crow,MIL,27926,0.0,1.0,5.9400002265930265,4.0,4.0,0.0,0.0,0.0,0.0,0.0,0.0,16.2,76.0,20.0,13.0,11.0,2.0,5.0,0.0,1.0,0.0,0.0,10.0
158,Tim Mayza,PHI,15042,0.0,1.0,2.076923229285257,3.0,3.0,0.0,0.0,0.0,0.0,0.0,0.0,4.1,20.0,5.0,1.0,1.0,0.0,1.0,0.0,0.0,0.0,0.0,5.0
159,Griffin Canning,SDP,19867,0.0,7.0,6.794702415889614,11.0,11.0,1.0,0.0,0.0,0.0,0.0,0.0,50.1,221.0,54.0,38.0,38.0,9.0,26.0,0.0,1.0,1.0,0.0,51.0
160,Carson Palmquist,WSN,31612,0.0,1.0,7.363636682841418,3.0,3.0,0.0,0.0,0.0,0.0,0.0,0.0,7.1,32.0,9.0,6.0,6.0,1.0,1.0,0.0,1.0,0.0,0.0,10.0
161,Tatsuya Imai,HOU,37124,5.0,4.0,6.057692762497384,13.0,13.0,4.0,0.0,0.0,0.0,0.0,0.0,52.0,233.0,45.0,35.0,35.0,9.0,33.0,0.0,4.0,1.0,1.0,63.0
162,Ian Seymour,TBR,27932,2.0,2.0,5.337209420696734,7.0,7.0,1.0,0.0,0.0,0.0,0.0,0.0,28.2,120.0,26.0,18.0,17.0,8.0,7.0,0.0,2.0,0.0,0.0,38.0
163,Sean Newcomb,CHW,16943,0.0,0.0,0.0,1.0,1.0,0.0,0.0,0.0,0.0,0.0,0.0,3.0,9.0,0.0,0.0,0.0,0.0,0.0,0.0,0.0,0.0,0.0,4.0
164,Braydon Fisher,TOR,24609,0.0,0.0,0.0,6.0,6.0,0.0,0.0,0.0,0.0,0.0,0.0,6.2,28.0,3.0,0.0,0.0,0.0,5.0,0.0,0.0,0.0,0.0,8.0
165,Noah Schultz,CHW,32056,3.0,6.0,5.6037737865726465,11.0,11.0,2.0,0.0,0.0,0.0,0.0,0.0,53.0,231.0,43.0,34.0,33.0,8.0,29.0,0.0,6.0,2.0,1.0,47.0
166,Jacob Latz,TEX,21306,0.0,0.0,0.0,1.0,1.0,0.0,0.0,0.0,0.0,0.0,0.0,4.0,14.0,0.0,0.0,0.0,0.0,1.0,0.0,0.0,0.0,0.0,3.0
167,Aaron Ashby,MIL,23550,0.0,0.0,7.714286765273879,1.0,1.0,0.0,0.0,0.0,0.0,0.0,0.0,2.1,10.0,3.0,2.0,2.0,0.0,0.0,0.0,0.0,1.0,0.0,4.0
168,Mason Fluharty,TOR,31553,0.0,0.0,2.454545880152248,3.0,3.0,0.0,0.0,0.0,0.0,0.0,0.0,3.2,17.0,4.0,1.0,1.0,0.0,2.0,1.0,0.0,0.0,0.0,4.0
169,PJ Poulin,WSN,23394,0.0,0.0,1.8000002360344243,11.0,11.0,0.0,0.0,0.0,0.0,0.0,0.0,15.0,58.0,11.0,3.0,3.0,2.0,4.0,0.0,1.0,0.0,0.0,11.0
170,Kendry Rojas,MIN,29423,0.0,0.0,1.5,2.0,2.0,0.0,0.0,0.0,0.0,0.0,0.0,6.0,25.0,3.0,1.0,1.0,0.0,4.0,0.0,1.0,0.0,0.0,7.0
171,Lance McCullers Jr.,HOU,14120,2.0,3.0,6.864407001573174,8.0,8.0,2.0,0.0,0.0,0.0,0.0,0.0,39.1,172.0,38.0,32.0,30.0,7.0,22.0,0.0,2.0,4.0,0.0,43.0
172,Jakob Junis,TEX,13619,0.0,1.0,3.3750008046628963,1.0,1.0,0.0,0.0,0.0,0.0,0.0,0.0,2.2,10.0,2.0,1.0,1.0,0.0,0.0,0.0,0.0,0.0,0.0,2.0
173,Chase Dollander,COL,33482,1.0,1.0,3.2926830800071847,3.0,3.0,1.0,0.0,0.0,0.0,0.0,0.0,13.2,59.0,13.0,5.0,5.0,2.0,8.0,0.0,0.0,0.0,0.0,12.0
174,Cody Bolton,HOU,23265,0.0,1.0,4.695652563315065,3.0,3.0,0.0,0.0,0.0,0.0,0.0,0.0,7.2,38.0,8.0,4.0,4.0,0.0,7.0,0.0,1.0,0.0,0.0,9.0
175,Zebby Matthews,MIN,31827,4.0,7.0,5.400000073569163,12.0,12.0,7.0,0.0,0.0,0.0,0.0,0.0,70.0,297.0,73.0,44.0,42.0,15.0,21.0,0.0,2.0,2.0,2.0,58.0
176,Tyler Alexander,TEX,17735,0.0,0.0,0.0,3.0,3.0,0.0,0.0,0.0,0.0,0.0,0.0,3.0,11.0,1.0,0.0,0.0,0.0,0.0,0.0,1.0,0.0,0.0,4.0
177,Tyler Phillips,MIA,20629,2.0,4.0,4.909091063856994,9.0,9.0,2.0,0.0,0.0,0.0,0.0,0.0,40.1,172.0,40.0,22.0,22.0,6.0,16.0,0.0,1.0,1.0,0.0,26.0
178,Spencer Miles,TOR,31621,0.0,2.0,9.0,4.0,4.0,0.0,0.0,0.0,0.0,0.0,0.0,14.0,64.0,20.0,14.0,14.0,2.0,3.0,0.0,0.0,0.0,0.0,9.0
179,Wandy Peralta,SDP,14295,0.0,0.0,0.0,4.0,4.0,0.0,0.0,0.0,0.0,0.0,0.0,4.0,14.0,2.0,0.0,0.0,0.0,1.0,0.0,0.0,0.0,0.0,3.0
180,Ryan Feltner,COL,21446,3.0,4.0,5.482233714853421,14.0,14.0,5.0,0.0,0.0,0.0,0.0,0.0,65.2,285.0,65.0,43.0,40.0,14.0,28.0,0.0,1.0,2.0,0.0,50.0
181,Steven Matz,TBR,13361,4.0,3.0,5.4782609831408,10.0,10.0,3.0,0.0,0.0,0.0,0.0,0.0,46.0,195.0,44.0,28.0,28.0,9.0,17.0,0.0,1.0,2.0,0.0,37.0
182,Blake Snell,LAD,13543,0.0,1.0,12.0,1.0,1.0,0.0,0.0,0.0,0.0,0.0,0.0,3.0,18.0,6.0,5.0,4.0,0.0,2.0,0.0,0.0,0.0,0.0,5.0
183,Cionel Pérez,NYM,19614,0.0,0.0,0.0,2.0,2.0,0.0,0.0,0.0,0.0,0.0,0.0,2.0,8.0,2.0,0.0,0.0,0.0,0.0,0.0,0.0,0.0,1.0,3.0
184,Bradgley Rodriguez,SDP,29107,0.0,0.0,0.0,3.0,3.0,0.0,0.0,0.0,0.0,0.0,0.0,3.0,10.0,1.0,0.0,0.0,0.0,0.0,0.0,0.0,0.0,0.0,2.0
185,Ryan Yarbrough,NYY,16502,0.0,0.0,0.0,1.0,1.0,0.0,0.0,0.0,0.0,0.0,0.0,2.2,10.0,2.0,0.0,0.0,0.0,0.0,0.0,0.0,0.0,0.0,1.0
186,Cole Sulser,TBR,15256,0.0,0.0,2.25,2.0,2.0,0.0,0.0,0.0,0.0,0.0,0.0,4.0,16.0,5.0,1.0,1.0,0.0,1.0,0.0,0.0,0.0,0.0,2.0
187,Bryan Hudson,CHW,19924,0.0,0.0,1.28571446087898,6.0,6.0,0.0,0.0,0.0,0.0,0.0,0.0,7.0,24.0,3.0,1.0,1.0,1.0,1.0,0.0,0.0,0.0,0.0,5.0
188,Ryan Gusto,MIA,26440,0.0,2.0,5.062500301748532,6.0,6.0,0.0,0.0,0.0,0.0,0.0,0.0,21.1,101.0,24.0,12.0,12.0,3.0,10.0,0.0,2.0,0.0,0.0,18.0
189,Mitch Spence,KCR,27707,0.0,1.0,13.5,1.0,1.0,0.0,0.0,0.0,0.0,0.0,0.0,4.0,20.0,7.0,6.0,6.0,0.0,1.0,0.0,0.0,0.0,0.0,1.0
190,Aaron Civale,ATH,19479,5.0,6.0,5.101382645416605,15.0,15.0,1.0,0.0,0.0,0.0,0.0,0.0,72.1,327.0,92.0,42.0,41.0,16.0,22.0,1.0,2.0,2.0,0.0,54.0
191,Kai-Wei Teng,HOU,24282,3.0,5.0,5.522727392429165,10.0,10.0,2.0,0.0,0.0,0.0,0.0,0.0,44.0,204.0,49.0,31.0,27.0,7.0,21.0,0.0,7.0,1.0,0.0,43.0
192,Jack Dreyer,LAD,30249,0.0,0.0,0.0,1.0,1.0,0.0,0.0,0.0,0.0,0.0,0.0,1.0,3.0,0.0,0.0,0.0,0.0,0.0,0.0,0.0,0.0,0.0,3.0
193,Cody Ponce,TOR,17920,0.0,0.0,3.8571433826369397,1.0,1.0,0.0,0.0,0.0,0.0,0.0,0.0,2.1,10.0,1.0,1.0,1.0,0.0,1.0,0.0,0.0,1.0,1.0,3.0
194,Tyler Holton,DET,26231,0.0,0.0,0.0,2.0,2.0,0.0,0.0,0.0,0.0,0.0,0.0,1.2,8.0,3.0,0.0,0.0,0.0,0.0,0.0,0.0,0.0,0.0,2.0
195,Andrew Morris,MIN,31891,0.0,0.0,6.0,2.0,2.0,0.0,0.0,0.0,0.0,0.0,0.0,3.0,15.0,5.0,2.0,2.0,0.0,1.0,0.0,0.0,2.0,0.0,2.0
196,Jimmy Herget,COL,17556,0.0,1.0,3.0,3.0,3.0,0.0,0.0,0.0,0.0,0.0,0.0,3.0,12.0,1.0,1.0,1.0,0.0,1.0,0.0,1.0,0.0,0.0,3.0
197,Zach Pop,PHI,20185,0.0,0.0,4.5,1.0,1.0,0.0,0.0,0.0,0.0,0.0,0.0,2.0,9.0,3.0,1.0,1.0,0.0,0.0,0.0,0.0,0.0,0.0,1.0
198,Tyler Samaniego,BOS,30081,0.0,1.0,36.0,1.0,1.0,0.0,0.0,0.0,0.0,0.0,0.0,1.0,9.0,6.0,4.0,4.0,0.0,0.0,0.0,0.0,0.0,0.0,2.0
199,Spencer Strider,ATL,27498,4.0,2.0,5.307692437482307,8.0,8.0,2.0,0.0,0.0,0.0,0.0,0.0,39.0,165.0,33.0,24.0,23.0,9.0,20.0,0.0,1.0,2.0,0.0,46.0
200,Richard Lovelady,WSN,19337,0.0,1.0,2.454545560947139,5.0,5.0,0.0,0.0,0.0,0.0,0.0,0.0,7.1,31.0,6.0,2.0,2.0,1.0,4.0,0.0,0.0,0.0,0.0,7.0
201,Jordan Wicks,CHC,30094,0.0,2.0,15.631579731970321,2.0,2.0,0.0,0.0,0.0,0.0,0.0,0.0,6.1,34.0,13.0,11.0,11.0,1.0,1.0,0.0,1.0,0.0,0.0,6.0
202,Grayson Rodriguez,LAA,24492,3.0,3.0,8.228572101203818,8.0,8.0,0.0,0.0,0.0,0.0,0.0,0.0,35.0,168.0,45.0,34.0,32.0,5.0,17.0,1.0,4.0,0.0,0.0,27.0
203,Adam Macko,TOR,25590,0.0,0.0,0.0,1.0,1.0,0.0,0.0,0.0,0.0,0.0,0.0,1.2,7.0,3.0,0.0,0.0,0.0,0.0,0.0,0.0,0.0,0.0,1.0
204,Brenan Hanifee,DET,22304,0.0,0.0,5.400002253056512,2.0,2.0,0.0,0.0,0.0,0.0,0.0,0.0,1.2,8.0,3.0,1.0,1.0,0.0,0.0,0.0,0.0,0.0,0.0,1.0
205,Casey Legumina,TBR,25921,0.0,0.0,3.0000009536746197,2.0,2.0,0.0,0.0,0.0,0.0,0.0,0.0,3.0,11.0,2.0,1.0,1.0,0.0,0.0,0.0,1.0,0.0,0.0,1.0
206,Kyle Hart,SDP,19646,0.0,0.0,4.5,1.0,1.0,0.0,0.0,0.0,0.0,0.0,0.0,2.0,9.0,2.0,1.0,1.0,0.0,1.0,0.0,0.0,0.0,0.0,2.0
207,Luis Medina,ATH,21649,0.0,0.0,0.0,1.0,1.0,0.0,0.0,0.0,0.0,0.0,0.0,1.1,5.0,2.0,0.0,0.0,0.0,0.0,0.0,0.0,0.0,0.0,1.0
208,Riley Martin,CHC,29934,0.0,0.0,0.0,1.0,1.0,0.0,0.0,0.0,0.0,0.0,0.0,1.0,3.0,0.0,0.0,0.0,0.0,0.0,0.0,0.0,0.0,0.0,1.0
209,Kyle Backhus,PHI,29615,0.0,0.0,9.0,1.0,1.0,0.0,0.0,0.0,0.0,0.0,0.0,1.0,5.0,2.0,1.0,1.0,0.0,0.0,0.0,0.0,0.0,0.0,1.0
210,Matt Svanson,STL,29629,0.0,0.0,0.0,1.0,1.0,0.0,0.0,0.0,0.0,0.0,0.0,1.0,4.0,1.0,0.0,0.0,0.0,0.0,0.0,0.0,0.0,0.0,1.0
211,Didier Fuentes,ATL,30661,0.0,0.0,12.0,1.0,1.0,0.0,0.0,0.0,0.0,0.0,0.0,3.0,18.0,7.0,4.0,4.0,1.0,1.0,0.0,0.0,0.0,0.0,7.0
212,Cade Horton,CHC,31872,1.0,0.0,2.454545560947139,2.0,2.0,1.0,0.0,0.0,0.0,0.0,0.0,7.1,26.0,4.0,2.0,2.0,1.0,2.0,0.0,0.0,0.0,0.0,4.0
213,Logan Allen,CLE,27589,0.0,0.0,5.40000051498418,1.0,1.0,0.0,0.0,0.0,0.0,0.0,0.0,3.1,19.0,6.0,3.0,2.0,0.0,3.0,0.0,0.0,0.0,0.0,3.0
214,Hunter Dobbins,STL,30240,0.0,1.0,5.926829544012932,3.0,3.0,0.0,0.0,0.0,0.0,0.0,0.0,13.2,61.0,13.0,9.0,9.0,2.0,8.0,0.0,0.0,0.0,0.0,13.0
215,Kyle Hurt,LAD,27514,0.0,0.0,10.800004119874618,1.0,1.0,0.0,0.0,0.0,0.0,0.0,0.0,1.2,9.0,3.0,2.0,2.0,0.0,1.0,0.0,0.0,0.0,0.0,1.0
216,Jack Perkins,ATH,31468,0.0,2.0,8.100000193119053,6.0,6.0,0.0,0.0,0.0,0.0,0.0,0.0,26.2,126.0,31.0,24.0,24.0,7.0,14.0,0.0,1.0,2.0,0.0,37.0
217,DL Hall,MIL,22207,0.0,0.0,0.0,1.0,1.0,0.0,0.0,0.0,0.0,0.0,0.0,2.0,7.0,0.0,0.0,0.0,0.0,2.0,0.0,0.0,0.0,0.0,2.0
218,Jason Alexander,HOU,19666,1.0,1.0,6.75,2.0,2.0,1.0,0.0,0.0,0.0,0.0,0.0,12.0,50.0,10.0,9.0,9.0,2.0,3.0,0.0,1.0,0.0,0.0,8.0
219,Jose Cabrera,ARI,30412,0.0,2.0,5.6037737865726465,4.0,4.0,0.0,0.0,0.0,0.0,0.0,0.0,17.2,81.0,20.0,11.0,11.0,3.0,7.0,0.0,2.0,0.0,1.0,12.0
220,Zach Eflin,BAL,13774,0.0,0.0,2.454545880152248,1.0,1.0,0.0,0.0,0.0,0.0,0.0,0.0,3.2,17.0,4.0,1.0,1.0,1.0,2.0,0.0,0.0,0.0,0.0,7.0
221,Carson Whisenhunt,SFG,31676,2.0,0.0,3.375000201165688,2.0,2.0,0.0,0.0,0.0,0.0,0.0,0.0,10.2,46.0,9.0,4.0,4.0,1.0,6.0,0.0,0.0,1.0,0.0,6.0
222,Jordan Leasure,CHW,29950,0.0,0.0,0.0,1.0,1.0,0.0,0.0,0.0,0.0,0.0,0.0,1.1,5.0,0.0,0.0,0.0,0.0,1.0,0.0,0.0,0.0,0.0,0.0
223,Eduardo Rivera,BOS,31280,0.0,0.0,4.500000715255851,2.0,2.0,0.0,0.0,0.0,0.0,0.0,0.0,6.0,26.0,4.0,3.0,3.0,1.0,4.0,0.0,0.0,0.0,0.0,6.0
224,Joey Estes,ATH,26257,0.0,0.0,8.307692917141027,1.0,1.0,0.0,0.0,0.0,0.0,0.0,0.0,4.1,18.0,5.0,4.0,4.0,1.0,1.0,0.0,0.0,0.0,0.0,4.0
225,Elmer Rodríguez,NYY,31811,0.0,2.0,4.7647061496457574,4.0,4.0,0.0,0.0,0.0,0.0,0.0,0.0,17.0,83.0,19.0,9.0,9.0,1.0,11.0,0.0,3.0,2.0,0.0,10.0
226,Paxton Schultz,WSN,25501,0.0,0.0,9.0,1.0,1.0,0.0,0.0,0.0,0.0,0.0,0.0,1.0,6.0,2.0,1.0,1.0,0.0,1.0,0.0,0.0,0.0,0.0,1.0
227,Brad Lord,WSN,31972,0.0,0.0,0.0,1.0,1.0,0.0,0.0,0.0,0.0,0.0,0.0,2.1,11.0,2.0,0.0,0.0,0.0,2.0,0.0,0.0,0.0,0.0,1.0
228,Will Klein,LAD,27787,0.0,0.0,4.5,3.0,3.0,0.0,0.0,0.0,0.0,0.0,0.0,4.0,20.0,6.0,2.0,2.0,1.0,1.0,0.0,1.0,0.0,0.0,5.0
229,Sam Aldegheri,LAA,26443,2.0,3.0,6.311688468033641,6.0,6.0,0.0,0.0,0.0,0.0,0.0,0.0,25.2,118.0,24.0,19.0,18.0,4.0,14.0,0.0,1.0,1.0,0.0,14.0
230,Tanner Banks,PHI,16990,0.0,1.0,9.0,1.0,1.0,0.0,0.0,0.0,0.0,0.0,0.0,1.0,6.0,1.0,1.0,1.0,0.0,2.0,0.0,0.0,0.0,0.0,2.0
231,Javier Assad,CHC,21741,4.0,1.0,3.6428573910071096,8.0,8.0,1.0,0.0,0.0,0.0,0.0,0.0,42.0,166.0,37.0,17.0,17.0,9.0,9.0,0.0,0.0,0.0,0.0,26.0
232,JP Sears,SDP,23429,2.0,2.0,5.0338987119237215,4.0,4.0,0.0,0.0,0.0,0.0,0.0,0.0,19.2,86.0,20.0,12.0,11.0,4.0,8.0,0.0,0.0,0.0,0.0,17.0
233,Keegan Akin,BAL,19362,0.0,0.0,4.5,2.0,2.0,0.0,0.0,0.0,0.0,0.0,0.0,2.0,7.0,1.0,1.0,1.0,1.0,0.0,0.0,0.0,0.0,0.0,4.0
234,Cade Povich,BAL,30055,1.0,1.0,5.926829544012932,3.0,3.0,1.0,0.0,0.0,0.0,0.0,0.0,13.2,58.0,15.0,9.0,9.0,3.0,4.0,0.0,1.0,0.0,0.0,10.0
235,Steven Cruz,KCR,23165,0.0,0.0,3.8571433826369397,2.0,2.0,0.0,0.0,0.0,0.0,0.0,0.0,2.1,9.0,1.0,1.0,1.0,1.0,1.0,0.0,0.0,0.0,0.0,5.0
236,Shane Smith,CHW,31687,0.0,2.0,10.80000164794947,3.0,3.0,0.0,0.0,0.0,0.0,0.0,0.0,8.1,49.0,12.0,12.0,10.0,1.0,9.0,0.0,1.0,0.0,0.0,11.0
237,Ty Madden,DET,30140,0.0,0.0,5.40000051498418,1.0,1.0,0.0,0.0,0.0,0.0,0.0,0.0,3.1,15.0,3.0,2.0,2.0,1.0,2.0,0.0,0.0,1.0,0.0,4.0
238,Ryan Rolison,CHC,22200,0.0,0.0,2.70000025749209,2.0,2.0,0.0,0.0,0.0,0.0,0.0,0.0,3.1,11.0,2.0,1.0,1.0,1.0,0.0,0.0,0.0,0.0,0.0,2.0
239,Chris Bassitt,BAL,12304,2.0,4.0,5.673913278741972,10.0,10.0,2.0,0.0,0.0,0.0,0.0,0.0,46.0,218.0,60.0,30.0,29.0,6.0,21.0,0.0,7.0,2.0,0.0,27.0
240,Cal Quantrill,TEX,19312,0.0,2.0,4.285714285714286,5.0,5.0,1.0,0.0,0.0,0.0,0.0,0.0,21.0,91.0,24.0,11.0,10.0,5.0,4.0,0.0,1.0,0.0,0.0,12.0
241,Brandon Williamson,CIN,25463,2.0,3.0,6.107143273158978,6.0,6.0,1.0,0.0,0.0,0.0,0.0,0.0,28.0,128.0,26.0,19.0,19.0,4.0,20.0,0.0,3.0,1.0,0.0,19.0
242,Braxton Garrett,MIA,21844,0.0,1.0,14.538462604996798,2.0,2.0,0.0,0.0,0.0,0.0,0.0,0.0,4.1,28.0,7.0,7.0,7.0,0.0,8.0,0.0,0.0,0.0,0.0,5.0
243,Austin Warren,NYM,24937,0.0,1.0,9.0,2.0,2.0,0.0,0.0,0.0,0.0,0.0,0.0,2.0,11.0,2.0,2.0,2.0,0.0,2.0,0.0,1.0,0.0,0.0,1.0
244,Chase Petty,CIN,30170,0.0,0.0,5.9062503520399545,2.0,2.0,0.0,0.0,0.0,0.0,0.0,0.0,10.2,45.0,10.0,7.0,7.0,2.0,3.0,0.0,1.0,0.0,0.0,2.0
245,Tanner Gordon,COL,27669,0.0,2.0,6.260869565217392,5.0,5.0,0.0,0.0,0.0,0.0,0.0,0.0,23.0,108.0,35.0,16.0,16.0,6.0,5.0,1.0,2.0,0.0,1.0,17.0
246,Luinder Avila,KCR,24452,4.0,2.0,5.8695654212189154,9.0,9.0,0.0,0.0,0.0,0.0,0.0,0.0,38.1,171.0,39.0,25.0,25.0,6.0,25.0,0.0,1.0,1.0,1.0,34.0
247,Owen Murphy,ATL,31761,0.0,0.0,6.750001609325793,1.0,1.0,0.0,0.0,0.0,0.0,0.0,0.0,2.2,15.0,5.0,3.0,2.0,1.0,2.0,0.0,0.0,0.0,0.0,2.0
248,John King,MIA,22051,0.0,1.0,10.800004119874618,1.0,1.0,0.0,0.0,0.0,0.0,0.0,0.0,1.2,7.0,2.0,2.0,2.0,1.0,0.0,0.0,0.0,0.0,0.0,2.0
249,Chris Murphy,CHW,26214,0.0,0.0,13.500006839636454,2.0,2.0,0.0,0.0,0.0,0.0,0.0,0.0,2.0,10.0,3.0,3.0,3.0,1.0,1.0,0.0,0.0,1.0,0.0,3.0
250,Zach Agnos,COL,31552,0.0,1.0,2.25,2.0,2.0,0.0,0.0,0.0,0.0,0.0,0.0,8.0,32.0,4.0,2.0,2.0,2.0,4.0,0.0,0.0,0.0,0.0,5.0
251,Brandon Eisert,CHW,27668,0.0,0.0,7.71428844028686,4.0,4.0,0.0,0.0,0.0,0.0,0.0,0.0,4.2,21.0,6.0,4.0,4.0,2.0,1.0,0.0,0.0,0.0,0.0,6.0
252,Zac Gallen,ARI,19291,3.0,9.0,6.3367349405380144,19.0,19.0,3.0,0.0,0.0,0.0,0.0,0.0,98.0,440.0,122.0,74.0,69.0,18.0,31.0,1.0,4.0,1.0,0.0,61.0
253,Justin Verlander,DET,8700,0.0,1.0,12.272729400761241,1.0,1.0,0.0,0.0,0.0,0.0,0.0,0.0,3.2,19.0,6.0,5.0,5.0,1.0,2.0,0.0,0.0,1.0,0.0,1.0
254,Robby Snelling,MIA,31893,0.0,1.0,5.4,1.0,1.0,0.0,0.0,0.0,0.0,0.0,0.0,5.0,22.0,5.0,3.0,3.0,1.0,4.0,0.0,0.0,0.0,0.0,2.0
255,Sean Sullivan,COL,33502,0.0,3.0,8.865672146565004,5.0,5.0,0.0,0.0,0.0,0.0,0.0,0.0,22.1,114.0,34.0,22.0,22.0,5.0,11.0,0.0,3.0,0.0,1.0,16.0
256,Ryne Nelson,ARI,26253,3.0,5.0,4.968000248145116,15.0,15.0,6.0,0.0,0.0,0.0,0.0,0.0,83.1,355.0,81.0,53.0,46.0,18.0,22.0,1.0,5.0,2.0,0.0,62.0
257,Brent Suter,LAA,13942,0.0,1.0,7.363637640456744,2.0,2.0,0.0,0.0,0.0,0.0,0.0,0.0,3.2,18.0,5.0,3.0,3.0,1.0,3.0,0.0,0.0,0.0,0.0,3.0
258,Mason Englert,TBR,22288,0.0,3.0,6.279070324482614,3.0,3.0,0.0,0.0,0.0,0.0,0.0,0.0,14.1,66.0,20.0,11.0,10.0,5.0,3.0,0.0,0.0,0.0,0.0,15.0
259,Mitch Bratt,ARI,30003,0.0,0.0,6.0,2.0,2.0,0.0,0.0,0.0,0.0,0.0,0.0,6.0,28.0,5.0,4.0,4.0,1.0,5.0,0.0,0.0,0.0,0.0,3.0
260,Matt Waldron,SDP,25550,0.0,1.0,9.878049240021554,3.0,3.0,0.0,0.0,0.0,0.0,0.0,0.0,13.2,69.0,22.0,15.0,15.0,3.0,5.0,0.0,2.0,0.0,1.0,8.0
261,Randy Dobnak,KCR,23798,0.0,0.0,2.076923229285257,1.0,1.0,0.0,0.0,0.0,0.0,0.0,0.0,4.1,21.0,4.0,1.0,1.0,1.0,4.0,0.0,0.0,0.0,0.0,3.0
262,Paul Blackburn,NYY,14739,0.0,0.0,3.0,2.0,2.0,0.0,0.0,0.0,0.0,0.0,0.0,3.0,13.0,2.0,1.0,1.0,1.0,2.0,0.0,1.0,0.0,0.0,3.0
263,Colton Gordon,HOU,31312,0.0,0.0,9.818183520608992,1.0,1.0,0.0,0.0,0.0,0.0,0.0,0.0,3.2,19.0,8.0,4.0,4.0,2.0,0.0,0.0,1.0,0.0,0.0,5.0
264,Tobias Myers,NYM,22191,0.0,1.0,15.428573530547759,3.0,3.0,0.0,0.0,0.0,0.0,0.0,0.0,4.2,24.0,6.0,8.0,8.0,1.0,5.0,0.0,0.0,0.0,0.0,3.0
265,Andrew Painter,PHI,30091,1.0,8.0,7.363636746682431,12.0,12.0,2.0,0.0,0.0,0.0,0.0,0.0,55.0,256.0,75.0,45.0,45.0,13.0,20.0,0.0,3.0,1.0,0.0,43.0
266,Adrian Houser,SFG,12718,2.0,6.0,5.727273141057068,14.0,14.0,2.0,0.0,0.0,0.0,0.0,0.0,66.0,303.0,79.0,47.0,42.0,12.0,25.0,0.0,4.0,2.0,0.0,48.0
267,Pete Fairbanks,MIA,17998,0.0,0.0,27.0,1.0,1.0,0.0,0.0,0.0,0.0,0.0,0.0,1.0,7.0,3.0,3.0,3.0,1.0,1.0,0.0,0.0,0.0,0.0,1.0
268,Jesse Scholtens,TBR,19205,0.0,2.0,6.0967749437855066,2.0,2.0,0.0,0.0,0.0,0.0,0.0,0.0,10.1,47.0,10.0,7.0,7.0,3.0,4.0,1.0,2.0,0.0,0.0,10.0
269,Lyon Richardson,CIN,24581,0.0,1.0,36.0,1.0,1.0,0.0,0.0,0.0,0.0,0.0,0.0,1.0,7.0,1.0,4.0,4.0,1.0,2.0,0.0,1.0,0.0,0.0,2.0
270,Ryan Johnson,LAA,35325,2.0,4.0,4.860000046348572,7.0,7.0,1.0,0.0,0.0,0.0,0.0,0.0,33.1,143.0,31.0,23.0,18.0,8.0,13.0,0.0,1.0,1.0,0.0,27.0
271,Lucas Giolito,SDP,15474,2.0,1.0,4.354838843648321,5.0,5.0,0.0,0.0,0.0,0.0,0.0,0.0,20.2,95.0,18.0,12.0,10.0,3.0,18.0,0.0,1.0,2.0,0.0,14.0
272,Brennan Bernardino,COL,16835,0.0,1.0,20.250021122418026,2.0,2.0,0.0,0.0,0.0,0.0,0.0,0.0,1.1,10.0,4.0,3.0,3.0,1.0,2.0,0.0,0.0,1.0,0.0,1.0
273,Huascar Brazobán,NYM,6107,0.0,1.0,5.14285784351592,6.0,6.0,0.0,0.0,0.0,0.0,0.0,0.0,7.0,32.0,4.0,4.0,4.0,1.0,7.0,0.0,1.0,0.0,0.0,4.0
274,Jovani Morán,BOS,20422,0.0,2.0,15.0,3.0,3.0,0.0,0.0,0.0,0.0,0.0,0.0,3.0,18.0,7.0,5.0,5.0,2.0,2.0,0.0,0.0,0.0,0.0,6.0
275,Eric Lauer,2 Tms,19316,3.0,3.0,4.747252946256404,12.0,12.0,4.0,0.0,0.0,0.0,0.0,0.0,60.2,261.0,61.0,32.0,32.0,14.0,21.0,0.0,2.0,1.0,1.0,37.0
276,Ryan Weiss,HOU,24621,0.0,0.0,5.14285784351592,2.0,2.0,0.0,0.0,0.0,0.0,0.0,0.0,7.0,35.0,8.0,4.0,4.0,2.0,8.0,0.0,0.0,0.0,0.0,7.0
277,Alan Rangel,PHI,19524,0.0,2.0,6.352941354665794,3.0,3.0,0.0,0.0,0.0,0.0,0.0,0.0,11.1,57.0,13.0,8.0,8.0,3.0,10.0,0.0,1.0,0.0,1.0,13.0
278,George Klassen,LAA,33464,0.0,1.0,11.571430147910819,2.0,2.0,0.0,0.0,0.0,0.0,0.0,0.0,4.2,32.0,7.0,7.0,6.0,1.0,10.0,0.0,0.0,2.0,0.0,6.0
279,Erick Fedde,CHW,17425,2.0,3.0,4.466165541632101,9.0,9.0,1.0,0.0,0.0,0.0,0.0,0.0,44.1,191.0,41.0,23.0,22.0,10.0,17.0,0.0,2.0,2.0,0.0,28.0
280,Cristian Javier,HOU,17606,0.0,1.0,11.675676879437098,4.0,4.0,0.0,0.0,0.0,0.0,0.0,0.0,12.1,64.0,17.0,16.0,16.0,2.0,12.0,0.0,2.0,0.0,0.0,8.0
281,Mike Paredes,MIN,30187,0.0,2.0,4.500000195069755,5.0,5.0,0.0,0.0,0.0,0.0,0.0,0.0,22.0,96.0,23.0,11.0,11.0,5.0,7.0,0.0,2.0,0.0,0.0,11.0
282,Dean Kremer,BAL,19350,1.0,2.0,4.153846153846154,5.0,5.0,2.0,0.0,0.0,0.0,0.0,0.0,26.0,103.0,22.0,14.0,12.0,9.0,7.0,0.0,0.0,0.0,0.0,29.0
283,Jacob Lopez,ATH,25098,3.0,4.0,6.7058827291310665,12.0,12.0,0.0,0.0,0.0,0.0,0.0,0.0,51.0,241.0,55.0,39.0,38.0,11.0,32.0,0.0,2.0,0.0,0.0,41.0
284,Kade Morris,ATH,33787,0.0,1.0,20.25,1.0,1.0,0.0,0.0,0.0,0.0,0.0,0.0,4.0,22.0,9.0,9.0,9.0,3.0,3.0,0.0,0.0,0.0,0.0,4.0
285,Brendan Beck,NYY,33043,0.0,1.0,12.272729400761241,1.0,1.0,0.0,0.0,0.0,0.0,0.0,0.0,3.2,18.0,5.0,5.0,5.0,3.0,2.0,0.0,0.0,0.0,0.0,3.0
286,JR Ritchie,ATL,31760,1.0,2.0,5.551401968116439,7.0,7.0,1.0,0.0,0.0,0.0,0.0,0.0,35.2,160.0,31.0,25.0,22.0,7.0,23.0,0.0,3.0,1.0,0.0,32.0
287,Cole Ragans,KCR,21846,1.0,4.0,4.839622823840452,8.0,8.0,3.0,0.0,0.0,0.0,0.0,0.0,35.1,151.0,27.0,20.0,19.0,10.0,23.0,0.0,0.0,0.0,0.0,45.0
288,Hurston Waldrep,ATL,33527,0.0,1.0,10.384616146426286,2.0,2.0,0.0,0.0,0.0,0.0,0.0,0.0,8.2,44.0,11.0,10.0,10.0,3.0,6.0,0.0,2.0,0.0,0.0,6.0
289,Mike Burrows,HOU,24728,4.0,9.0,6.05338094727271,17.0,17.0,4.0,0.0,0.0,0.0,0.0,0.0,93.2,419.0,111.0,69.0,63.0,21.0,35.0,0.0,4.0,1.0,0.0,74.0
290,Bailey Falter,KCR,20070,0.0,2.0,18.69230906356731,2.0,2.0,0.0,0.0,0.0,0.0,0.0,0.0,4.1,28.0,13.0,9.0,9.0,3.0,3.0,0.0,0.0,0.0,0.0,2.0
291,Taijuan Walker,PHI,11836,1.0,3.0,9.160714597726365,4.0,4.0,0.0,0.0,0.0,0.0,0.0,0.0,18.2,94.0,28.0,20.0,19.0,6.0,10.0,0.0,1.0,0.0,0.0,16.0
292,Shane Bieber,TOR,19427,1.0,1.0,5.704225735209407,5.0,5.0,1.0,0.0,0.0,0.0,0.0,0.0,23.2,108.0,29.0,15.0,15.0,7.0,12.0,0.0,0.0,1.0,0.0,19.0
293,Simeon Woods Richardson,MIN,24494,0.0,7.0,8.2611945002083,10.0,10.0,1.0,0.0,0.0,0.0,0.0,0.0,44.2,214.0,63.0,46.0,41.0,9.0,23.0,0.0,2.0,2.0,0.0,24.0
294,Miles Mikolas,WSN,9803,2.0,4.0,8.526316003456015,8.0,8.0,0.0,0.0,0.0,0.0,0.0,0.0,38.0,175.0,49.0,39.0,36.0,11.0,12.0,0.0,0.0,1.0,0.0,25.0
295,Trey Gibson,BAL,33794,1.0,3.0,7.548387793422926,7.0,7.0,0.0,0.0,0.0,0.0,0.0,0.0,31.0,151.0,35.0,26.0,26.0,7.0,24.0,0.0,1.0,2.0,0.0,28.0
296,Luis Morales,ATH,32227,0.0,2.0,12.272727804735695,2.0,2.0,0.0,0.0,0.0,0.0,0.0,0.0,7.1,42.0,13.0,10.0,10.0,4.0,8.0,0.0,1.0,0.0,0.0,5.0
297,Jeffrey Springs,ATH,17677,3.0,9.0,6.081911480552186,19.0,19.0,4.0,0.0,0.0,0.0,0.0,0.0,97.2,430.0,102.0,72.0,66.0,26.0,37.0,0.0,2.0,0.0,1.0,84.0
298,Germán Márquez,SDP,15038,4.0,2.0,5.184000079101564,9.0,9.0,0.0,0.0,0.0,0.0,0.0,0.0,41.2,186.0,45.0,25.0,24.0,11.0,19.0,0.0,1.0,2.0,0.0,29.0
299,Luis Gil,NYY,21052,1.0,2.0,6.051724237437482,4.0,4.0,1.0,0.0,0.0,0.0,0.0,0.0,19.1,85.0,15.0,13.0,13.0,6.0,11.0,0.0,3.0,2.0,0.0,9.0
300,Kodai Senga,NYM,31838,0.0,6.0,10.08433827635416,7.0,7.0,1.0,0.0,0.0,0.0,0.0,0.0,27.2,134.0,31.0,32.0,31.0,9.0,22.0,0.0,2.0,0.0,0.0,34.0
301,Merrill Kelly,ARI,11156,7.0,8.0,5.199324408082131,17.0,17.0,7.0,1.0,0.0,0.0,0.0,0.0,98.2,432.0,107.0,59.0,57.0,21.0,40.0,2.0,2.0,0.0,1.0,62.0
302,Jameson Taillon,CHC,11674,2.0,5.0,5.187192313178013,13.0,13.0,4.0,0.0,0.0,0.0,0.0,0.0,67.2,287.0,65.0,40.0,39.0,20.0,23.0,1.0,2.0,1.0,0.0,59.0
303,Max Scherzer,TOR,3137,1.0,4.0,10.22727317061308,6.0,6.0,2.0,0.0,0.0,0.0,0.0,0.0,22.0,102.0,27.0,25.0,25.0,9.0,11.0,0.0,1.0,0.0,0.0,14.0
304,Brayan Bello,BOS,23920,1.0,6.0,10.345795130207035,8.0,8.0,1.0,0.0,0.0,0.0,0.0,0.0,35.2,185.0,58.0,43.0,41.0,10.0,21.0,0.0,1.0,2.0,0.0,22.0
305,Zack Littell,WSN,15823,5.0,6.0,6.641711365433787,13.0,13.0,1.0,0.0,0.0,0.0,0.0,0.0,62.1,281.0,69.0,52.0,46.0,20.0,23.0,0.0,3.0,0.0,0.0,39.0
