rank,Name,Team,playerid,W,L,SV,G,GS,IP,K/9,BB/9,HR/9,BABIP,LOB%,GB%,HR/FB,vFA (pi),ERA,xERA,FIP,xFIP,WAR
1,Jacob Misiorowski,MIL,31623,16.0,5.0,0.0,30.0,30.0,174.2,12.984732942587847,2.267175593150259,0.7213740523659915,0.23699421965317918,0.81916538,0.441011235,0.103703703,100.48124479438096,1.8034351309149788,2.117769626727576,2.1673056262758297,2.2922475570046568,6.649564489012841
2,Cristopher Sánchez,PHI,20778,18.0,7.0,0.0,33.0,33.0,207.0,10.0434784459557,1.9565217751861752,0.826086971745274,0.3327338129496403,0.79684764,0.576719576,0.132867132,,2.913043531943861,3.3906950321665303,2.800994827905979,2.650761016682425,6.236780859140872
3,Cam Schlittler,NYY,32095,14.0,6.0,0.0,33.0,33.0,193.2,11.106712874470182,2.2771084972763136,0.7435456317636941,0.25055432372505543,0.81683168,0.43231441,0.09090909,98.02226836572194,1.9518072833796973,2.8490703112636355,2.55834305181049,2.856406992233098,6.228253041364358
4,Chris Sale,ATL,10603,14.0,9.0,0.0,27.0,27.0,162.2,11.065573943491044,1.7151639612411118,0.5532786971745521,0.30357142857142855,0.8136646,0.4475,0.069930069,96.18810464734229,2.1577869189807535,2.9673921674963863,2.289036319115507,2.8171199440712873,5.8311424746183524
5,Jesús Luzardo,PHI,19959,14.0,5.0,0.0,29.0,29.0,178.2,11.132463082714333,2.619403078285725,0.75559704181319,0.29439252336448596,0.75956284,0.48275862,0.101351351,96.88934497298482,2.871268758890122,2.847024676627486,2.775884864414739,2.935123351613945,5.507317349589819
6,Dylan Cease,TOR,18525,11.0,6.0,0.0,29.0,29.0,169.0,12.727811010005517,4.153846271047826,0.5857988330964882,0.2740112994350282,0.77764977,0.421487603,0.080882352,96.98470408880888,2.396449771758361,2.9206380498110027,2.556133028053569,2.9249673093410804,5.490307561997138
7,Tarik Skubal,2 Tms,22267,12.0,7.0,0.0,26.0,26.0,158.2,10.55042046399855,1.5315126479997896,0.7941176693332243,0.28865979381443296,0.76589595,0.43076923,0.09929078,96.8829125241691,2.722689151999626,2.936059421644435,2.508074750230858,2.702709202094894,5.208724274436204
8,Drew Rasmussen,TBR,25385,16.0,5.0,0.0,30.0,30.0,172.0,9.104651263754326,1.6744186232191864,0.7325581476583941,0.251131221719457,0.76869806,0.43902439,0.084337349,95.9473647250924,2.6686046807555783,3.048628517434949,2.8156280175488084,3.2146224061768907,4.969799852365495
9,Parker Messick,CLE,31986,12.0,9.0,0.0,32.0,32.0,186.1,9.322004023120506,2.3667264100150507,0.8211091626582829,0.2727272727272727,0.81369248,0.44308943,0.092896174,94.17568091415778,2.559928565934647,3.133460872070688,3.068311382318251,3.3650573252342912,4.921542190623409
10,Reid Detmers,LAA,27468,7.0,8.0,0.0,32.0,32.0,185.0,10.264865129441574,2.335135195323202,0.9243243481487673,0.2735229759299781,0.73356808,0.371794871,0.091787439,94.19766420169982,3.356756843277102,3.2872898620060758,3.01402525292251,3.368235488531686,4.892625102093479
11,Yoshinobu Yamamoto,LAD,33825,14.0,9.0,0.0,28.0,28.0,185.0,8.854054190981904,2.043243274841978,0.9729729880199894,0.21663019693654267,0.80714286,0.485106382,0.120481927,95.94424425671984,2.5297297688519724,2.94285017932176,3.3329441776651807,3.282279496249267,4.662197302344093
12,Jacob deGrom,TEX,10954,11.0,11.0,0.0,31.0,31.0,162.2,11.120901878407588,2.545082021924125,1.106557400836576,0.2982456140350877,0.69811321,0.36231884,0.114285714,97.47986940911616,4.204918123178989,3.4654102980203003,3.1128068238697013,3.1387202267275107,4.312285300472679
13,Chase Burns,CIN,35333,15.0,3.0,0.0,29.0,29.0,154.1,10.788337155260477,3.2656588145653336,0.9913607115644762,0.2884097035040431,0.80788804,0.366233766,0.101796407,97.71785962497802,2.8574514627446668,3.2363204100213356,3.2430603406866707,3.44481089879355,4.29702206832873
14,Paul Skenes,PIT,33677,10.0,11.0,0.0,32.0,32.0,174.1,10.325048049433638,2.5296367721112416,1.0325048049433638,0.2916666666666667,0.69662921,0.398648648,0.110497237,96.80003229023339,3.8202677782904466,3.282148539856509,3.3299572538478204,3.4060990639106636,4.190069653447206
15,Payton Tolle,BOS,35466,9.0,6.0,0.0,26.0,26.0,148.2,10.352018247117387,2.42152473616781,0.9080717760629288,0.29110512129380056,0.77702703,0.373015873,0.083798882,96.21111444815132,3.0269059202097623,2.692792352974099,3.0399736232339887,3.546169506648509,4.146632887257608
16,Bryan Woo,SEA,30279,12.0,10.0,0.0,30.0,30.0,173.0,9.104046343147921,2.0289017564729654,0.9364161952952147,0.2851063829787234,0.66168009,0.37577002,0.09,96.09482666793143,4.005780390985085,3.6662019866865925,3.245020413751643,3.637854418242931,4.084872281217155
17,Zack Wheeler,PHI,10310,14.0,5.0,0.0,28.0,28.0,162.0,10.722222411583484,2.6111111572249937,1.1666666872707419,0.26842105263157895,0.82295989,0.4325,0.142857142,95.24237889899317,3.0000000529819073,2.863190503809708,3.347425326245748,3.0322451187682016,4.036704269123769
18,Trevor Rogers,BAL,22286,10.0,11.0,0.0,30.0,30.0,169.2,8.328094567817148,2.0687623448717756,1.0078585782708651,0.2972972972972973,0.69334837,0.383064516,0.087557603,93.81020104145966,4.0314343130834605,3.596751987912315,3.448252420690705,3.9234601332732604,3.951662159392411
19,Cade Cavalli,WSN,27473,13.0,5.0,0.0,32.0,32.0,169.2,10.609037546745055,2.5461690112188133,0.9548133792070549,0.30660377358490565,0.77087794,0.498861047,0.127659574,96.84347432679982,3.0235757008223407,3.6687872045598207,3.253753395091168,3.1292858021302914,3.892173281139919
20,Ranger Suarez,BOS,17277,8.0,5.0,0.0,28.0,28.0,148.1,8.4943823137393,2.7910113316571983,0.6067415938385213,0.293398533007335,0.75147929,0.418886198,0.072463768,91.56226177320184,3.2157304473441632,3.606643744992191,3.161185901022036,3.689405658004906,3.8015053993082226
21,Braxton Ashcraft,PIT,23793,14.0,6.0,0.0,28.0,28.0,165.1,9.417338890747464,1.905241972116539,1.1975806681875387,0.28604651162790695,0.72983355,0.456570155,0.142857142,97.32086745552395,3.647177489480232,3.4261958388859397,3.499705297700696,3.1761735404398035,3.549931729213062
22,Gavin Williams,CLE,30122,14.0,8.0,0.0,32.0,32.0,184.1,12.108499429947628,2.978300263011312,1.3670886453166677,0.2878411910669975,0.75669383,0.435294117,0.169696969,97.43139923504587,3.7594937746208363,3.8187618363334126,3.474833632617748,2.8515997962864943,3.548439559543186
23,Max Fried,NYY,13743,5.0,5.0,0.0,20.0,20.0,112.2,8.307692635856991,2.6360947786853917,0.31952663984065355,0.25773195876288657,0.72878229,0.49134948,0.038095238,94.94404144800873,2.7958580986057187,2.5157576232163628,2.6478490018639245,3.5933740220348778,3.528805108065776
24,Nolan McLean,NYM,33703,12.0,10.0,0.0,31.0,31.0,179.2,9.717996426980388,3.506493556126944,0.8515770064879721,0.2727272727272727,0.74552684,0.454545454,0.107594936,96.06500189449625,3.1558442005142493,3.612169895932611,3.590307666938455,3.687980893563478,3.4602718469909375
25,Sonny Gray,BOS,12768,18.0,5.0,0.0,29.0,29.0,169.0,7.934911332157647,2.4497041696594075,0.852071015533707,0.2826552462526767,0.83238958,0.460416666,0.099378881,91.64150041033965,2.715976362013691,3.8481422958207534,3.47329281093418,3.680855103408792,3.368521484825031
26,Shane Baz,BAL,22264,6.0,15.0,0.0,31.0,31.0,179.2,7.714286069164803,3.155844301021965,0.751391500243325,0.3088512241054614,0.68722467,0.379373848,0.071090047,95.891418087867,4.107606867996843,4.258375778054992,3.6237028603261283,4.311465958046333,3.3603739952721097
27,Sandy Alcantara,MIA,18684,13.0,11.0,0.0,33.0,33.0,211.0,6.483412410185743,2.4739336828340335,1.0236966963451173,0.2792511700468019,0.73181049,0.420731707,0.096385542,97.53610402827829,3.9241706693229497,3.8176362332663256,4.091033082083228,4.394068873512164,3.172047396664891
28,Eduardo Rodriguez,ARI,13164,16.0,7.0,0.0,32.0,32.0,189.2,6.785588945537983,2.9420035987647197,0.9015817480085432,0.27353463587921845,0.80229226,0.388111888,0.081896551,92.03412437283517,2.894551927816902,4.274834047490773,3.8913729241018182,4.435875191736605,3.15556594545664
29,Kevin Gausman,2 Tms,14107,9.0,12.0,0.0,32.0,32.0,177.2,9.320825849494643,2.380863124599175,1.3170732178633733,0.31097560975609756,0.68730325,0.400785854,0.126829268,93.9381174944013,4.508442938070778,4.0172770352417615,3.742162796494699,3.581802316525862,3.1352382320534646
30,Logan Webb,SFG,17995,8.0,9.0,0.0,27.0,27.0,160.2,7.5062241406482695,2.2966805206461123,0.7282157748390112,0.2857142857142857,0.65818584,0.507337526,0.091549295,92.37780724502191,4.313278050969528,4.078957212474937,3.4552835293802664,3.7378051104305037,3.073671223665023
31,Shohei Ohtani,LAD,19755,8.0,2.0,0.0,14.0,14.0,85.2,9.980544821153224,2.7315175299998296,0.42023346615381996,0.24401913875598086,0.81081081,0.511848341,0.057142857,98.05319072394971,1.7859922311537348,2.7315126271271044,2.610239364458727,3.2369253462657936,2.940321387207584
32,Nick Martinez,TBR,12730,15.0,6.0,0.0,31.0,31.0,180.0,5.45000017325084,1.3000000413258883,1.1000000349680594,0.26512455516014233,0.81560284,0.35467128,0.088,92.81406478376579,3.100000098546349,3.9733446253185023,3.9616228801232807,4.4696804103553935,2.9197133954323813
33,Logan Gilbert,SEA,22250,12.0,11.0,0.0,32.0,32.0,186.0,9.919355143865621,2.370967814875197,1.4032258496200145,0.26956521739130435,0.78384798,0.38125,0.142156862,96.3375023878847,3.7258065662324524,3.6189701891168653,3.8263182155795707,3.4553477077600308,2.8533816806284986
34,Sean Burke,CHW,29878,8.0,7.0,0.0,27.0,27.0,142.1,9.800937118385088,3.4145200283406107,1.0117096380268478,0.2945945945945946,0.76690821,0.359580052,0.093567251,94.68584730360243,3.7306792902240007,3.897711863039691,3.711752981279404,4.064277873036333,2.8379653489098917
35,MacKenzie Gore,TEX,22201,8.0,11.0,0.0,34.0,34.0,173.0,9.052023420786668,3.693641740665824,0.9884393390514177,0.29436325678496866,0.70482498,0.394308943,0.094527363,95.29938084902275,4.578034833501303,4.157435959849921,3.8692978942337306,4.195714572300963,2.830984122956839
36,Taj Bradley,MIN,22543,12.0,6.0,0.0,31.0,31.0,178.1,10.345794576944272,3.835514087062267,1.1607476842425282,0.27045454545454545,0.77976818,0.356521739,0.117948717,97.20551240520983,3.734579505823786,3.9736319709822467,3.823876240513962,3.7981450717021743,2.7994226928094426
37,Dustin May,2 Tms,19716,7.0,9.0,0.0,31.0,31.0,145.2,8.897025448911839,3.089244947538833,0.8649885853108732,0.31840796019900497,0.67611778,0.418491484,0.091503267,96.87877607586003,4.695652320259026,4.430853713610452,3.6291158771059395,3.9654976890854066,2.752952875833798
38,Michael Soroka,ARI,18383,9.0,4.0,0.0,21.0,21.0,112.0,8.839286015350002,2.250000076634546,0.7232143103468183,0.28052805280528054,0.74742268,0.362459546,0.075,93.58803087713848,3.294642969357728,4.0907193541733475,3.1183688851035374,3.6913704154826465,2.7520980453443467
39,Andre Pallante,STL,26108,12.0,9.0,0.0,29.0,29.0,162.0,6.111111255012589,2.77777784318754,0.6666666823650097,0.2874251497005988,0.71209016,0.554240631,0.093023255,95.21879645153484,3.833333423598806,4.145826331852985,3.742487065397082,3.981773379105015,2.695524198350439
40,Michael King,SDP,19853,12.0,10.0,0.0,32.0,32.0,185.0,7.735135294633511,3.405405475624816,0.9729729930356618,0.2585858585858586,0.80295567,0.445759368,0.101522842,94.16218645011199,3.2108108770176838,4.397502685060482,4.132944195359358,4.335273268706006,2.650116447804689
41,Davis Martin,CHW,21448,9.0,8.0,0.0,28.0,28.0,140.2,7.80568750697912,2.8791470312627903,0.8317535868092505,0.31695331695331697,0.73266219,0.420673076,0.088435374,93.83879159626208,4.030805843767906,4.7308275527838335,3.7403221930299146,4.116678657579889,2.6498288557155734
42,Jared Jones,PIT,27863,5.0,6.0,0.0,21.0,21.0,101.2,10.888524760395187,2.744262337985779,1.0622950985751403,0.27235772357723576,0.72765073,0.362204724,0.104347826,98.1404007238353,3.7180328450129907,3.170311861670938,3.2185445303687548,3.391926456023079,2.644819678309749
43,Noah Cameron,KCR,30184,9.0,8.0,0.0,30.0,30.0,170.1,7.925636155743163,2.90606659043916,1.109589061804043,0.2790224032586558,0.69459173,0.386454183,0.102439024,92.51773547986998,4.279843524101308,4.147557818754082,3.998750505955742,4.213090758948601,2.5997276274572765
44,Foster Griffin,2 Tms,16432,15.0,6.0,0.0,31.0,31.0,172.2,8.235521356818612,2.345559880106567,1.198841716498912,0.2907216494845361,0.76552463,0.447316103,0.130681818,91.45060128272229,3.596525149496736,4.349717887206399,3.957654611405522,3.764942532414997,2.596748525726884
45,Walbert Ureña,LAA,29357,9.0,10.0,0.0,27.0,27.0,146.2,8.590909239871445,3.9886364327974566,0.6136363742765318,0.25647668393782386,0.78698225,0.552162849,0.085470085,97.94788975926824,3.006818233955006,3.2273858976250183,3.591420841059409,3.9094669714802057,2.5935298439175867
46,José Soriano,2 Tms,22100,12.0,8.0,0.0,32.0,32.0,177.1,8.57706791517983,3.704887324308448,0.9135338607883844,0.28781512605042014,0.72710104,0.531697341,0.133333333,97.21970321078997,3.9078948489280885,4.434224337845035,3.901263644304545,3.731093660299936,2.5675910948460263
47,Kyle Leahy,STL,24763,10.0,5.0,0.0,30.0,30.0,140.0,8.48571440132297,2.6357143216230434,0.9642857274230647,0.32754342431761785,0.78488372,0.450602409,0.111940298,94.3699324598344,3.664285764207646,4.866558449958552,3.5933688912099724,3.6456073844829033,2.5586370884026954
48,Ryan Weathers,NYY,23796,5.0,8.0,0.0,25.0,25.0,137.1,9.371359700531436,2.4902913889524094,1.1796117105564043,0.30601092896174864,0.75445816,0.486842105,0.14876033,95.9053997984027,3.6043691155890136,4.325178851783817,3.617502059227719,3.2438561952493505,2.547100174608464
49,Joe Ryan,MIN,21390,7.0,10.0,0.0,27.0,27.0,144.2,9.891705179842658,1.9285714501580022,1.3064516275263887,0.29743589743589743,0.70580475,0.365196078,0.112903225,93.59753542184609,3.7949309180528434,3.706962985475962,3.7018942368487435,3.7559707048672557,2.530563025414173
50,George Kirby,SEA,25436,9.0,11.0,0.0,30.0,30.0,174.2,7.625954434418906,2.4217558001195174,1.13358782133254,0.33589251439539347,0.73080481,0.433333333,0.112244897,96.75363517294124,4.328244408724244,4.196301877230097,3.9020384839945255,3.958838541403628,2.50881577185028
51,Landen Roupp,SFG,30076,9.0,14.0,0.0,29.0,29.0,155.0,8.303226164064611,4.354838897236684,0.638709704928047,0.2718676122931442,0.69254984,0.491725768,0.076388888,92.80983729176707,4.00645178545775,3.8398634658898683,3.726318220204048,4.206391809009186,2.4924210193902954
52,Michael Wacha,KCR,14078,9.0,10.0,0.0,32.0,32.0,200.2,7.086378894706588,2.421926964013644,1.3455149800075799,0.24511545293072823,0.78609626,0.352233676,0.115384615,93.17314304542997,3.3189369506853637,4.001762409534113,4.381242667052806,4.393942168842956,2.4495803420179487
53,Peter Lambert,HOU,17969,8.0,10.0,0.0,29.0,29.0,155.2,8.903640620606996,3.4111350429598235,0.9828694191579153,0.28199052132701424,0.75873362,0.361948955,0.088082901,93.92085808851049,3.8158459802601414,3.706080731056931,3.9099336162388196,4.362128530789541,2.415589016293059
54,Shane McClanahan,TBR,21483,10.0,7.0,0.0,24.0,24.0,118.0,8.084746024075072,2.9745763673483756,0.762711889063686,0.2530487804878049,0.68852459,0.441717791,0.078740157,95.6833364313299,3.3559323118802187,4.284894023725304,3.498816839260331,4.022077695901728,2.408094772358035
55,Logan Henderson,MIL,31475,11.0,3.0,0.0,18.0,18.0,98.1,10.067796740357954,1.738983073334556,1.2813559487728305,0.22026431718061673,0.86956522,0.306722689,0.117647058,92.96713895169233,2.4711864726333164,2.7316963632664466,3.3242405580905827,3.300508704968389,2.3893770271944272
56,Brandon Pfaadt,ARI,27782,8.0,3.0,0.0,19.0,19.0,114.2,5.8081398086170175,1.6482558916345589,0.7848837579212186,0.2704225352112676,0.73504274,0.44352617,0.074074074,93.05170435643458,3.3750001590612397,3.55830185997131,3.5976047883216222,4.241411711414157,2.3764254244842884
57,Tyler Glasnow,LAD,14374,5.0,2.0,0.0,13.0,13.0,74.0,11.91891907252388,3.040540579725479,0.8513513623231341,0.24203821656050956,0.68627451,0.401234567,0.102941176,95.63935034481095,3.527027072481556,2.8587432574466365,2.7356468720711264,2.8933022239600064,2.350942721044255
58,Max Meyer,MIA,27474,9.0,1.0,0.0,20.0,20.0,111.0,9.810810979393125,3.324324381447257,0.8918919072175568,0.2624113475177305,0.79931973,0.411764705,0.098214285,95.14483741937681,2.6756757216526705,3.8795227356761717,3.5059171540098006,3.741032094405928,2.3396427021182515
59,Eury Pérez,MIA,27768,8.0,11.0,0.0,29.0,29.0,158.0,9.512658400100849,3.8734177916578303,1.1392405269581853,0.2653061224489796,0.7183908,0.386308068,0.11235955,98.23384544854251,3.9303798180057394,4.087364231116751,4.1131699878232375,4.16851588126006,2.3275196918904686
60,Jake Bennett,BOS,31959,9.0,7.0,0.0,19.0,19.0,109.2,7.386018536820628,1.641337452626806,0.9848024715760837,0.28164556962025317,0.71828358,0.418238993,0.099173553,92.87495273975057,3.7750761410416542,3.4211965046495565,3.510846104794885,3.754183232847212,2.2967377592837823
61,Casey Mize,2 Tms,20492,6.0,10.0,0.0,26.0,26.0,131.1,7.538071467398562,2.604061052374049,1.2335026037561283,0.27631578947368424,0.68443804,0.329949238,0.094736842,93.431364537599,4.3172591131464495,3.8613105505956518,4.143659005308489,4.546163604861507,2.2950282132827358
62,Gerrit Cole,NYY,13125,10.0,9.0,0.0,22.0,22.0,127.0,9.283464845776441,1.7716535965222215,1.559055164939555,0.2743362831858407,0.80935252,0.342618384,0.13095238,96.71238475734904,3.6141733369053317,3.7676335066066184,3.9272834200152205,3.672532521837964,2.1473432695815453
63,Griffin Jax,TBR,20253,7.0,8.0,0.0,23.0,23.0,103.1,9.232258263328946,2.438709729935948,1.045161312829692,0.2808988764044944,0.71856287,0.45090909,0.126315789,95.93053405982062,3.135483938489076,4.069333475209651,3.4295440067882725,3.307909816715715,2.106648525597815
64,Christian Scott,NYM,30107,4.0,5.0,0.0,23.0,23.0,110.0,10.963637124053756,3.8454548121681085,0.9818182499152617,0.2977941176470588,0.76399395,0.321428571,0.096774193,95.47096468538851,3.8454548121681085,3.7020984967780253,3.6096026860386896,3.8933788407862124,2.102597654563776
65,Tyler Mahle,2 Tms,16358,7.0,10.0,0.0,27.0,27.0,149.0,8.275168050060914,2.7785235788525697,1.2080537299358998,0.28921568627450983,0.74213836,0.439716312,0.126582278,92.83539971944802,3.9865773087884695,3.9322898671246245,3.9931292198685986,3.849160240777339,2.0673525896365583
66,Janson Junk,MIA,23301,6.0,9.0,0.0,25.0,25.0,122.2,6.5298915412593965,2.421195740017529,1.100543518189786,0.2955145118733509,0.70629371,0.425974025,0.096153846,94.19059317452567,4.255434937000506,4.194723709823834,4.143990040366277,4.474389671768938,1.9704560694240036
67,Framber Valdez,DET,17295,10.0,12.0,0.0,31.0,31.0,174.0,6.982758776168481,3.465517318542876,0.8275862253236718,0.29277566539923955,0.71741032,0.553470919,0.116788321,94.79983083484242,4.0344828484529,4.379198127490733,4.140741649857521,4.134091035853054,1.9670399464936335
68,Will Warren,NYY,30182,10.0,6.0,0.0,29.0,29.0,149.1,9.04017899480023,3.1339287181974136,1.2656250592720324,0.31678486997635935,0.70484581,0.438356164,0.13548387,93.66503052706194,4.098214477642771,4.397326713562443,4.0447082144284305,3.7836761837091943,1.9475466161694557
69,Blake Snell,LAD,13543,4.0,1.0,0.0,9.0,9.0,42.2,11.601562672876755,3.37500005029142,0.0,0.3069306930693069,0.79166667,0.43,0.0,95.99547425147948,1.8984375282889236,2.1664744584594833,1.7176992210326716,3.0623661219744664,1.9422159127563874
70,Freddy Peralta,2 Tms,18679,10.0,11.0,0.0,32.0,32.0,169.0,8.307692682737663,3.355029737259441,1.2248521263010657,0.2875,0.70570571,0.394366197,0.110576923,94.43545127401546,4.420118542738629,3.825839904463617,4.28394374772617,4.372930102683225,1.9409659644138895
71,Michael McGreevy,STL,29869,7.0,9.0,0.0,31.0,31.0,168.2,6.136363832975443,2.5612649041984454,1.1205533955868199,0.28433268858800775,0.73560768,0.437148217,0.111111111,91.93571064524407,3.9486167273059367,5.36224946224394,4.226993991169907,4.300229961003753,1.8785872590324488
72,Connor Prielipp,MIN,31857,5.0,7.0,0.0,22.0,22.0,116.2,9.102857341283686,3.3171429294508346,1.0028571647176943,0.3050314465408805,0.60369318,0.421538461,0.100775193,95.58411719514433,5.091428682412909,4.032637400535305,3.7862260422998553,4.0070636063241345,1.874427221204376
73,Keider Montero,DET,22630,7.0,8.0,0.0,25.0,25.0,136.2,5.663414818572551,2.107317141794437,1.1195122315782948,0.23486682808716708,0.72327044,0.375586854,0.082524271,94.42091369628906,3.6878049981402654,3.7260691546490707,4.271243487079538,4.929919780396456,1.8645902274369728
74,Hunter Brown,HOU,25880,6.0,4.0,0.0,20.0,20.0,107.1,10.397515928279413,4.611801419801352,0.9223602839602704,0.2723735408560311,0.78651685,0.56981132,0.141025641,96.19229749222876,3.186335526408207,3.3098959946657818,3.7713192208820168,3.5362059508744226,1.8614166413659443
75,Bubba Chandler,PIT,29868,8.0,9.0,0.0,30.0,30.0,148.2,8.051569799407579,4.721973265817979,0.9080717818880729,0.2850356294536817,0.67336683,0.391608391,0.085714285,98.26975011442867,4.661435147025441,4.3548055231002625,4.338179948063409,4.803753373782828,1.8109521163854163
76,Seth Lugo,KCR,12447,7.0,9.0,0.0,32.0,32.0,172.1,6.998065931838268,2.8201161217855706,1.2011605703901505,0.3333333333333333,0.67590988,0.401834862,0.109004739,91.68741806762951,5.170212889940213,5.085440780258722,4.377107516932064,4.490655474428155,1.7994367975634
77,Andrew Alvarez,WSN,29914,0.0,5.0,0.0,17.0,17.0,86.0,9.000000499015659,4.290697912321418,0.627907011559232,0.28193832599118945,0.77437859,0.502164502,0.09090909,92.01303260403678,3.3488373949825707,4.097454970809062,3.5074885083895375,3.759196581289371,1.794793322037876
78,Shota Imanaga,CHC,33829,11.0,10.0,0.0,32.0,32.0,174.1,8.982791799936045,1.9101338884921475,1.8068834080331126,0.26269315673289184,0.82550336,0.369072164,0.161290322,91.60289349424808,3.768642536754778,3.8038610041820755,4.471448676622037,3.7408190570083817,1.7858496294887278
79,Carlos Rodón,NYY,16137,7.0,3.0,0.0,16.0,16.0,84.1,9.711462706841928,4.055336075384542,0.7470355928339945,0.21782178217821782,0.75123153,0.357487922,0.078651685,94.3046705355457,2.667984260121409,3.8733963661949247,3.444385268498277,3.9586816318986986,1.7709571602112482
80,Justin Wrobleski,LAD,31204,11.0,5.0,0.0,22.0,22.0,128.1,7.503896234010161,1.9636363976849018,1.402597426917787,0.2602739726027397,0.8,0.405759162,0.125786163,94.56669567681347,3.576623438640357,4.697422471327162,4.230381891099734,4.074992986161508,1.763063549886123
81,Clay Holmes,2 Tms,13649,6.0,8.0,0.0,18.0,18.0,101.1,6.927631926668665,3.7302633451292815,0.5328947635898973,0.2508591065292096,0.73298429,0.606779661,0.086956521,93.02365291819854,3.2861843754710334,3.8658517239309798,3.6334065052280815,3.8917252415449326,1.7536676357302037
82,Emerson Hancock,SEA,27470,7.0,8.0,0.0,25.0,25.0,138.2,8.177884821609197,2.076923129297574,1.2980769558109837,0.2782152230971129,0.79562044,0.4325,0.122699386,95.4321836028661,3.569711628480205,4.006819194593888,4.001954072062478,3.90169659250968,1.749854747865822
83,J.T. Ginn,ATH,27889,9.0,8.0,0.0,24.0,24.0,131.1,8.017766691531426,3.7690356242241743,1.0964467270470326,0.2591549295774648,0.75534759,0.457534246,0.123076923,93.65863406273627,3.6319797833432954,4.16823820331619,4.36447116309518,4.275188292797182,1.7167322460013774
84,David Peterson,2 Tms,20302,7.0,8.0,0.0,23.0,23.0,116.1,8.58739292559661,4.2550145126830055,0.851002902536601,0.336231884057971,0.68208778,0.509971509,0.122222222,92.5520736268792,5.028653514989006,4.825571580916637,3.8913427217732064,3.8301575636179415,1.692010939608625
85,Gage Jump,ATH,35418,6.0,11.0,0.0,20.0,20.0,98.2,9.85135179570857,4.195946135209206,1.0945946439676189,0.3445692883895131,0.67055394,0.384057971,0.113207547,96.33004940257354,5.472973219838094,4.614269998327178,4.012673944944533,4.05360924552096,1.6698984867990765
86,Nathan Eovaldi,TEX,9132,10.0,9.0,0.0,23.0,23.0,137.0,9.197080420014881,2.2335766734321854,1.576642357716837,0.29347826086956524,0.76757532,0.487179487,0.186046511,94.49270651075575,4.138686189006696,4.219778144096093,4.231898618703506,3.3761641681611443,1.6616858778239236
87,Matthew Boyd,CHC,15440,10.0,5.0,0.0,22.0,22.0,126.2,6.821052871239161,2.771052728940909,1.0657895111311189,0.2727272727272727,0.72661871,0.42204301,0.108695652,92.85623600864632,3.907894874147436,4.6460154669005105,4.2136696754862415,4.319084899709474,1.6148785871916775
88,Joey Cantillo,CLE,23335,9.0,9.0,0.0,30.0,30.0,144.0,9.625000318719291,4.8125001593596455,1.0625000351832985,0.3228346456692913,0.72149344,0.445012787,0.115646258,92.08171021811054,4.000000132454771,4.236031899589096,4.204678444867886,4.21121182904517,1.595826852999813
89,Troy Melton,DET,31807,8.0,5.0,0.0,20.0,20.0,114.1,7.399417238793431,2.9125365727165633,1.023323660684198,0.2476489028213166,0.80645161,0.428571428,0.105691056,96.43597010840182,2.7551021633805326,3.840365302573399,4.088849978025486,4.234962871817474,1.5856391661650378
90,Brandon Young,BAL,27819,9.0,6.0,0.0,28.0,28.0,156.2,7.640425841977783,3.5042554613582313,1.2638298385226407,0.28507795100222716,0.78175896,0.423655913,0.118279569,94.37045167937993,3.5617022722001694,4.312019527392501,4.472852222862263,4.4398079382390145,1.5801625007094235
91,Kyle Harrison,MIL,27758,10.0,5.0,0.0,24.0,24.0,112.1,10.896142926593313,2.804154429637985,1.6023739597931344,0.3194444444444444,0.768,0.361842105,0.166666666,94.63369001837047,3.925816201493179,3.8773121340699266,4.088642350177283,3.38694649540835,1.5786209819663044
92,Tanner Bibee,CLE,30134,7.0,15.0,0.0,33.0,33.0,188.0,7.085106598623963,2.6329788035426893,1.388297914595236,0.2698706099815157,0.72301426,0.369911504,0.119341563,93.87321620820929,4.356383111316085,4.333719399396944,4.520724550821816,4.466904031437338,1.5153332085113203
93,Cal Quantrill,TEX,19312,6.0,4.0,0.0,15.0,15.0,76.2,7.160869624601196,1.408695663855973,1.1739130532133106,0.23148148148148148,0.83333333,0.428571428,0.106382978,93.93302890521477,2.4652174117479526,3.2432745877197435,3.752685660090023,3.9081813033755517,1.508022527407229
94,Walker Buehler,SDP,19374,9.0,6.0,0.0,32.0,32.0,153.2,7.672451558115965,3.3383949527680152,1.2885033151034444,0.29493087557603687,0.72598253,0.477973568,0.1375,94.01441351633454,4.62689826787146,4.250285063260783,4.506151721751032,4.217007840025007,1.4778161672168908
95,Kyle Bradish,BAL,24586,7.0,14.0,0.0,29.0,29.0,155.0,8.245161543974154,4.0645162540717665,1.161290358306219,0.31336405529953915,0.72636816,0.447893569,0.124223602,,4.122580771987077,4.458570946393118,4.358576296469921,4.249402273964975,1.4679826831176421
96,Martín Pérez,ATL,6902,9.0,9.0,0.0,26.0,26.0,132.2,6.17336699688743,4.206030261615611,0.8140703732159248,0.25757575757575757,0.7891492,0.459798994,0.09090909,89.97314782393606,3.1206030973277117,4.6287400710663835,4.374381121948288,4.7007162019439654,1.4203654790609246
97,Ben Brown,CHC,23590,3.0,1.0,0.0,8.0,8.0,42.1,8.71653549852548,2.3385826947263486,0.2125984267933044,0.23853211009174313,0.82901554,0.407407407,0.025,96.27963571591228,1.7007874143464352,3.4424268261890836,2.3918503189938356,3.511347722806976,1.4184369516036164
98,Rhett Lowder,CIN,33876,7.0,12.0,0.0,26.0,26.0,126.1,7.124010840907068,3.6332455288626044,1.2110818429542016,0.3148614609571788,0.63926941,0.403892944,0.105590062,93.75901022921788,5.984169106361937,5.482405591871614,4.6203007210316915,4.7950608365028655,1.4075398979138734
99,Anthony Kay,CHW,20387,10.0,9.0,0.0,31.0,31.0,151.0,7.629139361948911,3.158940517056971,1.1920530253045174,0.29711751662971175,0.73529412,0.434782608,0.125,95.96033452631353,4.47019884489194,4.898599018991601,4.676670741763045,4.554606006158523,1.3855045806977542
100,Andrew Abbott,CIN,29911,6.0,11.0,0.0,32.0,32.0,166.0,7.102409842571863,4.120482046072226,1.4096385947089194,0.28024193548387094,0.73313783,0.387475538,0.115555555,92.4164095616867,4.608433867317621,4.917728244332524,4.931837095448062,4.942110091412953,1.3594725369843823
101,Robert Gasser,MIL,29812,4.0,5.0,0.0,20.0,20.0,104.0,8.394231154103974,2.855769361705476,1.298076982593398,0.2605633802816901,0.75675676,0.331081081,0.115384615,92.6495329042526,3.9807694132864206,4.281326914556937,4.350511798950345,4.362763562185344,1.3469319067009096
102,Nick Pivetta,SDP,15454,3.0,2.0,0.0,8.0,8.0,34.2,10.903846353821503,2.07692311501362,0.519230778753405,0.28735632183908044,0.75301205,0.306818181,0.04347826,94.04463799055233,2.855769283143727,3.1809684735629316,2.2062809560073195,3.4596713116782825,1.3466439862758444
103,Emmet Sheehan,LAD,29839,5.0,8.0,0.0,22.0,22.0,107.0,10.345794945786107,2.6915889289850035,1.7663552346464086,0.2851851851851852,0.73664825,0.356401384,0.156716417,94.39050431161557,4.794392779754538,3.713010036517128,4.474343590807614,3.813721022382012,1.332348556676976
104,Kumar Rocker,TEX,31843,5.0,10.0,0.0,27.0,27.0,130.1,8.21739162503183,4.005115245813833,1.2429668004249828,0.2978723404255319,0.75539568,0.428571428,0.118421052,94.7113332264459,4.488491223756882,4.735360111918708,4.496931233473658,4.462326227067455,1.321974291533537
105,Randy Vásquez,SDP,24719,10.0,5.0,0.0,23.0,23.0,117.0,5.461538639607833,2.46153854179508,1.0000000326042513,0.26256983240223464,0.75516693,0.384823848,0.082278481,94.99142618815104,3.69230781269262,5.692574992450051,4.279998959581659,4.874431652483204,1.2999105076475035
106,Jack Flaherty,DET,17479,3.0,8.0,0.0,19.0,19.0,86.1,10.633205142193013,4.378378587961829,1.1467182016090505,0.3039647577092511,0.6778169,0.299145299,0.094827586,92.97645058957686,4.586872806436202,4.42784709799635,4.096650785460187,4.468893624623179,1.296732811195268
107,Aaron Nola,PHI,16149,7.0,12.0,0.0,33.0,33.0,175.1,9.085551594362196,3.028517198120732,1.899239598821476,0.29850746268656714,0.77873255,0.407185628,0.183168316,92.34941933371805,4.671102797101468,4.179586121289939,4.8685726294299485,3.864655593736864,1.2964795565848477
108,Trey Yesavage,TOR,35456,5.0,6.0,0.0,20.0,20.0,97.2,8.938566960214144,4.33105821783572,1.105802098170822,0.2139917695473251,0.74844075,0.332,0.095238095,94.3726160006605,3.68600699390274,3.359539140777802,4.216552748125402,4.567081545778842,1.2511635710480025
109,Hayden Wesneski,HOU,27581,6.0,2.0,0.0,11.0,11.0,61.0,6.7868853520078405,2.9508197182642784,0.5901639436528556,0.25862068965517243,0.67278287,0.446327683,0.066666666,93.48035624279954,3.2459016900907063,3.7917892092568164,3.5267412564985796,4.159332817344526,1.244838163119369
110,Bailey Ober,MIN,21224,7.0,7.0,0.0,24.0,24.0,128.0,6.53906264615944,2.6015625581494546,1.4765625330037444,0.27889447236180903,0.72033898,0.344578313,0.105,88.24985459820576,4.570312602154448,4.725620842251592,4.694261777261273,4.920513985659977,1.214911458132741
111,Brandon Woodruff,MIL,16162,2.0,2.0,0.0,9.0,9.0,45.1,9.33088281095855,1.985294215097564,0.992647107548782,0.2072072072072072,0.71875,0.269565217,0.078125,91.83738125887784,2.977941322646346,2.87942472995158,3.1887470400869637,3.8864078886457962,1.214365938281687
112,Bryce Elder,ATL,27779,8.0,8.0,0.0,26.0,26.0,149.0,7.308725019332707,2.9597316193991956,1.4496644666445038,0.26605504587155965,0.74494949,0.428571428,0.146341463,92.52081771053706,4.107382655492761,4.143735946381946,4.617290303960674,4.18512540204224,1.1659944301943992
113,Matthew Liberatore,STL,22294,6.0,14.0,0.0,31.0,31.0,155.0,8.941935868992658,3.193548524640235,1.6258065216350288,0.33564814814814814,0.70691434,0.368421052,0.152173913,94.2577117608518,5.225806676684021,5.003666411337224,4.623092452375751,4.066985715298916,1.128891370832045
114,Shane Drohan,MIL,27814,5.0,5.0,0.0,19.0,19.0,94.0,9.000000365236987,3.5425533352528564,1.244680901575328,0.3333333333333333,0.70032573,0.381132075,0.122641509,94.60156929741879,5.074468291037876,4.310035257331293,4.238809660172885,4.143479331566885,1.1250172618549816
115,Patrick Sandoval,BOS,19447,1.0,7.0,0.0,13.0,13.0,64.2,9.324742634753301,4.3144331593634675,0.974226842436912,0.3776595744680851,0.6916996,0.368421052,0.089743589,93.46264381130247,5.149484738595107,5.028384530069393,3.966491157137661,4.380375348530031,1.1075497667054242
116,Yusei Kikuchi,LAA,20633,1.0,7.0,0.0,14.0,14.0,67.2,8.911330258583911,3.9901478769778707,0.9310345046281698,0.3383838383838384,0.70987654,0.421568627,0.097222222,95.50783736617477,4.92118238160604,4.745705605066902,3.9280979679743346,4.189758587864159,1.0522308986764302
117,Gabriel Hughes,COL,31614,0.0,8.0,0.0,13.0,13.0,61.0,8.114754352092879,3.393442729057022,1.0327869175390938,0.32065217391304346,0.55961071,0.403225806,0.101449275,,6.639344469894174,3.8975535798805785,4.067724886635113,4.283729767152498,1.051343272710393
118,Andrew Painter,PHI,30091,3.0,10.0,0.0,23.0,23.0,116.2,8.10000024277824,3.317142956566327,1.5428571891006173,0.30654761904761907,0.70629371,0.417613636,0.143884892,96.64475593566894,5.4000001618521605,4.5160764887459015,4.7633689343355154,4.333618030105609,1.0122142759663129
119,Mitch Keller,PIT,17594,6.0,8.0,0.0,22.0,22.0,115.2,6.925072198369187,3.268011599230403,1.167146999725144,0.2922636103151863,0.64383562,0.372928176,0.111940298,93.36465244516855,5.291066398753986,5.50463425521006,4.544315807964844,4.6075439559709315,0.9962445652083359
120,Bryce Miller,SEA,29837,3.0,10.0,0.0,21.0,21.0,113.2,9.105572280421574,3.008797797008868,1.5835777878994044,0.2568493150684932,0.71962617,0.362459546,0.141843971,95.87091325431034,4.1964811379334215,3.7419223939510227,4.420159898221021,4.005632008977949,0.9523753040924428
121,Roki Sasaki,LAD,35323,5.0,5.0,0.0,23.0,23.0,119.1,8.824022581431388,3.620111828279544,1.659217921294791,0.27899686520376177,0.75825826,0.424778761,0.170542635,97.82458609384064,4.6005587817719205,4.420868734593634,4.868668213321016,4.1041239072662075,0.9034439689374429
122,Anthony Molina,SFG,26952,2.0,2.0,0.0,5.0,5.0,24.2,10.216216479539007,1.8243243713462514,0.7297297485385005,0.30303030303030304,0.53719008,0.294117647,0.06060606,96.3452825262995,4.378378491231003,3.1803368381817023,2.4924036178561004,3.4582190428002737,0.883344839616778
123,Carmen Mlodzinski,PIT,27572,2.0,6.0,0.0,12.0,12.0,52.1,7.566879440531119,3.4394906547868724,0.8598726636967181,0.3850574712643678,0.6744186,0.423728813,0.087719298,95.08769167995783,5.847134113137684,6.248533301928097,3.8648429982574886,4.267238189157116,0.8749214528547483
124,Grant Holmes,ATL,16944,10.0,5.0,0.0,29.0,29.0,143.2,6.890951489568743,3.696055798950508,1.3155452843722146,0.2649164677804296,0.82017011,0.435779816,0.132075471,94.25879862222327,3.5707657718674395,4.995067724627504,4.76408487901892,4.5347931610948855,0.852153459520166
125,Kris Bubic,KCR,21455,3.0,2.0,0.0,9.0,9.0,50.1,9.119205528390784,4.649006739963929,0.7152318061482968,0.256,0.69686411,0.4375,0.081632653,92.14048694428944,4.112582885352706,4.557420050449077,3.7164057969325506,4.1530998959804375,0.8405766275407975
126,Kyle Freeland,COL,16256,4.0,12.0,0.0,26.0,26.0,135.1,7.182266279784941,1.928571501053364,1.928571501053364,0.33636363636363636,0.63225058,0.405172413,0.159340659,91.34092093802788,6.650246555356427,5.5484420593965895,5.088196545405827,4.332904817353715,0.8315428050388181
127,Quinn Mathews,STL,33851,2.0,4.0,0.0,9.0,9.0,49.1,8.391892108192756,3.6486487426925027,0.9121621856731257,0.30935251798561153,0.77419355,0.407142857,0.094339622,93.52283080323727,3.8310811798271276,3.837826709766472,3.8302414901766846,4.1346903102673505,0.810982817930592
128,David Sandlin,CHW,31743,3.0,2.0,0.0,6.0,6.0,31.2,8.526315960659549,2.2736842561758794,0.8526315960659548,0.27380952380952384,0.5033557,0.459770114,0.096774193,96.58408240116003,4.547368512351759,3.6255480172461865,3.195248585645512,3.441685760518481,0.8084529803831544
129,Jake Irvin,WSN,21504,2.0,9.0,0.0,20.0,20.0,96.2,9.124138171074655,3.910344930460566,1.4896552116040254,0.28735632183908044,0.66889632,0.378181818,0.133333333,93.25761969735689,5.400000142064592,5.132936595893913,4.807408338267797,4.52992042631205,0.7924770947146309
130,Connelly Early,2 Tms,33666,7.0,5.0,0.0,18.0,18.0,94.2,8.936620048411532,3.232394485595661,1.4260563907039678,0.2701612903225806,0.86538462,0.42248062,0.144230769,94.16356380357655,3.3274649116425916,4.245391558191972,4.5371315130140335,4.1359274135578605,0.7734479302502116
131,Ian Seymour,TBR,27932,4.0,5.0,0.0,16.0,16.0,77.0,11.805194951406639,1.753246774961382,2.337662366615176,0.2896174863387978,0.80952381,0.341708542,0.215053763,91.3696182041952,4.441558496568835,4.125362227754768,4.5550572141987375,3.00196019681876,0.7720383775089512
132,Randy Dobnak,KCR,23798,3.0,5.0,0.0,13.0,13.0,64.2,6.262886844237292,3.0618557905160095,0.835051579231639,0.3103448275862069,0.76212471,0.482926829,0.101694915,92.20629248288598,3.757732106542375,4.8310100454682825,4.121130338476854,4.292444002917849,0.7527282193670759
133,Ryan Gusto,MIA,26440,1.0,5.0,0.0,18.0,18.0,78.2,7.436441098674578,3.203390011736741,1.2584746474680055,0.3252032520325203,0.79189687,0.385214007,0.11,94.72684409781678,4.118644300804381,5.261829367279961,4.524240635743402,4.625683111997577,0.7483886515797761
134,Slade Cecconi,CLE,27500,4.0,7.0,0.0,21.0,21.0,107.1,7.043478594642715,2.9347827477677977,1.3416149704081362,0.3194029850746269,0.70707071,0.432276657,0.125,93.41489690466773,4.779503332078985,4.782793382432015,4.535294418324662,4.397914727010928,0.7406761843461898
135,Zebby Matthews,MIN,31827,9.0,11.0,0.0,23.0,23.0,130.1,8.010230315790425,2.6930946751364364,1.6572890308531916,0.27900552486187846,0.68452381,0.4296875,0.165517241,95.1926139841675,4.902813382940692,4.375128881616442,4.704092331676689,3.989932762988107,0.7357289230457098
136,Luis Severino,ATH,15890,2.0,6.0,0.0,12.0,12.0,62.2,9.335106619751368,4.452127772496806,1.2925532242732662,0.3170731707317073,0.74938575,0.444444444,0.140625,97.19424909992792,4.164893722658302,4.280773447372159,4.472852201977701,4.14775576153319,0.7284196966090103
137,Zac Thornton,NYM,33891,5.0,6.0,0.0,15.0,15.0,84.1,6.723320259476013,1.9209486455645752,1.4940711687724475,0.26778242677824265,0.83123426,0.372,0.138613861,92.23786184855015,3.4150198143370227,4.48352172185013,4.51157895658994,4.161657319977896,0.7182846949956279
138,Jonah Tong,NYM,32157,1.0,1.0,0.0,4.0,4.0,20.2,11.758064877850467,3.0483871905538247,0.4354838843648321,0.3,0.63559322,0.42,0.047619047,94.5199536282592,3.919354959283489,2.694806869543892,2.423092365959556,3.3282131815258977,0.7055552636066533
139,Chris Bassitt,BAL,12304,7.0,5.0,0.0,18.0,18.0,91.2,6.2836367340844745,3.6327274868925867,0.9818182397006991,0.33557046979865773,0.75177305,0.436065573,0.094339622,92.30050889415854,4.712727550563356,5.112327781902731,4.595057284293691,4.922754934245922,0.6795592399934449
140,Hunter Greene,CIN,22182,2.0,2.0,0.0,5.0,5.0,27.2,10.734940005726182,2.9277109106525954,1.3012048491789312,0.3333333333333333,0.49382716,0.278481012,0.114285714,98.29389285253099,6.831325458189389,4.492209908728871,3.5703912705083534,3.600862934636954,0.678544550577532
141,Robbie Ray,2 Tms,11486,12.0,8.0,0.0,30.0,30.0,159.1,7.456067138992838,4.6317992833137325,1.2426778564988064,0.26303854875283444,0.77405858,0.342105263,0.106280193,93.30862799093144,3.728033569496419,4.892412962376781,4.820177058207239,4.986676384065596,0.6721470319358425
142,Trevor McDonald,SFG,26448,3.0,7.0,0.0,14.0,14.0,70.1,7.293839192224981,2.943128095108326,0.8957346376416644,0.2938388625592417,0.64755839,0.553488372,0.129629629,93.93954606489702,5.118483643666654,4.091680406056006,4.266388571584477,4.131733723993413,0.6662778597690788
143,Kade Anderson,SEA,37238,2.0,2.0,0.0,7.0,7.0,35.2,8.07476671498587,2.271028138589776,1.0093458393732337,0.3069306930693069,0.75520833,0.403846153,0.108108108,93.51611328125,3.7850468976496265,3.8989744556132666,3.521072508043698,3.6293711719856945,0.6591823927233681
144,Sean Manaea,NYM,15873,5.0,7.0,0.0,19.0,19.0,107.2,8.275542064439291,2.256966017574352,1.6718266796847054,0.2871287128712871,0.70338983,0.399371069,0.144927536,91.76242915919569,4.681114703117175,4.900236408203821,4.763050495324641,4.2833532159598064,0.6514691574669144
145,Lake Bachar,2 Tms,19222,0.0,2.0,0.0,12.0,12.0,25.0,10.080001153564584,5.040000576782292,0.3600000411987352,0.26666666666666666,0.85443038,0.440677966,0.045454545,94.01665014969676,2.160000247192411,3.175649143161468,3.30051176452637,4.109137097988169,0.6315329809067529
146,Jacob Lopez,ATH,25098,6.0,5.0,0.0,24.0,24.0,114.2,8.162791014491331,4.238372257524345,1.8052326282048137,0.2791411042944785,0.71530758,0.311046511,0.122994652,90.5742281599463,5.415697884614441,3.5803676750859394,5.411558342963186,5.266205404437278,0.6034719823888589
147,Chad Patrick,MIL,30113,2.0,1.0,0.0,6.0,6.0,28.1,6.988235607741215,4.764706096187192,0.31764707307914614,0.2926829268292683,0.80310881,0.320987654,0.025641025,94.6365748087565,2.8588236577123154,4.307087641851047,3.594629410872411,5.2140031892681495,0.5948049184611865
148,Mick Abel,MIN,27756,1.0,1.0,0.0,3.0,3.0,17.0,10.058823529411764,3.176470588235294,0.0,0.3111111111111111,0.82608696,0.441860465,0.0,95.75162980363176,2.1176470588235294,4.234087919665012,2.453452918108772,3.963254328247379,0.5781131996161523
149,Colin Rea,CHC,12317,7.0,7.0,0.0,19.0,19.0,100.2,6.705298309686725,3.307947166112118,1.341059661937345,0.2838283828382838,0.74796748,0.417721518,0.119047619,93.66391247735507,4.470198873124484,5.532519103460959,4.828988639246318,4.781653978320515,0.5385371611539559
150,Dean Kremer,2 Tms,19350,5.0,5.0,0.0,17.0,17.0,90.1,8.568265803266938,2.889298933659781,1.7933579588233126,0.24347826086956523,0.68527919,0.346938775,0.159292035,92.70847098032634,4.682656892483094,4.130595425494893,4.7831685918921565,4.0814072463570295,0.5346178596655419
151,Stephen Kolek,KCR,21487,4.0,3.0,0.0,10.0,10.0,54.0,5.666666866820543,2.0000000706425443,1.333333380428363,0.27976190476190477,0.67474048,0.457142857,0.140350877,94.2598887168214,4.500000158945725,3.856296113007411,4.544956237102244,4.212709565698361,0.5244408520572152
152,Jack Leiter,TEX,30146,3.0,7.0,0.0,15.0,15.0,80.0,9.337500445246718,3.93750018775464,1.575000075101856,0.3013698630136986,0.69416499,0.36637931,0.14893617,97.03780293553956,5.28750025212766,4.860004275818491,4.763011820912365,4.26202845393648,0.5224428687843319
153,Joe Boyle,TBR,29608,0.0,1.0,0.0,3.0,3.0,15.2,9.191489734710114,3.4468086505162927,0.5744681084193821,0.23255813953488372,0.38461538,0.409090909,0.052631578,97.7409823330966,5.170212975774439,4.596682407738565,3.036681951813808,4.037930511125099,0.4949139689956146
154,Patrick Corbin,TOR,9323,2.0,4.0,0.0,15.0,15.0,69.0,6.782609070631888,3.130434955676256,1.173913108378596,0.33636363636363636,0.73705179,0.377192982,0.1125,91.32498431396485,5.086956802973916,5.716268678544978,4.5932654473541765,4.648107665039611,0.4949079667217307
155,Jackson Jobe,DET,30203,3.0,3.0,0.0,9.0,9.0,46.0,9.978261283304848,3.1304349124093642,1.369565274179097,0.26956521739130435,0.76763485,0.475409836,0.162790697,97.54934667161673,3.913043640511705,3.8317365636945793,4.165729177110815,3.598804384820312,0.49159895865257963
156,Robert Stock,NYM,6576,1.0,3.0,0.0,7.0,7.0,30.0,8.70000027656556,4.500000143051152,0.600000019073487,0.3684210526315789,0.65789474,0.372340425,0.054054054,95.6741934181156,6.00000019073487,5.131935720336618,3.933845101462471,4.929266872277026,0.48394467567858757
157,Reynaldo López,ATL,16400,2.0,5.0,0.0,13.0,13.0,57.1,8.47674451504869,3.7674420066883068,1.4127907525081151,0.3170731707317073,0.69482289,0.372093023,0.123287671,94.01953125,5.023256008917742,4.9885865309062645,4.5656280775725255,4.447293821935249,0.4832115611340377
158,Spencer Miles,TOR,31621,0.0,2.0,0.0,8.0,8.0,22.0,7.7727272727272725,2.0454545454545454,0.8181818181818182,0.34285714285714286,0.60283688,0.52112676,0.095238095,96.39577407836914,5.7272727272727275,3.3503945245618745,3.23687537800182,3.496231269497763,0.4744993739795742
159,Michael Lorenzen,COL,14843,3.0,11.0,0.0,25.0,25.0,114.2,6.436046868482128,3.845930445800296,1.4912791524531759,0.369727047146402,0.61412487,0.45,0.135714285,94.02536736607857,7.142442256486264,6.21499178872877,5.237139767082793,4.926432169210519,0.4703824720026263
160,Drew Anderson,DET,15130,1.0,3.0,0.0,11.0,11.0,51.2,8.361290888473755,4.006451884060342,1.219354921235756,0.24615384615384617,0.88560886,0.492647058,0.14,94.88922046909671,2.6129034026480484,4.154828385663604,4.455350543011246,4.1551583389573725,0.4701978256482554
161,Jackson Kent,WSN,35462,1.0,4.0,0.0,7.0,7.0,32.1,7.51546421308475,6.402062107442565,0.5567010528210926,0.32323232323232326,0.60885609,0.49,0.064516129,93.10493784102182,6.402062107442565,5.3431572553411115,4.368553028619561,5.011970900757034,0.4167522714575034
162,Sean Newcomb,CHW,16943,0.0,0.0,0.0,6.0,6.0,10.2,10.968750653788486,3.375000201165688,0.0,0.19047619047619047,0.875,0.571428571,0.0,95.38565572102864,0.843750050291422,2.8767871047450058,1.7880116634070828,2.3541872259557537,0.4123022738128551
163,Tomoyuki Sugano,COL,35321,12.0,12.0,0.0,29.0,29.0,154.1,5.598272322727552,2.099352121022832,1.9244061109375958,0.27459016393442626,0.69461827,0.370155038,0.152073732,92.5961106174676,5.3650109759472375,6.349685479439714,5.394248318311278,4.737403195152686,0.41120280903483736
164,Tim Mayza,PHI,15042,0.0,2.0,0.0,6.0,6.0,9.2,9.310345468637395,1.862069093727479,0.0,0.35714285714285715,0.66666667,0.392857142,0.0,93.81370691152719,3.724138187454958,3.4326014495427026,1.6522357798501446,3.214099415119737,0.39429744701283526
165,Kendry Rojas,MIN,29423,0.0,0.0,0.0,4.0,4.0,12.1,10.216216479539007,5.1081082397695035,0.0,0.18518518518518517,0.76923077,0.32,0.0,95.91933510520242,2.1891892456155015,2.1328719508990623,2.776187408954406,4.367599747146156,0.39179470967476
166,Cody Bradford,TEX,27597,0.0,5.0,0.0,8.0,8.0,38.2,4.1896553446364955,2.0948276723182477,1.1637931512879154,0.32116788321167883,0.75,0.348148148,0.081967213,88.7254574424342,4.6551726051516615,5.439810743443906,4.626373873326784,5.32718129916364,0.3821941851823328
167,Jack Perkins,ATH,31468,0.0,10.0,0.0,17.0,17.0,81.1,10.512295369578453,3.983606666366572,2.1024590739156905,0.3395348837209302,0.64176245,0.359307359,0.197916666,95.57513478176652,6.750000184676692,4.618583408147351,5.239856062464677,3.985031463050991,0.3698359212306397
168,Mitch Bratt,ARI,30003,1.0,3.0,0.0,10.0,10.0,44.0,6.136363769365739,5.522727392429165,1.0227272948942898,0.26717557251908397,0.73770492,0.28030303,0.072463768,90.86942196456638,4.704545556513733,4.121840748827518,5.12323905820689,6.013609470677055,0.3685805630809689
169,Ryan Feltner,COL,21446,5.0,9.0,0.0,22.0,22.0,107.2,6.4365327167861155,3.9287926972590577,1.6718266796847054,0.29673590504451036,0.63571429,0.427762039,0.138888888,94.69992809620156,6.102167380849174,5.250976427236345,5.422493241200275,5.026933504451951,0.3637066179834295
170,Max Scherzer,TOR,3137,4.0,9.0,0.0,18.0,18.0,84.2,7.228346673810663,3.7204725526966653,1.5944882368699993,0.2581967213114754,0.64893617,0.303501945,0.111940298,93.09972402569872,5.740157652731997,4.2209517949570605,5.108385817696702,5.194764430038184,0.3250482866815605
171,Riley Cornelio,WSN,31953,0.0,0.0,0.0,3.0,3.0,7.2,14.086957689945196,4.695652563315065,0.0,0.16666666666666666,1.0,0.333333333,0.0,96.5769271850586,0.0,4.413828918697011,1.5352942205331621,2.7168780308021705,0.32447052002426113
172,Garrett Crochet,BOS,27463,3.0,3.0,0.0,6.0,6.0,30.0,11.100000352859508,3.300000104904178,1.5000000476837174,0.345679012345679,0.6097561,0.364705882,0.15625,96.07791755102963,6.3000002002716124,5.122252779548896,4.3005117797851575,3.7442999329181736,0.3234579662133578
173,Kyle Hart,SDP,19646,0.0,0.0,0.0,4.0,4.0,8.2,8.307692917141027,2.076923229285257,0.0,0.21739130434782608,0.85714286,0.52173913,0.0,94.52009836832683,1.0384616146426284,1.9950105012353616,1.9466655031463744,3.6887441811044357,0.32204401020065865
174,Casey Legumina,TBR,25921,0.0,0.0,0.0,6.0,6.0,10.1,5.225807576968687,1.7419358589895622,0.0,0.23333333333333334,0.8,0.6,0.0,93.11904517640458,1.7419358589895622,2.638770789609867,2.810189098473257,3.979067861261455,0.3152780470736607
175,Brandon Sproat,MIL,33850,3.0,6.0,0.0,19.0,19.0,88.1,9.475472141413915,4.279245483219188,1.6301887555120713,0.2882882882882883,0.72744015,0.434599156,0.181818181,96.69484040465537,5.196226658194727,4.824616947163678,5.081643909795215,4.231030935194806,0.303736031116321
176,Hunter Dobbins,STL,30240,2.0,3.0,0.0,8.0,8.0,40.0,8.55000020384789,4.725000112652781,1.1250000268220908,0.27102803738317754,0.76,0.423423423,0.121951219,94.3543383173582,3.8250000911951085,4.0607036943755865,4.550511776208879,4.473058219754314,0.30233930241916496
177,Cade Povich,BAL,30055,2.0,1.0,0.0,7.0,7.0,31.1,7.468085409451968,3.4468086505162927,1.4361702710484554,0.33695652173913043,0.78571429,0.43298969,0.119047619,91.91433512369791,4.595744867355057,4.497919985506002,4.760086277071954,4.709394548179304,0.2675638097850697
178,Brady Basso,ATH,25582,0.0,2.0,0.0,7.0,7.0,16.2,6.480000617981016,2.70000025749209,1.080000102996836,0.4,0.62913907,0.439393939,0.09090909,92.31572846099213,7.560000720977852,4.266988841981166,4.120511838912973,4.55344974158411,0.25673426546185274
179,Brad Lord,WSN,31972,0.0,0.0,0.0,5.0,5.0,11.2,10.02857366586268,6.171429948223188,0.0,0.23333333333333334,0.82352941,0.517241379,0.0,94.53563639322917,2.3142862305836953,2.5152468435991,3.4433689609839164,4.737484744094889,0.2520513878641108
180,Ryan Yarbrough,NYY,16502,0.0,0.0,0.0,2.0,2.0,5.0,10.800002059936917,1.8000003433228193,0.0,0.4,1.0,0.2,0.0,87.27573649088542,0.0,3.050930233298913,1.3005113983153644,4.018154454914134,0.24707573154800555
181,Blade Tidwell,SFG,31701,1.0,2.0,0.0,9.0,9.0,44.2,7.253731756280458,3.626865878140229,1.410447841498978,0.23770491803278687,0.69105691,0.379844961,0.120689655,94.84399364033683,4.835821170853639,4.412842183991825,5.070661107541518,4.993836068571287,0.24689829340444103
182,Aaron Civale,ATH,19479,5.0,6.0,0.0,15.0,15.0,72.1,6.718894215914553,2.7373272731503735,1.9907834713820898,0.3261802575107296,0.79059829,0.275303643,0.134453781,91.73373592601104,5.101382645416605,5.254803152051045,5.478391999122346,5.08668278624005,0.24616961480677624
183,Tatsuya Imai,HOU,37124,6.0,4.0,0.0,15.0,15.0,58.2,11.045455411422973,6.136364117457207,1.3806819264278716,0.29285714285714287,0.68796069,0.435374149,0.157894736,94.95598577483882,5.829545911584347,5.067023652119471,4.8902846092298695,4.36287571068591,0.23990684449524785
184,Grant Taylor,CHW,33927,0.0,0.0,0.0,4.0,4.0,5.0,9.0,0.0,0.0,0.09090909090909091,1.0,0.272727272,0.0,99.47736554827009,0.0,2.826453365485669,1.1005117416381838,3.2142337158322336,0.23321932996950817
185,José Suarez,2 Tms,19911,0.0,1.0,0.0,2.0,2.0,5.0,14.400002746582555,5.400001029968458,0.0,0.45454545454545453,0.5,0.454545454,0.0,93.51245320638021,7.200001373291277,2.088809573181417,1.7005114746093242,2.606392493475581,0.226214031955281
186,Tyler Phillips,MIA,20629,5.0,6.0,0.0,20.0,20.0,90.0,6.800000288221583,3.5000001483493444,1.5000000635782904,0.2578125,0.80412371,0.485074626,0.168539325,95.90779570419423,3.900000165303555,5.0115462416335195,4.989400710588623,4.315759854284179,0.21805761022048473
187,Grayson Rodriguez,LAA,24492,5.0,8.0,0.0,20.0,20.0,98.2,7.753378728103967,3.922297474217301,1.4594595252901585,0.3242320819112628,0.64935065,0.401294498,0.142857142,96.11917002978245,6.020270541821904,5.689894167071197,5.0059172329892245,4.6116377348215645,0.20289374893774156
188,Jack Dreyer,LAD,30249,0.0,0.0,0.0,3.0,3.0,4.0,13.5,2.25,0.0,0.375,0.5,0.125,0.0,94.00785028366815,4.5,3.959754828504392,0.8505117416381838,2.360313151776791,0.20109581734262366
189,Gordon Graceffo,STL,29519,0.0,0.0,0.0,1.0,1.0,3.0,12.0,0.0,0.0,0.0,1.0,0.4,0.0,95.47475760323661,0.0,0.6671178353196053,0.4338450749715177,1.9436464851101245,0.19857493599533466
190,Mason Montgomery,PIT,29770,0.0,0.0,0.0,5.0,5.0,5.0,14.4,5.4,0.0,0.3,1.0,0.4,0.0,98.10101079005821,0.0,2.555610717233535,1.7005117416381839,3.210313151776791,0.19627459738570646
191,Noah Schultz,CHW,32056,3.0,8.0,0.0,14.0,14.0,60.1,8.204420325839678,4.624309638200546,1.3425415078646747,0.29411764705882354,0.62796209,0.337142857,0.116883116,95.298232421875,6.414364982020112,6.106876556249673,5.106036710176772,5.093683813066868,0.19454611528071442
192,Chris Paddack,2 Tms,20099,0.0,7.0,0.0,9.0,9.0,41.0,6.8048783653481815,2.85365866933956,1.536585437336686,0.36428571428571427,0.60126582,0.383561643,0.122807017,93.1055499754931,7.682927186683431,4.892086670183453,4.905389874382863,4.784869877993276,0.19372285883193033
193,Jack Kochanowicz,LAA,27688,2.0,5.0,0.0,13.0,13.0,64.0,6.60937529853983,5.062500228668807,0.984375044463379,0.2885572139303483,0.61330561,0.567961165,0.114754098,96.41107877346838,6.187500279484096,5.616043854985007,4.975511826330334,4.992666296143547,0.1919137971425915
194,Ryan Johnson,LAA,35325,5.0,9.0,0.0,19.0,19.0,95.0,7.20000021683543,3.789473798334437,1.5157895193337747,0.26373626373626374,0.72580645,0.344947735,0.115942028,94.96946207682292,4.547368558001324,4.687857805189733,5.142617066296186,5.146328588504044,0.1897107776744008
195,Bradgley Rodriguez,SDP,29107,0.0,0.0,0.0,4.0,4.0,4.0,9.0,0.0,0.0,0.1111111111111111,1.0,0.444444444,0.0,98.04774780273438,0.0,1.626018454911658,1.1005117416381838,2.610313151776791,0.18585226482786668
196,Coleman Crow,MIL,27926,0.0,1.0,0.0,4.0,4.0,16.2,5.40000020599366,2.70000010299683,1.080000041198732,0.3103448275862069,0.56034483,0.366666666,0.076923076,91.33910680700231,5.9400002265930265,5.795688138317464,4.5405117965698265,5.335802026723968,0.1825250666211274
197,Griffin Canning,SDP,19867,0.0,7.0,0.0,11.0,11.0,50.1,9.119205873957114,4.649006916135,1.6092716248159613,0.3358208955223881,0.62865497,0.450704225,0.166666666,94.31602852299528,6.794702415889614,5.019593422453489,5.0077966303089525,4.303080217870244,0.18076594299584453
198,Mason Adams,COL,31663,0.0,2.0,0.0,6.0,6.0,29.0,9.620689971551894,3.724138053503959,1.8620690267519795,0.33783783783783783,0.75842697,0.4,0.206896551,93.16977323155825,4.034482891295956,5.076666083429024,4.99706352814483,3.8172097270697725,0.1782714485689968
199,Wandy Peralta,SDP,14295,0.0,0.0,0.0,5.0,5.0,5.0,7.2,1.8,0.0,0.35714285714285715,0.83333333,0.357142857,0.0,97.25284140450614,1.8,4.615883302644821,2.1005117416381838,3.3083528697490694,0.17364484153603385
200,Alec Gamboa,BOS,26227,0.0,0.0,0.0,3.0,3.0,4.2,5.7857150739554095,1.9285716913184698,0.0,0.3125,0.5,0.375,0.0,94.51182273582175,5.7857150739554095,3.2523249831028855,2.457654511198694,5.045885852626271,0.16540267408879583
201,Adrian Houser,SFG,12718,2.0,6.0,0.0,16.0,16.0,73.2,6.719457506511126,3.1764708212598047,1.4660634559660637,0.30303030303030304,0.68277311,0.411764705,0.137931034,95.6093404349027,5.131222095881223,5.552573419147562,4.946665723225079,4.612087273550126,0.1651437791881606
202,PJ Poulin,WSN,23394,0.0,0.0,0.0,11.0,11.0,15.0,6.600000865459555,2.4000003147125657,1.2000001573562828,0.225,0.98484848,0.428571428,0.117647058,90.08297652232496,1.8000002360344243,4.036167130343209,4.367178574403149,4.344953502979192,0.15996339518551184
203,Braydon Fisher,TOR,24609,0.0,0.0,0.0,10.0,10.0,11.1,8.735295097720774,7.94117736156434,0.0,0.125,0.92307692,0.458333333,0.0,94.24353559627089,0.794117736156434,4.082530801182202,3.806394173777236,5.005354251642299,0.15737707700564568
204,Jacob Latz,TEX,21306,0.0,0.0,0.0,1.0,1.0,4.0,6.75,2.25,0.0,0.0,1.0,0.4,0.0,92.7967465049342,0.0,2.55089026855904,2.3505117416381838,4.615213856846094,0.15602280981405733
205,Aaron Ashby,MIL,23550,0.0,0.0,0.0,1.0,1.0,2.1,15.428573530547759,0.0,0.0,0.5,0.33333333,0.5,0.0,,7.714286765273879,2.738123744634787,-0.32806015403909594,1.6131133520315868,0.15533849348597928
206,Tyler Alexander,TEX,17735,0.0,0.0,0.0,5.0,5.0,6.0,7.5,3.0,0.0,0.14285714285714285,0.8,0.571428571,0.0,92.00609944661458,1.5,2.464868433127115,2.9338450749715177,3.9403793483972556,0.15172496340706568
207,Carson Palmquist,WSN,31612,0.0,2.0,0.0,6.0,6.0,10.2,10.968751665117704,5.062500768515863,0.8437501280859773,0.48484848484848486,0.50847458,0.322580645,0.1,91.16385122445914,10.968751665117704,6.204282741804899,4.131761898187712,4.328450750051121,0.15000088993919955
208,Jakob Junis,TEX,13619,0.0,1.0,0.0,1.0,1.0,2.2,6.750001609325793,0.0,0.0,0.25,0.5,0.25,0.0,92.32457885742187,3.3750008046628963,2.6194480186329563,1.6005113840102299,4.431389702954105,0.13799107063376742
209,Tanner Gordon,COL,27669,1.0,5.0,0.0,12.0,12.0,55.1,6.506024245894656,2.6024096983578624,1.951807273768397,0.40703517587939697,0.6581741,0.374407582,0.129032258,92.5526491830723,7.969879701220954,5.276960022922623,5.449909385989032,5.168190062820342,0.13278198287138945
210,Shane Bieber,TOR,19427,5.0,2.0,0.0,11.0,11.0,55.2,7.113772909571793,3.8802397688573413,1.6167665703572256,0.27439024390243905,0.78461538,0.442528735,0.149253731,92.44024534363678,4.365269739964509,5.974743788818466,5.14841606409067,4.630272818040789,0.13097801783035898
211,Javier Assad,CHC,21741,4.0,1.0,0.0,11.0,11.0,56.2,6.0352945916463305,2.8588237539377355,1.5882354188542975,0.2484472049689441,0.85185185,0.458823529,0.166666666,93.46106628098413,3.4941179214794547,4.681840769713089,5.0063942442633405,4.310889800374889,0.12809391903610548
212,Wilber Dotel,PIT,28901,0.0,1.0,0.0,2.0,2.0,4.0,6.75,2.25,0.0,0.4375,0.5,0.5625,0.0,98.15867513020834,9.0,3.4857544906954425,2.3505117416381838,3.860313151776791,0.1280060634338982
213,Matt Wilkinson,SFG,33760,0.0,3.0,0.0,6.0,6.0,22.2,6.352941354665794,1.9852941733330607,1.9852941733330607,0.22388059701492538,0.61111111,0.253521126,0.116279069,90.2911852714343,4.3676471813327336,3.626610785113925,5.2181588598601145,5.214693887819989,0.12717480772900108
214,Luis Castillo,2 Tms,15689,3.0,10.0,0.0,23.0,23.0,114.2,7.691860763655293,2.8255815050162303,1.8837210033441534,0.311614730878187,0.68117978,0.352150537,0.15,95.19347471138681,5.57267463489312,5.175860979088391,5.210976939829319,4.59674632548533,0.1261949120974431
215,Cody Bolton,HOU,23265,0.0,1.0,0.0,3.0,3.0,7.2,10.565218267458896,8.217391985801363,0.0,0.38095238095238093,0.75,0.368421052,0.0,94.42281685623468,4.695652563315065,8.914004262435116,3.8831205021906947,5.261634947504538,0.12405221576800093
216,Chase Dollander,COL,33482,1.0,1.0,0.0,3.0,3.0,13.2,7.902439392017243,5.268292928011496,1.317073232002874,0.2972972972972973,0.87912088,0.461538461,0.133333333,98.45880889892578,3.2926830800071847,5.590387711719725,5.002950854531224,4.7576109274163105,0.12394987673981778
217,George Klassen,LAA,33464,2.0,2.0,0.0,6.0,6.0,27.0,8.000000282570177,7.000000247248906,0.6666666902141815,0.2727272727272727,0.75829384,0.519480519,0.08,96.56500498453777,3.666666796177998,5.606487816813038,4.730141428828405,5.1651427498771,0.12335682330006713
218,Hagen Smith,CHW,35205,0.0,0.0,0.0,1.0,1.0,2.0,13.5,0.0,0.0,0.4,1.0,0.4,0.0,93.79976160386029,0.0,2.390999381347016,0.10051174163818377,0.10051174163818377,0.11948013642237046
219,Luinder Avila,KCR,24452,5.0,3.0,0.0,12.0,12.0,51.2,7.838710072298595,5.748387386352303,1.2193549001353372,0.3103448275862069,0.66062176,0.466666666,0.129629629,95.94755703345277,6.270968057838877,5.264880744019126,5.152124748215101,4.968820406351719,0.11914125186514316
220,Cionel Pérez,NYM,19614,0.0,0.0,0.0,2.0,2.0,2.0,13.5,0.0,0.0,0.4,1.0,0.4,0.0,97.23410339355469,0.0,2.137360038557435,0.10051174163818377,1.6103131517767908,0.11602898058826872
221,Kent Emanuel,CIN,15849,0.0,1.0,0.0,1.0,1.0,5.0,7.2,5.4,0.0,0.3333333333333333,0.77777778,0.333333333,0.0,,3.6,3.99283802764835,3.9005117416381836,6.014233715832233,0.10786804657936454
222,Yohan Ramírez,PIT,19444,0.0,0.0,0.0,1.0,1.0,2.0,18.0,4.5,0.0,0.3333333333333333,1.0,0.0,0.0,96.3887939453125,0.0,2.3548651423170237,0.6005117416381838,1.3554124467074873,0.10680569574928925
223,Steven Matz,TBR,13361,4.0,3.0,0.0,11.0,11.0,47.0,7.276595892329843,3.2553192149896666,1.723404290288647,0.2631578947368421,0.68825911,0.330985915,0.152542372,,5.361702236453568,5.97613163079108,5.121788378396474,4.5277092854522145,0.10659919188983111
224,Justin Hagenman,NYM,21546,0.0,0.0,0.0,1.0,1.0,3.0,6.0,3.0,0.0,0.2222222222222222,0.66666667,0.222222222,0.0,90.68337180397727,3.0,4.49226631159605,2.7671784083048507,5.786781228582065,0.10412649378803558
225,Mitch Spence,KCR,27707,0.0,1.0,0.0,1.0,1.0,4.0,2.25,2.25,0.0,0.3888888888888889,0.25,0.5,0.0,,13.5,4.461908262537808,3.3505117416381838,4.860313151776791,0.10315914353160203
226,Cole Sulser,TBR,15256,0.0,0.0,0.0,2.0,2.0,4.0,4.5,2.25,0.0,0.38461538461538464,0.83333333,0.307692307,0.0,92.29590250651042,2.25,5.892308744014779,2.8505117416381838,5.492664209380746,0.10211982528721031
227,Andrew Morris,MIN,31891,0.0,0.0,0.0,3.0,3.0,4.0,4.5,2.25,0.0,0.4117647058823529,0.625,0.5625,0.0,97.35876672918147,6.75,5.070879812401979,2.8505117416381838,4.360313151776791,0.0990831878079495
228,Mason Fluharty,TOR,31553,0.0,0.0,0.0,4.0,4.0,4.1,8.30769485975942,8.30769485975942,0.0,0.3076923076923077,0.875,0.307692307,0.0,,2.076923714939855,4.154626705290691,4.023588948278119,6.4624996677187365,0.09555875709958374
229,Lance McCullers Jr.,HOU,14120,2.0,3.0,0.0,8.0,8.0,39.1,9.83898336892155,5.033898467820328,1.6016949670337408,0.3163265306122449,0.57471264,0.428571428,0.189189189,91.59643382410849,6.864407001573174,4.62607663043624,5.058138923568311,4.164816492361792,0.09511414318735925
230,Elmer Rodríguez,NYY,31811,0.0,3.0,0.0,6.0,6.0,26.2,7.087500422447945,5.400000321865101,0.6750000402331376,0.2962962962962963,0.70135747,0.481481481,0.068965517,95.6646957397461,5.400000321865101,5.550231870505748,4.863011846691377,5.52992091996799,0.09180942386196499
231,Brady Singer,CIN,25377,6.0,15.0,0.0,31.0,31.0,157.0,7.222930155679076,3.5541402353341485,1.8343949601724636,0.3183673469387755,0.71752952,0.413592233,0.17204301,90.81138747079032,5.847133935549728,5.962687132091072,5.616435384930278,4.7554357555048945,0.08967809239145401
232,Cody Ponce,TOR,17920,0.0,0.0,0.0,1.0,1.0,2.1,11.571430147910819,3.8571433826369397,0.0,0.16666666666666666,0.5,0.5,0.0,95.72285970052083,3.8571433826369397,2.44439681469316,1.8147972807592039,3.7559707868298866,0.08936828084553786
233,Brandon Williamson,CIN,25463,4.0,4.0,0.0,9.0,9.0,42.1,6.16535465478884,5.314960909300725,1.275590618232174,0.27419354838709675,0.70469799,0.375,0.103448275,92.9991530266361,5.527559345672754,5.90553785491264,5.557204784159407,5.783231924891782,0.08767673621394424
234,Cesar Perdomo,SFG,30334,0.0,1.0,0.0,4.0,4.0,20.2,4.35483904460469,2.6129034267628137,1.3064517133814069,0.3,0.81395349,0.422535211,0.115384615,92.89515440614073,3.9193551401442206,4.4765878281314535,4.890834459975666,4.903165267227428,0.08728407881060182
235,Spencer Arrighetti,2 Tms,29921,7.0,7.0,0.0,19.0,19.0,96.2,8.751724281832667,5.120689739370177,1.3965517471009574,0.2549800796812749,0.71875,0.359848484,0.128205128,92.3918687665139,5.027586289563446,5.311880100088718,5.34533936475602,5.155478309767478,0.08540162714559246
236,Tyler Holton,DET,26231,0.0,0.0,0.0,3.0,3.0,3.2,7.363637760158678,2.4545459200528925,0.0,0.36363636363636365,0.83333333,0.636363636,0.0,91.76464705033736,2.4545459200528925,3.261737105020644,3.1005117416381838,4.335804038753458,0.08124409327833572
237,Edward Cabrera,CHC,21690,5.0,5.0,0.0,15.0,15.0,76.0,7.934210924560694,3.7894738744170477,1.7763158786329911,0.29439252336448596,0.64444444,0.422222222,0.1875,96.28434882973725,5.684210811625571,5.106065809556911,5.20577500520321,4.229250124755076,0.07586141975418643
238,Jimmy Herget,COL,17556,0.0,1.0,0.0,3.0,3.0,3.0,9.0,3.0,0.0,0.14285714285714285,0.66666667,0.333333333,0.0,92.1861343383789,3.0,7.847310327553695,3.100511741638184,5.11358028848966,0.07507646404391555
239,Spencer Strider,ATL,27498,4.0,2.0,0.0,8.0,8.0,39.0,10.615384874964613,4.615384728245484,2.076923127710468,0.2696629213483146,0.72463768,0.288659793,0.173076923,95.26445030513868,5.307692437482307,3.524975454970534,5.356922053224865,4.369990575942721,0.071543263429262
240,Zach Pop,PHI,20185,0.0,0.0,0.0,1.0,1.0,2.0,4.5,0.0,0.0,0.375,0.66666667,0.625,0.0,95.4469706217448,4.5,10.568173410543448,2.1005117416381838,3.610313151776791,0.07124496429637804
241,Tyler Samaniego,BOS,30081,0.0,1.0,0.0,1.0,1.0,1.0,18.0,0.0,0.0,0.8571428571428571,0.33333333,0.142857142,0.0,93.82937622070312,36.0,6.215592211971133,-0.8994882583618162,2.120114561915398,0.07061832023938718
242,Trevor Williams,TEX,16977,0.0,0.0,0.0,1.0,1.0,1.0,18.0,0.0,0.0,0.0,1.0,0.0,0.0,91.25595528738839,0.0,1.0333528608887022,-0.8994882583618162,-0.8994882583618162,0.07049952906303728
243,Erik Miller,BOS,26252,0.0,0.0,0.0,1.0,1.0,1.0,18.0,0.0,0.0,0.6666666666666666,0.5,1.0,0.0,,0.0,1.2716528083487892,-0.8994882583618162,-0.8994882583618162,0.07047345845963093
244,Richard Lovelady,WSN,19337,0.0,1.0,0.0,6.0,6.0,8.2,7.269231302498399,5.192308073213143,1.0384616146426284,0.25,0.94339623,0.375,0.125,91.21140570389598,2.076923229285257,5.356529914203588,4.715896475526717,4.6095593078538135,0.06959521362498489
245,Jordan Wicks,CHC,30094,0.0,2.0,0.0,2.0,2.0,6.1,8.526316217438357,1.4210527029063929,1.4210527029063929,0.48,0.29411765,0.461538461,0.125,92.88219745342548,15.631579731970321,4.791942511731457,4.205774955009823,4.060260939460012,0.06224278242252701
246,Kirby Yates,PIT,9073,0.0,0.0,0.0,1.0,1.0,1.2,5.400002059937309,0.0,0.0,0.4,1.0,0.4,0.0,90.5762939453125,0.0,2.792255158809092,1.9005112838743372,4.618154858822582,0.06153156085074693
247,Adam Macko,TOR,25590,0.0,0.0,0.0,1.0,1.0,1.2,5.400002059937309,0.0,0.0,0.5,1.0,0.166666666,0.0,94.72216796875,0.0,8.575521542117515,1.9005112838743372,2.806392475523752,0.06045178964052773
248,Brenan Hanifee,DET,22304,0.0,0.0,0.0,2.0,2.0,1.2,5.400002253056512,0.0,0.0,0.42857142857142855,0.66666667,0.285714285,0.0,97.27159881591797,5.400002253056512,2.4008404479652956,1.9005112409589588,5.524036137144016,0.060260676546182466
249,Will Dion,WSN,30061,0.0,0.0,0.0,1.0,1.0,3.0,3.0,3.0,0.0,0.2857142857142857,1.0,0.714285714,0.0,90.398681640625,0.0,2.611615476006217,3.4338450749715177,3.9371122116843864,0.059815599198647464
250,Ray Kerr,ATL,23809,0.0,0.0,0.0,1.0,1.0,3.0,0.0,3.0,0.0,0.2,1.0,0.4,0.0,94.69282836914063,0.0,5.350907679778796,4.100511741638185,5.610313151776792,0.056357616381313765
251,Luis Medina,ATH,21649,0.0,0.0,0.0,1.0,1.0,1.1,6.750001609325793,0.0,0.0,0.5,1.0,0.75,0.0,96.62711588541667,0.0,3.4525029883706884,1.6005113840102299,1.6005113840102299,0.05611251821072834
252,Caleb Ferguson,CIN,19349,0.0,0.0,0.0,1.0,1.0,1.2,5.400002059937309,5.400002059937309,0.0,0.2,1.0,0.4,0.0,92.3865966796875,0.0,3.2510899331698533,3.700511970520107,5.5122743538189365,0.053596905910425076
253,Kai-Wei Teng,HOU,24282,3.0,5.0,0.0,10.0,10.0,44.0,8.795454736090893,4.295454638556017,1.4318182128520058,0.3333333333333333,0.68452381,0.39849624,0.145833333,92.85656526773283,5.522727392429165,5.502404299914687,5.12323905820689,4.702113314684988,0.05101509925483436
254,Edgardo Henriquez,LAD,26944,0.0,0.0,0.0,1.0,1.0,1.0,9.0,0.0,0.0,0.3333333333333333,1.0,0.0,0.0,100.22039794921875,0.0,4.489143606321445,1.1005117416381838,4.120114561915398,0.04711434387432499
255,Brock Stewart,LAD,16727,0.0,0.0,0.0,1.0,1.0,1.0,9.0,0.0,0.0,0.3333333333333333,1.0,0.666666666,0.0,95.83706665039062,0.0,3.4499760596232627,1.1005117416381838,1.1005117416381838,0.047030101254236595
256,Kyle Backhus,PHI,29615,0.0,0.0,0.0,1.0,1.0,1.0,9.0,0.0,0.0,0.5,0.5,1.0,0.0,,9.0,0.607453306096919,1.1005117416381838,1.1005117416381838,0.046530992578793805
257,Matt Svanson,STL,29629,0.0,0.0,0.0,1.0,1.0,1.0,9.0,0.0,0.0,0.3333333333333333,1.0,0.333333333,0.0,,0.0,6.265536057572117,1.1005117416381838,2.610313151776791,0.04632523336530798
258,Riley Martin,CHC,29934,0.0,0.0,0.0,1.0,1.0,1.0,9.0,0.0,0.0,0.0,1.0,0.0,0.0,94.4769999186198,0.0,0.1625197656925547,1.1005117416381838,4.120114561915398,0.04622923333188892
259,Carson Seymour,SFG,30084,0.0,0.0,0.0,1.0,1.0,1.0,9.0,0.0,0.0,0.0,1.0,0.5,0.0,97.65560150146484,0.0,0.7808914222038237,1.1005117416381838,2.610313151776791,0.0459391471605159
260,JT Brubaker,SFG,17578,0.0,0.0,0.0,1.0,1.0,1.0,9.0,0.0,0.0,0.5,0.5,0.25,0.0,91.82785034179688,9.0,7.972903809733981,1.1005117416381838,2.610313151776791,0.04580997163638811
261,Didier Fuentes,ATL,30661,0.0,0.0,0.0,1.0,1.0,3.0,21.0,3.0,3.0,0.6666666666666666,0.60606061,0.5,0.5,97.27986852134147,12.0,4.739529536398927,3.7671784083048507,0.44037934839725557,0.04504653975362455
262,Brent Suter,2 Tms,13942,0.0,1.0,0.0,4.0,4.0,8.2,7.269231302498399,6.230769687855771,1.0384616146426284,0.21739130434782608,0.8490566,0.583333333,0.142857142,,3.1153848439278855,5.915387032099115,5.06205034707426,4.78150531160555,0.044983775642939094
263,Derek Law,ARI,13133,0.0,0.0,0.0,1.0,1.0,2.0,0.0,0.0,0.0,0.16666666666666666,1.0,0.666666666,0.0,92.88770294189453,0.0,1.8923266361014912,3.1005117416381838,3.8554124467074873,0.044920969822041745
264,Logan Allen,CLE,27589,0.0,0.0,0.0,2.0,2.0,5.2,6.352941889251472,7.94117736156434,0.0,0.5,0.52941176,0.583333333,0.0,90.36531982421874,11.117648306190077,5.209802841429227,4.3358059978815255,6.2008550078938445,0.04054139857274756
265,Cade Horton,CHC,31872,1.0,0.0,0.0,2.0,2.0,7.1,4.909091121894278,2.454545560947139,1.2272727804735695,0.15789473684210525,0.86956522,0.55,0.2,,2.454545560947139,3.3291848898154073,4.600511806661435,3.8571945540794594,0.03805966614580504
266,Kyle Hurt,LAD,27514,0.0,0.0,0.0,1.0,1.0,1.2,5.400002059937309,5.400002059937309,0.0,0.42857142857142855,0.5,0.714285714,0.0,95.74272325303819,10.800004119874618,8.754723118176996,3.700511970520107,4.606393162169522,0.029450153961252463
267,Taylor Clarke,ARI,17611,0.0,0.0,0.0,2.0,2.0,2.1,3.857145057650284,3.857145057650284,0.0,0.3333333333333333,0.8,0.444444444,0.0,93.88184703480114,3.857145057650284,3.9138846774508207,4.814798433927199,6.755972782977052,0.02869941513779435
268,Joey Estes,ATH,26257,0.0,0.0,0.0,1.0,1.0,4.1,8.307692917141027,2.076923229285257,2.076923229285257,0.3333333333333333,0.43478261,0.153846153,0.166666666,93.36605631510416,8.307692917141027,2.879406299512544,4.946665723225079,4.037159916696048,0.0245824273673818
269,DL Hall,MIL,22207,0.0,0.0,0.0,1.0,1.0,2.0,9.0,9.0,0.0,0.0,1.0,0.333333333,0.0,93.60116577148438,0.0,8.518857084349586,4.100511741638184,4.855412446707487,0.023813027151591844
270,Cole Winn,TEX,22113,0.0,0.0,0.0,1.0,1.0,1.0,0.0,0.0,0.0,0.3333333333333333,1.0,0.333333333,0.0,95.6290283203125,0.0,118.86271895539292,3.1005117416381838,4.610313151776791,0.02312269542105943
271,Zach Eflin,BAL,13774,0.0,0.0,0.0,1.0,1.0,3.2,17.181821161065738,4.909091760304496,2.454545880152248,0.42857142857142855,1.0,0.5,0.5,91.94852992466518,2.454545880152248,3.969388323387754,4.464148341722766,1.7422213661925794,0.020831032148927522
272,Erick Fedde,CHW,17425,5.0,3.0,0.0,15.0,15.0,72.1,6.718894215914553,2.9861752070731344,1.866359504420709,0.23557692307692307,0.84285714,0.322869955,0.154639175,94.15977382659912,3.8571429758027986,4.679003632426274,5.423092458250622,4.751904466866619,0.020656885138276133
273,Seth Johnson,ATH,26020,0.0,0.0,0.0,1.0,1.0,1.2,10.800004119874618,10.800004119874618,0.0,0.25,1.0,0.5,0.0,96.62085832868304,0.0,4.6726501883870935,4.30051219940203,6.112274582700859,0.020367339724281938
274,Jordan Leasure,CHW,29950,0.0,0.0,0.0,1.0,1.0,1.1,0.0,6.750001609325793,0.0,0.0,1.0,0.5,0.0,96.51408247514205,0.0,3.0889437005926683,5.350512278080115,7.615214933235214,0.019835380375323373
275,Cade Gibson,MIA,31815,0.0,0.0,0.0,1.0,1.0,1.1,6.750001609325793,6.750001609325793,0.0,0.4,0.66666667,0.2,0.0,92.51484680175781,6.750001609325793,3.8626818484491734,3.8505119204521607,7.24756590318481,0.01868913754986513
276,Jacob Waguespack,DET,18318,0.0,0.0,0.0,1.0,1.0,1.1,6.750001609325793,6.750001609325793,0.0,0.25,0.0,0.5,0.0,93.16941324869792,13.500003218651585,5.140774526446406,3.8505119204521607,6.1152145756072604,0.01831733647195556
277,Jordan Hicks,CHW,19618,0.0,1.0,0.0,2.0,2.0,1.2,10.800004506113025,10.800004506113025,0.0,0.25,0.0,0.5,0.0,99.05073445638021,16.200006759169536,4.978503255504675,4.300512242317408,5.206393466363673,0.01615303455458492
278,Andrew Sears,DET,33664,0.0,0.0,0.0,3.0,3.0,10.2,7.593751173990494,5.062500782660329,0.8437501304433883,0.3142857142857143,0.51020408,0.285714285,0.05,94.0365919030231,4.218750652216942,3.553442562765092,5.163012060499799,6.77513995374393,0.014493103604991758
279,Jason Alexander,HOU,19666,1.0,1.0,0.0,2.0,2.0,12.0,6.0,2.25,1.5,0.2222222222222222,0.44642857,0.447368421,0.125,91.57521604142099,6.75,3.891343930945213,4.933845074971518,4.780246955156327,0.013886019660111677
280,Paxton Schultz,WSN,25501,0.0,0.0,0.0,1.0,1.0,1.0,9.0,9.0,0.0,0.5,0.66666667,0.5,0.0,93.69728597005208,9.0,8.313003801833363,4.100511741638184,5.610313151776791,0.01223577186420323
281,Jose Cabrera,ARI,30412,0.0,3.0,0.0,5.0,5.0,22.0,6.545454829192371,3.2727274145961855,1.6363637072980928,0.27941176470588236,0.73943662,0.43076923,0.137931034,93.42800690406976,5.318182048718802,5.374034731159402,5.509602755160376,5.136159143245649,0.0021797494350577797
282,Tanner Banks,PHI,16990,0.0,1.0,0.0,1.0,1.0,1.0,18.0,18.0,0.0,0.5,0.66666667,0.0,0.0,92.06824747721355,9.0,4.7077695567402635,5.100511741638184,8.120114561915397,0.002141186436574263
283,Will Klein,LAD,27787,0.0,0.0,0.0,3.0,3.0,4.0,11.25,2.25,2.25,0.4166666666666667,0.90909091,0.538461538,0.333333333,97.11768024723705,4.5,7.788391052292186,5.350511741638184,3.232862799242139,-0.00048261239196788983
284,Jefry Yan,NYM,27902,0.0,0.0,0.0,1.0,1.0,1.2,5.400002059937309,10.800004119874618,0.0,0.42857142857142855,0.6,0.571428571,0.0,95.917138671875,10.800004119874618,5.09906544558609,5.500512657165877,8.218156232114122,-0.006982654898847181
285,Beck Way,KCR,27877,0.0,1.0,0.0,1.0,1.0,1.0,0.0,0.0,0.0,0.5,0.5,0.0,0.0,98.16587829589844,18.0,31.96890926833562,6.100511741638184,9.120114561915397,-0.01056251106378823
286,Keegan Akin,BAL,19362,0.0,0.0,0.0,2.0,2.0,2.0,18.0,0.0,4.5,0.0,1.0,0.333333333,1.0,94.371337890625,4.5,2.428040202046409,5.600511741638184,-0.14458755329251272,-0.01147934452905411
287,Carson Whisenhunt,SFG,31676,3.0,4.0,0.0,8.0,8.0,34.2,6.750000495177085,5.4519234768738,1.2980770183032857,0.32432432432432434,0.66071429,0.339130434,0.102040816,92.75277567355432,6.490385091516428,5.966286769288936,5.379358062659508,5.638404305608942,-0.013246344981562887
288,Steven Cruz,KCR,23165,0.0,0.0,0.0,2.0,2.0,2.1,19.2857169131847,3.8571433826369397,3.8571433826369397,0.0,1.0,0.333333333,0.5,98.37142181396484,3.8571433826369397,3.484838325472925,5.6719406633961444,1.3946270036343524,-0.013411240329300045
289,Eduardo Rivera,BOS,31280,0.0,1.0,0.0,3.0,3.0,6.2,9.450002337545735,8.10000200361063,1.350000333935105,0.3,0.51724138,0.428571428,0.142857142,95.27625647256541,9.450002337545735,4.629727554273336,5.650512372404493,5.2858037628359735,-0.014680744847248975
290,River Ryan,DET,29514,0.0,1.0,0.0,2.0,2.0,4.1,12.461539375711542,6.230769687855771,2.076923229285257,0.36363636363636365,0.90909091,0.25,0.333333333,97.17310333251953,4.153846458570514,5.081546499468686,5.408204218621803,3.453451205317935,-0.01493104756058439
291,Zach Agnos,COL,31552,0.0,1.0,0.0,3.0,3.0,10.2,5.062500301748532,4.21875025145711,1.687500100582844,0.13333333333333333,1.0,0.34375,0.111111111,94.70319930366848,1.687500100582844,4.699833492365338,5.8192619036883215,5.92955178987101,-0.018588792467127184
292,CJ Van Eyk,TOR,27568,0.0,1.0,0.0,1.0,1.0,5.0,3.6,0.0,1.8,0.1875,0.27777778,0.411764705,0.142857142,92.89494977678571,7.2,9.675793803317447,5.500511741638183,5.014233715832233,-0.01973254403097961
293,Cristian Javier,HOU,17606,1.0,5.0,0.0,12.0,12.0,49.2,7.610738498596169,4.530201487259625,1.6308725354134648,0.29577464788732394,0.70336391,0.24,0.109756097,93.06391706370344,5.79865790369232,5.382927572718272,5.395813828516394,5.5328013959479705,-0.0213883711499437
294,Ty Madden,DET,30140,0.0,0.0,0.0,1.0,1.0,3.1,10.80000102996836,5.40000051498418,2.70000025749209,0.25,0.83333333,0.111111111,0.166666666,92.658076171875,5.40000051498418,7.236794474607393,6.400512056350738,5.218154481841826,-0.02341103321052839
295,JP Sears,SDP,23429,2.0,4.0,0.0,6.0,6.0,28.1,6.988235842958909,2.8588237539377355,1.9058825026251571,0.27906976744186046,0.7278481,0.415730337,0.153846153,92.86440291494694,4.764706256562893,5.553445646247347,5.3593354484531845,4.684591454121596,-0.025310675596251896
296,Ryan Rolison,CHC,22200,0.0,0.0,0.0,2.0,2.0,3.1,5.40000051498418,0.0,2.70000025749209,0.125,1.0,0.444444444,0.2,93.86145958533653,2.70000025749209,3.324186619865908,5.800511999130274,4.165213958384011,-0.026422766524600627
297,Shane Smith,CHW,31687,0.0,2.0,0.0,3.0,3.0,8.1,11.880001812744418,9.720001483154523,1.080000164794947,0.4074074074074074,0.48543689,0.444444444,0.1,95.47276759792018,10.80000164794947,4.73412328591635,5.620512126159727,5.872273856741847,-0.030368273135493465
298,Austin Warren,NYM,24937,0.0,1.0,0.0,2.0,2.0,2.0,4.5,9.0,0.0,0.2857142857142857,0.6,0.714285714,0.0,94.13991292317708,9.0,9.050547131070724,6.600511741638184,7.355412446707487,-0.03286686256010122
299,Braxton Garrett,MIA,21844,0.0,1.0,0.0,2.0,2.0,4.1,10.384616146426286,16.615385834282055,0.0,0.4666666666666667,0.53333333,0.466666666,0.0,91.83901240907866,14.538462604996798,6.705590184301587,6.33128120941525,8.421775622964923,-0.03708562531797195
300,José Urquidy,CHW,18413,0.0,1.0,0.0,1.0,1.0,3.0,6.0,12.0,0.0,0.46153846153846156,0.58333333,0.461538461,0.0,91.8282637162642,15.0,5.876877565014553,7.767178408304851,10.283514091869195,-0.0384868667207451
301,Eddy Yean,WSN,24248,0.0,1.0,0.0,1.0,1.0,2.1,0.0,0.0,3.8571433826369397,0.2222222222222222,0.625,0.4,0.2,,7.714286765273879,4.460044509005417,8.671941072113764,6.335800918422655,-0.041328656166418856
302,Miguel Ullola,HOU,29036,0.0,0.0,0.0,2.0,2.0,1.2,0.0,10.800004506113025,0.0,0.0,0.66666667,0.5,0.0,94.79368421766493,5.400002253056512,5.2267424711437425,8.500513994694696,10.312276442787224,-0.041980522163555654
303,Sam Aldegheri,LAA,26443,2.0,3.0,0.0,6.0,6.0,25.2,4.909091030692832,4.909091030692832,1.4025974373408092,0.23529411764705882,0.5988024,0.363636363,0.105263157,92.21996367026749,6.311688468033641,6.74743650285663,5.788823496541401,5.998139875178291,-0.045916700162525366
304,Eric Lauer,2 Tms,19316,7.0,5.0,0.0,18.0,18.0,90.1,6.077490988780334,2.6900369950339185,2.092250996137492,0.26618705035971224,0.74795082,0.31292517,0.136363636,91.01878489505697,5.280442990251766,4.620129794853246,5.8348291810348005,5.386593930884734,-0.04898168939636324
305,Daniel Espino,CLE,25625,0.0,0.0,0.0,3.0,3.0,4.0,11.25,6.75,2.25,0.125,0.55555556,0.444444444,0.2,98.53257335316052,6.75,4.300611656296517,6.100511741638184,4.7377635043114426,-0.05076856408987874
306,Ryne Nelson,ARI,26253,3.0,5.0,0.0,15.0,15.0,83.1,6.6960003344564605,2.376000118678099,1.9440000971002627,0.2540322580645161,0.66425121,0.324528301,0.13740458,96.3149529068178,4.968000248145116,5.294229929933718,5.392511856120592,4.957919651151171,-0.05516429995810443
307,Bryan Hudson,CHW,19924,0.0,0.0,0.0,9.0,9.0,10.0,7.200001394748958,0.9000001743436198,2.7000005230308592,0.25925925925925924,0.58823529,0.517241379,0.25,91.0635497390583,5.4000010460617185,3.071606836252758,5.70051224529753,3.6122735329404962,-0.056066606038671266
308,Owen Murphy,ATL,31761,0.0,0.0,0.0,1.0,1.0,2.2,6.750001609325793,6.750001609325793,3.3750008046628963,0.4,0.71428571,0.181818181,0.2,92.72906024639423,6.750001609325793,9.39109342928402,8.72551308274301,6.681390239396036,-0.05746151963281505
309,Matt Waldron,2 Tms,25550,0.0,1.0,0.0,4.0,4.0,15.2,5.170212975774439,3.4468086505162927,1.7234043252581464,0.3620689655172414,0.61151079,0.423728813,0.115384615,91.74176285114694,8.617021626290732,4.505477712915845,5.972852283735095,5.989118454412469,-0.058361547847363124
310,John King,MIA,22051,0.0,1.0,0.0,1.0,1.0,1.2,10.800004119874618,0.0,5.400002059937309,0.25,0.0,0.6,1.0,,10.800004119874618,13.265032059759482,8.500513801575494,1.6063920177599054,-0.058546755162543734
311,Merrill Kelly,ARI,11156,10.0,14.0,0.0,29.0,29.0,162.0,6.277777962560358,3.888889003355974,1.5555556013423897,0.2822085889570552,0.73207171,0.402750491,0.142857142,91.98458472718583,4.944444589981167,6.35219054051775,5.322734029270169,4.902493747685633,-0.06532849595638762
312,Yunior Marte,SFG,31097,0.0,2.0,0.0,3.0,3.0,14.1,5.651163292034353,3.7674421946895684,1.8837210973447842,0.3181818181818182,0.74468085,0.413043478,0.1875,93.11103415975765,5.651163292034353,7.575595250592422,5.82144221558065,4.785871604796109,-0.07382090669706862
313,Brandon Eisert,CHW,27668,0.0,0.0,0.0,4.0,4.0,4.2,11.57143266043029,1.928572110071715,3.85714422014343,0.3333333333333333,0.71428571,0.285714285,0.25,90.03776697958669,7.71428844028686,3.154732213417781,6.743370171773646,3.760171534980037,-0.07851516848997657
314,Robby Snelling,MIA,31893,0.0,1.0,0.0,1.0,1.0,5.0,3.6,7.2,1.8,0.26666666666666666,0.78947368,0.428571428,0.2,95.32278878348214,5.4,6.116482498028549,7.300511741638184,6.210313151776791,-0.08489907435611961
315,Thomas Pannone,MIL,17281,0.0,1.0,0.0,1.0,1.0,3.0,6.0,6.0,3.0,0.2222222222222222,0.55555556,0.4,0.25,90.1877197265625,6.0,7.3903778499912045,8.100511741638185,5.780246955156327,-0.08658977353267634
316,Jack Ralston,MIA,26104,0.0,1.0,0.0,1.0,1.0,1.1,13.500003218651585,6.750001609325793,6.750001609325793,0.5,0.38461538,0.4,0.333333333,93.33184814453125,20.250004827977378,8.502077297184627,12.100513887405906,5.747565545556856,-0.09491085596344342
317,Nick Lodolo,CIN,26378,3.0,6.0,0.0,21.0,21.0,108.2,6.874233350041649,3.8098160735170588,1.6564417710943733,0.296875,0.78666667,0.415430267,0.17094017,93.79258294170091,4.96932531328312,6.468394301514007,5.704806303969892,4.937751969343914,-0.10005023720520898
318,Paul Blackburn,NYY,14739,0.0,0.0,0.0,2.0,2.0,3.0,9.0,6.0,3.0,0.16666666666666666,1.0,0.571428571,0.5,94.10833740234375,3.0,10.395217187925383,8.433845074971517,5.107046015063922,-0.10205729538634872
319,Sean Sullivan,COL,33502,0.0,3.0,0.0,5.0,5.0,22.1,6.447761561138185,4.432836073282502,2.014925487855683,0.3670886075949367,0.63414634,0.192771084,0.1,87.62021117590963,8.865672146565004,4.824148660497429,6.458720888064322,6.92842556437137,-0.10291848639791026
320,Jose Quintana,COL,11423,2.0,3.0,0.0,11.0,11.0,48.0,4.687500279396789,3.7500002235174312,1.8750001117587156,0.2692307692307692,0.69491525,0.331288343,0.12345679,89.86465589135094,5.4375003241002755,5.5810796688473765,6.079678585877032,5.919135122583462,-0.10444605888123887
321,Tobias Myers,NYM,22191,0.0,1.0,0.0,3.0,3.0,4.2,5.7857150739554095,9.64285845659235,1.9285716913184698,0.3333333333333333,0.3125,0.333333333,0.142857142,93.06396484375,15.428573530547759,6.3291630872803815,7.814798098194443,7.293785856705783,-0.1128654598810274
322,Colton Gordon,HOU,31312,0.0,0.0,0.0,1.0,1.0,3.2,12.272729400761241,0.0,4.909091760304496,0.5454545454545454,0.80645161,0.384615384,0.4,91.09139675564236,9.818183520608992,8.29453288770255,8.282330821959597,3.2502409632440865,-0.11565692467445789
323,AJ Smith-Shawver,ATL,29960,0.0,2.0,0.0,5.0,5.0,21.0,7.714286064615071,5.571428824444218,1.7142857921366825,0.31343283582089554,0.62874251,0.428571428,0.142857142,96.03680223034274,7.714286064615071,4.825112120830304,5.862416628969505,5.39929467859872,-0.11733719806897712
324,Justin Verlander,DET,8700,0.0,1.0,0.0,2.0,2.0,9.0,7.000000741746769,3.0000003178914727,3.0000003178914727,0.3076923076923077,0.71428571,0.172413793,0.1875,93.11719781580106,7.000000741746769,6.528997261736754,6.878289919723741,5.229047807432394,-0.11795973156204377
325,Pete Fairbanks,MIA,17998,0.0,0.0,0.0,1.0,1.0,1.0,9.0,9.0,9.0,0.5,0.38461538,0.2,0.333333333,96.71976928710937,27.0,30.300045323609798,17.100511741638183,8.629915972054004,-0.12058984529627507
326,Lyon Richardson,CIN,24581,0.0,1.0,0.0,1.0,1.0,1.0,18.0,18.0,9.0,0.0,0.0,0.0,0.5,96.10768636067708,36.0,20.46341603157453,21.100511741638183,11.120114561915397,-0.12979989364203012
327,Lucas Giolito,SDP,15474,2.0,1.0,0.0,5.0,5.0,20.2,6.096774381107649,7.838709918566978,1.3064516530944963,0.2542372881355932,0.76219512,0.274193548,0.103448275,90.79453622611464,4.354838843648321,5.139867644796672,6.3908344235058046,6.622329957757442,-0.13377130796363615
328,Jesse Scholtens,TBR,19205,0.0,2.0,0.0,2.0,2.0,10.1,8.709678491122153,3.483871396448861,2.6129035473366455,0.25,0.76271186,0.387096774,0.214285714,93.2783790870949,6.0967749437855066,4.8933314168428925,6.681157343543958,4.952500976818822,-0.13411553259072445
329,Huascar Brazobán,NYM,6107,0.0,1.0,0.0,6.0,6.0,7.0,5.14285784351592,9.00000122615286,1.28571446087898,0.15789473684210525,0.75471698,0.6,0.166666666,97.05267715454102,5.14285784351592,4.719871387092864,7.243369448914898,6.680342009470159,-0.13986293245078973
330,Brennan Bernardino,COL,16835,0.0,1.0,0.0,2.0,2.0,1.1,6.750007040806008,13.500014081612017,6.750007040806008,0.5,0.65217391,0.142857142,0.333333333,90.16635131835938,20.250021122418026,8.941028252463719,15.850525040938422,9.497571587103444,-0.14031415714152023
331,Chase Petty,CIN,30170,0.0,0.0,0.0,3.0,3.0,12.1,2.189189414894456,2.9189192198592746,2.189189414894456,0.20930232558139536,0.546875,0.282608695,0.142857142,96.57712158203125,6.567568244683368,8.945958552644896,6.992404034783883,6.400984753233795,-0.14175543115342262
332,Jovani Morán,BOS,20422,0.0,2.0,0.0,3.0,3.0,3.0,18.0,6.0,6.0,0.625,0.64516129,0.3,0.666666666,93.04266531808035,15.0,6.879448176150332,9.76717840830485,2.6103131517767912,-0.15058053153892687
333,Zac Gallen,ARI,19291,3.0,9.0,0.0,20.0,20.0,101.1,5.506579171938423,2.9309211721607737,1.6875000688198394,0.31750741839762614,0.63782991,0.437853107,0.1484375,93.41869720040935,6.217105516704671,6.862856960691477,5.40972236212849,4.879339911199765,-0.15176768093620674
334,Tanner Houck,BOS,19879,0.0,1.0,0.0,1.0,1.0,3.0,3.0,0.0,6.0,0.2,0.83333333,0.583333333,0.5,93.33376242897727,9.0,11.090065446748953,11.100511741638185,4.446913621822993,-0.15364032906527497
335,Jedixson Paez,BOS,29114,0.0,1.0,0.0,1.0,1.0,3.2,7.363637640456744,4.909091760304496,4.909091760304496,0.5,0.43478261,0.444444444,0.333333333,92.0146650834517,19.636367041217984,14.553557377074972,10.191422062078011,5.571096295707365,-0.16834113967706163
336,DJ Herz,WSN,26389,0.0,1.0,0.0,2.0,2.0,7.0,7.714285714285714,3.857142857142857,3.857142857142857,0.34782608695652173,0.6122449,0.346153846,0.23076923,93.06505166330645,10.285714285714286,11.803759153598975,8.243368884495327,5.4758572176098825,-0.18027991478984068
337,Ryan Weiss,HOU,24621,0.0,0.0,0.0,2.0,2.0,7.0,9.00000122615286,10.28571568703184,2.57142892175796,0.3333333333333333,0.90909091,0.4,0.25,94.45407586348684,5.14285784351592,6.546727046384131,8.243369585154104,6.254570925788769,-0.18187154386630427
338,Alan Rangel,PHI,19524,0.0,2.0,0.0,3.0,3.0,11.1,10.323529701331916,7.941176693332243,2.3823530079996726,0.3333333333333333,0.80808081,0.3125,0.214285714,92.7398336659307,6.352941354665794,5.414518062793516,7.1593353848968855,5.583207670858915,-0.18216422708881297
339,Kohl Drake,ARI,32070,0.0,1.0,0.0,5.0,5.0,20.2,7.403226034202146,3.0483871905538247,2.1774194218241605,0.3064516129032258,0.71428571,0.261538461,0.135135135,91.4200439453125,6.532258265472482,7.911452303382133,6.197286030454768,5.755156283391701,-0.18830898844563418
340,Ethan Pecko,HOU,33515,1.0,0.0,0.0,5.0,5.0,20.0,5.850000557899528,5.40000051498418,1.8000001716613934,0.26229508196721313,0.69343066,0.323076923,0.129032258,93.3265753024962,5.850000557899528,6.568739568729989,6.350512051582366,6.09070421252,-0.1982797537821554
341,Trey Gibson,BAL,33794,2.0,3.0,0.0,8.0,8.0,37.2,8.362832634775272,6.21238995726163,1.6725665269550543,0.29245283018867924,0.70652174,0.539823008,0.259259259,95.3185548129147,6.21238995726163,6.3404398124302,5.80847659480351,4.474794295956988,-0.20669307098010087
342,Brayan Bello,BOS,23920,2.0,6.0,0.0,11.0,11.0,52.2,7.177215536441829,4.1012660208239025,1.8797469262109552,0.3488372093023256,0.6495098,0.483146067,0.189655172,95.94713635391064,7.177215536441829,6.212345614534428,5.701777690031122,4.649280457969103,-0.21486110740906766
343,Brycen Mautz,STL,31910,0.0,0.0,0.0,1.0,1.0,1.0,0.0,27.0,9.0,0.25,0.71428571,0.2,0.333333333,92.91599408318015,27.0,32.556097283641435,31.100511741638183,22.629915972054004,-0.23919291130494336
344,Cole Ragans,KCR,21846,1.0,4.0,0.0,8.0,8.0,35.1,11.46226458278002,5.858490786754232,2.5471699072844487,0.2328767123287671,0.83333333,0.341463414,0.227272727,95.17006542695967,4.839622823840452,5.115438594741814,6.185417518238238,4.386302225346814,-0.2411817974040371
345,Mike Paredes,MIN,30187,0.0,2.0,0.0,5.0,5.0,22.0,4.500000195069755,2.8636364877716622,2.045454634122616,0.2535211267605634,0.84,0.4,0.166666666,92.71536159515381,4.500000195069755,6.145447163395206,6.282330061384475,5.386604672744834,-0.2681479166350644
346,Hurston Waldrep,ATL,33527,0.0,1.0,0.0,2.0,2.0,8.2,6.230769687855771,6.230769687855771,3.1153848439278855,0.2962962962962963,0.60810811,0.666666666,0.428571428,,10.384616146426286,5.525145192090008,8.985127557946413,5.7045823023989986,-0.2736577784555557
347,Bailey Falter,KCR,20070,0.0,2.0,0.0,2.0,2.0,4.1,4.153846458570514,6.230769687855771,6.230769687855771,0.5,0.59322034,0.347826086,0.428571428,91.55647881086483,18.69230906356731,15.010492408607293,13.254358640366107,6.69326812927128,-0.29582237285699525
348,Chris Murphy,CHW,26214,0.0,0.0,0.0,3.0,3.0,2.2,10.125006487597211,6.750004325064808,10.125006487597211,0.2857142857142857,0.35714286,0.1,0.333333333,96.26666831970215,20.250012975194423,6.911050083816409,17.725521112611933,8.196094765850455,-0.3186539882756582
349,Ronel Blanco,HOU,19407,0.0,1.0,0.0,5.0,5.0,23.1,7.7142864499774,5.40000051498418,2.31428593499322,0.21052631578947367,0.73170732,0.403225806,0.222222222,93.33846028645833,5.78571483748305,5.567265327765847,6.657654938016652,5.0618535604181325,-0.32198753990989265
350,Daniel Lynch IV,KCR,21537,2.0,4.0,0.0,10.0,10.0,40.0,4.725000225305568,3.150000150203712,2.025000096559529,0.25984251968503935,0.61674009,0.43283582,0.173076923,93.89104444330388,6.52500031113626,6.181069423237451,6.175511888265617,5.213253675561759,-0.3273200047259539
351,JR Ritchie,ATL,31760,1.0,5.0,0.0,11.0,11.0,55.0,8.345454834867125,5.400000187266963,1.8000000624223211,0.28,0.7010582,0.46875,0.203703703,94.74736441678779,5.727272925889204,5.331282517765003,5.91869365755192,4.80104409420169,-0.33020297138884
352,Taijuan Walker,PHI,11836,1.0,3.0,0.0,4.0,4.0,18.2,7.714285977032729,4.821428735645456,2.892857241387273,0.36065573770491804,0.62091503,0.43283582,0.260869565,92.1124996609158,9.160714597726365,7.638622801108916,7.332654742926972,5.01437425860188,-0.3329494202401193
353,Xzavion Curry,NYM,25595,0.0,1.0,0.0,1.0,1.0,3.0,9.0,3.0,12.0,0.25,0.71428571,0.25,0.5,90.89527803308823,18.0,25.079793133875942,19.433845074971515,6.126648835341136,-0.3375445816064029
354,Brendan Beck,NYY,33043,0.0,2.0,0.0,2.0,2.0,8.2,11.423077761068914,5.192308073213143,5.192308073213143,0.2857142857142857,0.44444444,0.269230769,0.333333333,92.70597229003906,12.461539375711542,6.619742055987771,9.79281992489068,4.905937391631009,-0.35317011096493
355,Kade Morris,ATH,33787,0.0,1.0,0.0,2.0,2.0,6.2,5.40000051498418,5.40000051498418,5.40000051498418,0.43478260869565216,0.37313433,0.629629629,0.666666666,94.13323402404785,18.90000180244463,6.503220363504236,11.950512585640036,5.50933324048605,-0.37084180254967913
356,Corbin Burnes,ARI,19361,0.0,0.0,0.0,3.0,3.0,10.1,6.967742792897722,3.483871396448861,4.3548392455610765,0.23333333333333334,0.77777778,0.171428571,0.217391304,,7.8387106420099375,6.8567231176177,9.003738274509866,6.073941052680008,-0.3778081335064645
357,Mike Burrows,HOU,24728,4.0,9.0,0.0,17.0,17.0,93.2,7.110320477748897,3.3629894151515054,2.0177936490909034,0.3157894736842105,0.67164179,0.380327868,0.161538461,95.01490877967677,6.05338094727271,4.78747021488607,5.68414170502442,4.865004849880428,-0.3998893391112782
358,Luis Morales,ATH,32227,0.0,2.0,0.0,2.0,2.0,7.1,6.136363902367847,9.818182243788556,4.909091121894278,0.375,0.73170732,0.285714285,0.266666666,96.43874782986111,12.272727804735695,11.616555502906143,12.509603058602217,8.506923951283355,-0.41379201210450417
359,Jeffrey Springs,ATH,17677,4.0,14.0,0.0,29.0,29.0,142.2,7.065420875612636,3.5957945527671455,2.207944023628949,0.27790973871733965,0.66060606,0.342920353,0.171568627,91.47994595074029,6.182243266161057,4.9405009324668825,6.023409068156507,4.993031599352621,-0.4206356872194192
360,Mason Englert,TBR,22288,0.0,4.0,0.0,4.0,4.0,18.0,10.500001112620154,2.0000002119276483,4.500000476837209,0.37037037037037035,0.68627451,0.322580645,0.346153846,92.7406904740767,9.000000953674418,6.850230036350547,7.93384558713,3.614669388542721,-0.4391012888936744
361,Simeon Woods Richardson,MIN,24494,0.0,7.0,0.0,10.0,10.0,44.2,4.835821170853639,4.634328622068071,1.8134329390701145,0.34615384615384615,0.55702918,0.382716049,0.128571428,93.14030829535591,8.2611945002083,6.444129999416743,6.324392522207276,6.071096210241679,-0.4409127963456932
362,Kodai Senga,NYM,31838,0.0,7.0,0.0,8.0,8.0,31.2,10.800000867341764,6.821053179373745,2.5578949422651545,0.3116883116883117,0.51724138,0.235294117,0.191489361,96.17491919593473,9.663158670779472,5.28946714157527,6.858406780274645,5.404532966983768,-0.46307001512619245
363,Germán Márquez,SDP,15038,4.0,2.0,0.0,10.0,10.0,44.0,6.750000146302313,3.8863637205983013,2.4545455077462957,0.2727272727272727,0.82375479,0.366197183,0.181818181,94.60324051131063,5.113636474471449,5.5205951481717035,6.577784544278769,5.297032086272572,-0.4856780550582098
364,Luis Gil,NYY,21052,1.0,2.0,0.0,4.0,4.0,19.1,4.189655241302872,5.120689739370177,2.793103494201915,0.16071428571428573,0.77669903,0.459016393,0.23076923,95.29076666581004,6.051724237437482,6.650342829296272,8.376373897352913,6.372313691828612,-0.48750817943527414
365,Mason Barnett,ATH,31741,0.0,3.0,0.0,6.0,6.0,25.1,9.592105744618152,6.03947398735217,3.197368581539384,0.3333333333333333,0.625,0.333333333,0.25,94.8248169877147,9.236842568891554,5.337243061238738,7.837354084659493,5.364440174943068,-0.4929700346066144
366,Miles Mikolas,WSN,9803,2.0,6.0,0.0,11.0,11.0,53.0,5.09433971430832,2.54716985715416,2.7169811809644373,0.31693989071038253,0.56213018,0.454545454,0.246153846,92.8107294073687,8.320754866703588,6.595387929597658,6.798625015728668,4.725739915391916,-0.602942108101994
367,Zack Littell,WSN,15823,5.0,6.0,0.0,14.0,14.0,67.0,5.507462843353011,3.492537412858007,2.6865672406600054,0.25118483412322273,0.67567568,0.330434782,0.178571428,91.64086184294328,6.179104653518012,7.434830561782684,7.05573573483208,5.69898581464893,-0.888641296259998
368,Jameson Taillon,2 Tms,11674,2.0,6.0,0.0,18.0,18.0,86.0,7.953488636687366,3.3488373207104702,2.8255814893494593,0.24892703862660945,0.78817734,0.339768339,0.2109375,91.91273005321773,5.651162978698919,5.943541603159897,6.600511858075168,4.766262733074155,-1.049020122535293
