rank,Name,Team,playerid,IP,Events,EV,EV90,maxEV,LA,Barrels,Barrel%,HardHit,HardHit%,ERA,xERA
1,Jacob Misiorowski,MIL,31623,174.2,360.0,87.18672318108338,102.3,111.7,13.194366197183099,13.0,0.03611111,120.0,0.33333333,1.8034351309149788,2.1177696027999344
2,Cristopher Sánchez,PHI,20778,207.0,575.0,89.37765914159463,105.3,112.7,3.2045855379188715,43.0,0.07478261,241.0,0.41913043,2.913043531943861,3.390692514556555
3,Cam Schlittler,NYY,32095,193.2,467.0,88.42363193102948,102.9,115.1,13.006535947712418,34.0,0.07280514,178.0,0.38115632,1.9518072833796973,2.849069270151397
4,Chris Sale,ATL,10603,162.2,402.0,87.78850036621094,103.0,113.2,11.755,25.0,0.06218905,141.0,0.35074627,2.1577869189807535,2.9673908756344924
5,Jesús Luzardo,PHI,19959,178.2,443.0,87.33002301011295,102.8,110.9,9.658198614318707,26.0,0.05869074,147.0,0.33182844,2.871268758890122,2.847024604476853
6,Dylan Cease,TOR,18525,169.0,365.0,85.5450270847721,104.0,113.2,13.522099447513812,20.0,0.05479452,115.0,0.31506849,2.396449771758361,2.9206400002478636
7,Tarik Skubal,2 Tms,22267,158.2,402.0,87.14461576021634,104.5,114.0,12.123076923076923,27.0,0.06716418,140.0,0.34825871,2.722689151999626,2.936056857390221
8,Drew Rasmussen,TBR,25385,172.0,456.0,88.20044324244734,103.9,111.9,12.65410199556541,27.0,0.05921053,154.0,0.3377193,2.6686046807555783,3.048626287928665
9,Parker Messick,CLE,31986,186.1,501.0,87.5635439373568,103.7,114.2,14.519348268839105,25.0,0.0499002,172.0,0.34331337,2.559928565934647,3.133459239973543
10,Reid Detmers,LAA,27468,185.0,476.0,89.81666643191606,104.5,113.1,16.912393162393162,37.0,0.07773109,179.0,0.37605042,3.356756843277102,3.2872883733746665
11,Yoshinobu Yamamoto,LAD,33825,185.0,477.0,87.71961633482975,104.2,114.2,9.211087420042643,31.0,0.06498952,170.0,0.35639413,2.5297297688519724,2.9428487540221195
12,Jacob deGrom,TEX,10954,162.2,419.0,90.43188447076918,104.1,114.9,16.52173913043478,33.0,0.07875895,188.0,0.44868735,4.204918123178989,3.4654082706238793
13,Chase Burns,CIN,35333,154.1,388.0,89.55319140819793,103.7,113.1,18.819628647214856,31.0,0.07989691,148.0,0.3814433,2.8574514627446668,3.2363203836781365
14,Paul Skenes,PIT,33677,174.1,452.0,88.03595471328563,104.6,111.1,16.193258426966292,33.0,0.07300885,175.0,0.38716814,3.8202677782904466,3.282147896192139
15,Payton Tolle,BOS,35466,148.2,386.0,87.58266617838542,104.0,112.6,17.477333333333334,23.0,0.05958549,133.0,0.34455959,3.0269059202097623,2.6927916617171075
16,Bryan Woo,SEA,30279,173.0,488.0,89.39711883921682,104.9,114.3,16.477366255144034,34.0,0.06967213,209.0,0.42827869,4.005780390985085,3.666199538082396
17,Zack Wheeler,PHI,10310,162.0,401.0,86.48621569181743,104.1,110.2,14.105263157894736,24.0,0.05985037,141.0,0.35162095,3.0000000529819073,2.863189841224454
18,Trevor Rogers,BAL,22286,169.2,500.0,88.14369921180291,104.3,116.8,18.125760649087223,34.0,0.068,181.0,0.362,4.0314343130834605,3.5967492770264378
19,Cade Cavalli,WSN,27473,169.2,442.0,89.29977039022184,104.2,117.2,8.251716247139589,31.0,0.07013575,179.0,0.40497738,3.0235757008223407,3.668786870023156
20,Ranger Suarez,BOS,17277,148.1,419.0,86.82009673407234,103.5,113.6,12.961259079903147,22.0,0.05250597,141.0,0.33651551,3.2157304473441632,3.6066430434334533
21,Braxton Ashcraft,PIT,23793,165.1,452.0,89.70022344055859,104.7,113.1,11.031319910514542,28.0,0.0619469,188.0,0.4159292,3.647177489480232,3.4261935086144475
22,Gavin Williams,CLE,30122,184.1,431.0,90.21957069706518,105.4,116.0,11.035799522673031,49.0,0.1136891,196.0,0.45475638,3.7594937746208363,3.81876143038614
23,Max Fried,NYY,13743,112.2,295.0,85.86840142144098,102.2,112.7,9.756944444444445,7.0,0.02372881,88.0,0.29830508,2.7958580986057187,2.515757389799963
24,Nolan McLean,NYM,33703,179.2,468.0,87.9446627880753,104.0,112.8,10.389978213507625,30.0,0.06410256,166.0,0.35470085,3.1558442005142493,3.6121714546830526
25,Sonny Gray,BOS,12768,169.0,483.0,89.16463173314145,103.8,111.1,10.60421052631579,33.0,0.06832298,185.0,0.38302277,2.715976362013691,3.848140542978276
26,Shane Baz,BAL,22264,179.2,546.0,90.02883476779112,104.5,116.9,13.961254612546126,37.0,0.06776557,225.0,0.41208791,4.107606867996843,4.258374743983243
27,Sandy Alcantara,MIA,18684,211.0,665.0,88.58039834926541,104.3,111.7,13.595712098009189,36.0,0.05413534,238.0,0.35789474,3.9241706693229497,3.8176345691891127
28,Eduardo Rodriguez,ARI,13164,189.2,582.0,87.23706310779065,104.0,111.4,16.0,44.0,0.07560137,191.0,0.32817869,2.894551927816902,4.274832281182281
29,Kevin Gausman,2 Tms,14107,177.2,518.0,88.9066927451787,105.3,112.4,14.316929133858268,40.0,0.07722008,207.0,0.3996139,4.508442938070778,4.017274142609405
30,Logan Webb,SFG,17995,160.2,482.0,88.28,104.2,116.0,7.454736842105263,28.0,0.05809129,187.0,0.3879668,4.313278050969528,4.078955526931733
31,Shohei Ohtani,LAD,19755,85.2,213.0,87.39573401862411,103.6,111.2,11.222748815165877,8.0,0.03755869,72.0,0.33802817,1.7859922311537348,2.731513025368573
32,Nick Martinez,TBR,12730,180.0,584.0,87.04273369073043,103.6,116.8,18.16782006920415,40.0,0.06849315,192.0,0.32876712,3.100000098546349,3.9733398599216376
33,Logan Gilbert,SEA,22250,186.0,489.0,89.61208407084148,105.2,115.2,16.3125,49.0,0.1002045,202.0,0.41308793,3.7258065662324524,3.6189684462468126
34,Sean Burke,CHW,29878,142.1,386.0,89.33157942922492,104.1,114.0,17.976377952755904,33.0,0.08549223,150.0,0.38860104,3.7306792902240007,3.897712543221279
35,MacKenzie Gore,TEX,22201,173.0,498.0,89.15621183748887,105.3,115.7,15.431771894093686,43.0,0.08634538,205.0,0.41164659,4.578034833501303,4.1574361968990665
36,Taj Bradley,MIN,22543,178.1,463.0,90.91217359459918,105.2,112.7,15.234782608695653,42.0,0.09071274,210.0,0.45356371,3.734579505823786,3.9736327122934427
37,Dustin May,2 Tms,19716,145.2,416.0,89.8897308871915,104.9,114.8,12.623471882640587,32.0,0.07692308,184.0,0.44230769,4.695652320259026,4.430853540240721
38,Michael Soroka,ARI,18383,112.0,312.0,87.5245957852953,103.4,113.3,17.249190938511326,25.0,0.08012821,104.0,0.33333333,3.294642969357728,4.090717441626673
39,Andre Pallante,STL,26108,162.0,513.0,87.18412659660218,103.8,117.8,5.067460317460317,25.0,0.04873294,175.0,0.3411306,3.833333423598806,4.1458250025261725
40,Michael King,SDP,19853,185.0,515.0,86.99463193980647,103.1,114.6,14.06547619047619,42.0,0.0815534,168.0,0.32621359,3.2108108770176838,4.397503632871001
41,Davis Martin,CHW,21448,140.2,420.0,90.32598024256089,104.3,117.2,13.051344743276283,26.0,0.06190476,186.0,0.44285714,4.030805843767906,4.73082687590706
42,Jared Jones,PIT,27863,101.2,258.0,89.10039322019561,104.8,115.1,17.19685039370079,19.0,0.07364341,97.0,0.37596899,3.7180328450129907,3.1703111983019316
43,Noah Cameron,KCR,30184,170.1,512.0,88.89141626415139,104.5,115.9,15.648702594810379,42.0,0.08203125,191.0,0.37304688,4.279843524101308,4.147556306585484
44,Foster Griffin,2 Tms,16432,172.2,508.0,87.76899951171875,104.5,119.0,11.9,42.0,0.08267717,188.0,0.37007874,3.596525149496736,4.349715926613713
45,Walbert Ureña,LAA,29357,146.2,396.0,87.19744873046875,103.6,115.1,5.361323155216285,21.0,0.0530303,140.0,0.35353535,3.006818233955006,3.2273878400499707
46,José Soriano,2 Tms,22100,177.1,494.0,88.46283347503851,104.0,116.9,5.2731006160164275,37.0,0.07489879,185.0,0.37449393,3.9078948489280885,4.434225236846237
47,Kyle Leahy,STL,24763,140.0,418.0,91.04891607445407,105.2,113.5,9.732530120481927,41.0,0.09808612,196.0,0.46889952,3.664285764207646,4.866556099131106
48,Ryan Weathers,NYY,23796,137.1,384.0,89.2349206026269,106.3,114.6,9.137566137566138,33.0,0.0859375,156.0,0.40625,3.6043691155890136,4.325176362961012
49,Joe Ryan,MIN,21390,144.2,411.0,89.31593188117532,104.6,116.8,18.144607843137255,41.0,0.09975669,168.0,0.40875912,3.7949309180528434,3.7069610258197416
50,George Kirby,SEA,25436,174.2,543.0,89.4104085588987,104.7,111.5,12.203703703703704,36.0,0.06629834,218.0,0.4014733,4.328244408724244,4.196299030532943
51,Landen Roupp,SFG,30076,155.0,434.0,86.40047529134502,102.2,112.9,10.629453681710213,22.0,0.05069124,130.0,0.29953917,4.00645178545775,3.8398654860313113
52,Michael Wacha,KCR,14078,200.2,593.0,88.2690724376141,103.9,115.8,18.542955326460483,42.0,0.07082631,219.0,0.3693086,3.3189369506853637,4.0017604258465616
53,Peter Lambert,HOU,17969,155.2,439.0,88.09767989935288,104.1,114.7,18.77030162412993,30.0,0.06833713,156.0,0.35535308,3.8158459802601414,3.7060816505762992
54,Shane McClanahan,TBR,21483,118.0,338.0,89.3089237154447,105.5,114.2,10.429447852760736,30.0,0.0887574,140.0,0.41420118,3.3559323118802187,4.284893075284907
55,Logan Henderson,MIL,31475,98.1,241.0,88.33445393538274,104.3,113.1,21.357142857142858,20.0,0.08298755,89.0,0.36929461,2.4711864726333164,2.7316942651091045
56,Brandon Pfaadt,ARI,27782,114.2,365.0,88.13085365820851,102.7,112.2,13.633608815426998,23.0,0.0630137,121.0,0.33150685,3.3750001590612397,3.558298467639625
57,Tyler Glasnow,LAD,14374,74.0,164.0,90.10370343997155,103.4,110.4,16.753086419753085,14.0,0.08536585,63.0,0.38414634,3.527027072481556,2.85874327335912
58,Max Meyer,MIA,27474,111.0,293.0,89.71003422192636,104.3,112.1,14.13840830449827,25.0,0.08532423,123.0,0.41979522,2.6756757216526705,3.8795233205787945
59,Eury Pérez,MIA,27768,158.0,412.0,88.63056300380119,105.5,113.4,19.25427872860636,41.0,0.09951456,163.0,0.39563107,3.9303798180057394,4.087365812134323
60,Jake Bennett,BOS,31959,109.2,328.0,88.60125770808766,104.8,115.8,12.79245283018868,27.0,0.08231707,126.0,0.38414634,3.7750761410416542,3.4211931084813965
61,Casey Mize,2 Tms,20492,131.1,398.0,89.20101541432027,104.2,113.0,18.441624365482234,33.0,0.08291457,157.0,0.39447236,4.3172591131464495,3.8613086987193466
62,Gerrit Cole,NYY,13125,127.0,361.0,90.79914734580301,104.3,114.4,19.72159090909091,32.0,0.08864266,156.0,0.43213296,3.6141733369053317,3.7676300746309557
63,Griffin Jax,TBR,20253,103.1,279.0,88.3912418114878,104.4,109.9,11.291970802919709,23.0,0.08243728,107.0,0.38351254,3.135483938489076,4.069331258923649
64,Christian Scott,NYM,30107,110.0,284.0,86.811071232387,103.6,112.8,18.17142857142857,18.0,0.06338028,98.0,0.34507042,3.8454548121681085,3.7021003171161797
65,Tyler Mahle,2 Tms,16358,149.0,428.0,89.6272519369261,104.0,110.5,12.682464454976303,29.0,0.06775701,159.0,0.37149533,3.9865773087884695,3.932288423868113
66,Janson Junk,MIA,23301,122.2,394.0,89.79354030402132,104.9,114.2,14.81653746770026,29.0,0.07360406,151.0,0.38324873,4.255434937000506,4.194721304352613
67,Framber Valdez,DET,17295,174.0,542.0,89.96566012400501,105.3,115.5,5.418867924528302,30.0,0.05535055,227.0,0.41881919,4.0344828484529,4.379198707676487
68,Will Warren,NYY,30182,149.1,444.0,91.15570681497931,105.8,116.9,12.422374429223744,32.0,0.07207207,199.0,0.4481982,4.098214477642771,4.397325376148025
69,Blake Snell,LAD,13543,42.2,101.0,82.8759994506836,100.9,110.8,17.28,2.0,0.01980198,16.0,0.15841584,1.8984375282889236,2.166475426754835
70,Freddy Peralta,2 Tms,18679,169.0,503.0,87.62096811109974,103.3,114.7,16.474849094567404,29.0,0.05765408,187.0,0.37176938,4.420118542738629,3.8258400786564732
71,Michael McGreevy,STL,29869,168.2,538.0,89.89492407777256,105.2,116.0,10.355263157894736,49.0,0.09107807,225.0,0.41821561,3.9486167273059367,5.362245791217562
72,Connor Prielipp,MIN,31857,116.2,331.0,89.82098708918065,103.8,110.5,12.608024691358025,22.0,0.06646526,136.0,0.41087613,5.091428682412909,4.032637577211407
73,Keider Montero,DET,22630,136.2,430.0,88.60235251034007,103.2,112.4,17.738823529411764,33.0,0.07674419,159.0,0.36976744,3.6878049981402654,3.726066824657571
74,Hunter Brown,HOU,25880,107.1,268.0,86.21962245725236,102.0,112.0,5.033962264150944,16.0,0.05970149,99.0,0.36940299,3.186335526408207,3.3098988619408374
75,Bubba Chandler,PIT,29868,148.2,436.0,89.09976672903919,103.5,114.8,15.615384615384615,27.0,0.06192661,171.0,0.39220183,4.661435147025441,4.354808222518612
76,Seth Lugo,KCR,12447,172.1,554.0,89.66777170648452,104.8,113.6,14.368324125230203,44.0,0.07942238,237.0,0.42779783,5.170212889940213,5.085438744733812
77,Andrew Alvarez,WSN,29914,86.0,233.0,89.34434867527175,104.7,112.1,7.640692640692641,13.0,0.05579399,95.0,0.40772532,3.3488373949825707,4.097456837433702
78,Shota Imanaga,CHC,33829,174.1,488.0,88.39134052709205,104.6,114.7,17.604123711340208,48.0,0.09836066,180.0,0.36885246,3.768642536754778,3.8038582321055303
79,Carlos Rodón,NYY,16137,84.1,209.0,89.91707317073171,104.6,111.7,15.946341463414635,14.0,0.06698565,80.0,0.38277512,2.667984260121409,3.873398313676135
80,Justin Wrobleski,LAD,31204,128.1,385.0,89.90732985890973,105.5,111.5,14.81413612565445,38.0,0.0987013,171.0,0.44415584,3.576623438640357,4.697418878734927
81,Clay Holmes,2 Tms,13649,101.1,297.0,89.45578314333545,104.8,112.3,3.357142857142857,13.0,0.04377104,120.0,0.4040404,3.2861843754710334,3.8658525881905543
82,Emerson Hancock,SEA,27470,138.2,401.0,89.67487438719476,105.0,114.7,13.530150753768844,35.0,0.0872818,167.0,0.41645885,3.569711628480205,4.0068166122692555
83,J.T. Ginn,ATH,27889,131.1,371.0,87.48898143085238,104.4,113.2,9.944903581267218,23.0,0.06199461,133.0,0.35849057,3.6319797833432954,4.168239582622168
84,David Peterson,2 Tms,20302,116.1,356.0,88.636572265625,104.2,111.7,6.785714285714286,19.0,0.05337079,144.0,0.40449438,5.028653514989006,4.825572295909727
85,Gage Jump,ATH,35418,98.2,279.0,89.64727250532671,104.3,113.6,15.47463768115942,19.0,0.06810036,111.0,0.39784946,5.472973219838094,4.614270716963
86,Nathan Eovaldi,TEX,9132,137.0,392.0,88.96948711688702,104.7,115.9,10.246153846153845,33.0,0.08418367,163.0,0.41581633,4.138686189006696,4.219775736440725
87,Matthew Boyd,CHC,15440,126.2,378.0,88.4497304936891,105.1,112.5,14.163978494623656,29.0,0.07671958,142.0,0.37566138,3.907894874147436,4.646014364738889
88,Joey Cantillo,CLE,23335,144.0,398.0,88.32307684482673,104.1,113.4,10.976982097186701,32.0,0.08040201,158.0,0.39698492,4.000000132454771,4.236034677504416
89,Troy Melton,DET,31807,114.1,332.0,88.92674760905443,104.6,111.9,13.866261398176292,20.0,0.06024096,127.0,0.38253012,2.7551021633805326,3.840365019288365
90,Brandon Young,BAL,27819,156.2,471.0,89.17121193625711,105.0,114.0,14.187904967602591,32.0,0.06794055,185.0,0.39278132,3.5617022722001694,4.312019440188996
91,Kyle Harrison,MIL,27758,112.1,308.0,89.08355241072805,104.0,115.0,14.845394736842104,25.0,0.08116883,117.0,0.37987013,3.925816201493179,3.8773108803834164
92,Tanner Bibee,CLE,30134,188.0,570.0,89.00106757221697,103.9,115.6,17.268683274021353,48.0,0.08421053,224.0,0.39298246,4.356383111316085,4.333717639990956
93,Cal Quantrill,TEX,19312,76.2,226.0,89.26964282989502,103.8,116.1,16.09375,15.0,0.06637168,82.0,0.36283186,2.4652174117479526,3.2432713358559746
94,Walker Buehler,SDP,19374,153.2,456.0,89.30951373345029,104.3,111.9,11.575221238938052,38.0,0.08333333,176.0,0.38596491,4.62689826787146,4.250284765981288
95,Kyle Bradish,BAL,24586,155.0,454.0,88.40674225882198,104.2,114.2,10.84943820224719,38.0,0.08370044,176.0,0.3876652,4.122580771987077,4.458571598392386
96,Martín Pérez,ATL,6902,132.2,408.0,87.81834097244032,104.1,116.9,9.077889447236181,18.0,0.04411765,142.0,0.34803922,3.1206030973277117,4.628741194629965
97,Ben Brown,CHC,23590,42.1,110.0,91.1214953271028,106.3,112.0,12.14018691588785,10.0,0.09090909,53.0,0.48181818,1.7007874143464352,3.442425729638462
98,Rhett Lowder,CIN,33876,126.1,414.0,90.05382697964892,105.0,113.6,14.158024691358024,41.0,0.09903382,160.0,0.38647343,5.984169106361937,5.482405027764793
99,Anthony Kay,CHW,20387,151.0,471.0,88.06052599455181,105.0,113.4,12.25164113785558,38.0,0.08067941,178.0,0.37791932,4.47019884489194,4.898600485860392
100,Andrew Abbott,CIN,29911,166.0,522.0,89.7108211784898,104.4,113.0,17.140280561122246,42.0,0.08045977,201.0,0.38505747,4.608433867317621,4.917728719051496
101,Robert Gasser,MIL,29812,104.0,299.0,86.65135110391152,104.1,114.7,19.405405405405407,24.0,0.08026756,105.0,0.35117057,3.9807694132864206,4.281326571878483
102,Nick Pivetta,SDP,15454,34.2,89.0,89.56136391379617,104.0,114.3,21.170454545454547,9.0,0.1011236,34.0,0.38202247,2.855769283143727,3.18096652693443
103,Emmet Sheehan,LAD,29839,107.0,291.0,88.63425537954153,104.6,111.0,19.98961937716263,29.0,0.09965636,113.0,0.38831615,4.794392779754538,3.7130092650372992
104,Kumar Rocker,TEX,31843,130.1,394.0,89.42634274221747,106.3,113.6,13.26086956521739,31.0,0.0786802,164.0,0.41624365,4.488491223756882,4.735360527371358
105,Randy Vásquez,SDP,24719,117.0,371.0,91.26314406149433,104.2,114.1,16.766937669376695,38.0,0.10242588,164.0,0.44204852,3.69230781269262,5.69257159051499
106,Jack Flaherty,DET,17479,86.1,238.0,90.48411920244601,104.2,113.5,22.030042918454935,20.0,0.08403361,110.0,0.46218487,4.586872806436202,4.42784915835344
107,Aaron Nola,PHI,16149,175.1,506.0,88.52854349893963,104.4,113.5,13.243512974051896,47.0,0.09288538,204.0,0.40316206,4.671102797101468,4.179584467747709
108,Trey Yesavage,TOR,35456,97.2,255.0,88.31479956054687,103.1,111.0,21.212,17.0,0.06666667,87.0,0.34117647,3.68600699390274,3.3595413996443466
109,Hayden Wesneski,HOU,27581,61.0,178.0,87.95649745100636,103.6,109.2,11.005649717514125,9.0,0.0505618,71.0,0.3988764,3.2459016900907063,3.7917883177982588
110,Bailey Ober,MIN,21224,128.0,419.0,89.03301193053464,105.2,115.5,21.61686746987952,42.0,0.10023866,159.0,0.37947494,4.570312602154448,4.725617819558034
111,Brandon Woodruff,MIL,16162,45.1,116.0,89.99652099609375,103.7,108.9,23.51304347826087,9.0,0.07758621,40.0,0.34482759,2.977941322646346,2.8794227244586774
112,Bryce Elder,ATL,27779,149.0,460.0,89.98995535714286,104.5,113.0,13.185267857142858,31.0,0.0673913,183.0,0.39782609,4.107382655492761,4.143734606988813
113,Matthew Liberatore,STL,22294,155.0,460.0,90.1642548410516,105.9,112.0,16.05043859649123,43.0,0.09347826,195.0,0.42391304,5.225806676684021,5.003664971005517
114,Shane Drohan,MIL,27814,94.0,271.0,89.00801494103352,104.0,115.2,13.718631178707223,25.0,0.09225092,105.0,0.38745387,5.074468291037876,4.31003577051716
115,Patrick Sandoval,BOS,19447,64.2,195.0,87.8157894736842,104.8,109.4,15.205263157894738,13.0,0.06666667,69.0,0.35384615,5.149484738595107,5.028385240301844
116,Yusei Kikuchi,LAA,20633,67.2,205.0,90.6696071250766,106.2,116.2,11.897058823529411,17.0,0.08292683,91.0,0.44390244,4.92118238160604,4.745705909083525
117,Gabriel Hughes,COL,31614,61.0,191.0,87.59301035891298,103.4,109.0,13.575268817204302,12.0,0.06282723,62.0,0.32460733,6.639344469894174,3.8975532098865124
118,Andrew Painter,PHI,30091,116.2,356.0,87.4883195056535,104.4,113.0,14.079545454545455,29.0,0.08146067,127.0,0.35674157,5.4000001618521605,4.516075901360358
119,Mitch Keller,PIT,17594,115.2,364.0,89.49861563473857,105.1,111.7,13.930747922437673,27.0,0.07417582,154.0,0.42307692,5.291066398753986,5.504633559647756
120,Bryce Miller,SEA,29837,113.2,312.0,87.45261457854626,102.2,111.5,17.166666666666668,25.0,0.08012821,101.0,0.32371795,4.1964811379334215,3.741921438943403
121,Roki Sasaki,LAD,35323,119.1,341.0,89.63372712445683,104.5,115.7,12.274336283185841,34.0,0.09970674,147.0,0.43108504,4.6005587817719205,4.4208690332068015
122,Anthony Molina,SFG,26952,24.2,68.0,88.52499928193934,102.9,107.6,19.75,5.0,0.07352941,26.0,0.38235294,4.378378491231003,3.180333793344217
123,Carmen Mlodzinski,PIT,27572,52.1,179.0,92.5700566351077,106.0,110.6,13.44632768361582,13.0,0.0726257,93.0,0.51955307,5.847134113137684,6.248530980048917
124,Grant Holmes,ATL,16944,143.2,440.0,91.28000067349137,105.2,112.5,12.314942528735632,40.0,0.09090909,194.0,0.44090909,3.5707657718674395,4.9950674660111245
125,Kris Bubic,KCR,21455,50.1,129.0,89.45039379690576,105.7,114.2,12.527559055118111,10.0,0.07751938,51.0,0.39534884,4.112582885352706,4.5574229822943
126,Kyle Freeland,COL,16256,135.1,469.0,90.72483848753038,105.8,112.9,14.55939524838013,52.0,0.1108742,204.0,0.43496802,6.650246555356427,5.548437132078273
127,Quinn Mathews,STL,33851,49.1,144.0,89.12071402413504,104.8,111.6,14.664285714285715,7.0,0.04861111,53.0,0.36805556,3.8310811798271276,3.8378268575526464
128,David Sandlin,CHW,31743,31.2,87.0,89.17241659931753,104.4,111.5,12.229885057471265,7.0,0.08045977,34.0,0.3908046,4.547368512351759,3.6255455617582775
129,Jake Irvin,WSN,21504,96.2,277.0,89.41236394708807,105.6,114.9,17.12727272727273,29.0,0.10469314,125.0,0.45126354,5.400000142064592,5.132938077849102
130,Connelly Early,2 Tms,33666,94.2,263.0,90.45937538146973,104.6,113.3,13.065891472868216,28.0,0.10646388,105.0,0.39923954,3.3274649116425916,4.2453924143697
131,Ian Seymour,TBR,27932,77.0,203.0,88.57386802788356,105.6,111.4,20.306532663316585,25.0,0.12315271,81.0,0.39901478,4.441558496568835,4.125358756831989
132,Randy Dobnak,KCR,23798,64.2,209.0,90.21658548494665,105.9,113.7,9.892682926829268,9.0,0.0430622,88.0,0.42105263,3.757732106542375,4.831009149907086
133,Ryan Gusto,MIA,26440,78.2,257.0,89.78365697007234,104.1,111.5,15.050583657587548,23.0,0.08949416,113.0,0.43968872,4.118644300804381,5.261828156068679
134,Slade Cecconi,CLE,27500,107.1,351.0,88.83554835677836,103.3,112.5,12.910404624277456,30.0,0.08547009,138.0,0.39316239,4.779503332078985,4.7827910798060564
135,Zebby Matthews,MIN,31827,130.1,386.0,90.79007794651599,104.5,112.8,13.52219321148825,41.0,0.10621762,164.0,0.42487047,4.902813382940692,4.375127017695488
136,Luis Severino,ATH,15890,62.2,173.0,88.76725081951298,103.9,113.6,11.56140350877193,15.0,0.0867052,67.0,0.38728324,4.164893722658302,4.280775387064727
137,Zac Thornton,NYM,33891,84.1,253.0,88.9552001953125,104.3,113.2,15.688,24.0,0.09486166,104.0,0.41106719,3.4150198143370227,4.483518299644562
138,Jonah Tong,NYM,32157,20.2,51.0,89.60400024414062,103.6,113.0,15.68,3.0,0.05882353,21.0,0.41176471,3.919354959283489,2.6948080574176343
139,Chris Bassitt,BAL,12304,91.2,308.0,88.62491795274077,104.1,114.0,11.681967213114755,16.0,0.05194805,117.0,0.37987013,4.712727550563356,5.112328273592838
140,Hunter Greene,CIN,22182,27.2,79.0,90.22564227764423,105.7,108.5,21.833333333333332,4.0,0.05063291,37.0,0.46835443,6.831325458189389,4.492207514976371
141,Robbie Ray,2 Tms,11486,159.1,463.0,89.08741622150076,104.6,112.9,18.346578366445915,36.0,0.07775378,173.0,0.37365011,3.728033569496419,4.892415077858844
142,Trevor McDonald,SFG,26448,70.1,218.0,88.99392472026504,103.9,114.4,3.6744186046511627,9.0,0.0412844,82.0,0.37614679,5.118483643666654,4.0916817228039495
143,Kade Anderson,SEA,37238,35.2,105.0,87.65096048208383,104.7,109.6,12.384615384615385,8.0,0.07619048,43.0,0.40952381,3.7850468976496265,3.8989716754228376
144,Sean Manaea,NYM,15873,107.2,323.0,90.15031385121856,105.4,113.1,15.0125786163522,38.0,0.11764706,144.0,0.44582043,4.681114703117175,4.900234669989595
145,Lake Bachar,2 Tms,19222,25.0,61.0,87.98305084745763,101.3,107.3,13.610169491525424,1.0,0.01639344,19.0,0.31147541,2.160000247192411,3.1756528573314755
146,Jacob Lopez,ATH,25098,114.2,349.0,84.32222306100945,103.1,110.8,22.169590643274855,25.0,0.07163324,107.0,0.30659026,5.415697884614441,3.5803690279927967
147,Chad Patrick,MIL,30113,28.1,83.0,89.56790048104746,104.5,116.1,21.901234567901234,6.0,0.07228916,33.0,0.39759036,2.8588236577123154,4.307089220195792
148,Mick Abel,MIN,27756,17.0,45.0,89.5139529206032,103.3,109.2,13.837209302325581,3.0,0.06666667,20.0,0.44444444,2.1176470588235294,4.234089963284403
149,Colin Rea,CHC,12317,100.2,318.0,89.82310157486155,104.0,112.5,13.294303797468354,35.0,0.11006289,129.0,0.40566038,4.470198873124484,5.5325181707936375
150,Dean Kremer,2 Tms,19350,90.1,248.0,87.8265306122449,103.7,109.9,16.70204081632653,22.0,0.08870968,87.0,0.35080645,4.682656892483094,4.13059398186591
151,Stephen Kolek,KCR,21487,54.0,176.0,88.46416107354136,106.0,112.8,10.277456647398845,12.0,0.06818182,65.0,0.36931818,4.500000158945725,3.856293396308944
152,Jack Leiter,TEX,30146,80.0,233.0,87.992241958092,104.5,113.0,16.176724137931036,24.0,0.10300429,93.0,0.39914163,5.28750025212766,4.860005079224096
153,Joe Boyle,TBR,29608,15.2,44.0,87.3279064089753,103.7,108.4,19.41860465116279,2.0,0.04545455,19.0,0.43181818,5.170212975774439,4.5966814505724525
154,Patrick Corbin,TOR,9323,69.0,229.0,88.90704856570072,105.6,114.6,14.86784140969163,17.0,0.07423581,99.0,0.43231441,5.086956802973916,5.716267831009477
155,Jackson Jobe,DET,30203,46.0,122.0,88.79504243204417,104.6,110.0,11.37190082644628,11.0,0.09016393,46.0,0.37704918,3.913043640511705,3.831737154241922
156,Robert Stock,NYM,6576,30.0,97.0,89.17766035364029,104.5,110.3,15.23404255319149,8.0,0.08247423,36.0,0.37113402,6.00000019073487,5.131938718986769
157,Reynaldo López,ATL,16400,57.1,173.0,87.45087633634868,104.6,114.5,14.432748538011696,14.0,0.08092486,62.0,0.3583815,5.023256008917742,4.988586133944209
158,Spencer Miles,TOR,31621,22.0,72.0,86.74788698008362,101.3,108.0,10.154929577464788,3.0,0.04166667,24.0,0.33333333,5.7272727272727275,3.3503915519379093
159,Michael Lorenzen,COL,14843,114.2,422.0,91.1634849238794,106.2,114.6,11.725536992840096,40.0,0.09478673,196.0,0.46445498,7.142442256486264,6.214990441497088
160,Drew Anderson,DET,15130,51.2,137.0,88.69632406795726,103.6,112.3,11.970588235294118,12.0,0.08759124,46.0,0.33576642,2.6129034026480484,4.15483007238843
161,Jackson Kent,WSN,35462,32.1,101.0,88.04399963378906,105.0,111.3,10.89,7.0,0.06930693,42.0,0.41584158,6.402062107442565,5.343162281518553
162,Sean Newcomb,CHW,16943,10.2,21.0,93.38571384974888,104.6,107.6,3.1904761904761907,0.0,0.0,11.0,0.52380952,0.843750050291422,2.87678817181277
163,Tomoyuki Sugano,COL,35321,154.1,521.0,90.9653100302053,105.6,116.7,15.505813953488373,61.0,0.11708253,225.0,0.4318618,5.3650109759472375,6.349679369777615
164,Tim Mayza,PHI,15042,9.2,28.0,91.0249993460519,101.7,109.0,10.428571428571429,1.0,0.03571429,12.0,0.42857143,3.724138187454958,3.4325981472484632
165,Kendry Rojas,MIN,29423,12.1,27.0,83.06399780273438,101.3,107.0,18.48,0.0,0.0,3.0,0.11111111,2.1891892456155015,2.1328767852918835
166,Cody Bradford,TEX,27597,38.2,142.0,90.2829616970486,105.4,111.5,19.711111111111112,15.0,0.1056338,59.0,0.41549296,4.6551726051516615,5.439806254867044
167,Jack Perkins,ATH,31468,81.1,234.0,88.18684226588199,102.9,111.2,13.710526315789474,23.0,0.0982906,86.0,0.36752137,6.750000184676692,4.618583479663544
168,Mitch Bratt,ARI,30003,44.0,136.0,86.9659090909091,102.2,112.1,25.28030303030303,9.0,0.06617647,46.0,0.33823529,4.704545556513733,4.121844387466671
169,Ryan Feltner,COL,21446,107.2,357.0,87.36317327137371,103.7,111.0,13.739376770538243,38.0,0.10644258,134.0,0.37535014,6.102167380849174,5.25097596079178
170,Max Scherzer,TOR,3137,84.2,259.0,87.3743195886278,103.5,111.9,22.346303501945524,21.0,0.08108108,87.0,0.33590734,5.740157652731997,4.220951897910978
171,Riley Cornelio,WSN,31953,7.2,12.0,94.2999979654948,104.8,105.9,18.083333333333332,1.0,0.08333333,6.0,0.5,0.0,4.413832883852899
172,Garrett Crochet,BOS,27463,30.0,86.0,89.55060329207454,104.7,112.8,14.301204819277109,9.0,0.10465116,39.0,0.45348837,6.3000002002716124,5.122253433796444
173,Kyle Hart,SDP,19646,8.2,23.0,84.42727383700284,101.4,103.9,13.272727272727273,1.0,0.04347826,3.0,0.13043478,1.0384616146426284,1.995009793503497
174,Casey Legumina,TBR,25921,10.1,30.0,83.97000020345052,99.0,107.7,8.9,0.0,0.0,9.0,0.3,1.7419358589895622,2.6387701132440364
175,Brandon Sproat,MIL,33850,88.1,238.0,89.77913022248642,103.9,113.9,13.452173913043477,20.0,0.08403361,99.0,0.41596639,5.196226658194727,4.824620053340495
176,Hunter Dobbins,STL,30240,40.0,112.0,87.70991144953547,103.0,110.3,11.792792792792794,8.0,0.07142857,43.0,0.38392857,3.8250000911951085,4.060706713362103
177,Cade Povich,BAL,30055,31.1,97.0,90.50624974568684,106.6,110.2,16.4020618556701,7.0,0.07216495,39.0,0.40206186,4.595744867355057,4.497919541919764
178,Brady Basso,ATH,25582,16.2,67.0,90.93788054495147,107.6,110.7,13.227272727272727,4.0,0.05970149,29.0,0.43283582,7.560000720977852,4.266985548012487
179,Brad Lord,WSN,31972,11.2,30.0,83.24827575683594,94.2,104.3,4.586206896551724,1.0,0.03333333,3.0,0.1,2.3142862305836953,2.5152531024090674
180,Ryan Yarbrough,NYY,16502,5.0,15.0,76.94000244140625,97.3,99.9,26.933333333333334,0.0,0.0,3.0,0.2,0.0,3.0509269767777303
181,Blade Tidwell,SFG,31701,44.2,129.0,88.91783011976139,105.7,118.5,21.612403100775193,15.0,0.11627907,49.0,0.37984496,4.835821170853639,4.41284433974736
182,Aaron Civale,ATH,19479,72.1,249.0,90.40161972972545,104.6,112.1,20.88259109311741,24.0,0.09638554,113.0,0.45381526,5.101382645416605,5.254799561750811
183,Tatsuya Imai,HOU,37124,58.2,149.0,89.97551037016369,104.0,112.6,12.081632653061224,17.0,0.11409396,68.0,0.45637584,5.829545911584347,5.0670298193414745
184,Grant Taylor,CHW,33927,5.0,11.0,94.92727383700284,103.0,105.7,24.09090909090909,2.0,0.18181818,8.0,0.72727273,0.0,2.826447557797644
185,José Suarez,2 Tms,19911,5.0,11.0,89.59999778053977,105.1,110.9,16.454545454545453,1.0,0.09090909,4.0,0.36363636,7.200001373291277,2.088812702423301
186,Tyler Phillips,MIA,20629,90.0,271.0,90.27313255196187,104.7,112.9,9.097014925373134,22.0,0.08118081,123.0,0.45387454,3.900000165303555,5.011545811927966
187,Grayson Rodriguez,LAA,24492,98.2,309.0,90.2844659009026,105.1,113.7,14.171521035598705,27.0,0.08737864,138.0,0.44660194,6.020270541821904,5.689894699795577
188,Jack Dreyer,LAD,30249,4.0,8.0,89.14999771118164,103.6,103.6,23.375,1.0,0.125,3.0,0.375,4.5,3.9597524642121833
189,Gordon Graceffo,STL,29519,3.0,5.0,78.92000122070313,108.6,108.6,15.8,0.0,0.0,1.0,0.2,0.0,0.6671164645514508
190,Mason Montgomery,PIT,29770,5.0,10.0,90.94000091552735,104.2,105.6,13.1,1.0,0.1,5.0,0.5,0.0,2.555614209783486
191,Noah Schultz,CHW,32056,60.1,179.0,89.31666687713272,104.5,110.7,16.93103448275862,18.0,0.10055866,72.0,0.40223464,6.414364982020112,6.106880486391258
192,Chris Paddack,2 Tms,20099,41.0,147.0,88.96783404583698,103.3,113.3,16.293706293706293,11.0,0.07482993,56.0,0.38095238,7.682927186683431,4.892084650466919
193,Jack Kochanowicz,LAA,27688,64.0,208.0,89.44257452936456,105.2,111.4,4.737623762376238,15.0,0.07211538,89.0,0.42788462,6.187500279484096,5.61604762466528
194,Ryan Johnson,LAA,35325,95.0,289.0,87.15609688044425,103.8,113.6,19.28919860627178,26.0,0.0899654,103.0,0.35640138,4.547368558001324,4.687858666623666
195,Bradgley Rodriguez,SDP,29107,4.0,9.0,83.31110975477431,102.7,102.7,0.0,1.0,0.11111111,2.0,0.22222222,0.0,1.626015113831269
196,Coleman Crow,MIL,27926,16.2,60.0,89.36666666666666,103.7,112.7,16.733333333333334,5.0,0.08333333,24.0,0.4,5.9400002265930265,5.795685427582136
197,Griffin Canning,SDP,19867,50.1,143.0,90.70633751237897,105.1,113.8,10.71830985915493,15.0,0.1048951,69.0,0.48251748,6.794702415889614,5.019595594287319
198,Mason Adams,COL,31663,29.0,80.0,92.73000030517578,104.4,111.5,13.0,8.0,0.1,45.0,0.5625,4.034482891295956,5.0766661778623465
199,Wandy Peralta,SDP,14295,5.0,14.0,89.1571431841169,104.5,111.0,7.5,1.0,0.07142857,5.0,0.35714286,1.8,4.615873818104758
200,Alec Gamboa,BOS,26227,4.2,16.0,88.66250038146973,103.5,104.6,15.6875,1.0,0.0625,6.0,0.375,5.7857150739554095,3.2523223432816084
201,Adrian Houser,SFG,12718,73.2,243.0,90.38571487554982,105.7,112.8,11.668067226890756,24.0,0.09876543,104.0,0.42798354,5.131222095881223,5.552572023409716
202,PJ Poulin,WSN,23394,15.0,42.0,90.48095194498698,106.5,109.7,14.261904761904763,3.0,0.07142857,15.0,0.35714286,1.8000002360344243,4.036166058337824
203,Braydon Fisher,TOR,24609,11.1,24.0,90.9958324432373,105.4,106.8,11.333333333333334,2.0,0.08333333,12.0,0.5,0.794117736156434,4.082541187116086
204,Jacob Latz,TEX,21306,4.0,10.0,95.05999755859375,101.0,102.2,21.3,2.0,0.2,6.0,0.6,0.0,2.5508892189198886
205,Aaron Ashby,MIL,23550,2.1,6.0,97.23333740234375,116.3,116.3,14.833333333333334,1.0,0.16666667,3.0,0.5,7.714286765273879,2.7381181184430803
206,Tyler Alexander,TEX,17735,6.0,14.0,85.28571537562779,98.5,103.1,8.214285714285714,0.0,0.0,4.0,0.28571429,1.5,2.464871517473462
207,Carson Palmquist,WSN,31612,10.2,34.0,86.55483910345262,101.1,102.9,16.129032258064516,2.0,0.05882353,9.0,0.26470588,10.968751665117704,6.204287549091127
208,Jakob Junis,TEX,13619,2.2,8.0,84.875,102.1,102.1,23.25,1.0,0.125,3.0,0.375,3.3750008046628963,2.619442636291582
209,Tanner Gordon,COL,27669,55.1,211.0,90.4519037155878,105.3,111.0,18.03791469194313,21.0,0.09952607,87.0,0.41232227,7.969879701220954,5.276955776888238
210,Shane Bieber,TOR,19427,55.2,174.0,89.9281603933751,105.2,114.6,12.770114942528735,19.0,0.1091954,80.0,0.45977011,4.365269739964509,5.974742903197423
211,Javier Assad,CHC,21741,56.2,171.0,89.64556270802515,103.9,112.4,12.159763313609467,13.0,0.07602339,74.0,0.43274854,3.4941179214794547,4.681838778983512
212,Wilber Dotel,PIT,28901,4.0,16.0,86.7874984741211,103.6,106.7,9.875,0.0,0.0,4.0,0.25,9.0,3.4857512724446758
213,Matt Wilkinson,SFG,33760,22.2,72.0,88.90281655754842,103.7,107.6,26.422535211267604,6.0,0.08333333,29.0,0.40277778,4.3676471813327336,3.6266074288291787
214,Luis Castillo,2 Tms,15689,114.2,377.0,90.03719706162609,103.8,112.3,17.452830188679247,38.0,0.10079576,159.0,0.42175066,5.57267463489312,5.175858381117801
215,Cody Bolton,HOU,23265,7.2,21.0,88.59473619962993,104.0,110.5,13.894736842105264,2.0,0.0952381,8.0,0.38095238,4.695652563315065,8.914020713186238
216,Chase Dollander,COL,33482,13.2,39.0,89.33589680989583,104.1,109.2,16.384615384615383,2.0,0.05128205,21.0,0.53846154,3.2926830800071847,5.590390680553618
217,George Klassen,LAA,33464,27.0,79.0,90.19210735120271,106.6,111.3,6.473684210526316,7.0,0.08860759,36.0,0.4556962,3.666666796177998,5.6064957131072655
218,Hagen Smith,CHW,35205,2.0,5.0,89.9199951171875,101.2,101.2,-1.0,0.0,0.0,2.0,0.4,0.0,2.3909944684131443
219,Luinder Avila,KCR,24452,51.2,152.0,88.35946036673882,104.7,109.9,12.093959731543624,8.0,0.05263158,56.0,0.36842105,6.270968057838877,5.264885711994572
220,Cionel Pérez,NYM,19614,2.0,5.0,95.07999725341797,107.6,107.6,20.2,1.0,0.2,3.0,0.6,0.0,2.137355646791962
221,Kent Emanuel,CIN,15849,5.0,15.0,91.36000162760416,106.9,107.1,19.666666666666668,1.0,0.06666667,6.0,0.4,3.6,3.9928449742551795
222,Yohan Ramírez,PIT,19444,2.0,3.0,99.96666463216145,110.6,110.6,28.666666666666668,0.0,0.0,2.0,0.66666667,0.0,2.3548675536158226
223,Steven Matz,TBR,13361,47.0,142.0,89.2225355766189,105.3,114.9,15.950704225352112,19.0,0.13380282,54.0,0.38028169,5.361702236453568,5.976130212813513
224,Justin Hagenman,NYM,21546,3.0,9.0,92.13333468967014,103.8,103.8,30.333333333333332,1.0,0.11111111,3.0,0.33333333,3.0,4.492264406131899
225,Mitch Spence,KCR,27707,4.0,18.0,91.02777777777777,104.8,106.3,17.27777777777778,0.0,0.0,7.0,0.38888889,13.5,4.461903466658791
226,Cole Sulser,TBR,15256,4.0,13.0,92.15384615384616,106.4,108.6,23.846153846153847,2.0,0.15384615,5.0,0.38461538,2.25,5.89230401779344
227,Andrew Morris,MIN,31891,4.0,17.0,90.86874961853027,105.3,108.7,10.3125,1.0,0.05882353,7.0,0.41176471,6.75,5.070874222652585
228,Mason Fluharty,TOR,31553,4.1,13.0,90.72307880108173,109.1,111.9,27.46153846153846,1.0,0.07692308,7.0,0.53846154,2.076923714939855,4.154631284893232
229,Lance McCullers Jr.,HOU,14120,39.1,105.0,91.48190336681547,104.9,111.9,12.923809523809524,9.0,0.08571429,53.0,0.5047619,6.864407001573174,4.626080193035406
230,Elmer Rodríguez,NYY,31811,26.2,83.0,87.3999991068026,103.1,107.5,10.25609756097561,7.0,0.08433735,30.0,0.36144578,5.400000321865101,5.550238608062074
231,Brady Singer,CIN,25377,157.0,522.0,91.13683235999382,105.5,113.4,13.851485148514852,55.0,0.10536398,227.0,0.4348659,5.847133935549728,5.962687206286124
232,Cody Ponce,TOR,17920,2.1,6.0,87.86666870117188,101.5,101.5,6.166666666666667,0.0,0.0,2.0,0.33333333,3.8571433826369397,2.444397973056198
233,Brandon Williamson,CIN,25463,42.1,130.0,89.47499942779541,105.0,111.1,16.59375,12.0,0.09230769,54.0,0.41538462,5.527559345672754,5.905542559988462
234,Cesar Perdomo,SFG,30334,20.2,73.0,89.4985918931558,102.6,110.0,12.464788732394366,5.0,0.06849315,31.0,0.42465753,3.9193551401442206,4.476584539859444
235,Spencer Arrighetti,2 Tms,29921,96.2,266.0,87.00839652723938,103.6,112.5,18.580152671755727,23.0,0.08646617,81.0,0.30451128,5.027586289563446,5.3118865564946205
236,Tyler Holton,DET,26231,3.2,11.0,88.8090917413885,101.7,101.7,4.7272727272727275,0.0,0.0,4.0,0.36363636,2.4545459200528925,3.2617394457710933
237,Edward Cabrera,CHC,21690,76.0,229.0,91.08616147722516,105.8,115.4,12.017857142857142,27.0,0.11790393,97.0,0.42358079,5.684210811625571,5.106065670739565
238,Jimmy Herget,COL,17556,3.0,7.0,100.35000101725261,108.4,108.4,22.833333333333332,1.0,0.14285714,5.0,0.71428571,3.0,7.84732160406816
239,Spencer Strider,ATL,27498,39.0,98.0,89.09072089441044,103.9,111.5,22.144329896907216,11.0,0.1122449,36.0,0.36734694,5.307692437482307,3.5249778508459366
240,Zach Pop,PHI,20185,2.0,8.0,94.61250305175781,108.3,108.3,3.25,1.0,0.125,6.0,0.75,4.5,10.568151695465849
241,Tyler Samaniego,BOS,30081,1.0,7.0,85.35714285714286,107.1,107.1,22.142857142857142,0.0,0.0,3.0,0.42857143,36.0,6.215579440410527
242,Trevor Williams,TEX,16977,1.0,1.0,102.0999984741211,102.1,102.1,17.0,0.0,0.0,1.0,1.0,0.0,1.0333507375948565
243,Erik Miller,BOS,26252,1.0,3.0,95.5999984741211,106.1,106.1,-32.0,0.0,0.0,1.0,0.33333333,0.0,1.2716501954053465
244,Richard Lovelady,WSN,19337,8.2,25.0,85.00833320617676,103.2,106.7,17.583333333333332,1.0,0.04,8.0,0.32,2.076923229285257,5.356533922776866
245,Jordan Wicks,CHC,30094,6.1,26.0,88.08846106896034,105.5,113.4,14.23076923076923,2.0,0.07692308,13.0,0.5,15.631579731970321,4.791938100663398
246,Kirby Yates,PIT,9073,1.2,5.0,91.77999877929688,103.4,103.4,13.2,0.0,0.0,3.0,0.6,0.0,2.7922494213902307
247,Adam Macko,TOR,25590,1.2,6.0,85.48333740234375,110.0,110.0,13.833333333333334,0.0,0.0,1.0,0.16666667,0.0,8.575503921464586
248,Brenan Hanifee,DET,22304,1.2,7.0,90.62857055664062,104.4,104.4,24.285714285714285,0.0,0.0,3.0,0.42857143,5.400002253056512,2.4008355148103777
249,Will Dion,WSN,30061,3.0,7.0,79.38571602957589,99.0,99.0,-16.142857142857142,0.0,0.0,2.0,0.28571429,0.0,2.611616733374537
250,Ray Kerr,ATL,23809,3.0,10.0,85.22999877929688,97.1,98.8,6.1,0.0,0.0,2.0,0.2,0.0,5.350906613753309
251,Luis Medina,ATH,21649,1.1,4.0,92.5250015258789,108.7,108.7,-13.75,0.0,0.0,2.0,0.5,0.0,3.452495894299897
252,Caleb Ferguson,CIN,19349,1.2,5.0,89.14000244140625,100.3,100.3,26.8,0.0,0.0,2.0,0.4,0.0,3.251093563797326
253,Kai-Wei Teng,HOU,24282,44.0,133.0,90.10676700907543,105.3,113.4,13.045112781954888,11.0,0.08270677,57.0,0.42857143,5.522727392429165,5.502407650793585
254,Edgardo Henriquez,LAD,26944,1.0,3.0,85.16666666666667,87.4,87.4,27.0,0.0,0.0,0.0,0.0,0.0,4.489134382201251
255,Brock Stewart,LAD,16727,1.0,3.0,85.46666463216145,98.9,98.9,-2.0,0.0,0.0,2.0,0.66666667,0.0,3.449968970744708
256,Kyle Backhus,PHI,29615,1.0,4.0,86.7000020345052,92.3,92.3,-18.666666666666668,0.0,0.0,0.0,0.0,9.0,0.607452057925152
257,Matt Svanson,STL,29629,1.0,3.0,96.06667073567708,106.7,106.7,20.0,1.0,0.33333333,2.0,0.66666667,0.0,6.26552318338881
258,Riley Martin,CHC,29934,1.0,2.0,93.75,99.5,99.5,50.0,0.0,0.0,1.0,0.5,0.0,0.16251943175317024
259,Carson Seymour,SFG,30084,1.0,2.0,97.80000305175781,97.9,97.9,11.0,0.0,0.0,2.0,1.0,0.0,0.7808898176580642
260,JT Brubaker,SFG,17578,1.0,4.0,87.7750015258789,103.5,103.5,7.25,0.0,0.0,2.0,0.5,9.0,7.972887427316868
261,Didier Fuentes,ATL,30661,3.0,10.0,95.67000122070313,108.5,109.3,-1.1,2.0,0.2,5.0,0.5,12.0,4.739524887330786
262,Brent Suter,2 Tms,13942,8.2,24.0,87.65000025431316,105.1,108.7,0.875,3.0,0.125,10.0,0.41666667,3.1153848439278855,5.91539285829994
263,Derek Law,ARI,13133,2.0,6.0,87.21666463216145,100.4,100.4,3.1666666666666665,0.0,0.0,3.0,0.5,0.0,1.8923227478212603
264,Logan Allen,CLE,27589,5.2,24.0,91.10000101725261,106.2,108.8,7.875,1.0,0.04166667,13.0,0.54166667,11.117648306190077,5.2098075875298395
265,Cade Horton,CHC,31872,7.1,20.0,85.83157669870477,109.7,110.0,4.157894736842105,1.0,0.05,7.0,0.35,2.454545560947139,3.329183803633195
266,Kyle Hurt,LAD,27514,1.2,7.0,97.68571254185268,105.5,105.5,0.2857142857142857,1.0,0.14285714,6.0,0.85714286,10.800004119874618,8.754723593511867
267,Taylor Clarke,ARI,17611,2.1,9.0,88.26666937934027,99.0,99.0,18.666666666666668,0.0,0.0,3.0,0.33333333,3.857145057650284,3.9138906663193462
268,Joey Estes,ATH,26257,4.1,13.0,91.78461162860577,100.1,105.8,23.076923076923077,1.0,0.07692308,4.0,0.30769231,8.307692917141027,2.8794045104673778
269,DL Hall,MIL,22207,2.0,3.0,95.59999593098958,106.2,106.2,5.666666666666667,2.0,0.66666667,2.0,0.66666667,0.0,8.518884122409904
270,Cole Winn,TEX,22113,1.0,3.0,102.5,108.0,108.0,7.0,1.0,0.33333333,3.0,1.0,0.0,118.86247472083453
271,Zach Eflin,BAL,13774,3.2,8.0,99.11250305175781,107.3,107.3,8.75,2.0,0.25,6.0,0.75,2.454545880152248,3.969390371627054
272,Erick Fedde,CHW,17425,72.1,223.0,88.91479793257777,104.7,114.5,18.26457399103139,21.0,0.0941704,96.0,0.43049327,3.8571429758027986,4.679002272942475
273,Seth Johnson,ATH,26020,1.2,4.0,90.66666666666667,106.8,106.8,24.666666666666668,0.0,0.0,1.0,0.25,0.0,4.672667553750332
274,Jordan Leasure,CHW,29950,1.1,4.0,80.0,99.9,99.9,33.0,0.0,0.0,1.0,0.25,0.0,3.0889512799276018
275,Cade Gibson,MIA,31815,1.1,5.0,85.7,102.4,102.4,21.4,0.0,0.0,2.0,0.4,6.750001609325793,3.8626851210661743
276,Jacob Waguespack,DET,18318,1.1,4.0,80.55000305175781,103.8,103.8,11.0,0.0,0.0,1.0,0.25,13.500003218651585,5.140780237842266
277,Jordan Hicks,CHW,19618,1.2,4.0,99.5999984741211,105.4,105.4,7.0,0.0,0.0,3.0,0.75,16.200006759169536,4.978517818532211
278,Andrew Sears,DET,33664,10.2,36.0,89.3,101.2,104.0,22.428571428571427,1.0,0.02777778,11.0,0.30555556,4.218750652216942,3.553448022161444
279,Jason Alexander,HOU,19666,12.0,38.0,86.81842041015625,102.3,110.0,14.131578947368421,3.0,0.07894737,15.0,0.39473684,6.75,3.891343035796537
280,Paxton Schultz,WSN,25501,1.0,4.0,95.375,106.1,106.1,9.25,0.0,0.0,2.0,0.5,9.0,8.313011123210316
281,Jose Cabrera,ARI,30412,22.0,72.0,88.9765625,104.6,111.8,13.53125,6.0,0.08333333,26.0,0.36111111,5.318182048718802,5.3740355601827225
282,Tanner Banks,PHI,16990,1.0,2.0,96.44999694824219,101.9,101.9,28.0,0.0,0.0,1.0,0.5,9.0,4.707791527458865
283,Will Klein,LAD,27787,4.0,13.0,96.25384756234976,108.6,113.1,11.23076923076923,1.0,0.07692308,8.0,0.61538462,4.5,7.788388868188335
284,Jefry Yan,NYM,27902,1.2,7.0,88.08571079799107,112.9,112.9,12.285714285714286,1.0,0.14285714,4.0,0.57142857,10.800004119874618,5.099075180418462
285,Beck Way,KCR,27877,1.0,6.0,96.03333536783855,101.4,101.4,18.166666666666668,1.0,0.16666667,4.0,0.66666667,18.0,31.968942861753835
286,Keegan Akin,BAL,19362,2.0,3.0,75.56666437784831,101.9,101.9,-6.0,1.0,0.33333333,1.0,0.33333333,4.5,2.428035213002479
287,Carson Whisenhunt,SFG,31676,34.2,116.0,91.30869565217391,104.3,114.0,16.4,9.0,0.07758621,52.0,0.44827586,6.490385091516428,5.966289900050582
288,Steven Cruz,KCR,23165,2.1,3.0,95.43333180745442,105.5,105.5,17.666666666666668,1.0,0.33333333,1.0,0.33333333,3.8571433826369397,3.4848311649607226
289,Eduardo Rivera,BOS,31280,6.2,21.0,90.63809494745163,103.0,111.6,12.761904761904763,1.0,0.04761905,9.0,0.42857143,9.450002337545735,4.629734799145039
290,River Ryan,DET,29514,4.1,12.0,90.45833333333333,108.0,109.3,12.083333333333334,1.0,0.08333333,5.0,0.41666667,4.153846458570514,5.081550264146202
291,Zach Agnos,COL,31552,10.2,32.0,86.25937271118164,102.4,107.6,16.65625,3.0,0.09375,12.0,0.375,1.687500100582844,4.699834771308913
292,CJ Van Eyk,TOR,27568,5.0,17.0,88.79999856387867,107.0,110.9,10.176470588235293,4.0,0.23529412,7.0,0.41176471,7.2,9.675782327594284
293,Cristian Javier,HOU,17606,49.2,151.0,89.39200093587239,104.4,110.8,23.413333333333334,15.0,0.09933775,52.0,0.34437086,5.79865790369232,5.382929366330446
294,Ty Madden,DET,30140,3.1,9.0,90.73333062065973,110.4,110.4,34.0,2.0,0.22222222,4.0,0.44444444,5.40000051498418,7.236798327436362
295,JP Sears,SDP,23429,28.1,92.0,91.23555569118923,104.0,110.4,16.133333333333333,9.0,0.09782609,43.0,0.4673913,4.764706256562893,5.553442820651174
296,Ryan Rolison,CHC,22200,3.1,9.0,94.18889024522569,110.9,110.9,17.77777777777778,1.0,0.11111111,4.0,0.44444444,2.70000025749209,3.324179789454672
297,Shane Smith,CHW,31687,8.1,28.0,82.18888685438368,104.8,109.9,14.148148148148149,0.0,0.0,9.0,0.32142857,10.80000164794947,4.734133421823498
298,Austin Warren,NYM,24937,2.0,7.0,91.62857055664062,107.7,107.7,-4.714285714285714,1.0,0.14285714,4.0,0.57142857,9.0,9.05057344853744
299,Braxton Garrett,MIA,21844,4.1,15.0,85.56428527832031,105.9,111.0,22.214285714285715,2.0,0.13333333,4.0,0.26666667,14.538462604996798,6.7056138845439754
300,José Urquidy,CHW,18413,3.0,13.0,83.96153846153847,99.2,106.9,11.307692307692308,0.0,0.0,4.0,0.30769231,15.0,5.876897432338868
301,Eddy Yean,WSN,24248,2.1,10.0,83.1,94.3,103.3,18.6,1.0,0.1,1.0,0.1,7.714286765273879,4.460035344676933
302,Miguel Ullola,HOU,29036,1.2,4.0,90.60000038146973,96.7,96.7,20.0,0.0,0.0,2.0,0.5,5.400002253056512,5.2267764912118
303,Sam Aldegheri,LAA,26443,25.2,89.0,87.76363650235263,105.7,113.0,18.170454545454547,9.0,0.1011236,33.0,0.37078652,6.311688468033641,6.7474390183774275
304,Eric Lauer,2 Tms,19316,90.1,299.0,88.53163261154072,103.3,113.2,21.904761904761905,29.0,0.09698997,106.0,0.35451505,5.280442990251766,4.620127882475656
305,Daniel Espino,CLE,25625,4.0,9.0,84.34444512261285,103.8,103.8,10.444444444444445,2.0,0.22222222,3.0,0.33333333,6.75,4.300618658057004
306,Ryne Nelson,ARI,26253,83.1,266.0,90.470834905451,104.6,112.4,19.29811320754717,27.0,0.10150376,115.0,0.43233083,4.968000248145116,5.294226860949345
307,Bryan Hudson,CHW,19924,10.0,30.0,89.94138099407327,102.9,104.3,12.275862068965518,4.0,0.13333333,12.0,0.4,5.4000010460617185,3.0716023500805583
308,Owen Murphy,ATL,31761,2.2,11.0,94.49091131036931,104.3,109.4,28.545454545454547,1.0,0.09090909,4.0,0.36363636,6.750001609325793,9.391095938218145
309,Matt Waldron,2 Tms,25550,15.2,61.0,88.15423480534957,103.2,106.6,20.06779661016949,4.0,0.06557377,20.0,0.32786885,8.617021626290732,4.505477894414835
310,John King,MIA,22051,1.2,5.0,100.52000122070312,108.3,108.3,6.4,2.0,0.4,4.0,0.8,10.800004119874618,13.265004803280112
311,Merrill Kelly,ARI,11156,162.0,517.0,89.56011783022778,105.4,114.5,13.402750491159136,57.0,0.11025145,214.0,0.4139265,4.944444589981167,6.352189843575292
312,Yunior Marte,SFG,31097,14.1,47.0,87.48478367017663,105.4,109.9,11.826086956521738,6.0,0.12765957,20.0,0.42553191,5.651163292034353,7.5755934621780385
313,Brandon Eisert,CHW,27668,4.2,14.0,88.96428571428571,103.6,109.1,21.214285714285715,1.0,0.07142857,6.0,0.42857143,7.71428844028686,3.1547289615825824
314,Robby Snelling,MIA,31893,5.0,16.0,88.47856794084821,104.7,106.5,7.571428571428571,1.0,0.0625,7.0,0.4375,5.4,6.116490370536935
315,Thomas Pannone,MIL,17281,3.0,10.0,88.25,102.8,102.9,5.1,1.0,0.1,3.0,0.3,6.0,7.390381521447192
316,Jack Ralston,MIA,26104,1.1,5.0,84.87999877929687,104.9,104.9,14.6,2.0,0.4,2.0,0.4,20.250004827977378,8.5020785020472
317,Nick Lodolo,CIN,26378,108.2,340.0,89.91969659978693,104.9,115.9,11.969696969696969,30.0,0.08823529,137.0,0.40294118,4.96932531328312,6.468397391467334
318,Paul Blackburn,NYY,14739,3.0,7.0,87.54285757882255,108.3,108.3,5.571428571428571,2.0,0.28571429,3.0,0.42857143,3.0,10.395239618952402
319,Sean Sullivan,COL,33502,22.1,84.0,88.50481957125376,104.7,110.8,28.566265060240966,8.0,0.0952381,29.0,0.3452381,8.865672146565004,4.82415059602294
320,Jose Quintana,COL,11423,48.0,166.0,88.71288351047258,103.8,115.8,19.858895705521473,16.0,0.09638554,58.0,0.34939759,5.4375003241002755,5.5810784724877776
321,Tobias Myers,NYM,22191,4.2,16.0,89.4857155936105,104.1,105.9,23.071428571428573,1.0,0.0625,6.0,0.375,15.428573530547759,6.329175227186694
322,Colton Gordon,HOU,31312,3.2,13.0,91.86153470552884,101.5,108.2,9.076923076923077,2.0,0.15384615,8.0,0.61538462,9.818183520608992,8.294523535195346
323,AJ Smith-Shawver,ATL,29960,21.0,71.0,88.70571463448661,104.1,112.1,15.457142857142857,6.0,0.08450704,27.0,0.38028169,7.714286064615071,4.825115284162147
324,Justin Verlander,DET,8700,9.0,29.0,92.26551555765086,107.4,107.8,27.24137931034483,4.0,0.13793103,13.0,0.44827586,7.000000741746769,6.52899348606469
325,Pete Fairbanks,MIA,17998,1.0,5.0,96.42500305175781,115.2,115.2,28.5,2.0,0.4,2.0,0.4,27.0,30.300076251749267
326,Lyon Richardson,CIN,24581,1.0,2.0,85.69999694824219,106.3,106.3,44.5,1.0,0.5,1.0,0.5,36.0,20.463536014988577
327,Lucas Giolito,SDP,15474,20.2,62.0,88.64354878087198,104.1,110.5,22.387096774193548,2.0,0.03225806,25.0,0.40322581,4.354838843648321,5.1398772953666425
328,Jesse Scholtens,TBR,19205,10.1,31.0,87.60967820690524,106.4,109.0,14.741935483870968,4.0,0.12903226,11.0,0.35483871,6.0967749437855066,4.893331911509383
329,Huascar Brazobán,NYM,6107,7.0,20.0,87.41579035708779,105.9,108.9,7.2631578947368425,1.0,0.05,4.0,0.2,5.14285784351592,4.719886788665865
330,Brennan Bernardino,COL,16835,1.1,7.0,88.2000013078962,101.3,101.3,28.571428571428573,1.0,0.14285714,2.0,0.28571429,20.250021122418026,8.94104245454623
331,Chase Petty,CIN,30170,12.1,46.0,88.57608695652173,105.2,112.6,16.108695652173914,5.0,0.10869565,20.0,0.43478261,6.567568244683368,8.945955620942371
332,Jovani Morán,BOS,20422,3.0,10.0,93.62000122070313,104.1,104.7,19.2,1.0,0.1,5.0,0.5,15.0,6.879448404345765
333,Zac Gallen,ARI,19291,101.1,356.0,90.81278471513228,106.3,113.6,11.869318181818182,39.0,0.10955056,158.0,0.44382022,6.217105516704671,6.8628530422162015
334,Tanner Houck,BOS,19879,3.0,12.0,86.2999979654948,106.4,109.3,5.0,2.0,0.16666667,6.0,0.5,9.0,11.090042659307603
335,Jedixson Paez,BOS,29114,3.2,18.0,90.83888753255208,106.5,110.9,1.6111111111111112,4.0,0.22222222,10.0,0.55555556,19.636367041217984,14.553549211899947
336,DJ Herz,WSN,26389,7.0,26.0,90.9423076923077,107.8,110.8,13.076923076923077,7.0,0.26923077,14.0,0.53846154,10.285714285714286,11.803754234257623
337,Ryan Weiss,HOU,24621,7.0,20.0,88.35,103.9,105.5,13.4,2.0,0.1,9.0,0.45,5.14285784351592,6.546741926378869
338,Alan Rangel,PHI,19524,11.1,33.0,89.76875114440918,106.7,109.8,16.28125,3.0,0.09090909,12.0,0.36363636,6.352941354665794,5.414527471066049
339,Kohl Drake,ARI,32070,20.2,67.0,91.3969257061298,105.0,108.3,19.184615384615384,11.0,0.1641791,33.0,0.49253731,6.532258265472482,7.911453254303662
340,Ethan Pecko,HOU,33515,20.0,65.0,91.08281326293945,104.8,112.0,19.40625,8.0,0.12307692,31.0,0.47692308,5.850000557899528,6.568744192233575
341,Trey Gibson,BAL,33794,37.2,113.0,90.75405361416104,105.1,111.6,7.216216216216216,9.0,0.07964602,51.0,0.45132743,6.21238995726163,6.340445197957533
342,Brayan Bello,BOS,23920,52.2,183.0,89.82022471910112,106.2,112.4,10.376404494382022,20.0,0.10928962,76.0,0.41530055,7.177215536441829,6.21234537680314
343,Brycen Mautz,STL,31910,1.0,5.0,94.24000244140625,110.6,110.6,29.8,2.0,0.4,2.0,0.4,27.0,32.556344896480496
344,Cole Ragans,KCR,21846,35.1,83.0,89.59512143018769,104.8,111.6,20.20731707317073,13.0,0.15662651,33.0,0.39759036,4.839622823840452,5.115443650446225
345,Mike Paredes,MIN,30187,22.0,76.0,91.99866617838542,105.8,108.8,16.293333333333333,7.0,0.09210526,42.0,0.55263158,4.500000195069755,6.145445525305902
346,Hurston Waldrep,ATL,33527,8.2,30.0,90.15999755859374,104.5,108.6,-2.466666666666667,3.0,0.1,10.0,0.33333333,10.384616146426286,5.5251526480307955
347,Bailey Falter,KCR,20070,4.1,23.0,96.15217125934103,106.2,109.6,16.695652173913043,3.0,0.13043478,14.0,0.60869565,18.69230906356731,15.010490745608326
348,Chris Murphy,CHW,26214,2.2,10.0,89.68999938964843,107.5,110.1,33.2,2.0,0.2,3.0,0.3,20.250012975194423,6.911053879591053
349,Ronel Blanco,HOU,19407,23.1,63.0,88.89677478421119,102.9,107.9,15.983870967741936,7.0,0.11111111,23.0,0.36507937,5.78571483748305,5.567270878267845
350,Daniel Lynch IV,KCR,21537,40.0,136.0,89.88947359242833,103.8,112.0,14.729323308270677,12.0,0.08823529,55.0,0.40441176,6.52500031113626,6.181067665333939
351,JR Ritchie,ATL,31760,55.0,161.0,89.25283064932194,104.2,109.4,11.45,15.0,0.0931677,69.0,0.42857143,5.727272925889204,5.331287776067764
352,Taijuan Walker,PHI,11836,18.2,67.0,86.23787804805872,103.0,108.7,10.378787878787879,7.0,0.10447761,23.0,0.34328358,9.160714597726365,7.638624148525212
353,Xzavion Curry,NYM,25595,3.0,12.0,100.40000406901042,109.4,110.4,28.416666666666668,4.0,0.33333333,8.0,0.66666667,18.0,25.079769683267532
354,Brendan Beck,NYY,33043,8.2,26.0,89.96153846153847,105.7,110.5,20.53846153846154,7.0,0.26923077,11.0,0.42307692,12.461539375711542,6.6197437064741225
355,Kade Morris,ATH,33787,6.2,27.0,88.59615384615384,107.1,109.4,-0.25925925925925924,2.0,0.07407407,15.0,0.55555556,18.90000180244463,6.503225031845364
356,Corbin Burnes,ARI,19361,10.1,35.0,90.99142892020089,106.7,109.8,25.314285714285713,6.0,0.17142857,14.0,0.4,7.8387106420099375,6.856719999753498
357,Mike Burrows,HOU,24728,93.2,306.0,88.3927634389777,104.1,113.9,15.444078947368421,26.0,0.08496732,119.0,0.38888889,6.05338094727271,4.787468978391713
358,Luis Morales,ATH,32227,7.1,28.0,90.8107169015067,108.8,110.4,22.392857142857142,4.0,0.14285714,13.0,0.46428571,12.272727804735695,11.616577640612864
359,Jeffrey Springs,ATH,17677,142.2,456.0,87.55290167672294,104.3,114.1,16.819196428571427,43.0,0.09429825,159.0,0.34868421,6.182243266161057,4.940500430564329
360,Mason Englert,TBR,22288,18.0,63.0,89.98871046496976,105.5,109.1,18.70967741935484,12.0,0.19047619,25.0,0.3968254,9.000000953674418,6.850221815575451
361,Simeon Woods Richardson,MIN,24494,44.2,165.0,90.84444474585263,105.8,112.6,17.74074074074074,15.0,0.09090909,76.0,0.46060606,8.2611945002083,6.444131251573399
362,Kodai Senga,NYM,31838,31.2,86.0,89.0282377355239,103.9,107.9,23.68235294117647,11.0,0.12790698,33.0,0.38372093,9.663158670779472,5.28947425290968
363,Germán Márquez,SDP,15038,44.0,144.0,89.17042219135124,104.9,113.5,17.281690140845072,14.0,0.09722222,64.0,0.44444444,5.113636474471449,5.520595334787537
364,Luis Gil,NYY,21052,19.1,62.0,93.19999919953894,106.7,114.3,14.59016393442623,6.0,0.09677419,29.0,0.46774194,6.051724237437482,6.650349970851903
365,Mason Barnett,ATH,31741,25.1,78.0,90.5525630070613,104.2,111.2,18.256410256410255,7.0,0.08974359,30.0,0.38461538,9.236842568891554,5.3372482541906185
366,Miles Mikolas,WSN,9803,53.0,199.0,90.40510278818559,105.7,111.9,11.38265306122449,22.0,0.11055276,94.0,0.47236181,8.320754866703588,6.5953825081273525
367,Zack Littell,WSN,15823,67.0,231.0,91.96260880180027,105.6,115.2,20.804347826086957,29.0,0.12554113,105.0,0.45454545,6.179104653518012,7.434828362774981
368,Jameson Taillon,2 Tms,11674,86.0,260.0,89.20887997896054,106.2,112.4,18.706563706563706,38.0,0.14615385,103.0,0.39615385,5.651162978698919,5.943539630825173
