rank,Name,Team,playerid,W,L,SV,G,GS,IP,K/9,BB/9,HR/9,BABIP,LOB%,GB%,HR/FB,vFA (pi),ERA,xERA,FIP,xFIP,WAR
1,Jacob Misiorowski,MIL,31623,10.0,4.0,0.0,18.0,18.0,111.0,13.540540656876269,2.1891892079979596,0.7297297359993199,0.22748815165876776,0.8186398,0.460829493,0.116883116,100.45516113747613,1.6216216355540443,2.0550198055624596,2.0917845347206097,2.1008519963643226,4.3898021215399
2,Cristopher Sánchez,PHI,20778,11.0,4.0,0.0,20.0,20.0,127.1,10.178010649072124,1.7670157376861326,0.8481675540893436,0.3333333333333333,0.81497797,0.577903682,0.127659574,,2.6151832917754763,3.204192335516299,2.7002699851898253,2.6064993193073183,3.989275536141246
3,Dylan Cease,TOR,18525,6.0,4.0,0.0,17.0,17.0,98.1,13.545763149771064,4.027118774256262,0.45762713343821165,0.30845771144278605,0.77570093,0.443902439,0.071428571,97.80356296159063,2.562711947253985,2.84870067578852,2.1855392855222586,2.6154914248498136,3.735673849993054
4,Cam Schlittler,NYY,32095,9.0,5.0,0.0,20.0,20.0,118.2,10.39044974438246,1.8960674716026387,0.9101123863692665,0.2568493150684932,0.82484725,0.421404682,0.100840336,97.90681035228322,2.0477528693308495,2.994972942581138,2.814276690023172,3.0365266710166567,3.4431970113317205
5,Joe Ryan,MIN,21390,6.0,5.0,0.0,20.0,20.0,110.1,10.441087736444395,2.039274948524296,0.8157099794097183,0.2872340425531915,0.70093458,0.358620689,0.074626865,93.74027560502111,2.8549849279340145,3.1966052245907464,2.7745095606347947,3.457548304909204,3.311815140658181
6,Jesús Luzardo,PHI,19959,8.0,4.0,0.0,19.0,19.0,110.1,11.093656004642153,2.8549850011946716,0.7341390003072013,0.32971014492753625,0.7187017,0.505338078,0.111111111,97.28230917841648,3.5075530014677394,2.9659214481325384,2.8379536633998077,2.902636705835669,3.280046111665897
7,Paul Skenes,PIT,33677,8.0,8.0,0.0,20.0,20.0,108.1,10.800000227781448,1.9938461958981133,0.9138461731199686,0.2835820895522388,0.66276803,0.407272727,0.095652173,96.97947240137792,3.5723077676507864,2.7230631965963505,2.87925508618778,3.1861177676113357,3.2091604008484533
8,Ranger Suarez,BOS,17277,4.0,3.0,0.0,17.0,17.0,91.1,9.558394493269903,2.5620438847939946,0.49270074707576816,0.3048780487804878,0.73267327,0.404,0.060240963,91.77620637970443,3.1532847812849165,3.301117031811,2.6080928053229138,3.2891344239752094,2.988958445961757
9,Shohei Ohtani,LAD,19755,8.0,2.0,0.0,14.0,14.0,85.2,9.980544821153224,2.7315175299998296,0.42023346615381996,0.24401913875598086,0.81081081,0.511848341,0.057142857,98.05319072394971,1.7859922311537348,2.6983831922070927,2.610521175219225,3.2557969660054176,2.974838204961067
10,Chase Burns,CIN,35333,11.0,1.0,0.0,18.0,18.0,102.2,10.344156004301233,3.2435065437215727,1.0519480682340236,0.26422764227642276,0.8744856,0.360784313,0.105263157,97.88667231991249,2.542207831565557,3.159319825211889,3.4027416090214113,3.584990683185546,2.8508152940736697
11,Bryan Woo,SEA,30279,7.0,6.0,0.0,18.0,18.0,104.1,8.798722151963135,1.7252396376398305,0.8626198188199152,0.2837370242214533,0.62376238,0.372483221,0.076335877,95.88859685430464,4.226837112217584,3.508603695803145,3.052870229130909,3.7311221720008865,2.794960814034561
12,Braxton Ashcraft,PIT,23793,9.0,3.0,0.0,19.0,19.0,113.1,10.16470616746527,2.1441177071997055,1.111764737066514,0.2972027972027972,0.74733096,0.429530201,0.127272727,97.25137699875876,3.4941177450661867,3.2856355841941802,3.321381793880133,3.202976180060685,2.7912700520188545
13,Davis Martin,CHW,21448,9.0,4.0,0.0,18.0,18.0,100.1,8.252491955820254,2.780730985113346,0.5382059971187122,0.323943661971831,0.76243981,0.43006993,0.065217391,94.11455938100251,3.408637981751844,4.310326435010488,3.090826774674261,3.7186815968506535,2.772094459544118
14,Parker Messick,CLE,31986,8.0,5.0,0.0,19.0,19.0,112.0,8.839286165882154,2.892857290652341,0.8035714696256503,0.2569444444444444,0.79439252,0.439862542,0.093457943,93.84203957466009,2.732142996727211,3.240436021417376,3.2882935619780005,3.591713596150452,2.7700819111600077
15,Zack Wheeler,PHI,10310,10.0,1.0,0.0,15.0,15.0,93.0,10.451613117579248,2.1290323017291057,0.9677419553314118,0.23943661971830985,0.88732394,0.457399103,0.129870129,95.35428716593267,2.1290323017291057,2.6316147613693137,2.950255914902684,2.821293420148149,2.750928179137773
16,Chris Sale,ATL,10603,9.0,6.0,0.0,17.0,17.0,98.0,10.744898168308845,2.2959184120318046,0.7346938918501774,0.3114754098360656,0.83333333,0.456,0.095238095,96.09721305262129,2.2040816755505324,3.4540489962067262,2.8150792611236133,3.0674706007349655,2.7494787710298922
17,Yoshinobu Yamamoto,LAD,33825,9.0,6.0,0.0,17.0,17.0,110.2,8.620482051523076,2.0331325593214804,0.9759036284743107,0.22939068100358423,0.77981651,0.487804878,0.122448979,95.98668665510885,2.846385583050073,3.243870733843197,3.353805604225355,3.3013062896213294,2.698129131650026
18,Reid Detmers,LAA,27468,3.0,6.0,0.0,19.0,19.0,108.2,10.187116981634004,2.8987731248552047,0.9938650713789273,0.27697841726618705,0.64748201,0.351916376,0.092307692,94.30678464053722,4.3895707319235955,3.3786264905310217,3.3492598202434136,3.7470978737923573,2.669959456884108
19,Casey Mize,DET,20492,4.0,6.0,0.0,14.0,14.0,77.1,8.961207485936098,2.094827723985062,0.5818965899958505,0.2660098522167488,0.74647887,0.342995169,0.052631578,93.92687408447266,2.7931036319800824,3.077749534581365,2.687000421734966,3.729143859435176,2.554949372873149
20,Logan Gilbert,SEA,22250,7.0,6.0,0.0,19.0,19.0,114.0,9.39473715647437,1.894736905507436,1.1052631948793377,0.2613240418118467,0.77235772,0.351170568,0.104477611,95.97500558035715,3.3157895846380128,3.799693771609868,3.372723386059471,3.577652696098667,2.4510708413976885
21,Sandy Alcantara,MIA,18684,10.0,5.0,0.0,20.0,20.0,130.2,6.887755236095414,2.2729592279114863,0.8954081806924038,0.2923076923076923,0.69892473,0.444723618,0.092198581,97.5965111701043,3.9948980369353397,3.7398445220268255,3.781916014634784,4.142297168047523,2.4507050461919553
22,Justin Wrobleski,LAD,31204,10.0,2.0,0.0,15.0,15.0,96.1,6.6332180806357055,1.7750865286208226,0.7474048541561358,0.2491103202846975,0.82207207,0.413194444,0.06722689,94.42582048063127,2.5224913827769586,4.139783197690117,3.3914509956816237,4.2050184489885405,2.33877154239066
23,Max Meyer,MIA,27474,9.0,1.0,0.0,19.0,19.0,108.0,9.666666837386146,3.1666667225920135,0.9166666828555828,0.2591240875912409,0.80645161,0.416370106,0.101851851,95.1299569266183,2.5833333789566426,3.7861596945211664,3.526719485846731,3.735197210698723,2.3348172010083688
24,Jacob deGrom,TEX,10954,7.0,5.0,0.0,18.0,18.0,100.2,10.907284940430422,1.9668874482743384,1.4304635987449734,0.26556016597510373,0.79145729,0.349019607,0.140350877,97.37522520800637,3.4867550219408727,3.4484488267077418,3.398806802137218,3.0681204193447895,2.321895820050653
25,Drew Rasmussen,TBR,25385,7.0,5.0,0.0,18.0,18.0,99.1,8.879194744535033,1.5402684760928118,1.0872483360655143,0.25,0.74209246,0.462686567,0.127659574,96.10046032891758,3.261745008196543,3.269083599351977,3.3625385221922315,3.2423358570926757,2.3018308392278337
26,Nolan McLean,NYM,33703,6.0,6.0,0.0,19.0,19.0,107.1,10.481366676927552,3.270186403201396,0.838509334154204,0.2720306513409962,0.68907563,0.47761194,0.119047619,96.25078558716869,3.521739203447657,3.49986066049691,3.4361972860603633,3.4244055230877675,2.2363880971571257
27,George Kirby,SEA,25436,7.0,8.0,0.0,18.0,18.0,110.0,8.018182026729116,1.9636364147091714,0.9000000234083702,0.3426791277258567,0.73708207,0.477341389,0.097345132,96.75732421875,3.7636364615259117,3.855489243214062,3.3280662855826137,3.6024149551054716,2.232441146278461
28,Cade Cavalli,WSN,27473,5.0,4.0,0.0,20.0,20.0,98.2,10.03378413938711,2.918919022367159,0.7297297555917898,0.34317343173431736,0.70254111,0.483754512,0.09090909,96.7333008230549,3.8310812168568966,4.171256246505371,3.2629557203079687,3.5757721974229977,2.229114101958381
29,Kevin Gausman,TOR,14107,4.0,8.0,0.0,20.0,20.0,112.1,9.293768808997882,2.5637982921373466,1.2017804494393813,0.29411764705882354,0.67521368,0.38170347,0.110294117,94.02183932578289,4.326409617981772,3.8633714892714903,3.6527223514004716,3.7722509377492965,2.2191111985223047
30,Kyle Harrison,MIL,27758,8.0,2.0,0.0,17.0,17.0,83.2,10.864542162907883,2.1513944877045312,1.0756972438522656,0.2912621359223301,0.825,0.370892018,0.114942528,94.95143867967832,3.0119522827863436,3.1195111189478357,3.1007935523986814,3.14061832874362,2.1996481367097855
31,Shane Baz,BAL,22264,4.0,9.0,0.0,19.0,19.0,111.2,7.97910479561953,3.3850747617779824,0.725373163238139,0.3161094224924012,0.68775791,0.375739644,0.06870229,96.10845381764177,4.191044943153692,4.332923312045597,3.584375661224108,4.334503618078633,2.1796692557019512
32,Shane McClanahan,TBR,21483,8.0,5.0,0.0,17.0,17.0,86.0,8.581395634320579,2.930232655621661,0.6279069976332131,0.2669491525423729,0.72847682,0.443965517,0.068181818,95.70019187389964,2.8255814893494593,3.9970601497415146,3.147305181852994,3.8085209943325835,2.171818310814779
33,Michael Soroka,ARI,18383,8.0,3.0,0.0,15.0,15.0,82.0,8.670731909001326,1.865853701936994,0.658536600683645,0.2920353982300885,0.77102804,0.382608695,0.068181818,93.73469532583785,3.073170803190343,3.9804342643957633,2.9300618411103296,3.623532076527166,2.161687977180255
34,Payton Tolle,BOS,35466,5.0,6.0,0.0,15.0,15.0,84.0,9.321428783085887,2.678571489392496,0.8571428766055987,0.2602739726027397,0.73019802,0.337837837,0.072072072,96.14322180432148,3.1071429276952953,3.0178007843676125,3.2317459363245375,4.018808445530617,2.1441236438873332
35,MacKenzie Gore,TEX,22201,5.0,8.0,0.0,20.0,20.0,105.0,9.857143125728692,3.5142858100424035,1.0285714565977766,0.2949640287769784,0.69051581,0.372822299,0.1,95.56540311130651,4.628571554689994,3.882734102412183,3.624603090480883,3.8903765780017405,2.09419933692266
36,Dustin May,STL,19716,5.0,6.0,0.0,18.0,18.0,93.0,8.612903496291223,2.7096775044511707,0.6774193761127927,0.3166023166023166,0.64487633,0.442748091,0.072916666,96.96421075883067,4.548387239614465,3.7505655675773446,3.2620838800445853,3.8655782252706827,2.085446413678225
37,Landen Roupp,SFG,30076,6.0,8.0,0.0,18.0,18.0,97.0,9.649484915565605,3.896907369747648,0.6494845616246081,0.3058823529411765,0.6655574,0.486381322,0.083333333,92.92444652400604,4.26804140496171,3.358044111067852,3.2863605700057126,3.675374511082874,2.055397582024693
38,Max Fried,NYY,13743,4.0,3.0,0.0,10.0,10.0,61.2,7.2972974853850054,2.772973044446302,0.1459459497077001,0.25,0.67092652,0.487951807,0.017543859,95.06169537313623,3.2108108935694024,2.6183783020877223,2.7116043531781484,3.9173684760770264,1.9344947690380236
39,Logan Webb,SFG,17995,5.0,7.0,0.0,16.0,16.0,100.1,7.176079756955624,2.332225921010578,0.7176079756955625,0.2789115646258503,0.68014706,0.505016722,0.094117647,92.52051347555573,3.8571428693636483,3.9752584687622274,3.439663985366031,3.701460357581791,1.915760448756205
40,Gavin Williams,CLE,30122,10.0,4.0,0.0,19.0,19.0,113.1,10.641176679522113,2.9382353518083444,1.3500000265065366,0.2825278810408922,0.75091575,0.473498233,0.168316831,96.92514038085938,3.8117647807243387,4.431704290344852,3.7449112121044155,3.1606853005128537,1.8865105502728465
41,Sonny Gray,BOS,12768,11.0,1.0,0.0,17.0,17.0,95.2,7.996515812300902,2.2578397587673136,0.9407665661530472,0.27307692307692305,0.85106383,0.475836431,0.111111111,91.90897399421752,2.5400697286132274,3.6248356974045364,3.5293649880906255,3.6122534379553697,1.850328225465657
42,Tarik Skubal,DET,22267,5.0,5.0,0.0,13.0,13.0,75.2,10.585903439489135,1.308370088026747,1.1894273527515882,0.2786885245901639,0.75806452,0.459893048,0.169491525,97.09797435578018,3.0925111171541295,3.164194980093444,3.061145973973629,2.5380696029052165,1.8382990025927077
43,Michael Wacha,KCR,14078,5.0,7.0,0.0,19.0,19.0,119.1,7.240223598697506,2.564245857872033,1.0558659414767195,0.2781065088757396,0.74568289,0.38483965,0.098591549,93.14085816213866,3.770949790988284,4.126912317739629,3.9974416138114517,4.295952973495291,1.836190904270947
44,Nick Martinez,TBR,12730,8.0,2.0,0.0,18.0,18.0,105.1,5.297468514305685,1.6234177705130326,0.9398734460864926,0.26426426426426425,0.85227273,0.35,0.078014184,92.98415268651696,2.6487342571528427,4.66923127869605,3.9077556020689026,4.601646159049155,1.799512005494873
45,Michael King,SDP,19853,6.0,7.0,0.0,19.0,19.0,108.1,7.643077147354043,3.5723077971328676,0.8307692551471785,0.2482758620689655,0.76470588,0.448630136,0.087719298,93.95882513584235,3.406153946103432,4.543803034595654,4.014639733060578,4.4273557881666985,1.755166443130215
46,José Soriano,LAA,22100,8.0,6.0,0.0,20.0,20.0,111.0,9.324324564658617,4.297297408060059,0.972972998051334,0.2765957446808511,0.77572965,0.52739726,0.139534883,97.38704549247619,3.4864865763506137,4.3352465500356265,3.974667448796639,3.7566445097627117,1.745832784684899
47,Emerson Hancock,SEA,27470,6.0,4.0,0.0,18.0,18.0,99.1,8.516778714280644,2.26510072188315,1.087248346503912,0.24705882352941178,0.7912844,0.409774436,0.110091743,95.45822957011355,3.17114101063641,4.3123600591892695,3.6544848399701184,3.76570778556526,1.669316356060224
48,Foster Griffin,WSN,16432,10.0,2.0,0.0,19.0,19.0,110.1,8.891238773164304,2.1208459458924027,1.3867069646219554,0.24125874125874125,0.84033613,0.444816053,0.155963302,91.52562586897511,2.773413929243911,3.8383528685582484,4.025264862146652,3.5362752403324875,1.6620100084047946
49,Keider Montero,DET,22630,4.0,4.0,0.0,15.0,15.0,86.1,5.6293438366239625,1.876447945541321,0.9382239727706605,0.22868217054263565,0.72944297,0.36226415,0.066666666,94.41234053599683,3.335907458740126,3.618572777852811,3.9000213810551703,4.941270365626723,1.6219440742062843
50,Nathan Eovaldi,TEX,9132,9.0,7.0,0.0,18.0,18.0,111.1,9.700598913188168,2.10179643119077,1.5359281612547933,0.2945205479452055,0.76086957,0.495145631,0.188118811,94.72183043014172,4.0419162138284035,3.946040230551705,4.02594326356385,3.1976893438017533,1.6071009676562826
51,Ryan Weathers,NYY,23796,3.0,7.0,0.0,18.0,18.0,97.2,10.136519233232535,2.4880547208843495,1.474402797561096,0.30708661417322836,0.71570577,0.442379182,0.163265306,95.97294699928977,4.146757868140583,4.399105547212255,3.8687116761284193,3.2768011638381185,1.604883253200542
52,Sean Burke,CHW,29878,4.0,4.0,0.0,15.0,15.0,80.2,9.929752379165283,3.0123967891849737,1.115702514512953,0.3142857142857143,0.77083333,0.384259259,0.113636363,94.73179560122283,3.904958800795336,3.75038176744307,3.7702150611064535,3.8305195007947166,1.598612686302465
53,Taj Bradley,MIN,22543,9.0,3.0,0.0,18.0,18.0,102.2,10.344156100388467,3.506493593352023,1.3149350975070087,0.2734375,0.81132075,0.342007434,0.123966942,97.06310329207454,3.5941559331858235,3.82143165652293,3.9287156508290204,3.835586757852182,1.5542960467126887
54,Kyle Bradish,BAL,24586,6.0,9.0,0.0,19.0,19.0,107.1,8.888199021007674,4.192546708022488,1.006211209925397,0.2912280701754386,0.75077399,0.488135593,0.12,,3.6055901688993397,3.815432587378081,4.004520287239085,3.978947424907977,1.5318164863491055
55,Trevor Rogers,BAL,22286,6.0,7.0,0.0,17.0,17.0,90.1,6.874539059885341,3.0885610269050083,0.996310008679035,0.28413284132841327,0.68571429,0.381294964,0.081300813,93.45037456890485,4.483395039055657,4.276738620684291,4.074963338662626,4.722607694656942,1.5240919435378746
56,Jack Flaherty,DET,17479,3.0,8.0,0.0,18.0,18.0,82.1,10.712551144986653,4.372469855096593,0.9838057173967335,0.3087557603686636,0.67028986,0.31081081,0.083333333,93.02060444483126,4.481781601474008,4.327292386421547,3.853830027443095,4.443088282360554,1.4702691557665353
57,Eduardo Rodriguez,ARI,13164,8.0,3.0,0.0,19.0,19.0,114.0,6.23684226178727,3.07894744569245,0.9473684448284462,0.2469879518072289,0.8777969,0.401179941,0.090225563,91.98241739219192,2.2894737416687447,5.063847349518511,4.109565507540083,4.52912155988956,1.4411893487329384
58,Ben Brown,CHC,23590,3.0,1.0,0.0,8.0,8.0,42.1,8.71653549852548,2.3385826947263486,0.2125984267933044,0.23853211009174313,0.82901554,0.407407407,0.025,96.27963571591228,1.7007874143464352,3.3969739124544773,2.3921321297543336,3.533125960600338,1.4304035653849119
59,Andre Pallante,STL,26108,10.0,6.0,0.0,18.0,18.0,100.0,6.480000185394292,2.6100000746727012,0.9000000257492072,0.28431372549019607,0.72881356,0.550955414,0.109890109,95.18141437190594,3.960000113296512,3.747861183898294,4.010793578433992,4.10541571481339,1.3842264679066298
60,Noah Cameron,KCR,30184,5.0,7.0,0.0,18.0,18.0,95.2,8.560975837334711,3.0104530417001185,1.222996548190673,0.3192982456140351,0.67612688,0.349315068,0.111111111,92.43926843420252,4.891986192762692,4.9573421241488935,4.031107165979622,4.138862151877968,1.371784725156412
61,Jake Bennett,BOS,31959,4.0,3.0,0.0,8.0,8.0,47.2,6.608391828750125,1.5104895608571713,0.5664335853214393,0.2518518518518518,0.76555024,0.507462686,0.066666666,93.14883409042703,2.6433567315000497,2.9357990147664714,3.0168774656843946,3.64551030033841,1.3660917980665854
62,Joey Cantillo,CLE,23335,8.0,4.0,0.0,20.0,20.0,101.0,9.356435908603741,4.366336757348413,1.0693069609832846,0.3053435114503817,0.76862124,0.43866171,0.112149532,92.01150468466939,3.564356536610949,3.8998541395400252,4.080991599966692,4.1600316229099255,1.3639321846124337
63,Brandon Young,BAL,27819,7.0,2.0,0.0,15.0,15.0,84.1,7.150197897982612,3.308300519962104,0.960474344505127,0.2901960784313726,0.73242188,0.41221374,0.083333333,94.2700602952019,3.415019891573785,4.269047850760912,4.037552480990102,4.612836224648045,1.3464617619228159
64,Bryce Miller,SEA,29837,3.0,3.0,0.0,9.0,9.0,52.2,10.424050947504735,1.537974729959715,1.1962025677464452,0.225,0.87349398,0.368,0.114754098,96.22200219425154,2.0506329732796202,2.2366267733229077,3.0248441830179553,3.07204025108593,1.343755324901355
65,Walbert Ureña,LAA,29357,5.0,6.0,0.0,15.0,15.0,79.2,8.585774229875154,4.857740682692522,0.5648535677549443,0.24519230769230768,0.7979798,0.54028436,0.073529411,97.22701009114583,2.9372385523257107,3.1798415015947197,3.891588547255604,4.3838084994602395,1.3356047575238266
66,Framber Valdez,DET,17295,5.0,6.0,0.0,19.0,19.0,107.2,7.272445927794813,3.0092879701219917,0.9195046575372752,0.2923076923076923,0.71742313,0.522522522,0.108910891,95.1361255645752,4.0959752926660435,4.204747066620234,4.094601616605637,4.2040851908503925,1.27647477035763
67,Will Warren,NYY,30182,7.0,4.0,0.0,19.0,19.0,98.1,8.78644113244221,3.0203391392770094,1.2813559984811556,0.30742049469964666,0.68994889,0.424657534,0.129629629,93.66724927786174,4.027118852369346,4.430880291118165,4.097403773439581,3.929765736494404,1.263848921635313
68,Brandon Woodruff,MIL,16162,2.0,2.0,0.0,9.0,9.0,45.1,9.33088281095855,1.985294215097564,0.992647107548782,0.2072072072072072,0.71875,0.269565217,0.078125,91.83738125887784,2.977941322646346,2.841178237578857,3.189028850847462,3.918807891720185,1.2435769040070024
69,Clay Holmes,NYM,13649,4.0,4.0,0.0,9.0,9.0,52.2,7.6898737890448166,3.0759495156179266,0.5126582526029878,0.25,0.82116788,0.56,0.071428571,94.82640075683594,2.392405178813943,3.894524355928288,3.214717608532679,3.69637286090932,1.2257785393260834
70,Michael McGreevy,STL,29869,4.0,7.0,0.0,18.0,18.0,101.2,5.842623042163271,2.036065605602352,1.1508196901230685,0.25418060200668896,0.8315565,0.453074433,0.123809523,91.66142978061966,3.009836112629564,5.339923884280984,4.143416519518727,4.063920831396968,1.223726971867707
71,Kyle Leahy,STL,24763,7.0,4.0,0.0,18.0,18.0,89.1,7.555970256804996,3.3246269129941983,0.9067164308165996,0.3157894736842105,0.79391892,0.4375,0.101123595,94.18877985358522,3.7276119933571317,5.3622984215409675,4.007509983215281,4.224641812164901,1.2005921328502716
72,Eury Pérez,MIA,27768,5.0,7.0,0.0,16.0,16.0,85.2,9.980544932260493,3.5719845020721768,1.3657587802040676,0.2537313432835821,0.74592075,0.370892018,0.132653061,98.2881866504063,3.782101237488187,4.158946456811558,4.256435597186739,4.03686449506535,1.1979797111259674
73,Freddy Peralta,NYM,18679,5.0,8.0,0.0,20.0,20.0,104.1,8.97124644373916,3.7955273415819524,1.293929775539302,0.3053691275167785,0.70149254,0.417475728,0.127118644,94.29363388137438,4.658147191941487,3.8182164277938826,4.385138662933989,4.249430463080027,1.1970300617755105
74,Emmet Sheehan,LAD,29839,4.0,6.0,0.0,17.0,17.0,82.1,10.16599241309958,2.8421054058127857,1.6396761956612225,0.2890995260663507,0.72093023,0.339285714,0.144230769,94.57477060141274,4.809716840606253,3.8791160248961516,4.339660011342716,3.9070938362550303,1.1789890672456187
75,Bryce Elder,ATL,27779,5.0,6.0,0.0,18.0,18.0,102.2,7.53896129573653,2.805194900739174,1.3149351097214879,0.27,0.71559633,0.420711974,0.130434782,92.67027469211155,4.120130010460662,3.805643639394886,4.318326061400059,4.135632449201107,1.1490186537048084
76,Connor Prielipp,MIN,31857,2.0,5.0,0.0,13.0,13.0,66.2,9.585000091409684,3.3750000321865086,1.0800000102996827,0.31351351351351353,0.60141509,0.414893617,0.102564102,95.55583311030885,4.995000047636033,4.223714733670067,3.8807935598373415,4.113879162495953,1.134963691030883
77,Gage Jump,ATH,35418,3.0,4.0,0.0,9.0,9.0,48.2,8.876712618681262,2.7739726933378943,0.7397260515567718,0.3283582089552239,0.7615894,0.391304347,0.074074074,96.32406030520045,3.513698744894666,3.9629317294107063,3.3062730111644516,3.9382825580358185,1.112922315703558
78,Peter Lambert,HOU,17969,8.0,5.0,0.0,15.0,15.0,86.0,8.476744468048377,3.453488486982672,1.1511628289942242,0.23318385650224216,0.83140878,0.379310344,0.102803738,94.03931289366996,3.1395349881660657,3.3917494755543696,4.240328474029328,4.48431734367106,1.1116963695410371
79,Andrew Abbott,CIN,29911,5.0,5.0,0.0,20.0,20.0,105.0,7.200000196184436,4.114285826391106,1.3714286087970355,0.2750809061488673,0.77409163,0.413249211,0.122137404,92.6200876122699,4.114285826391106,4.760983822877754,4.853174552528227,4.784262980907607,1.0984604241003486
80,Trey Yesavage,TOR,35456,4.0,4.0,0.0,14.0,14.0,75.0,8.2800004211426,4.680000238037121,0.8400000427246116,0.211340206185567,0.71969697,0.329949238,0.07,94.52791916270981,3.720000189208994,3.312150734102844,4.114126937272816,4.944196039817937,1.0907698297038126
81,Carmen Mlodzinski,PIT,27572,2.0,3.0,0.0,9.0,9.0,44.0,7.9772732459809506,3.0681820176849812,0.6136364035369962,0.35766423357664234,0.72100313,0.427536231,0.063829787,95.06051917837448,4.2954548247589734,5.341057283519604,3.305339020244347,4.056019395794165,1.0763927637193764
82,Slade Cecconi,CLE,27500,4.0,6.0,0.0,19.0,19.0,99.0,7.00000026972608,2.818181926772837,1.1818182273563511,0.31475409836065577,0.72916667,0.452229299,0.115044247,93.33416564800447,4.5454547206013505,4.560693088635782,4.282611779755033,4.324817365851983,1.0591418808235504
83,Tyler Glasnow,LAD,14374,3.0,0.0,0.0,7.0,7.0,39.2,11.117647237018733,2.9495798792090517,1.134453799695789,0.18518518518518517,0.80769231,0.453488372,0.147058823,95.6175034072373,2.722689119269894,2.5955032966499627,3.252054059024787,2.9270144161251754,1.0499943194976173
84,Logan Henderson,MIL,31475,3.0,1.0,0.0,6.0,6.0,28.1,10.800000121172738,2.223529436712034,0.6352941247748669,0.2835820895522388,0.72519084,0.246376811,0.0625,93.08411458333333,3.1764706238743345,3.0414974337904885,2.465499427623815,3.2787344054944754,1.034707431489355
85,Mitch Keller,PIT,17594,6.0,7.0,0.0,19.0,19.0,103.1,6.7064517573238565,3.048387162419935,1.132258088898833,0.2861736334405145,0.63593005,0.378881987,0.110169491,93.48413417136022,5.138709788079319,5.369495470067043,4.465309710815225,4.579901118174686,1.0329366897873224
86,J.T. Ginn,ATH,27889,7.0,6.0,0.0,18.0,18.0,96.0,8.343750248663135,4.125000122934583,1.1250000335276138,0.2549019607843137,0.77132486,0.46590909,0.127659574,93.81261746088664,3.5625001061707766,4.144907926396333,4.434126925468446,4.309750554605037,1.017646026673946
87,Seth Lugo,KCR,12447,3.0,6.0,0.0,19.0,19.0,104.2,7.394904638275939,2.923566950016069,1.2898089485365012,0.32371794871794873,0.70454545,0.394409937,0.116279069,91.72889333228542,4.557324951495637,5.494582928948293,4.381048360575653,4.40683672030897,1.015082714312401
88,Shota Imanaga,CHC,33829,5.0,8.0,0.0,19.0,19.0,108.0,8.750000231795847,2.2500000596046466,1.833333381900082,0.25622775800711745,0.7832618,0.373333333,0.162962962,91.86873662624822,4.166666777045641,3.7549529120835063,4.637830630153296,3.905372206656897,1.0119983322045216
89,Janson Junk,MIA,23301,4.0,5.0,0.0,12.0,12.0,65.0,6.646154041177428,2.3538462229170056,1.2461538827207677,0.2935323383084577,0.68119891,0.430693069,0.111111111,94.4417001870131,4.569230903309482,3.9898547158670556,4.254639740103096,4.364435057398474,1.0081517552136936
90,Matthew Boyd,CHC,15440,5.0,1.0,0.0,9.0,9.0,46.0,9.195652745847251,2.543478419064133,0.978260930409282,0.3228346456692913,0.69642857,0.424242424,0.106382978,92.81703194373293,4.5000002798826975,4.917539069164533,3.5790544517098857,3.731879121573214,0.967136007477044
91,Carlos Rodón,NYY,16137,4.0,2.0,0.0,9.0,9.0,46.1,10.100719701663222,5.050359850831611,0.5827338289421089,0.25892857142857145,0.71167883,0.403508771,0.068181818,94.32250246794328,3.302158364005284,3.63480144708018,3.4461173028828944,4.059763628876503,0.9582024092541289
92,Walker Buehler,SDP,19374,5.0,5.0,0.0,19.0,19.0,89.0,8.191011587036286,3.5393259943983955,1.2134831980794498,0.31640625,0.68576389,0.473880597,0.136363636,93.99912806919643,5.35955079151757,4.490556745070959,4.34798461709145,4.110507730300311,0.930168264935703
93,Michael Lorenzen,COL,14843,3.0,9.0,0.0,20.0,20.0,96.0,6.843750339932757,3.562500176951298,1.3125000651925836,0.36363636363636365,0.63938619,0.459064327,0.12173913,94.06416829427083,6.281250311993078,5.550393155344718,4.788293636217717,4.728329637958908,0.9253973212048512
94,Aaron Nola,PHI,16149,3.0,6.0,0.0,19.0,19.0,97.0,9.463917897958574,2.8762887729089783,1.8556701760703087,0.3247232472324723,0.67857143,0.393728222,0.165289256,92.41569010416667,5.752577545817957,4.228856856186724,4.667803923302499,3.8991313902333973,0.9126010737678881
95,Griffin Jax,TBR,20253,4.0,4.0,0.0,14.0,14.0,61.0,9.00000014070605,2.6557377464378504,1.3278688732189252,0.2727272727272727,0.78397213,0.416149068,0.160714285,96.22946365158279,2.8032787323510644,5.096749711680068,3.9532525821194735,3.4421525828777226,0.8945984847823096
96,Nick Pivetta,SDP,15454,1.0,2.0,0.0,4.0,4.0,16.0,13.5,3.375,0.0,0.3333333333333333,0.55555556,0.333333333,0.0,94.36178152901786,4.5,1.8535611687748403,1.2257935523986818,3.2372677836567165,0.8939525563702023
97,Kyle Freeland,COL,16256,2.0,8.0,0.0,17.0,17.0,88.0,8.079545804784333,1.8409091707103544,1.8409091707103544,0.3617021276595745,0.58573854,0.395973154,0.151260504,91.48334908292621,7.363636682841418,5.547427938895284,4.7485208965530115,4.16185795787256,0.8883597892080463
98,Kris Bubic,KCR,21455,3.0,2.0,0.0,9.0,9.0,50.1,9.119205528390784,4.649006739963929,0.7152318061482968,0.256,0.69686411,0.4375,0.081632653,92.14048694428944,4.112582885352706,4.509920457691614,3.7166876076930486,4.1755294331979655,0.8098162611247577
99,Rhett Lowder,CIN,33876,3.0,6.0,0.0,13.0,13.0,62.2,8.042553640264602,4.30851087871318,1.1489362343235148,0.31382978723404253,0.6981982,0.42051282,0.108108108,93.35702999054439,5.3138300837462555,5.548325122620026,4.552921293002013,4.703062251083169,0.788289650934694
100,Bubba Chandler,PIT,29868,3.0,7.0,0.0,18.0,18.0,89.0,7.887640702996866,5.359550734087614,1.0112359875637007,0.2784313725490196,0.688,0.388461538,0.09009009,98.61064220610119,4.853932740305764,4.244872853864956,4.7637149541701005,5.214425634637535,0.7854501475661807
101,Trevor McDonald,SFG,26448,3.0,7.0,0.0,13.0,13.0,66.1,7.32663351694584,2.8492463677011597,0.81407039077176,0.295,0.63926941,0.561576354,0.122448979,93.93954606489702,5.02010074309252,3.893218686967503,4.050542341632402,4.006748942050761,0.7810729286058422
102,Shane Drohan,MIL,27814,2.0,3.0,0.0,9.0,9.0,45.1,8.139706281900013,3.1764707441561026,0.992647107548782,0.3076923076923077,0.75,0.406015037,0.096153846,94.50717322414658,3.772059008685372,3.965825274566638,3.9169700630499023,4.241073608797861,0.7532304220260162
103,Gerrit Cole,NYY,13125,3.0,4.0,0.0,9.0,9.0,49.0,8.632653397254687,2.0204082419106713,1.46938781229867,0.2857142857142857,0.77868852,0.349315068,0.115942028,96.73265281883445,4.0408164838213425,3.5219020829835364,4.039569099145054,4.075203261182151,0.7291119897536422
104,Christian Scott,NYM,30107,2.0,1.0,0.0,12.0,12.0,54.0,10.833334098627592,4.333333639451037,1.1666667490829714,0.2846153846153846,0.84355828,0.300751879,0.125,95.46527614363704,3.1666668903680653,4.540207042858683,4.100793623041229,4.004921403929241,0.7278183396904696
105,Jared Jones,PIT,27863,1.0,1.0,0.0,8.0,8.0,35.0,10.028571701828321,2.8285715056438856,1.2857143207472208,0.2696629213483146,0.66666667,0.451612903,0.135135135,98.55226203762756,4.371428690540551,3.606246992201003,3.6722221393974466,3.435205459340284,0.7273870598958223
106,Anthony Kay,CHW,20387,6.0,4.0,0.0,17.0,17.0,82.1,7.651822157787298,3.4979758435599075,1.2024291962237184,0.2892561983471074,0.75488455,0.445344129,0.129411764,95.95724487304688,4.263158059338638,4.97428195098599,4.849781474178636,4.695128463297621,0.7238591890286867
107,Connelly Early,BOS,33666,7.0,5.0,0.0,17.0,17.0,91.2,9.130909439225643,3.3381819455233535,1.472727328907362,0.27615062761506276,0.86407767,0.425702811,0.151515151,94.17093699802862,3.436363767450511,4.3052912398319085,4.606248155281763,4.134131348862963,0.6921809523727931
108,Luis Castillo,SEA,15689,2.0,7.0,0.0,15.0,15.0,76.1,8.253275452879338,2.8296944409872014,1.4148472204936007,0.30434782608695654,0.66523605,0.361344537,0.116504854,95.15562810945273,4.834061336686469,4.8226734313887425,4.410837275077942,4.435110222510028,0.6898820139028563
109,Troy Melton,DET,31807,5.0,1.0,0.0,8.0,8.0,49.1,7.47972992251963,2.0067568084808762,1.2770270599423759,0.171875,0.96273292,0.437037037,0.129629629,96.27067654289334,1.8243243713462514,2.9724714784715887,4.073766550450016,3.9066948625597138,0.6860348269543152
110,Jake Irvin,WSN,21504,2.0,4.0,0.0,11.0,11.0,51.2,10.103225930776608,3.8322581116738856,1.219354853714418,0.3037037037037037,0.63444109,0.39716312,0.118644067,93.00130208333333,5.225806515918935,5.212511435045341,4.242729050321708,4.231514003462582,0.6807471417374407
111,Bailey Ober,MIN,21224,6.0,3.0,0.0,13.0,13.0,71.2,6.40465130483608,2.386046564546775,1.6325581757425303,0.24651162790697675,0.72674419,0.333333333,0.116071428,88.9908008520154,4.395348934691428,4.358177483814304,4.914747081001494,4.951665236248453,0.6729169148606222
112,Tyler Mahle,SFG,16358,2.0,8.0,0.0,15.0,15.0,78.0,8.423077232033554,3.6923078277407364,1.3846154354027762,0.3181818181818182,0.68930041,0.425438596,0.136363636,92.45973563607284,5.307692502377308,4.223119727620858,4.459767961219925,4.188800745915408,0.6684707392598754
113,Yusei Kikuchi,LAA,20633,0.0,3.0,0.0,7.0,7.0,31.0,9.580645456026307,4.0645162540717665,0.8709677687296642,0.3516483516483517,0.65502183,0.372340425,0.078947368,95.54063206722861,5.806451791531095,4.910036153129689,3.6814387315517916,4.301986112554383,0.6673855637368085
114,Andrew Alvarez,WSN,29914,0.0,2.0,0.0,6.0,6.0,26.2,9.450000563263927,5.062500301748532,0.3375000201165688,0.36,0.75117371,0.586666666,0.076923076,92.12130169046337,4.050000241398826,4.155000159509715,3.2882935635745536,3.5479125792306085,0.6300385990521598
115,Luis Severino,ATH,15890,2.0,6.0,0.0,12.0,12.0,62.2,9.335106619751368,4.452127772496806,1.2925532242732662,0.3170731707317073,0.74938575,0.444444444,0.140625,97.19424909992792,4.164893722658302,4.23084353443381,4.473134012738199,4.171272008735537,0.6225343041787718
116,Tanner Bibee,CLE,30134,3.0,9.0,0.0,20.0,20.0,113.0,6.929203715262043,2.707964670332293,1.5929203943131134,0.24203821656050956,0.77884615,0.402402402,0.150375939,94.08633685534514,3.9026549660671277,4.64641085697846,4.81760775515837,4.320522687417743,0.6206139558454842
117,Chad Patrick,MIL,30113,2.0,1.0,0.0,6.0,6.0,28.1,6.988235607741215,4.764706096187192,0.31764707307914614,0.2926829268292683,0.80310881,0.320987654,0.025641025,94.6365748087565,2.8588236577123154,4.2509156857826795,3.594911221632909,5.245600237402936,0.614517088480925
118,Kumar Rocker,TEX,31843,1.0,8.0,0.0,16.0,16.0,77.1,7.448276168242659,3.6077587689925377,1.3965517815454984,0.296137339055794,0.73319756,0.430327868,0.130434782,94.61245516411164,4.887931235409245,5.207369298162781,4.781828104259004,4.587794887176931,0.6108275461829737
119,Mick Abel,MIN,27756,1.0,1.0,0.0,3.0,3.0,17.0,10.058823529411764,3.176470588235294,0.0,0.3111111111111111,0.82608696,0.441860465,0.0,95.75162980363176,2.1176470588235294,4.186725501701261,2.45373472886927,3.986286524113487,0.5812527684139277
120,Jack Leiter,TEX,30146,3.0,7.0,0.0,15.0,15.0,80.0,9.337500445246718,3.93750018775464,1.575000075101856,0.3013698630136986,0.69416499,0.36637931,0.14893617,97.03780293553956,5.28750025212766,4.796850230158083,4.763293631672863,4.289041968470737,0.5700744478803861
121,David Peterson,2 Tms,20302,2.0,7.0,0.0,11.0,11.0,51.2,7.838710063255559,4.87741959491457,0.8709677848061732,0.375,0.55555556,0.473372781,0.111111111,92.0954016349166,7.838710063255559,5.878504356546921,4.3007936114649645,4.377532275616183,0.5678725935142894
122,Patrick Corbin,TOR,9323,2.0,4.0,0.0,15.0,15.0,69.0,6.782609070631888,3.130434955676256,1.173913108378596,0.33636363636363636,0.73705179,0.377192982,0.1125,91.32498431396485,5.086956802973916,5.647342878481337,4.593547258114675,4.674766735351849,0.5488748884465274
123,Martín Pérez,ATL,6902,6.0,6.0,0.0,14.0,14.0,72.0,6.375000168879831,4.0000001059638155,1.0000000264909539,0.25,0.76086957,0.473933649,0.121212121,90.0592215566924,3.750000099341077,4.832023436605921,4.545238035107838,4.505632735254743,0.5429968811961687
124,Randy Vásquez,SDP,24719,6.0,5.0,0.0,16.0,16.0,80.2,6.582644835626423,2.9008265377336784,1.3388430174155437,0.316,0.76550388,0.35,0.101694915,94.88989175702424,4.462810058051812,6.633742611592645,4.650380378111117,4.958328055242964,0.5379638309048627
125,Ryan Feltner,COL,21446,3.0,3.0,0.0,13.0,13.0,63.1,6.678947603088345,3.4105264356195804,1.5631579496589743,0.2554347826086957,0.71005917,0.443298969,0.146666666,94.77187812059445,4.547368580826107,5.099876959303654,5.0586883580321444,4.615657573676351,0.5207696795282065
126,Joe Boyle,TBR,29608,0.0,1.0,0.0,3.0,3.0,15.2,9.191489734710114,3.4468086505162927,0.5744681084193821,0.23255813953488372,0.38461538,0.409090909,0.052631578,97.7409823330966,5.170212975774439,4.53616910027751,3.036963762574306,4.065803215580176,0.5092523528695037
127,Stephen Kolek,KCR,21487,4.0,3.0,0.0,10.0,10.0,54.0,5.666666866820543,2.0000000706425443,1.333333380428363,0.27976190476190477,0.67474048,0.457142857,0.140350877,94.2598887168214,4.500000158945725,3.8126202524428994,4.545238047862742,4.23700567269633,0.49244126532574234
128,Zach Thornton,NYM,33891,0.0,1.0,0.0,3.0,3.0,17.1,7.788461681301074,2.596153893767025,0.519230778753405,0.21739130434782608,0.75342466,0.391304347,0.052631578,91.82479127695862,2.596153893767025,3.956120199236564,2.9854089348979254,3.91532149673935,0.4294235042304244
129,Hunter Greene,CIN,22182,1.0,1.0,0.0,2.0,2.0,10.1,16.54838760586362,4.354838843648321,0.8709677687296642,0.45,0.51470588,0.19047619,0.142857142,99.07152868200231,6.9677421498373135,4.819802872430902,2.133051587143499,1.9131673126412596,0.4219488747338931
130,Brandon Pfaadt,ARI,27782,3.0,1.0,0.0,6.0,6.0,32.1,5.845361054621472,1.948453684873824,1.1134021056421852,0.26,0.70987654,0.490384615,0.105263157,92.83374459402901,3.896907369747648,3.590844804733475,4.15233998550519,4.345235917398801,0.4215951732114095
131,Matthew Liberatore,STL,22294,5.0,6.0,0.0,19.0,19.0,93.2,8.455516329899988,3.459074862231813,1.6334520182761338,0.32209737827715357,0.72147651,0.355871886,0.147826086,94.38550846160405,4.996441467668174,5.241468805085194,4.8623594544611795,4.38453156957378,0.4076345918895302
132,Nick Lodolo,CIN,26378,3.0,2.0,0.0,12.0,12.0,62.2,7.180851355242277,3.8776597318308297,1.2925532439436098,0.30434782608695654,0.78054299,0.426315789,0.134328358,94.00872950570394,4.595744867355057,6.109671834344636,5.095474484410426,4.86697932005302,0.39434981706159145
133,Tomoyuki Sugano,COL,35321,8.0,4.0,0.0,16.0,16.0,84.1,5.122529837360678,2.454545547068658,1.7075099457868925,0.26765799256505574,0.72847682,0.359154929,0.129032258,92.27829173416598,4.802371722525635,7.0034567100409895,5.318184940330271,5.10517808578267,0.3742297043232579
134,Reynaldo López,ATL,16400,2.0,2.0,0.0,9.0,9.0,39.2,7.941176597870523,3.4033613990873675,1.361344559634947,0.25688073394495414,0.74519231,0.391304347,0.117647058,94.30663862384733,3.6302521590265253,4.582252114521903,4.512558280908998,4.516595463094422,0.37125762978578775
135,Spencer Arrighetti,HOU,29921,7.0,5.0,0.0,15.0,15.0,82.0,8.890244005834115,4.829268348848161,1.3170731860494984,0.2548076923076923,0.74612403,0.371559633,0.133333333,92.36175446012128,4.500000052335786,5.207430280320511,5.039817965193777,4.819447981801318,0.36546809322025076
136,Drew Anderson,DET,15130,0.0,0.0,0.0,2.0,2.0,7.1,14.727275280913489,4.909091760304496,0.0,0.2857142857142857,0.875,0.5,0.0,95.7333984375,1.227272940076124,1.4356329366222933,1.464429632297183,2.7183358640093913,0.341531766540339
137,Garrett Crochet,BOS,27463,3.0,3.0,0.0,6.0,6.0,30.0,11.100000352859508,3.300000104904178,1.5000000476837174,0.345679012345679,0.6097561,0.364705882,0.15625,96.07791755102963,6.3000002002716124,5.055032692474503,4.300793590545656,3.7688488218960847,0.3350043253221231
138,Ian Seymour,TBR,27932,2.0,2.0,0.0,6.0,6.0,25.2,11.922078217396878,1.7532467966760115,2.103896156011214,0.3,0.7079646,0.292307692,0.1875,91.57268692961836,4.909091030692832,3.8143517842672896,4.308585790108823,3.180338649738488,0.3215229479534513
139,Sean Manaea,NYM,15873,1.0,3.0,0.0,6.0,6.0,32.0,8.156250243075199,1.968750058673324,1.4062500419095172,0.2717391304347826,0.61764706,0.442105263,0.142857142,91.09139137706538,3.937500117346648,4.138606466485188,4.350793589651586,3.9957721051194834,0.3214096118767501
140,Lake Bachar,MIA,19222,0.0,0.0,0.0,4.0,4.0,9.0,11.000001165602066,4.000000423855297,0.0,0.2,0.77777778,0.421052631,0.0,94.31675250713641,2.0000002119276483,3.368074869449741,2.3230156922045966,3.5150005481462476,0.3167510585819828
141,Colin Rea,CHC,12317,6.0,4.0,0.0,15.0,15.0,77.2,6.373390923149997,3.7081547189236344,1.2746781846299993,0.3,0.75757576,0.433734939,0.113402061,93.67384458391854,4.635193398654543,5.926280487414174,4.993497523515954,5.0663411861281205,0.31434769418654684
142,Robbie Ray,SFG,11486,7.0,6.0,0.0,18.0,18.0,100.1,7.3554819606224,4.485049975989268,1.3455149927967804,0.24175824175824176,0.77272727,0.328621908,0.111111111,93.49282812884474,3.5880399807914145,4.757999877382914,4.904780320518809,5.023330081995509,0.3021254272706363
143,Jack Kochanowicz,LAA,27688,2.0,5.0,0.0,13.0,13.0,64.0,6.60937529853983,5.062500228668807,0.984375044463379,0.2885572139303483,0.61330561,0.567961165,0.114754098,96.41107877346838,6.187500279484096,5.554525000567762,4.975793637090832,5.014632068687275,0.29892928814820313
144,Brandon Sproat,MIL,33850,3.0,3.0,0.0,16.0,16.0,74.2,9.642857594453579,3.9776787577121016,1.6875000790293764,0.27717391304347827,0.73226545,0.431472081,0.189189189,96.86962635509599,5.06250023708813,4.732921114796995,5.082936502369695,4.164304756420524,0.2988937680606433
145,Hunter Brown,HOU,25880,1.0,0.0,0.0,7.0,7.0,35.1,9.93396262165151,5.6037737865726465,1.2735849514937834,0.25882352941176473,0.79545455,0.511111111,0.161290322,96.01414057893574,3.566037864182593,3.7693430351275654,4.770604933246087,4.275579603711562,0.29348022366033183
146,Gabriel Hughes,COL,31614,0.0,0.0,0.0,1.0,1.0,6.0,10.5,3.0,0.0,0.26666666666666666,0.5,0.333333333,0.0,,4.5,2.0265198674270644,1.767460219065349,3.3000120143095657,0.26463626254961936
147,Jose Quintana,COL,11423,2.0,3.0,0.0,9.0,9.0,41.0,4.390244208794864,3.7317075774756345,1.3170732626384594,0.2846715328467153,0.65934066,0.342857142,0.089552238,89.92274360081659,5.2682930505538375,5.021699022683831,5.344696148004946,5.946671074922667,0.25814403652925555
148,Patrick Sandoval,BOS,19447,0.0,0.0,0.0,1.0,1.0,4.1,10.384616146426286,2.076923229285257,0.0,0.38461538461538464,0.83333333,0.166666666,0.0,93.95630645751953,2.076923229285257,3.5555900732244767,1.4854088185101486,3.2537379427465583,0.252196110035926
149,Grant Taylor,CHW,33927,0.0,0.0,0.0,4.0,4.0,5.0,9.0,0.0,0.0,0.09090909090909091,1.0,0.272727272,0.0,99.47736554827009,0.0,2.7881464560659075,1.1007935523986818,3.2463660657405855,0.23573892319227044
150,Chris Paddack,2 Tms,20099,0.0,7.0,0.0,9.0,9.0,41.0,6.8048783653481815,2.85365866933956,1.536585437336686,0.36428571428571427,0.60126582,0.383561643,0.122807017,93.1055499754931,7.682927186683431,4.822038870387397,4.905671685143361,4.816780274396372,0.23001790919108558
151,José Suarez,2 Tms,19911,0.0,1.0,0.0,2.0,2.0,5.0,14.400002746582555,5.400001029968458,0.0,0.45454545454545453,0.5,0.454545454,0.0,93.51245320638021,7.200001373291277,2.0620199188099946,1.7007932853698222,2.62032453790302,0.22482368389567986
152,David Sandlin,CHW,31743,2.0,1.0,0.0,3.0,3.0,16.0,7.875,3.9375,1.125,0.24390243902439024,0.55555556,0.395348837,0.117647058,96.75795265480325,5.625,3.694460335384963,4.288293552398682,4.291629834845662,0.22012750228261088
153,Edward Cabrera,CHC,21690,5.0,4.0,0.0,14.0,14.0,72.1,8.087557959119646,3.6082950894533803,1.7419355604257698,0.29,0.67961165,0.428571428,0.191780821,96.21773629236704,5.101382712675469,4.840989226466215,5.063927279227724,4.094474900946918,0.2155115982052005
154,Griffin Canning,SDP,19867,0.0,6.0,0.0,10.0,10.0,46.2,9.064286208250111,4.628571680808568,1.5428572269361893,0.3333333333333333,0.63694268,0.453846153,0.163265306,94.28523364509503,6.557143214478804,4.660399202539838,4.922222223087239,4.3028301457680485,0.1973999070711234
155,Coleman Crow,MIL,27926,0.0,1.0,0.0,4.0,4.0,16.2,5.40000020599366,2.70000010299683,1.080000041198732,0.3103448275862069,0.56034483,0.366666666,0.076923076,91.33910680700231,5.9400002265930265,5.718907339332897,4.5407936073303246,5.3715744396030765,0.19558658525230044
156,Zebby Matthews,MIN,31827,4.0,6.0,0.0,11.0,11.0,67.0,7.253731446532797,2.4179104821775987,1.8805970416936881,0.26737967914438504,0.77639752,0.391959798,0.168674698,95.01724069486788,4.5671642441132425,4.60268525215734,5.100793580866572,4.282909972288593,0.19178114423081297
157,Mason Montgomery,PIT,29770,0.0,0.0,0.0,4.0,4.0,4.0,15.75,4.5,0.0,0.375,1.0,0.375,0.0,98.11610412597656,0.0,2.638718494196528,1.1007935523986818,2.6333453476428987,0.18765446136827668
158,Tim Mayza,PHI,15042,0.0,1.0,0.0,3.0,3.0,4.1,10.384616146426286,2.076923229285257,0.0,0.35714285714285715,0.83333333,0.285714285,0.0,93.96554946899414,2.076923229285257,5.073537340826594,1.4854088185101486,2.9000721178992763,0.18346445134409023
159,Carson Palmquist,WSN,31612,0.0,1.0,0.0,3.0,3.0,7.1,12.272727804735695,1.2272727804735695,1.2272727804735695,0.42105263157894735,0.52083333,0.444444444,0.166666666,91.23146750710227,7.363636682841418,3.7430729485834227,2.9644299101238407,2.445608629196994,0.1800284456177069
160,Tatsuya Imai,HOU,37124,5.0,4.0,0.0,13.0,13.0,52.0,10.903846972495291,5.711538890354676,1.5576924246421844,0.2903225806451613,0.67723343,0.442748091,0.1875,94.9033258924635,6.057692762497384,5.032124539806439,5.062332161207358,4.226995294101208,0.17997539831663883
161,Sean Newcomb,CHW,16943,0.0,0.0,0.0,1.0,1.0,3.0,12.0,0.0,0.0,0.0,1.0,0.6,0.0,95.09098307291667,0.0,1.334881746390157,0.43412688573201574,0.9449774841467544,0.17186348948392252
162,Brady Singer,CIN,25377,3.0,9.0,0.0,18.0,18.0,89.2,7.628253004457069,3.111524251818015,2.007435001172913,0.30337078651685395,0.78571429,0.421052631,0.186915887,90.80165249693627,4.7174722527563455,5.53911639463372,5.610087303864823,4.539266181573659,0.16929013334394466
163,Robert Gasser,MIL,29812,2.0,4.0,0.0,9.0,9.0,46.1,8.352518386755941,2.719424591036818,1.94244613645487,0.2713178294573643,0.72,0.260869565,0.147058823,92.23240504909207,5.244604568428149,3.822421425090967,5.280649772198036,4.724107056474992,0.16671214091654013
164,Braydon Fisher,TOR,24609,0.0,0.0,0.0,6.0,6.0,6.2,10.80000102996836,6.750000643730225,0.0,0.2,1.0,0.333333333,0.0,94.64722542140795,0.0,3.5765073917027093,2.950793538093566,4.559973076563313,0.16226761542733956
165,Jacob Latz,TEX,21306,0.0,0.0,0.0,1.0,1.0,4.0,6.75,2.25,0.0,0.0,1.0,0.4,0.0,92.7967465049342,0.0,2.517224088268654,2.350793552398682,4.649621245265007,0.15787926988189344
166,Noah Schultz,CHW,32056,3.0,6.0,0.0,11.0,11.0,53.0,7.9811323626943755,4.924528479109296,1.3584906149267022,0.24822695035460993,0.65868263,0.351724137,0.117647058,95.39594691850563,5.6037737865726465,6.004653964022621,5.270604951239942,5.274633669811469,0.15706774940150808
167,Aaron Ashby,MIL,23550,0.0,0.0,0.0,1.0,1.0,2.1,15.428573530547759,0.0,0.0,0.5,0.33333333,0.5,0.0,,7.714286765273879,2.70101396615882,-0.3277783432785979,1.6426456619129333,0.15565635906434597
168,Mason Fluharty,TOR,31553,0.0,0.0,0.0,3.0,3.0,3.2,9.818183520608992,4.909091760304496,0.0,0.36363636363636365,0.83333333,0.272727272,0.0,,2.454545880152248,3.3936447078547496,2.555338912364849,5.063151375789265,0.15201058567246573
169,PJ Poulin,WSN,23394,0.0,0.0,0.0,11.0,11.0,15.0,6.600000865459555,2.4000003147125657,1.2000001573562828,0.225,0.98484848,0.428571428,0.117647058,90.08297652232496,1.8000002360344243,3.9829092874739778,4.367460385163647,4.371019086907079,0.15189123175349473
170,Kendry Rojas,MIN,29423,0.0,0.0,0.0,2.0,2.0,6.0,10.5,6.0,0.0,0.23076923076923078,0.875,0.384615384,0.0,96.04319639463682,1.5,2.9893310355974148,3.267460219065349,4.544586715102197,0.1489434272317494
171,Lance McCullers Jr.,HOU,14120,2.0,3.0,0.0,8.0,8.0,39.1,9.83898336892155,5.033898467820328,1.6016949670337408,0.3163265306122449,0.57471264,0.428571428,0.189189189,91.59643382410849,6.864407001573174,4.567485092526767,5.058420734328809,4.186499089803309,0.14534001981834985
172,Jakob Junis,TEX,13619,0.0,1.0,0.0,1.0,1.0,2.2,6.750001609325793,0.0,0.0,0.25,0.5,0.25,0.0,92.32457885742187,3.3750008046628963,2.583946651723863,1.600793194770728,4.474328495957838,0.13840560724951864
173,Grayson Rodriguez,LAA,24492,3.0,2.0,0.0,7.0,7.0,31.0,6.9677425785442395,4.645161719029493,1.1612904297573732,0.34,0.55555556,0.307692307,0.1,96.31251896237865,7.548387793422926,6.969944702161987,4.971761467007783,5.271828327274456,0.13665320200872244
174,Chase Dollander,COL,33482,1.0,1.0,0.0,3.0,3.0,13.2,7.902439392017243,5.268292928011496,1.317073232002874,0.2972972972972973,0.87912088,0.461538461,0.133333333,98.45880889892578,3.2926830800071847,5.517683111478799,5.003232665291722,4.782862674210438,0.13535467916857752
175,Roki Sasaki,LAD,35323,3.0,5.0,0.0,16.0,16.0,81.0,8.88888909820013,3.6666667530075534,2.1111111608225306,0.26976744186046514,0.74660633,0.426724137,0.2,97.61843911703531,5.333333458920078,4.664670084220126,5.5822750923128845,4.3303296375018245,0.13456412789129935
176,Cody Bolton,HOU,23265,0.0,1.0,0.0,3.0,3.0,7.2,10.565218267458896,8.217391985801363,0.0,0.38095238095238093,0.75,0.368421052,0.0,94.42281685623468,4.695652563315065,8.817747437337928,3.8834023129511928,5.282688850736228,0.1328368824933489
177,Tyler Phillips,MIA,20629,2.0,4.0,0.0,9.0,9.0,40.1,5.801653075467357,3.57024804644145,1.3388430174155437,0.2764227642276423,0.72016461,0.484126984,0.15,96.20566345214844,4.909091063856994,5.767161035281639,5.009884521676401,4.595886289032006,0.13217499170158736
178,Tyler Alexander,TEX,17735,0.0,0.0,0.0,3.0,3.0,3.0,12.0,0.0,0.0,0.16666666666666666,1.0,0.833333333,0.0,91.81599934895833,0.0,1.5199822585845695,1.4341268857320155,1.9449774841467546,0.12980966147320255
179,Mason Englert,TBR,22288,0.0,2.0,0.0,2.0,2.0,9.1,10.607144302251584,1.9285716913184698,1.9285716913184698,0.35714285714285715,0.71428571,0.233333333,0.142857142,92.84561044198496,4.821429228296175,3.1205870380168492,4.172222269797832,3.6853356106168285,0.12945939802335518
180,Wandy Peralta,SDP,14295,0.0,0.0,0.0,4.0,4.0,4.0,6.75,2.25,0.0,0.2,1.0,0.5,0.0,97.25284140450614,0.0,3.3564843968868296,2.350793552398682,3.5002073988318445,0.12729145792916371
181,Steven Matz,TBR,13361,4.0,3.0,0.0,10.0,10.0,46.0,7.239130584864628,3.326087025478343,1.7608696017238286,0.26717557251908397,0.68825911,0.328571428,0.155172413,,5.4782609831408,6.094990927971337,5.20948924829018,4.598358890493338,0.12559568929448217
182,Cal Quantrill,TEX,19312,0.0,1.0,0.0,4.0,4.0,17.0,4.764705882352941,1.588235294117647,1.588235294117647,0.19230769230769232,0.9375,0.37037037,0.103448275,94.45743996756417,2.1176470588235294,3.33272231183251,5.041970022986917,5.362205438403523,0.12432927191941656
183,Blake Snell,LAD,13543,0.0,1.0,0.0,1.0,1.0,3.0,15.0,6.0,0.0,0.5454545454545454,0.375,0.636363636,0.0,96.37689971923828,12.0,3.885355044791441,1.767460219065349,2.278310817480088,0.12091703001490496
184,Cionel Pérez,NYM,19614,0.0,0.0,0.0,2.0,2.0,2.0,13.5,0.0,0.0,0.4,1.0,0.4,0.0,97.23410339355469,0.0,2.1083924078177114,0.10079355239868182,1.6333453476428987,0.11648522868534744
185,Bradgley Rodriguez,SDP,29107,0.0,0.0,0.0,3.0,3.0,3.0,6.0,0.0,0.0,0.125,1.0,0.5,0.0,97.61372593470982,0.0,1.1173479503783528,1.767460219065349,3.3000120143095657,0.11607475193790173
186,Eduardo Rivera,BOS,31280,0.0,0.0,0.0,1.0,1.0,3.2,7.363637640456744,4.909091760304496,0.0,0.1111111111111111,1.0,0.333333333,0.0,95.53726283482143,0.0,1.6951138790004634,3.100793552398682,4.772668528014959,0.1103349424398876
187,Grant Holmes,ATL,16944,5.0,4.0,0.0,17.0,17.0,83.1,7.776000296630871,4.212000160675055,1.620000061798098,0.2564102564102564,0.83333333,0.414634146,0.153061224,94.29019379197506,3.780000144195562,4.610288821657062,5.224793633422855,4.687074524117698,0.10603989649540699
188,Cole Sulser,TBR,15256,0.0,0.0,0.0,2.0,2.0,4.0,4.5,2.25,0.0,0.38461538461538464,0.83333333,0.307692307,0.0,92.29590250651042,2.25,5.81392347532794,2.850793552398682,5.532759194076061,0.1057956474258499
189,Ryan Gusto,MIA,26440,0.0,2.0,0.0,6.0,6.0,21.1,7.593750452622798,4.21875025145711,1.265625075437133,0.3088235294117647,0.75471698,0.309859154,0.1,93.7540513780382,5.062500301748532,5.3747416282061256,4.928918661363429,5.255944642917877,0.1038233363311732
190,Bryan Hudson,CHW,19924,0.0,0.0,0.0,6.0,6.0,7.0,6.4285723043948995,1.28571446087898,1.28571446087898,0.11764705882352941,1.0,0.411764705,0.111111111,90.90819597244263,1.28571446087898,2.843574917613505,3.957936526318002,4.071217421351006,0.10329692713598444
191,Mitch Spence,KCR,27707,0.0,1.0,0.0,1.0,1.0,4.0,2.25,2.25,0.0,0.3888888888888889,0.25,0.5,0.0,,13.5,4.4023813902624545,3.350793552398682,4.883345347642899,0.10092802262595964
192,Kai-Wei Teng,HOU,24282,3.0,5.0,0.0,10.0,10.0,44.0,8.795454736090893,4.295454638556017,1.4318182128520058,0.3333333333333333,0.68452381,0.39849624,0.145833333,92.85656526773283,5.522727392429165,5.431244861768119,5.123520868967388,4.727213727916808,0.09934551123686963
193,Aaron Civale,ATH,19479,5.0,6.0,0.0,15.0,15.0,72.1,6.718894215914553,2.7373272731503735,1.9907834713820898,0.3261802575107296,0.79059829,0.275303643,0.134453781,91.73373592601104,5.101382645416605,5.187090406550805,5.478673809882844,5.124392651067653,0.09835972127461154
194,Jack Dreyer,LAD,30249,0.0,0.0,0.0,1.0,1.0,1.0,27.0,0.0,0.0,0.0,1.0,0.0,0.0,95.40357666015625,0.0,0.0,-2.899206447601318,-2.899206447601318,0.09474016841136758
195,Spencer Miles,TOR,31621,0.0,1.0,0.0,3.0,3.0,10.0,4.5,2.7,0.9,0.35135135135135137,0.57692308,0.594594594,0.1,96.50255669487848,7.2,4.41941754872252,4.300793552398682,4.533345347642898,0.09230678328892804
196,Cody Ponce,TOR,17920,0.0,0.0,0.0,1.0,1.0,2.1,11.571430147910819,3.8571433826369397,0.0,0.16666666666666666,0.5,0.5,0.0,95.72285970052083,3.8571433826369397,2.4125016442858898,1.815079091519702,3.785503096711233,0.09047514269281766
197,Tyler Holton,DET,26231,0.0,0.0,0.0,2.0,2.0,1.2,10.800004506113025,0.0,0.0,0.5,1.0,0.666666666,0.0,91.85530281066895,0.0,3.396992752277503,0.700792551040232,1.6203240118451845,0.0835755934323981
198,Andrew Morris,MIN,31891,0.0,0.0,0.0,2.0,2.0,3.0,6.0,3.0,0.0,0.4166666666666667,0.66666667,0.545454545,0.0,97.22603528252964,6.0,3.626523500212456,2.767460219065349,4.300012014309566,0.07941354097553466
199,Jimmy Herget,COL,17556,0.0,1.0,0.0,3.0,3.0,3.0,9.0,3.0,0.0,0.14285714285714285,0.66666667,0.333333333,0.0,92.1861343383789,3.0,7.745824508189051,3.1007935523986823,5.144195946057638,0.07682708486039665
200,Zach Pop,PHI,20185,0.0,0.0,0.0,1.0,1.0,2.0,4.5,0.0,0.0,0.375,0.66666667,0.625,0.0,95.4469706217448,4.5,10.424943005077175,2.100793552398682,3.6333453476428987,0.07087898626692968
201,Spencer Strider,ATL,27498,4.0,2.0,0.0,8.0,8.0,39.0,10.615384874964613,4.615384728245484,2.076923127710468,0.2696629213483146,0.72463768,0.288659793,0.173076923,95.26445030513868,5.307692437482307,3.479200231079066,5.357203863985363,4.400606234252457,0.07077716161739335
202,Tyler Samaniego,BOS,30081,0.0,1.0,0.0,1.0,1.0,1.0,18.0,0.0,0.0,0.8571428571428571,0.33333333,0.142857142,0.0,93.82937622070312,36.0,6.131352319404131,-0.8992064476013182,2.1658971428871157,0.07030074473097501
203,Richard Lovelady,WSN,19337,0.0,1.0,0.0,5.0,5.0,7.1,8.590909463314986,4.909091121894278,1.2272727804735695,0.2631578947368421,0.93023256,0.35,0.142857142,91.48275044759114,2.454545560947139,5.258158689541309,4.6007936174219335,4.290956681269435,0.06702076626032644
204,Jordan Wicks,CHC,30094,0.0,2.0,0.0,2.0,2.0,6.1,8.526316217438357,1.4210527029063929,1.4210527029063929,0.48,0.29411765,0.461538461,0.125,92.88219745342548,15.631579731970321,4.728042934530223,4.206056765770321,4.089280080217389,0.0648779294106812
205,Adam Macko,TOR,25590,0.0,0.0,0.0,1.0,1.0,1.2,5.400002059937309,0.0,0.0,0.5,1.0,0.166666666,0.0,94.72216796875,0.0,8.45929753822893,1.9007930946348353,2.8203245225547677,0.06113611567587275
206,Brenan Hanifee,DET,22304,0.0,0.0,0.0,2.0,2.0,1.2,5.400002253056512,0.0,0.0,0.42857142857142855,0.66666667,0.285714285,0.0,97.27159881591797,5.400002253056512,2.368301868452697,1.900793051719457,5.578918894939267,0.06036698697645589
207,Casey Legumina,TBR,25921,0.0,0.0,0.0,2.0,2.0,3.0,3.0000009536746197,0.0,0.0,0.2222222222222222,0.66666667,0.666666666,0.0,93.28947448730469,3.0000009536746197,3.8814969832627315,3.434126991695862,4.455828513315506,0.05930333276129249
208,Kyle Hart,SDP,19646,0.0,0.0,0.0,1.0,1.0,2.0,9.0,4.5,0.0,0.3333333333333333,0.66666667,0.166666666,0.0,95.4231465657552,4.5,5.048758938043984,2.600793552398682,5.665897142887116,0.05873434279297885
209,Luis Medina,ATH,21649,0.0,0.0,0.0,1.0,1.0,1.1,6.750001609325793,0.0,0.0,0.5,1.0,0.75,0.0,96.62711588541667,0.0,3.405711231300871,1.600793194770728,1.600793194770728,0.05494359382623941
210,Riley Martin,CHC,29934,0.0,0.0,0.0,1.0,1.0,1.0,9.0,0.0,0.0,0.0,1.0,0.0,0.0,94.4769999186198,0.0,0.16031713605807074,1.1007935523986818,4.165897142887116,0.04651410154654604
211,Kyle Backhus,PHI,29615,0.0,0.0,0.0,1.0,1.0,1.0,9.0,0.0,0.0,0.5,0.5,1.0,0.0,,9.0,0.59922049424248,1.1007935523986818,1.1007935523986818,0.046193307975815126
212,Matt Svanson,STL,29629,0.0,0.0,0.0,1.0,1.0,1.0,9.0,0.0,0.0,0.3333333333333333,1.0,0.333333333,0.0,,0.0,6.18061927629615,1.1007935523986818,2.6333453476428987,0.045988779823565695
213,Didier Fuentes,ATL,30661,0.0,0.0,0.0,1.0,1.0,3.0,21.0,3.0,3.0,0.6666666666666666,0.60606061,0.5,0.5,97.27986852134147,12.0,4.676395155622939,3.767460219065349,0.45582808256149354,0.04469396392579089
214,Cade Horton,CHC,31872,1.0,0.0,0.0,2.0,2.0,7.1,4.909091121894278,2.454545560947139,1.2272727804735695,0.15789473684210525,0.86956522,0.55,0.2,,2.454545560947139,3.2852828149240416,4.6007936174219335,3.872987991720739,0.04049245316073913
215,Hunter Dobbins,STL,30240,0.0,1.0,0.0,3.0,3.0,13.2,8.560976008018681,5.268292928011496,1.317073232002874,0.2894736842105263,0.65934066,0.4,0.133333333,95.06697504571143,5.926829544012932,4.889230856362086,4.85689119506918,4.636521203987897,0.03414301181847583
216,Kyle Hurt,LAD,27514,0.0,0.0,0.0,1.0,1.0,1.2,5.400002059937309,5.400002059937309,0.0,0.42857142857142855,0.5,0.714285714,0.0,95.74272325303819,10.800004119874618,8.639755935832207,3.700793781280605,4.620325209200537,0.030845918586981783
217,Jack Perkins,ATH,31468,0.0,2.0,0.0,6.0,6.0,26.2,12.487500297725207,4.725000112652781,2.3625000563263905,0.3582089552238806,0.60773481,0.283783783,0.205882352,96.05848576472356,8.100000193119053,5.070376973944985,5.425793607831003,3.967297111994113,0.025860374111675584
218,DL Hall,MIL,22207,0.0,0.0,0.0,1.0,1.0,2.0,9.0,9.0,0.0,0.0,1.0,0.333333333,0.0,93.60116577148438,0.0,8.41265030619837,4.100793552398682,4.86706945002079,0.02531421079584393
219,Jason Alexander,HOU,19666,1.0,1.0,0.0,2.0,2.0,12.0,6.0,2.25,1.5,0.2222222222222222,0.44642857,0.447368421,0.125,91.57521604142099,6.75,3.852425497940827,4.934126885732016,4.810862612724305,0.024429721830737494
220,Jose Cabrera,ARI,30412,0.0,2.0,0.0,4.0,4.0,17.2,6.11320776717016,3.566037864182593,1.52830194179254,0.2982456140350877,0.72580645,0.388888888,0.12,93.20541426064311,5.6037737865726465,5.341765641812656,5.478152128520411,5.439310327939872,0.024271884521880328
221,Zach Eflin,BAL,13774,0.0,0.0,0.0,1.0,1.0,3.2,17.181821161065738,4.909091760304496,2.454545880152248,0.42857142857142855,1.0,0.5,0.5,91.94852992466518,2.454545880152248,3.917628064040256,4.464430152483264,1.754912480071489,0.02302317106711444
222,Carson Whisenhunt,SFG,31676,2.0,0.0,0.0,2.0,2.0,10.2,5.062500301748532,5.062500301748532,0.843750050291422,0.24242424242424243,0.80882353,0.363636363,0.071428571,93.14381651947464,3.375000201165688,5.5280991342667285,4.8820436585694615,5.6747679370775455,0.02252377047972814
223,Jordan Leasure,CHW,29950,0.0,0.0,0.0,1.0,1.0,1.1,0.0,6.750001609325793,0.0,0.0,1.0,0.5,0.0,96.51408247514205,0.0,3.049970615954335,5.350794088840613,7.649622329790301,0.02110658075509709
224,Joey Estes,ATH,26257,0.0,0.0,0.0,1.0,1.0,4.1,8.307692917141027,2.076923229285257,2.076923229285257,0.3333333333333333,0.43478261,0.153846153,0.166666666,93.36605631510416,8.307692917141027,2.841146653015401,4.946947533985577,4.068942262990563,0.01682621588366679
225,Elmer Rodríguez,NYY,31811,0.0,2.0,0.0,4.0,4.0,17.0,5.294117944050842,5.823529738455926,0.5294117944050842,0.3103448275862069,0.75949367,0.508771929,0.052631578,95.36045883641098,4.7647061496457574,5.84865333736794,5.159617197307343,6.107763374593388,0.01192857240682698
226,Paxton Schultz,WSN,25501,0.0,0.0,0.0,1.0,1.0,1.0,9.0,9.0,0.0,0.5,0.66666667,0.5,0.0,93.69728597005208,9.0,8.205612969565552,4.100793552398682,5.633345347642899,0.011777338370141378
227,Brad Lord,WSN,31972,0.0,0.0,0.0,1.0,1.0,2.1,3.8571433826369397,7.714286765273879,0.0,0.25,1.0,0.75,0.0,93.02304513113839,0.0,1.7034232478331568,4.815079500237322,6.128695503698342,0.00916097086457391
228,Javier Assad,CHC,21741,4.0,1.0,0.0,8.0,8.0,42.0,5.57142895095205,1.9285715599449402,1.9285715599449402,0.22950819672131148,0.86826347,0.43076923,0.173076923,93.18616672092014,3.6428573910071096,4.558601085699581,5.291269892089231,4.403000625692577,0.0030884710088108745
229,Tanner Banks,PHI,16990,0.0,1.0,0.0,1.0,1.0,1.0,18.0,18.0,0.0,0.5,0.66666667,0.0,0.0,92.06824747721355,9.0,4.650535828872112,5.100793552398682,8.165897142887115,0.0018050198704575317
230,Sam Aldegheri,LAA,26443,2.0,3.0,0.0,6.0,6.0,25.2,4.909091030692832,4.909091030692832,1.4025974373408092,0.23529411764705882,0.5988024,0.363636363,0.105263157,92.21996367026749,6.311688468033641,6.659295133687804,5.789105307301899,6.032104075111303,0.0010841275023963735
231,JP Sears,SDP,23429,2.0,2.0,0.0,4.0,4.0,19.2,7.779661645700297,3.661017245035434,1.830508622517717,0.2807017543859649,0.71428571,0.423728813,0.166666666,92.88190540840955,5.0338987119237215,5.383830914737278,5.236386945336019,4.4625517854656795,-0.003577370648550962
232,Keegan Akin,BAL,19362,0.0,0.0,0.0,2.0,2.0,2.0,18.0,0.0,4.5,0.0,1.0,0.333333333,1.0,94.371337890625,4.5,2.3951329843922626,5.600793552398682,-0.13293054997920972,-0.010721766627995054
233,Cade Povich,BAL,30055,1.0,1.0,0.0,3.0,3.0,13.2,6.585366160014369,2.634146464005748,1.9756098480043107,0.3,0.69620253,0.395348837,0.136363636,92.15836675116357,5.926829544012932,5.125347534586237,5.588598546181888,5.201974588832904,-0.011400163767096922
234,Steven Cruz,KCR,23165,0.0,0.0,0.0,2.0,2.0,2.1,19.2857169131847,3.8571433826369397,3.8571433826369397,0.0,1.0,0.333333333,0.5,98.37142181396484,3.8571433826369397,3.4376083277285727,5.672222474156642,1.4144091471420828,-0.014606376976913344
235,Shane Smith,CHW,31687,0.0,2.0,0.0,3.0,3.0,8.1,11.880001812744418,9.720001483154523,1.080000164794947,0.4074074074074074,0.48543689,0.444444444,0.1,95.47276759792018,10.80000164794947,4.673994789986747,5.620793936920225,5.899856133794797,-0.020195814604627632
236,Ty Madden,DET,30140,0.0,0.0,0.0,1.0,1.0,3.1,10.80000102996836,5.40000051498418,2.70000025749209,0.25,0.83333333,0.111111111,0.166666666,92.658076171875,5.40000051498418,7.142451495294687,6.400793867111236,5.259386989697784,-0.02348403424944586
237,Ryan Rolison,CHC,22200,0.0,0.0,0.0,2.0,2.0,3.1,5.40000051498418,0.0,2.70000025749209,0.125,1.0,0.444444444,0.2,93.86145958533653,2.70000025749209,3.27913393394632,5.800793809890772,4.1996213500573925,-0.02491236785076246
238,Chris Bassitt,BAL,12304,2.0,4.0,0.0,10.0,10.0,46.0,5.282608914690802,4.108695822537291,1.1739130921535115,0.34394904458598724,0.72864322,0.447204968,0.111111111,91.48313963413239,5.673913278741972,5.444658356847147,5.448619736705705,5.5520501093245205,-0.026550470360036035
239,Brandon Williamson,CIN,25463,2.0,3.0,0.0,6.0,6.0,28.0,6.107143273158978,6.428571866483134,1.285714373296627,0.2682926829268293,0.69124424,0.337209302,0.095238095,92.76325850053267,6.107143273158978,6.740506433000962,6.0650794686103495,6.506764334421211,-0.028714203498470953
240,Braxton Garrett,MIA,21844,0.0,1.0,0.0,2.0,2.0,4.1,10.384616146426286,16.615385834282055,0.0,0.4666666666666667,0.53333333,0.466666666,0.0,91.83901240907866,14.538462604996798,6.622491120265381,6.331563020175748,8.453557969259439,-0.03172907787362521
241,Chase Petty,CIN,30170,0.0,0.0,0.0,2.0,2.0,10.2,1.687500100582844,2.531250150874266,1.687500100582844,0.21621621621621623,0.625,0.282051282,0.117647058,96.6962601511102,5.9062503520399545,7.925798664253157,6.288293742388499,6.293298166357256,-0.03198913572888103
242,Austin Warren,NYM,24937,0.0,1.0,0.0,2.0,2.0,2.0,4.5,9.0,0.0,0.2857142857142857,0.6,0.714285714,0.0,94.13991292317708,9.0,9.0162071409127,6.600793552398682,7.36706945002079,-0.03235639069131445
243,Will Klein,LAD,27787,0.0,0.0,0.0,2.0,2.0,3.0,12.0,3.0,3.0,0.2857142857142857,1.0,0.625,0.5,97.33949661254883,3.0,8.259381613102711,6.767460219065349,3.4558280825614935,-0.041692492834278644
244,Tanner Gordon,COL,27669,0.0,2.0,0.0,5.0,5.0,23.0,6.6521739130434785,1.9565217391304348,2.347826086956522,0.3717948717948718,0.77380952,0.416666666,0.166666666,92.53179827008928,6.260869565217392,4.623917669559442,5.926880508920421,4.934352884085282,-0.041895529237858026
245,Luinder Avila,KCR,24452,4.0,2.0,0.0,9.0,9.0,38.1,7.982608972857725,5.8695654212189154,1.4086957010925396,0.3142857142857143,0.70671378,0.481818181,0.142857142,95.89065640643962,5.8695654212189154,5.244900272661171,5.396445806030968,5.040806891078998,-0.049682026186094394
246,John King,MIA,22051,0.0,1.0,0.0,1.0,1.0,1.2,10.800004119874618,0.0,5.400002059937309,0.25,0.0,0.6,1.0,,10.800004119874618,13.085251141465037,8.500795612335992,1.6203240647909214,-0.05697869097313429
247,Chris Murphy,CHW,26214,0.0,0.0,0.0,2.0,2.0,2.0,13.500006839636454,4.500002279878818,4.500002279878818,0.4,0.38461538,0.166666666,0.2,96.44960191514757,13.500006839636454,3.624651789271535,8.100796085597368,5.432174221678716,-0.059097518114959016
248,Zach Agnos,COL,31552,0.0,1.0,0.0,2.0,2.0,8.0,5.625,4.5,2.25,0.09523809523809523,1.0,0.260869565,0.142857142,94.78342692057292,2.25,6.060966833739047,6.600793552398682,6.032759194076061,-0.06079996479417121
249,Zac Gallen,ARI,19291,3.0,9.0,0.0,19.0,19.0,98.0,5.60204103438868,2.8469388863286733,1.653061288836004,0.31901840490797545,0.62974203,0.444444444,0.147540983,93.44588173760309,6.3367349405380144,6.525054862459186,5.315079352876539,4.835194834398787,-0.06709510622743896
250,Brandon Eisert,CHW,27668,0.0,0.0,0.0,4.0,4.0,4.2,11.57143266043029,1.928572110071715,3.85714422014343,0.3333333333333333,0.71428571,0.285714285,0.25,90.03776697958669,7.71428844028686,3.1126745962342715,6.743651982534144,3.799454019703264,-0.07123841605319157
251,Justin Verlander,DET,8700,0.0,1.0,0.0,1.0,1.0,3.2,2.454545880152248,4.909091760304496,2.454545880152248,0.3333333333333333,0.45454545,0.1875,0.142857142,93.26141716452206,12.272729400761241,11.356833470993788,7.737157992686262,7.117484039794833,-0.0786644017588719
252,Ryne Nelson,ARI,26253,3.0,5.0,0.0,15.0,15.0,83.1,6.6960003344564605,2.376000118678099,1.9440000971002627,0.2540322580645161,0.66425121,0.324528301,0.13740458,96.3149529068178,4.968000248145116,5.224005915924031,5.39279366688109,4.993965069084032,-0.07894200447282908
253,Robby Snelling,MIA,31893,0.0,1.0,0.0,1.0,1.0,5.0,3.6,7.2,1.8,0.26666666666666666,0.78947368,0.428571428,0.2,95.32278878348214,5.4,6.038006326950783,7.300793552398682,6.233345347642899,-0.08053240423307532
254,Sean Sullivan,COL,33502,0.0,3.0,0.0,5.0,5.0,22.1,6.447761561138185,4.432836073282502,2.014925487855683,0.3670886075949367,0.63414634,0.192771084,0.1,87.62021117590963,8.865672146565004,4.761117193165121,6.45900269882482,6.979641076029452,-0.08221856306294147
255,Brent Suter,LAA,13942,0.0,1.0,0.0,2.0,2.0,3.2,7.363637640456744,7.363637640456744,2.454545880152248,0.36363636363636365,0.75757576,0.583333333,0.5,,7.363637640456744,7.910201446081286,7.464430672669345,4.75491300025757,-0.08402245235461701
256,Mitch Bratt,ARI,30003,0.0,0.0,0.0,2.0,2.0,6.0,4.5,7.5,1.5,0.21052631578947367,0.69767442,0.45,0.125,91.40656579059103,6.0,6.47329264204734,6.767460219065349,6.644195946057638,-0.08882608101019751
257,Matt Waldron,SDP,25550,0.0,1.0,0.0,3.0,3.0,13.2,5.268292928011496,3.2926830800071847,1.9756098480043107,0.37254901960784315,0.56451613,0.461538461,0.136363636,91.73743896484375,9.878049240021554,4.8061099731485095,6.320305897294595,5.933681939945611,-0.09138500919320716
258,Paul Blackburn,NYY,14739,0.0,0.0,0.0,2.0,2.0,3.0,9.0,6.0,3.0,0.16666666666666666,1.0,0.571428571,0.5,94.10833740234375,3.0,10.26264495271618,8.434126885732015,5.12249474922816,-0.1006118544838061
259,Colton Gordon,HOU,31312,0.0,0.0,0.0,1.0,1.0,3.2,12.272729400761241,0.0,4.909091760304496,0.5454545454545454,0.80645161,0.384615384,0.4,91.09139675564236,9.818183520608992,8.18341451544949,8.282612632720095,3.2815460318006133,-0.10955940080992213
260,Andrew Painter,PHI,30091,1.0,8.0,0.0,12.0,12.0,55.0,7.036364002385435,3.2727274429699693,2.12727283793048,0.3502824858757062,0.6641604,0.37037037,0.154761904,96.69320383992893,7.363636746682431,5.56356214714232,5.864430059795545,5.132327308994663,-0.10992145401689021
261,Tobias Myers,NYM,22191,0.0,1.0,0.0,3.0,3.0,4.2,5.7857150739554095,9.64285845659235,1.9285716913184698,0.3333333333333333,0.3125,0.333333333,0.142857142,93.06396484375,15.428573530547759,6.248820513886431,7.815079908954941,7.328193249773938,-0.11114876953982847
262,Adrian Houser,SFG,12718,2.0,6.0,0.0,14.0,14.0,66.0,6.545455018350935,3.409091155391112,1.6363637545877336,0.3130841121495327,0.66885965,0.405405405,0.144578313,95.54134883335658,5.727273141057068,5.751492086247438,5.328066440587541,4.891730030355054,-0.11345348048638434
263,Pete Fairbanks,MIA,17998,0.0,0.0,0.0,1.0,1.0,1.0,9.0,9.0,9.0,0.5,0.38461538,0.2,0.333333333,96.71976928710937,27.0,29.909543737421405,17.10079355239868,8.698448938131332,-0.11898584857532866
264,Jesse Scholtens,TBR,19205,0.0,2.0,0.0,2.0,2.0,10.1,8.709678491122153,3.483871396448861,2.6129035473366455,0.25,0.76271186,0.387096774,0.214285714,93.2783790870949,6.0967749437855066,4.829025233954767,6.6814391543044565,4.983605893773398,-0.12029201780685478
265,Lyon Richardson,CIN,24581,0.0,1.0,0.0,1.0,1.0,1.0,18.0,18.0,9.0,0.0,0.0,0.0,0.5,96.10768636067708,36.0,20.2168523709859,21.10079355239868,11.165897142887115,-0.1254114667177518
266,Alan Rangel,PHI,19524,0.0,1.0,0.0,2.0,2.0,7.1,11.045455024262125,8.590909463314986,2.454545560947139,0.25,0.98039216,0.411764705,0.333333333,92.9599609375,3.681818341420709,4.349929206820763,7.055339178369072,4.763790547869292,-0.12674476526473802
267,Lucas Giolito,SDP,15474,2.0,1.0,0.0,5.0,5.0,20.2,6.096774381107649,7.838709918566978,1.3064516530944963,0.2542372881355932,0.76219512,0.274193548,0.103448275,90.79453622611464,4.354838843648321,5.0765083108536375,6.391116234266303,6.654535696986942,-0.1340887477591513
268,Brennan Bernardino,COL,16835,0.0,1.0,0.0,2.0,2.0,1.1,6.750007040806008,13.500014081612017,6.750007040806008,0.5,0.65217391,0.142857142,0.333333333,90.16635131835938,20.250021122418026,8.82661353250795,15.85080685169892,9.549041817745248,-0.13710086908596916
269,Huascar Brazobán,NYM,6107,0.0,1.0,0.0,6.0,6.0,7.0,5.14285784351592,9.00000122615286,1.28571446087898,0.15789473684210525,0.75471698,0.6,0.166666666,97.05267715454102,5.14285784351592,4.667979113436826,7.243651259675396,6.70012415297789,-0.13737625222924915
270,Jovani Morán,BOS,20422,0.0,2.0,0.0,3.0,3.0,3.0,18.0,6.0,6.0,0.625,0.64516129,0.3,0.666666666,93.04266531808035,15.0,6.789192231039587,9.767460219065349,2.633345347642899,-0.14685006055487992
271,Eric Lauer,2 Tms,19316,3.0,3.0,0.0,12.0,12.0,60.2,5.489011219108968,3.1153847459807658,2.076923163987177,0.25133689839572193,0.80745342,0.313131313,0.134615384,90.8415158293968,4.747252946256404,4.4670082348869,6.018376092285431,5.64560772564916,-0.15653959429748432
272,Ryan Johnson,LAA,35325,1.0,4.0,0.0,6.0,6.0,28.1,6.988235372523536,3.1764706238743345,2.223529436712034,0.26506024096385544,0.59602649,0.393258426,0.184210526,,5.400000060586369,4.546189481984687,5.924322995842535,4.767980684725673,-0.15899508175206098
273,Ryan Weiss,HOU,24621,0.0,0.0,0.0,2.0,2.0,7.0,9.00000122615286,10.28571568703184,2.57142892175796,0.3333333333333333,0.90909091,0.4,0.25,94.45407586348684,5.14285784351592,6.463881237998863,8.243651395914602,6.280853180212244,-0.17016802139646184
274,George Klassen,LAA,33464,0.0,1.0,0.0,2.0,2.0,4.2,11.571430147910819,19.2857169131847,1.9285716913184698,0.4,0.64102564,0.533333333,0.333333333,97.02533637152777,11.571430147910819,11.242062985819128,9.743651600273411,7.9431489376313875,-0.20057148314364853
275,Erick Fedde,CHW,17425,2.0,3.0,0.0,9.0,9.0,44.1,5.684210689349947,3.4511279185338966,2.0300752461964096,0.23134328358208955,0.80434783,0.333333333,0.153846153,93.86237196488814,4.466165541632101,4.608759308834634,6.055680855195678,5.3703244451069185,-0.20701080364395733
276,Cristian Javier,HOU,17606,0.0,1.0,0.0,4.0,4.0,12.1,5.837838439718549,8.756757659577824,1.4594596099296373,0.375,0.53191489,0.292682926,0.095238095,92.77926660963327,11.675676879437098,7.362781399748703,7.317010203306523,7.818382230684041,-0.22593053889085954
277,Mike Paredes,MIN,30187,0.0,2.0,0.0,5.0,5.0,22.0,4.500000195069755,2.8636364877716622,2.045454634122616,0.2535211267605634,0.84,0.4,0.166666666,92.71536159515381,4.500000195069755,6.097621584987683,6.282611872144973,5.417909737266895,-0.23749548842419105
278,Kade Morris,ATH,33787,0.0,1.0,0.0,1.0,1.0,4.0,9.0,6.75,6.75,0.5,0.38461538,0.733333333,1.0,94.39800470525569,20.25,3.3162824799225907,13.100793552398681,4.5002073988318445,-0.25669328326435853
279,Brendan Beck,NYY,33043,0.0,1.0,0.0,1.0,1.0,3.2,7.363637640456744,4.909091760304496,7.363637640456744,0.2,0.71428571,0.153846153,0.3,92.59718081825658,12.272729400761241,8.370263252385158,13.737159033058422,7.280480991439376,-0.25845318761428115
280,JR Ritchie,ATL,31760,1.0,2.0,0.0,7.0,7.0,35.2,8.074766499078457,5.803738421212641,1.7663551716734123,0.25263157894736843,0.6779661,0.450980392,0.189189189,94.54090936235387,5.551401968116439,4.923366480101327,6.044718838521035,5.083160403362913,-0.2645014519647447
281,Cole Ragans,KCR,21846,1.0,4.0,0.0,8.0,8.0,35.1,11.46226458278002,5.858490786754232,2.5471699072844487,0.2328767123287671,0.83333333,0.341463414,0.227272727,95.17006542695967,4.839622823840452,5.051090577615024,6.185699328998736,4.414914705419381,-0.2674616991059323
282,Hurston Waldrep,ATL,33527,0.0,1.0,0.0,2.0,2.0,8.2,6.230769687855771,6.230769687855771,3.1153848439278855,0.2962962962962963,0.60810811,0.666666666,0.428571428,,10.384616146426286,5.454106221245848,8.985409368706911,5.72323942555434,-0.2746048624355301
283,Mike Burrows,HOU,24728,4.0,9.0,0.0,17.0,17.0,93.2,7.110320477748897,3.3629894151515054,2.0177936490909034,0.3157894736842105,0.67164179,0.380327868,0.161538461,95.01490877967677,6.05338094727271,4.726615955274226,5.684423515784918,4.896861929082521,-0.2824309616377437
284,Bailey Falter,KCR,20070,0.0,2.0,0.0,2.0,2.0,4.1,4.153846458570514,6.230769687855771,6.230769687855771,0.5,0.59322034,0.347826086,0.428571428,91.55647881086483,18.69230906356731,14.876743485880434,13.254640451126605,6.730300564821464,-0.3006198823864372
285,Dean Kremer,BAL,19350,1.0,2.0,0.0,4.0,4.0,22.0,9.818181818181818,1.6363636363636365,3.6818181818181817,0.1836734693877551,1.0,0.350877192,0.333333333,93.31125946044922,4.090909090909091,4.4991380082785435,6.7826117342168635,3.3452889374711297,-0.3156070017769991
286,Taijuan Walker,PHI,11836,1.0,3.0,0.0,4.0,4.0,18.2,7.714285977032729,4.821428735645456,2.892857241387273,0.36065573770491804,0.62091503,0.43283582,0.260869565,92.1124996609158,9.160714597726365,7.549089526460511,7.33293655368747,5.042687794822259,-0.3389838675661218
287,Jacob Lopez,ATH,25098,3.0,3.0,0.0,11.0,11.0,46.2,6.750000367845828,5.785714601010709,2.1214286870372603,0.2876712328767123,0.68047337,0.314102564,0.135802469,90.9111121952733,6.942857521212852,3.760792242140288,6.593650885601443,6.189437193890294,-0.34340841725670723
288,Germán Márquez,SDP,15038,4.0,2.0,0.0,8.0,8.0,38.2,6.2844828619543085,3.956896616786046,2.3275862451682623,0.26548672566371684,0.79545455,0.352459016,0.175438596,94.61103668212891,5.120689739370177,5.527327357003581,6.462862573197283,5.359986322190315,-0.38376066910852247
289,Miles Mikolas,WSN,9803,2.0,4.0,0.0,8.0,8.0,38.0,5.921052780177789,2.8421053344853386,2.605263223278227,0.2992125984251969,0.48245614,0.481751824,0.255813953,92.97974157040836,8.526316003456015,5.909982317312569,6.495530479700614,4.466575881293757,-0.3964560892998218
290,Simeon Woods Richardson,MIN,24494,0.0,7.0,0.0,10.0,10.0,44.2,4.835821170853639,4.634328622068071,1.8134329390701145,0.34615384615384615,0.55702918,0.382716049,0.128571428,93.14030829535591,8.2611945002083,6.362408853029045,6.324674332967774,6.107031611630486,-0.3965199709826346
291,Trey Gibson,BAL,33794,1.0,3.0,0.0,7.0,7.0,31.0,8.129033008301613,6.9677425785442395,2.0322582520754033,0.3076923076923077,0.67729084,0.510204081,0.28,95.3264978459451,7.548387793422926,7.182502931234028,6.649180976657322,4.949625815968261,-0.4086285878638538
292,Luis Morales,ATH,32227,0.0,2.0,0.0,2.0,2.0,7.1,6.136363902367847,9.818182243788556,4.909091121894278,0.375,0.73170732,0.285714285,0.266666666,96.43874782986111,12.272727804735695,11.468152692863516,12.509884869362715,8.553740642686197,-0.43546706831142046
293,Jeffrey Springs,ATH,17677,3.0,9.0,0.0,19.0,19.0,97.2,7.740614611611873,3.4095564360671347,2.39590452264177,0.2704626334519573,0.65965583,0.337704918,0.183098591,91.56399115631395,6.081911480552186,4.5881283311614585,6.039360210510597,4.806824551275862,-0.45141313959108353
294,Luis Gil,NYY,21052,1.0,2.0,0.0,4.0,4.0,19.1,4.189655241302872,5.120689739370177,2.793103494201915,0.16071428571428573,0.77669903,0.459016393,0.23076923,95.29076666581004,6.051724237437482,6.564302739321314,8.376655708113411,6.403190848579033,-0.4798519599421248
295,Shane Bieber,TOR,19427,0.0,1.0,0.0,4.0,4.0,17.2,6.622642105268272,5.094340080975594,3.5660380566829155,0.3392857142857143,0.80152672,0.365079365,0.28,92.25036717212106,7.641510121463391,11.564299551964863,8.478152526761809,5.495914232854185,-0.5028154011259394
296,Kodai Senga,NYM,31838,0.0,6.0,0.0,7.0,7.0,27.2,11.060241980517466,7.1566271638642425,2.9277111124899173,0.3283582089552239,0.54245283,0.253333333,0.225,96.23105717631219,10.08433827635416,5.443443161469248,7.474287930315719,5.461109617905772,-0.5638755762457343
297,Merrill Kelly,ARI,11156,7.0,8.0,0.0,16.0,16.0,93.2,5.669039242107067,3.651245613560483,1.9217082176634124,0.2842465753424658,0.75652174,0.386363636,0.161290322,92.0175909438395,5.380783009457555,7.465189799580773,5.897946624775426,5.151004504736818,-0.5871280095453284
298,Jameson Taillon,CHC,11674,2.0,5.0,0.0,13.0,13.0,67.2,7.847290935320584,3.0591134154639565,2.660098622142571,0.2459016393442623,0.80645161,0.346534653,0.198019801,91.87799861027644,5.187192313178013,5.4835436348805064,6.307690224648336,4.752829052709166,-0.6518495456242148
299,Max Scherzer,TOR,3137,1.0,4.0,0.0,6.0,6.0,22.0,5.7272729755433245,4.500000195069755,3.681818341420709,0.26865671641791045,0.53030303,0.315789473,0.219512195,93.16220520019532,10.22727317061308,6.273654734395036,8.78261198051706,6.320549310381012,-0.6739752517899025
300,Brayan Bello,BOS,23920,1.0,6.0,0.0,8.0,8.0,35.2,5.551402264989141,5.2990657983987255,2.523364665904155,0.366412213740458,0.56060606,0.485507246,0.232558139,94.6443223953247,10.345795130207035,8.381358413764035,7.362476099259032,5.565272060706933,-0.7147673061798678
301,Zack Littell,WSN,15823,5.0,5.0,0.0,12.0,12.0,56.1,5.591716102548546,3.0355030270977816,2.875739709882109,0.24293785310734464,0.66901408,0.314432989,0.183673469,91.66523505587027,6.071006054195563,7.935042508299283,7.13037944217176,5.642629277239709,-0.8217065924618873
