rank,Name,Team,playerid,BABIP,GB/FB,LD%,GB%,FB%,IFFB%,HR/FB,RS,RS/9,Balls,Strikes,Pitches,Pull%,Cent%,Oppo%,Soft%,Med%,Hard%
1,Jacob Misiorowski,MIL,31623,0.23699421965317918,1.162962962,0.17977528,0.441011235,0.379213483,0.111111111,0.103703703,102.0,5.25572523866651,859.0,1790.0,2649.0,0.31944444,0.36388889,0.31666667,0.18333333,0.51666667,0.3
2,Cristopher Sánchez,PHI,20778,0.3327338129496403,2.286713286,0.171075837,0.576719576,0.252204585,0.09090909,0.132867132,125.0,5.434782708850487,1055.0,2103.0,3158.0,0.43031359,0.36236934,0.20731707,0.14982578,0.49303136,0.35714286
3,Cam Schlittler,NYY,32095,0.25055432372505543,1.125,0.183406113,0.43231441,0.384279475,0.096590909,0.09090909,73.0,3.392426944921855,1009.0,2035.0,3044.0,0.32473118,0.39139785,0.28387097,0.17204301,0.50322581,0.32473118
4,Chris Sale,ATL,10603,0.30357142857142855,1.251748251,0.195,0.4475,0.3575,0.09090909,0.069930069,87.0,4.813524665418604,822.0,1753.0,2575.0,0.37064677,0.38557214,0.24378109,0.13681592,0.53731343,0.32587065
5,Jesús Luzardo,PHI,19959,0.29439252336448596,1.418918918,0.177011494,0.48275862,0.340229885,0.094594594,0.101351351,99.0,4.986940475967054,1013.0,1847.0,2860.0,0.4221219,0.35665914,0.22121896,0.16252822,0.55756208,0.27990971
6,Dylan Cease,TOR,18525,0.2740112994350282,1.125,0.203856749,0.421487603,0.374655647,0.161764705,0.080882352,80.0,4.260355149792642,1108.0,1788.0,2896.0,0.46027397,0.30410959,0.23561644,0.21643836,0.49315068,0.29041096
7,Tarik Skubal,2 Tms,22267,0.28865979381443296,1.191489361,0.207692307,0.43076923,0.361538461,0.085106382,0.09929078,83.0,4.707983325332687,746.0,1611.0,2357.0,0.41044776,0.35323383,0.23631841,0.15174129,0.56218905,0.28606965
8,Drew Rasmussen,TBR,25385,0.251131221719457,1.192771084,0.192904656,0.43902439,0.368070953,0.102409638,0.084337349,102.0,5.337209361511157,884.0,1776.0,2660.0,0.43859649,0.3377193,0.22368421,0.14692982,0.51973684,0.33333333
9,Parker Messick,CLE,31986,0.2727272727272727,1.19125683,0.184959349,0.44308943,0.371951219,0.158469945,0.092896174,81.0,3.9123436573718187,1058.0,1891.0,2949.0,0.38722555,0.35728543,0.25548902,0.16367265,0.51297405,0.32335329
10,Reid Detmers,LAA,27468,0.2735229759299781,0.84057971,0.185897435,0.371794871,0.442307692,0.091787439,0.091787439,82.0,3.9891892920104697,1004.0,1956.0,2960.0,0.37684211,0.37473684,0.24842105,0.13052632,0.52631579,0.34315789
11,Yoshinobu Yamamoto,LAD,33825,0.21663019693654267,1.373493975,0.161702127,0.485106382,0.353191489,0.144578313,0.120481927,106.0,5.156756836505944,929.0,1807.0,2736.0,0.46331237,0.32075472,0.21593291,0.18658281,0.4884696,0.32494759
12,Jacob deGrom,TEX,10954,0.2982456140350877,0.857142857,0.214975845,0.36231884,0.422705314,0.108571428,0.114285714,83.0,4.592213213471791,954.0,1782.0,2736.0,0.40909091,0.36363636,0.22727273,0.13875598,0.48086124,0.38038278
13,Chase Burns,CIN,35333,0.2884097035040431,0.844311377,0.2,0.366233766,0.433766233,0.155688622,0.101796407,104.0,6.064794941335619,949.0,1620.0,2569.0,0.41085271,0.34625323,0.24289406,0.13953488,0.54521964,0.31524548
14,Paul Skenes,PIT,33677,0.2916666666666667,0.977900552,0.193693693,0.398648648,0.407657657,0.138121546,0.110497237,110.0,5.6787764271885015,1026.0,1864.0,2890.0,0.3902439,0.34368071,0.26607539,0.17960089,0.48780488,0.33259424
15,Payton Tolle,BOS,35466,0.29110512129380056,0.787709497,0.153439153,0.373015873,0.473544973,0.12849162,0.083798882,78.0,4.72197323552723,705.0,1577.0,2282.0,0.38341969,0.34715026,0.26943005,0.19689119,0.50259067,0.30051813
16,Bryan Woo,SEA,30279,0.2851063829787234,0.915,0.213552361,0.37577002,0.410677618,0.145,0.09,94.0,4.890173464319455,870.0,1798.0,2668.0,0.3852459,0.3545082,0.2602459,0.16393443,0.48155738,0.3545082
17,Zack Wheeler,PHI,10310,0.26842105263157895,1.176870748,0.2,0.4325,0.3675,0.142857142,0.142857142,91.0,5.055555644839881,952.0,1697.0,2649.0,0.40897756,0.33665835,0.25436409,0.20698254,0.48628429,0.30673317
18,Trevor Rogers,BAL,22286,0.2972972972972973,0.875576036,0.179435483,0.383064516,0.4375,0.133640552,0.087557603,89.0,4.721021761374052,825.0,1865.0,2690.0,0.384,0.366,0.25,0.166,0.478,0.356
19,Cade Cavalli,WSN,27473,0.30660377358490565,1.553191489,0.179954441,0.498861047,0.32118451,0.04964539,0.127659574,152.0,8.062868535526242,959.0,1823.0,2782.0,0.38461538,0.3438914,0.27149321,0.14705882,0.49773756,0.35520362
20,Ranger Suarez,BOS,17277,0.293398533007335,1.253623188,0.246973365,0.418886198,0.334140435,0.159420289,0.072463768,68.0,4.125842838101945,876.0,1511.0,2387.0,0.42720764,0.35322196,0.21957041,0.18138425,0.53937947,0.27923628
21,Braxton Ashcraft,PIT,23793,0.28604651162790695,1.331168831,0.200445434,0.456570155,0.342984409,0.123376623,0.142857142,141.0,7.675403373383771,729.0,1684.0,2413.0,0.38274336,0.39380531,0.22345133,0.15929204,0.48451327,0.35619469
22,Gavin Williams,CLE,30122,0.2878411910669975,1.121212121,0.176470588,0.435294117,0.388235294,0.09090909,0.169696969,85.0,4.150090530425598,1003.0,1988.0,2991.0,0.4199536,0.31322506,0.26682135,0.13921114,0.50116009,0.35962877
23,Max Fried,NYY,13743,0.25773195876288657,1.352380952,0.145328719,0.49134948,0.363321799,0.114285714,0.038095238,53.0,4.23372797788866,624.0,1072.0,1696.0,0.34915254,0.4,0.25084746,0.19322034,0.53220339,0.27457627
24,Nolan McLean,NYM,33703,0.2727272727272727,1.329113924,0.203463203,0.454545454,0.341991341,0.107594936,0.107594936,96.0,4.808905448402666,1077.0,1838.0,2915.0,0.39102564,0.34615385,0.26282051,0.16880342,0.53205128,0.2991453
25,Sonny Gray,BOS,12768,0.2826552462526767,1.372670807,0.204166666,0.460416666,0.335416666,0.04968944,0.099378881,89.0,4.739645023906245,886.0,1589.0,2475.0,0.50517598,0.28985507,0.20496894,0.11594203,0.54451346,0.33954451
26,Shane Baz,BAL,22264,0.3088512241054614,0.976303317,0.232044198,0.379373848,0.388581952,0.08056872,0.071090047,69.0,3.4564009011192947,1051.0,1866.0,2917.0,0.37362637,0.35714286,0.26923077,0.13369963,0.51282051,0.35347985
27,Sandy Alcantara,MIA,18684,0.2792511700468019,1.108433734,0.199695121,0.420731707,0.37957317,0.140562248,0.096385542,114.0,4.862559307639307,1095.0,2163.0,3258.0,0.3593985,0.38796992,0.25263158,0.16240602,0.52932331,0.30827068
28,Eduardo Rodriguez,ARI,13164,0.27353463587921845,0.956896551,0.206293706,0.388111888,0.405594405,0.11637931,0.081896551,111.0,5.267135475207805,1107.0,1961.0,3068.0,0.3814433,0.33848797,0.28006873,0.15463918,0.51718213,0.32817869
29,Kevin Gausman,2 Tms,14107,0.31097560975609756,0.995121951,0.196463654,0.400785854,0.402750491,0.102439024,0.126829268,79.0,4.001876315815634,1021.0,1982.0,3003.0,0.40926641,0.34749035,0.24324324,0.16988417,0.46525097,0.36486486
30,Logan Webb,SFG,17995,0.2857142857142857,1.704225352,0.194968553,0.507337526,0.29769392,0.084507042,0.091549295,94.0,5.265560218066696,863.0,1626.0,2489.0,0.42411642,0.33887734,0.23700624,0.15800416,0.51559252,0.32640333
31,Shohei Ohtani,LAD,19755,0.24401913875598086,1.542857142,0.156398104,0.511848341,0.331753554,0.157142857,0.057142857,41.0,4.307393028076654,473.0,862.0,1335.0,0.41784038,0.342723,0.23943662,0.17370892,0.51173709,0.31455399
32,Nick Martinez,TBR,12730,0.26512455516014233,0.82,0.212802768,0.35467128,0.432525951,0.112,0.088,88.0,4.400000139872238,804.0,1721.0,2525.0,0.42465753,0.34589041,0.22945205,0.1609589,0.54280822,0.29623288
33,Logan Gilbert,SEA,22250,0.26956521739130435,0.897058823,0.19375,0.38125,0.425,0.117647058,0.142156862,96.0,4.645161433224876,1046.0,1937.0,2983.0,0.44580777,0.3394683,0.21472393,0.13292434,0.51124744,0.35582822
34,Sean Burke,CHW,29878,0.2945945945945946,0.80116959,0.191601049,0.359580052,0.448818897,0.12865497,0.093567251,66.0,4.1733022568607465,831.0,1615.0,2446.0,0.4,0.38701299,0.21298701,0.12467532,0.54805195,0.32727273
35,MacKenzie Gore,TEX,22201,0.29436325678496866,0.965174129,0.197154471,0.394308943,0.408536585,0.069651741,0.094527363,87.0,4.526011710393334,1098.0,1865.0,2963.0,0.38955823,0.36345382,0.24698795,0.13654618,0.51004016,0.35341365
36,Taj Bradley,MIN,22543,0.27045454545454545,0.841025641,0.219565217,0.356521739,0.423913043,0.102564102,0.117948717,113.0,5.70280383997416,1103.0,1895.0,2998.0,0.39308855,0.33045356,0.27645788,0.1187905,0.52051836,0.36069114
37,Dustin May,2 Tms,19716,0.31840796019900497,1.124183006,0.209245742,0.418491484,0.372262773,0.08496732,0.091503267,88.0,5.437071107668346,843.0,1557.0,2400.0,0.36626506,0.37108434,0.2626506,0.1373494,0.46506024,0.39759036
38,Michael Soroka,ARI,18383,0.28052805280528054,0.933333333,0.249190938,0.362459546,0.388349514,0.083333333,0.075,60.0,4.821428735645456,609.0,1172.0,1781.0,0.45833333,0.32692308,0.21474359,0.14423077,0.54487179,0.31089744
39,Andre Pallante,STL,26108,0.2874251497005988,2.178294573,0.191321499,0.554240631,0.254437869,0.062015503,0.093023255,102.0,5.666666800102583,995.0,1647.0,2642.0,0.37964775,0.3776908,0.24266145,0.17612524,0.54207436,0.28180039
40,Michael King,SDP,19853,0.2585858585858586,1.147208121,0.165680473,0.445759368,0.388560157,0.101522842,0.101522842,81.0,3.94054062179443,1096.0,1885.0,2981.0,0.42217899,0.3618677,0.21595331,0.15564202,0.52723735,0.31712062
41,Davis Martin,CHW,21448,0.31695331695331697,1.19047619,0.225961538,0.420673076,0.353365384,0.115646258,0.088435374,79.0,5.054502565994676,821.0,1457.0,2278.0,0.43571429,0.33809524,0.22619048,0.13095238,0.52857143,0.34047619
42,Jared Jones,PIT,27863,0.27235772357723576,0.8,0.18503937,0.362204724,0.452755905,0.147826086,0.104347826,43.0,3.806557436560919,579.0,1055.0,1634.0,0.42635659,0.30620155,0.26744186,0.15503876,0.51162791,0.33333333
43,Noah Cameron,KCR,30184,0.2790224032586558,0.946341463,0.205179282,0.386454183,0.408366533,0.092682926,0.102439024,103.0,5.442270160276972,1029.0,1767.0,2796.0,0.44335938,0.32421875,0.23242188,0.15039063,0.515625,0.33398438
44,Foster Griffin,2 Tms,16432,0.2907216494845361,1.27840909,0.2027833,0.447316103,0.349900596,0.073863636,0.130681818,124.0,6.463320558515874,964.0,1871.0,2835.0,0.41732283,0.37007874,0.21259843,0.14173228,0.52952756,0.32874016
45,Walbert Ureña,LAA,29357,0.25647668393782386,1.854700854,0.150127226,0.552162849,0.297709923,0.059829059,0.085470085,88.0,5.40000009363348,906.0,1515.0,2421.0,0.44444444,0.32323232,0.23232323,0.1540404,0.53535354,0.31060606
46,José Soriano,2 Tms,22100,0.28781512605042014,1.925925925,0.192229038,0.531697341,0.276073619,0.066666666,0.133333333,109.0,5.5319550458852165,1076.0,1841.0,2917.0,0.45546559,0.36234818,0.18218623,0.15789474,0.48785425,0.35425101
47,Kyle Leahy,STL,24763,0.32754342431761785,1.395522388,0.226506024,0.450602409,0.322891566,0.074626865,0.111940298,63.0,4.050000055176872,852.0,1476.0,2328.0,0.42446043,0.37170264,0.20383693,0.12230216,0.4676259,0.41007194
48,Ryan Weathers,NYY,23796,0.30601092896174864,1.528925619,0.194736842,0.486842105,0.318421052,0.074380165,0.14876033,48.0,3.1456312281504117,832.0,1449.0,2281.0,0.41666667,0.38020833,0.203125,0.1640625,0.51041667,0.32552083
49,Joe Ryan,MIN,21390,0.29743589743589743,0.801075268,0.178921568,0.365196078,0.455882352,0.102150537,0.112903225,83.0,5.163594527842394,806.0,1637.0,2443.0,0.47931873,0.27980535,0.24087591,0.15815085,0.47688564,0.3649635
50,George Kirby,SEA,25436,0.33589251439539347,1.193877551,0.203703703,0.433333333,0.362962962,0.112244897,0.112244897,81.0,4.173664251269807,923.0,1840.0,2763.0,0.35543278,0.39042357,0.25414365,0.15653775,0.49539595,0.3480663
51,Landen Roupp,SFG,30076,0.2718676122931442,1.444444444,0.167848699,0.491725768,0.340425531,0.069444444,0.076388888,73.0,4.238709859977039,1076.0,1639.0,2715.0,0.44700461,0.34101382,0.21198157,0.15207373,0.56682028,0.28110599
52,Michael Wacha,KCR,14078,0.24511545293072823,0.788461538,0.201030927,0.352233676,0.446735395,0.13076923,0.115384615,75.0,3.36378745001895,1054.0,1976.0,3030.0,0.40640809,0.37099494,0.22259696,0.15682968,0.53288364,0.31028668
53,Peter Lambert,HOU,17969,0.28199052132701424,0.808290155,0.19025522,0.361948955,0.447795823,0.113989637,0.088082901,77.0,4.451820310303498,947.0,1697.0,2644.0,0.40091116,0.34168565,0.25740319,0.14123007,0.54214123,0.3166287
54,Shane McClanahan,TBR,21483,0.2530487804878049,1.133858267,0.168711656,0.441717791,0.389570552,0.094488188,0.078740157,66.0,5.033898467820328,641.0,1189.0,1830.0,0.50148368,0.31750742,0.1810089,0.12462908,0.51632047,0.35905045
55,Logan Henderson,MIL,31475,0.22026431718061673,0.613445378,0.19327731,0.306722689,0.5,0.117647058,0.117647058,61.0,5.583050919653048,477.0,1028.0,1505.0,0.43153527,0.31950207,0.24896266,0.15767635,0.50622407,0.33609959
56,Brandon Pfaadt,ARI,27782,0.2704225352112676,1.192592592,0.184573002,0.44352617,0.371900826,0.14074074,0.074074074,66.0,5.180232802280043,563.0,1109.0,1672.0,0.45753425,0.30410959,0.23835616,0.15068493,0.53972603,0.30958904
57,Tyler Glasnow,LAD,14374,0.24203821656050956,0.955882352,0.179012345,0.401234567,0.419753086,0.117647058,0.102941176,44.0,5.351351420316844,433.0,719.0,1152.0,0.41463415,0.33536585,0.25,0.12804878,0.51219512,0.3597561
58,Max Meyer,MIA,27474,0.2624113475177305,1.0625,0.200692041,0.411764705,0.387543252,0.125,0.098214285,82.0,6.648648762894514,646.0,1145.0,1791.0,0.3890785,0.37542662,0.23549488,0.15017065,0.50853242,0.34129693
59,Eury Pérez,MIA,27768,0.2653061224489796,0.887640449,0.178484107,0.386308068,0.435207823,0.140449438,0.11235955,77.0,4.386076028789014,979.0,1685.0,2664.0,0.41990291,0.34466019,0.23543689,0.16019417,0.48543689,0.35436893
60,Jake Bennett,BOS,31959,0.28164556962025317,1.099173553,0.201257861,0.418238993,0.380503144,0.115702479,0.099173553,62.0,5.0881461031430995,497.0,1057.0,1554.0,0.41768293,0.31402439,0.26829268,0.1554878,0.49390244,0.35060976
61,Casey Mize,2 Tms,20492,0.27631578947368424,0.684210526,0.187817258,0.329949238,0.482233502,0.142105263,0.094736842,63.0,4.3172591131464495,754.0,1329.0,2083.0,0.42211055,0.3241206,0.25376884,0.16582915,0.5,0.33417085
62,Gerrit Cole,NYY,13125,0.2743362831858407,0.732142857,0.189415041,0.342618384,0.467966573,0.113095238,0.13095238,71.0,5.031496214123109,624.0,1329.0,1953.0,0.40947075,0.32590529,0.26462396,0.13091922,0.52089136,0.34818942
63,Griffin Jax,TBR,20253,0.2808988764044944,1.305263157,0.203636363,0.45090909,0.345454545,0.07368421,0.126315789,49.0,4.267742027387909,533.0,1008.0,1541.0,0.41935484,0.35483871,0.22580645,0.12903226,0.51971326,0.35125448
64,Christian Scott,NYM,30107,0.2977941176470588,0.725806451,0.235714285,0.321428571,0.442857142,0.080645161,0.096774193,52.0,4.2545457496328005,699.0,1266.0,1965.0,0.40492958,0.30633803,0.28873239,0.1584507,0.50352113,0.33802817
65,Tyler Mahle,2 Tms,16358,0.28921568627450983,1.177215189,0.186761229,0.439716312,0.373522458,0.094936708,0.126582278,63.0,3.8053692492980846,887.0,1517.0,2404.0,0.4135514,0.37149533,0.21495327,0.13084112,0.5,0.36915888
66,Janson Junk,MIA,23301,0.2955145118733509,1.051282051,0.168831168,0.425974025,0.405194805,0.179487179,0.096153846,55.0,4.035326233362548,670.0,1305.0,1975.0,0.41581633,0.34438776,0.23979592,0.17602041,0.48214286,0.34183673
67,Framber Valdez,DET,17295,0.29277566539923955,2.153284671,0.189493433,0.553470919,0.257035647,0.06569343,0.116788321,96.0,4.965517351942031,993.0,1778.0,2771.0,0.48339483,0.29335793,0.22324723,0.13099631,0.49077491,0.37822878
68,Will Warren,NYY,30182,0.31678486997635935,1.238709677,0.207762557,0.438356164,0.353881278,0.04516129,0.13548387,110.0,6.629464596186836,952.0,1594.0,2546.0,0.41402715,0.34841629,0.23755656,0.11312217,0.52262443,0.36425339
69,Blake Snell,LAD,13543,0.3069306930693069,1.131578947,0.19,0.43,0.38,0.157894736,0.0,26.0,5.484375081723557,262.0,480.0,742.0,0.40594059,0.31683168,0.27722772,0.22772277,0.56435644,0.20792079
70,Freddy Peralta,2 Tms,18679,0.2875,0.942307692,0.187122736,0.394366197,0.418511066,0.081730769,0.110576923,92.0,4.899408505204263,1147.0,1813.0,2960.0,0.38170974,0.37176938,0.24652087,0.14910537,0.51292247,0.33797217
71,Michael McGreevy,STL,29869,0.28433268858800775,1.232804232,0.208255159,0.437148217,0.354596622,0.052910052,0.111111111,89.0,4.749012009867951,1080.0,1694.0,2774.0,0.39591078,0.38104089,0.22304833,0.12639405,0.48513011,0.38847584
72,Connor Prielipp,MIN,31857,0.3050314465408805,1.062015503,0.181538461,0.421538461,0.396923076,0.077519379,0.100775193,64.0,4.937142964764033,683.0,1245.0,1928.0,0.35757576,0.38787879,0.25454545,0.13636364,0.52424242,0.33939394
73,Keider Montero,DET,22630,0.23486682808716708,0.776699029,0.14084507,0.375586854,0.483568075,0.140776699,0.082524271,80.0,5.268292854486093,702.0,1323.0,2025.0,0.37906977,0.36511628,0.25581395,0.15348837,0.52325581,0.32325581
74,Hunter Brown,HOU,25880,0.2723735408560311,1.935897435,0.135849056,0.56981132,0.294339622,0.141025641,0.141025641,57.0,4.77950328961231,741.0,1140.0,1881.0,0.37313433,0.3880597,0.23880597,0.18283582,0.51492537,0.30223881
75,Bubba Chandler,PIT,29868,0.2850356294536817,0.96,0.2004662,0.391608391,0.407925407,0.114285714,0.085714285,84.0,5.085201978573208,974.0,1626.0,2600.0,0.4,0.32413793,0.27586207,0.14942529,0.49655172,0.35402299
76,Seth Lugo,KCR,12447,0.3333333333333333,1.037914691,0.211009174,0.401834862,0.387155963,0.075829383,0.109004739,84.0,4.386847300555332,1034.0,1825.0,2859.0,0.39891697,0.36823105,0.23285199,0.11552347,0.51263538,0.37184116
77,Andrew Alvarez,WSN,29914,0.28193832599118945,1.757575757,0.212121212,0.502164502,0.285714285,0.106060606,0.09090909,39.0,4.081395575135008,543.0,862.0,1405.0,0.45922747,0.32618026,0.21459227,0.1416309,0.56652361,0.29184549
78,Shota Imanaga,CHC,33829,0.26269315673289184,0.824884792,0.183505154,0.369072164,0.44742268,0.119815668,0.161290322,117.0,6.0401531068535474,974.0,1837.0,2811.0,0.44262295,0.30327869,0.25409836,0.15163934,0.5102459,0.33811475
79,Carlos Rodón,NYY,16137,0.21782178217821782,0.831460674,0.212560386,0.357487922,0.42995169,0.078651685,0.078651685,48.0,5.122529779433105,552.0,886.0,1438.0,0.41148325,0.36363636,0.22488038,0.11004785,0.5215311,0.36842105
80,Justin Wrobleski,LAD,31204,0.2602739726027397,0.974842767,0.178010471,0.405759162,0.416230366,0.069182389,0.125786163,90.0,6.311688421130041,632.0,1316.0,1948.0,0.37922078,0.37402597,0.24675325,0.12467532,0.45714286,0.41818182
81,Clay Holmes,2 Tms,13649,0.2508591065292096,2.594202898,0.159322033,0.606779661,0.233898305,0.04347826,0.086956521,57.0,5.062500254104025,592.0,1022.0,1614.0,0.45608108,0.39864865,0.14527027,0.13513514,0.50337838,0.36148649
82,Emerson Hancock,SEA,27470,0.2782152230971129,1.061349693,0.16,0.4325,0.4075,0.08588957,0.122699386,75.0,4.867788584291189,751.0,1421.0,2172.0,0.36159601,0.3840399,0.25436409,0.13216958,0.50872818,0.35910224
83,J.T. Ginn,ATH,27889,0.2591549295774648,1.284615384,0.186301369,0.457534246,0.356164383,0.069230769,0.123076923,90.0,6.167512839639558,823.0,1259.0,2082.0,0.44743935,0.36657682,0.18598383,0.18328841,0.49056604,0.32614555
84,David Peterson,2 Tms,20302,0.336231884057971,1.988888888,0.233618233,0.509971509,0.256410256,0.066666666,0.122222222,65.0,5.028653514989006,738.0,1230.0,1968.0,0.41853933,0.36235955,0.21910112,0.15730337,0.52247191,0.32022472
85,Gage Jump,ATH,35418,0.3445692883895131,1.0,0.231884057,0.384057971,0.384057971,0.066037735,0.113207547,35.0,3.1925677115722215,623.0,1133.0,1756.0,0.390681,0.38709677,0.22222222,0.12903226,0.48387097,0.38709677
86,Nathan Eovaldi,TEX,9132,0.29347826086956524,1.472868217,0.182051282,0.487179487,0.33076923,0.093023255,0.186046511,84.0,5.518248252008929,688.0,1390.0,2078.0,0.49104859,0.34526854,0.16368286,0.14578005,0.46547315,0.3887468
87,Matthew Boyd,CHC,15440,0.2727272727272727,1.137681159,0.206989247,0.42204301,0.370967741,0.123188405,0.108695652,86.0,6.110526530485082,674.0,1283.0,1957.0,0.45238095,0.32275132,0.22486772,0.17195767,0.5,0.32804233
88,Joey Cantillo,CLE,23335,0.3228346456692913,1.183673469,0.179028132,0.445012787,0.375959079,0.102040816,0.115646258,77.0,4.8125001593596455,968.0,1567.0,2535.0,0.42462312,0.35678392,0.21859296,0.15075377,0.51758794,0.33165829
89,Troy Melton,DET,31807,0.2476489028213166,1.146341463,0.197568389,0.428571428,0.373860182,0.113821138,0.105691056,54.0,4.250729052072822,637.0,1136.0,1773.0,0.45481928,0.34939759,0.19578313,0.13855422,0.50903614,0.35240964
90,Brandon Young,BAL,27819,0.28507795100222716,1.059139784,0.176344086,0.423655913,0.4,0.123655913,0.118279569,87.0,4.997872543248625,913.0,1617.0,2530.0,0.43496802,0.35820896,0.20682303,0.15778252,0.46481876,0.37739872
91,Kyle Harrison,MIL,27758,0.3194444444444444,0.916666666,0.243421052,0.361842105,0.394736842,0.083333333,0.166666666,67.0,5.367952765307,699.0,1328.0,2027.0,0.39739414,0.31596091,0.28664495,0.13029316,0.49837134,0.3713355
92,Tanner Bibee,CLE,30134,0.2698706099815157,0.860082304,0.2,0.369911504,0.430088495,0.098765432,0.119341563,86.0,4.117021401903114,1072.0,1896.0,2968.0,0.38421053,0.37719298,0.23859649,0.14035088,0.49473684,0.36491228
93,Cal Quantrill,TEX,19312,0.23148148148148148,1.021276595,0.151785714,0.428571428,0.419642857,0.138297872,0.106382978,47.0,5.51739135010256,389.0,717.0,1106.0,0.39555556,0.39555556,0.20888889,0.13333333,0.50666667,0.36
94,Walker Buehler,SDP,19374,0.29493087557603687,1.35625,0.169603524,0.477973568,0.352422907,0.0875,0.1375,84.0,4.91973993039497,977.0,1632.0,2609.0,0.40131579,0.38815789,0.21052632,0.14254386,0.51754386,0.33991228
95,Kyle Bradish,BAL,24586,0.31336405529953915,1.254658385,0.195121951,0.447893569,0.356984478,0.068322981,0.124223602,84.0,4.877419504886119,998.0,1631.0,2629.0,0.35462555,0.3876652,0.25770925,0.16740088,0.51762115,0.31497797
96,Martín Pérez,ATL,6902,0.25757575757575757,1.386363636,0.208542713,0.459798994,0.331658291,0.113636363,0.09090909,56.0,3.798995075007649,833.0,1287.0,2120.0,0.53431373,0.29901961,0.16666667,0.15931373,0.50245098,0.33823529
97,Ben Brown,CHC,23590,0.23853211009174313,1.1,0.222222222,0.407407407,0.37037037,0.075,0.025,25.0,5.31496066983261,206.0,397.0,603.0,0.36363636,0.40909091,0.22727273,0.11818182,0.57272727,0.30909091
98,Rhett Lowder,CIN,33876,0.3148614609571788,1.0310559,0.204379562,0.403892944,0.391727493,0.093167701,0.105590062,67.0,4.773087263407735,831.0,1361.0,2192.0,0.42615012,0.34624697,0.22760291,0.11864407,0.50605327,0.37530266
99,Anthony Kay,CHW,20387,0.29711751662971175,1.25,0.217391304,0.434782608,0.347826086,0.15,0.125,110.0,6.556291639174845,988.0,1653.0,2641.0,0.47133758,0.33757962,0.1910828,0.16985138,0.51167728,0.31847134
100,Andrew Abbott,CIN,29911,0.28024193548387094,0.88,0.17221135,0.387475538,0.440313111,0.093333333,0.115555555,74.0,4.012048308017693,1075.0,1794.0,2869.0,0.35,0.39615385,0.25384615,0.15,0.50576923,0.34423077
101,Robert Gasser,MIL,29812,0.2605633802816901,0.753846153,0.229729729,0.331081081,0.439189189,0.138461538,0.115384615,59.0,5.1057694648673655,594.0,1141.0,1735.0,0.43143813,0.33779264,0.23076923,0.17056856,0.48160535,0.34782609
102,Nick Pivetta,SDP,15454,0.28735632183908044,0.586956521,0.170454545,0.306818181,0.522727272,0.130434782,0.04347826,19.0,4.932692398157347,196.0,382.0,578.0,0.42696629,0.29213483,0.28089888,0.14606742,0.51685393,0.33707865
103,Emmet Sheehan,LAD,29839,0.2851851851851852,0.768656716,0.179930795,0.356401384,0.46366782,0.126865671,0.156716417,62.0,5.2149535499084445,662.0,1201.0,1863.0,0.47766323,0.32989691,0.19243986,0.15120275,0.52233677,0.32646048
104,Kumar Rocker,TEX,31843,0.2978723404255319,1.105263157,0.183673469,0.428571428,0.387755102,0.111842105,0.118421052,72.0,4.971867201699931,868.0,1381.0,2249.0,0.43401015,0.38832487,0.17766497,0.15228426,0.44670051,0.40101523
105,Randy Vásquez,SDP,24719,0.26256983240223464,0.898734177,0.186991869,0.384823848,0.428184281,0.050632911,0.082278481,69.0,5.307692480745641,631.0,1192.0,1823.0,0.43126685,0.37196765,0.1967655,0.08355795,0.52560647,0.39083558
106,Jack Flaherty,DET,17479,0.3039647577092511,0.603448275,0.205128205,0.299145299,0.495726495,0.137931034,0.094827586,44.0,4.586872806436202,636.0,1003.0,1639.0,0.42436975,0.33193277,0.24369748,0.13865546,0.46218487,0.39915966
107,Aaron Nola,PHI,16149,0.29850746268656714,1.00990099,0.189620758,0.407185628,0.403193612,0.0990099,0.183168316,77.0,3.952471597547396,1071.0,1876.0,2947.0,0.44071146,0.35573123,0.20355731,0.1541502,0.50197628,0.34387352
108,Trey Yesavage,TOR,35456,0.2139917695473251,0.658730158,0.164,0.332,0.504,0.119047619,0.095238095,37.0,3.4095564693600346,616.0,1003.0,1619.0,0.40392157,0.34509804,0.25098039,0.15686275,0.52941176,0.31372549
109,Hayden Wesneski,HOU,27581,0.25862068965517243,1.316666666,0.214689265,0.446327683,0.33898305,0.133333333,0.066666666,41.0,6.04918042244177,313.0,586.0,899.0,0.43820225,0.36516854,0.19662921,0.17977528,0.43258427,0.38764045
110,Bailey Ober,MIN,21224,0.27889447236180903,0.715,0.173493975,0.344578313,0.48192771,0.17,0.105,80.0,5.62500012572855,729.0,1339.0,2068.0,0.48564593,0.30143541,0.21291866,0.16985646,0.48564593,0.34449761
111,Brandon Woodruff,MIL,16162,0.2072072072072072,0.484375,0.173913043,0.269565217,0.556521739,0.125,0.078125,20.0,3.970588430195128,200.0,439.0,639.0,0.31034483,0.37931034,0.31034483,0.15517241,0.5,0.34482759
112,Bryce Elder,ATL,27779,0.26605504587155965,1.170731707,0.205357142,0.428571428,0.366071428,0.097560975,0.146341463,68.0,4.107382655492761,836.0,1411.0,2247.0,0.41394336,0.32897603,0.25708061,0.11982571,0.52069717,0.35947712
113,Matthew Liberatore,STL,22294,0.33564814814814814,0.913043478,0.228070175,0.368421052,0.403508771,0.076086956,0.152173913,77.0,4.470967934496329,950.0,1663.0,2613.0,0.44347826,0.29565217,0.26086957,0.1173913,0.5,0.3826087
114,Shane Drohan,MIL,27814,0.3333333333333333,0.952830188,0.218867924,0.381132075,0.4,0.066037735,0.122641509,73.0,6.98936198576915,557.0,984.0,1541.0,0.39483395,0.35424354,0.25092251,0.12546125,0.4797048,0.39483395
115,Patrick Sandoval,BOS,19447,0.3776595744680851,0.897435897,0.221052631,0.368421052,0.410526315,0.153846153,0.089743589,26.0,3.618556843337102,406.0,703.0,1109.0,0.37948718,0.36923077,0.25128205,0.17435897,0.51794872,0.30769231
116,Yusei Kikuchi,LAA,20633,0.3383838383838384,1.194444444,0.225490196,0.421568627,0.352941176,0.111111111,0.097222222,30.0,3.9901478769778707,434.0,768.0,1202.0,0.45853659,0.34634146,0.19512195,0.15121951,0.3902439,0.45853659
117,Gabriel Hughes,COL,31614,0.32065217391304346,1.086956521,0.225806451,0.403225806,0.370967741,0.101449275,0.101449275,26.0,3.8360656937166335,396.0,694.0,1090.0,0.43455497,0.33507853,0.23036649,0.12565445,0.56020942,0.31413613
118,Andrew Painter,PHI,30091,0.30654761904761907,1.057553956,0.1875,0.417613636,0.394886363,0.100719424,0.143884892,50.0,3.857142972751543,693.0,1276.0,1969.0,0.42977528,0.32865169,0.24157303,0.18820225,0.46629213,0.34550562
119,Mitch Keller,PIT,17594,0.2922636103151863,1.007462686,0.256906077,0.372928176,0.370165745,0.059701492,0.111940298,65.0,5.057636998808957,687.0,1201.0,1888.0,0.35164835,0.38186813,0.26648352,0.16208791,0.46978022,0.36813187
120,Bryce Miller,SEA,29837,0.2568493150684932,0.794326241,0.181229773,0.362459546,0.456310679,0.106382978,0.141843971,48.0,3.8005866909585704,591.0,1212.0,1803.0,0.47115385,0.30769231,0.22115385,0.15064103,0.52884615,0.32051282
121,Roki Sasaki,LAD,35323,0.27899686520376177,1.116279069,0.194690265,0.424778761,0.380530973,0.108527131,0.170542635,65.0,4.9022347674618825,732.0,1320.0,2052.0,0.37829912,0.38123167,0.24046921,0.12903226,0.51612903,0.35483871
122,Anthony Molina,SFG,26952,0.30303030303030304,0.606060606,0.220588235,0.294117647,0.485294117,0.151515151,0.06060606,15.0,5.472973114038754,133.0,268.0,401.0,0.36764706,0.30882353,0.32352941,0.11764706,0.5,0.38235294
123,Carmen Mlodzinski,PIT,27572,0.3850574712643678,1.315789473,0.254237288,0.423728813,0.322033898,0.087719298,0.087719298,25.0,4.299363318483591,356.0,606.0,962.0,0.42134831,0.37640449,0.20224719,0.08988764,0.5,0.41011236
124,Grant Holmes,ATL,16944,0.2649164677804296,1.194968553,0.199541284,0.435779816,0.364678899,0.081761006,0.132075471,72.0,4.51044097499045,852.0,1432.0,2284.0,0.44772727,0.33409091,0.21818182,0.10681818,0.49318182,0.4
125,Kris Bubic,KCR,21455,0.256,1.142857142,0.1796875,0.4375,0.3828125,0.020408163,0.081632653,17.0,3.0397351761302613,305.0,507.0,812.0,0.44186047,0.39534884,0.1627907,0.11627907,0.56589147,0.31782946
126,Kyle Freeland,COL,16256,0.33636363636363636,1.032967032,0.202586206,0.405172413,0.392241379,0.082417582,0.159340659,69.0,4.588670123195935,721.0,1466.0,2187.0,0.42643923,0.38592751,0.18763326,0.12153518,0.42217484,0.45628998
127,Quinn Mathews,STL,33851,0.30935251798561153,1.075471698,0.214285714,0.407142857,0.378571428,0.113207547,0.094339622,15.0,2.736486557019377,331.0,536.0,867.0,0.4375,0.29861111,0.26388889,0.13888889,0.52777778,0.33333333
128,David Sandlin,CHW,31743,0.27380952380952384,1.29032258,0.183908045,0.459770114,0.356321839,0.129032258,0.096774193,48.0,13.642105537055278,166.0,295.0,461.0,0.42528736,0.35632184,0.2183908,0.17241379,0.49425287,0.33333333
129,Jake Irvin,WSN,21504,0.28735632183908044,0.866666666,0.185454545,0.378181818,0.436363636,0.133333333,0.133333333,53.0,4.934482888438334,650.0,1112.0,1762.0,0.40433213,0.33935018,0.25631769,0.15523466,0.47292419,0.37184116
130,Connelly Early,2 Tms,33666,0.2701612903225806,1.048076923,0.174418604,0.42248062,0.403100775,0.067307692,0.144230769,49.0,4.658450876299629,561.0,1002.0,1563.0,0.4486692,0.33840304,0.21292776,0.11787072,0.54372624,0.33840304
131,Ian Seymour,TBR,27932,0.2896174863387978,0.731182795,0.190954773,0.341708542,0.467336683,0.150537634,0.215053763,52.0,6.077922153199458,385.0,850.0,1235.0,0.44334975,0.36453202,0.19211823,0.18719212,0.45320197,0.35960591
132,Randy Dobnak,KCR,23798,0.3103448275862069,1.677966101,0.229268292,0.482926829,0.287804878,0.033898305,0.101694915,34.0,4.731958948979287,412.0,693.0,1105.0,0.50717703,0.26315789,0.22966507,0.11483254,0.50717703,0.37799043
133,Ryan Gusto,MIA,26440,0.3252032520325203,0.99,0.225680933,0.385214007,0.389105058,0.11,0.11,42.0,4.805085017605112,414.0,886.0,1300.0,0.3540856,0.38132296,0.26459144,0.15564202,0.49416342,0.35019455
134,Slade Cecconi,CLE,27500,0.3194029850746269,1.171875,0.198847262,0.432276657,0.36887608,0.0625,0.125,51.0,4.276397718175934,650.0,1133.0,1783.0,0.37891738,0.39316239,0.22792023,0.11396011,0.52706553,0.35897436
135,Zebby Matthews,MIN,31827,0.27900552486187846,1.137931034,0.192708333,0.4296875,0.377604166,0.075862068,0.165517241,73.0,5.040920802178458,774.0,1343.0,2117.0,0.44300518,0.3238342,0.23316062,0.09585492,0.53367876,0.37046632
136,Luis Severino,ATH,15890,0.3170731707317073,1.1875,0.181286549,0.444444444,0.374269005,0.046875,0.140625,23.0,3.3031915731427914,396.0,690.0,1086.0,0.3699422,0.39884393,0.23121387,0.14450867,0.49710983,0.3583815
137,Zac Thornton,NYM,33891,0.26778242677824265,0.920792079,0.224,0.372,0.404,0.06930693,0.138613861,49.0,5.229249090703566,410.0,849.0,1259.0,0.39130435,0.39525692,0.21343874,0.13043478,0.51383399,0.35573123
138,Jonah Tong,NYM,32157,0.3,1.0,0.16,0.42,0.42,0.095238095,0.047619047,10.0,4.354838843648321,130.0,222.0,352.0,0.39215686,0.33333333,0.2745098,0.11764706,0.58823529,0.29411765
139,Chris Bassitt,BAL,12304,0.33557046979865773,1.254716981,0.216393442,0.436065573,0.347540983,0.056603773,0.094339622,66.0,6.480000382024614,593.0,988.0,1581.0,0.34415584,0.3961039,0.25974026,0.14935065,0.52597403,0.32467532
140,Hunter Greene,CIN,22182,0.3333333333333333,0.628571428,0.278481012,0.278481012,0.443037974,0.142857142,0.114285714,22.0,7.156626670484122,150.0,306.0,456.0,0.27848101,0.39240506,0.32911392,0.13924051,0.49367089,0.36708861
141,Robbie Ray,2 Tms,11486,0.26303854875283444,0.753623188,0.203947368,0.342105263,0.453947368,0.062801932,0.106280193,105.0,5.930962496926121,1110.0,1651.0,2761.0,0.34341253,0.3174946,0.33909287,0.11231102,0.5637149,0.32397408
142,Trevor McDonald,SFG,26448,0.2938388625592417,2.203703703,0.195348837,0.553488372,0.25116279,0.055555555,0.129629629,29.0,3.710900641658324,419.0,719.0,1138.0,0.41013825,0.38248848,0.20737327,0.14285714,0.49769585,0.359447
143,Kade Anderson,SEA,37238,0.3069306930693069,1.135135135,0.240384615,0.403846153,0.35576923,0.108108108,0.108108108,17.0,4.289719817336244,176.0,365.0,541.0,0.48571429,0.3047619,0.20952381,0.12380952,0.52380952,0.35238095
144,Sean Manaea,NYM,15873,0.2871287128712871,0.920289855,0.166666666,0.399371069,0.433962264,0.072463768,0.144927536,67.0,5.600619376943763,552.0,1165.0,1717.0,0.41795666,0.31888545,0.26315789,0.10526316,0.47678019,0.41795666
145,Lake Bachar,2 Tms,19222,0.26666666666666666,1.181818181,0.186440677,0.440677966,0.372881355,0.227272727,0.045454545,12.0,4.320000494384822,179.0,264.0,443.0,0.49180328,0.29508197,0.21311475,0.19672131,0.49180328,0.31147541
146,Jacob Lopez,ATH,25098,0.2791411042944785,0.572192513,0.145348837,0.311046511,0.543604651,0.133689839,0.122994652,71.0,5.57267463489312,783.0,1282.0,2065.0,0.39541547,0.35530086,0.24928367,0.252149,0.45845272,0.28939828
147,Chad Patrick,MIL,30113,0.2926829268292683,0.666666666,0.197530864,0.320987654,0.481481481,0.102564102,0.025641025,14.0,4.447059023108046,179.0,285.0,464.0,0.34939759,0.27710843,0.37349398,0.13253012,0.5060241,0.36144578
148,Mick Abel,MIN,27756,0.3111111111111111,1.117647058,0.162790697,0.441860465,0.395348837,0.176470588,0.0,8.0,4.235294117647059,89.0,187.0,276.0,0.42222222,0.28888889,0.28888889,0.15555556,0.55555556,0.28888889
149,Colin Rea,CHC,12317,0.2838283828382838,1.047619047,0.183544303,0.417721518,0.398734177,0.087301587,0.119047619,71.0,6.347682399836766,600.0,1061.0,1661.0,0.37735849,0.3427673,0.27987421,0.14465409,0.50628931,0.3490566
150,Dean Kremer,2 Tms,19350,0.24347826086956523,0.752212389,0.191836734,0.346938775,0.461224489,0.079646017,0.159292035,53.0,5.2804428787575315,547.0,920.0,1467.0,0.43548387,0.375,0.18951613,0.11290323,0.52419355,0.36290323
151,Stephen Kolek,KCR,21487,0.27976190476190477,1.403508771,0.217142857,0.457142857,0.325714285,0.122807017,0.140350877,24.0,4.0000001412850885,302.0,536.0,838.0,0.39772727,0.41477273,0.1875,0.19318182,0.46590909,0.34090909
152,Jack Leiter,TEX,30146,0.3013698630136986,0.904255319,0.228448275,0.36637931,0.405172413,0.085106382,0.14893617,34.0,3.8250001823902218,509.0,888.0,1397.0,0.39055794,0.35622318,0.25321888,0.17167382,0.49356223,0.33476395
153,Joe Boyle,TBR,29608,0.23255813953488372,0.947368421,0.159090909,0.409090909,0.431818181,0.263157894,0.052631578,4.0,2.2978724336775285,98.0,165.0,263.0,0.34090909,0.43181818,0.22727273,0.29545455,0.40909091,0.29545455
154,Patrick Corbin,TOR,9323,0.33636363636363636,1.075,0.271929824,0.377192982,0.350877192,0.075,0.1125,28.0,3.652174114955632,468.0,750.0,1218.0,0.43668122,0.3930131,0.17030568,0.12663755,0.53275109,0.34061135
155,Jackson Jobe,DET,30203,0.26956521739130435,1.348837209,0.172131147,0.475409836,0.352459016,0.046511627,0.162790697,25.0,4.8913045506396315,286.0,485.0,771.0,0.47540984,0.33606557,0.18852459,0.13114754,0.52459016,0.3442623
156,Robert Stock,NYM,6576,0.3684210526315789,0.945945945,0.234042553,0.372340425,0.393617021,0.108108108,0.054054054,12.0,3.6000001144409217,201.0,356.0,557.0,0.43298969,0.25773196,0.30927835,0.15463918,0.50515464,0.34020619
157,Reynaldo López,ATL,16400,0.3170731707317073,0.876712328,0.203488372,0.372093023,0.424418604,0.08219178,0.123287671,32.0,5.023256008917742,391.0,607.0,998.0,0.33526012,0.41040462,0.25433526,0.17919075,0.48554913,0.33526012
158,Spencer Miles,TOR,31621,0.34285714285714286,1.761904761,0.183098591,0.52112676,0.295774647,0.047619047,0.095238095,15.0,6.136363636363637,115.0,247.0,362.0,0.33333333,0.375,0.29166667,0.13888889,0.54166667,0.31944444
159,Michael Lorenzen,COL,14843,0.369727047146402,1.35,0.216666666,0.45,0.333333333,0.071428571,0.135714285,53.0,4.1598839515799115,838.0,1339.0,2177.0,0.4549763,0.34834123,0.19668246,0.1042654,0.46919431,0.42654028
160,Drew Anderson,DET,15130,0.24615384615384617,1.34,0.139705882,0.492647058,0.367647058,0.1,0.14,25.0,4.354839004413415,279.0,528.0,807.0,0.48175182,0.32846715,0.18978102,0.13868613,0.48905109,0.37226277
161,Jackson Kent,WSN,35462,0.32323232323232326,1.580645161,0.2,0.49,0.31,0.161290322,0.064516129,16.0,4.453608422568741,240.0,365.0,605.0,0.45544554,0.34653465,0.1980198,0.13861386,0.51485149,0.34653465
162,Sean Newcomb,CHW,16943,0.19047619047619047,3.0,0.238095238,0.571428571,0.19047619,0.0,0.0,2.0,1.687500100582844,65.0,116.0,181.0,0.38095238,0.42857143,0.19047619,0.19047619,0.42857143,0.38095238
163,Tomoyuki Sugano,COL,35321,0.27459016393442626,0.880184331,0.209302325,0.370155038,0.420542635,0.069124423,0.152073732,85.0,4.956803619081686,965.0,1561.0,2526.0,0.42610365,0.37428023,0.19961612,0.09788868,0.47984645,0.42226488
164,Tim Mayza,PHI,15042,0.35714285714285715,1.1,0.25,0.392857142,0.357142857,0.0,0.0,4.0,3.724138187454958,59.0,107.0,166.0,0.32142857,0.39285714,0.28571429,0.07142857,0.60714286,0.32142857
165,Kendry Rojas,MIN,29423,0.18518518518518517,0.615384615,0.16,0.32,0.52,0.23076923,0.0,5.0,3.6486487426925027,79.0,120.0,199.0,0.22222222,0.51851852,0.25925926,0.25925926,0.59259259,0.14814815
166,Cody Bradford,TEX,27597,0.32116788321167883,0.770491803,0.2,0.348148148,0.451851851,0.098360655,0.081967213,12.0,2.793103563090997,195.0,428.0,623.0,0.40140845,0.38028169,0.21830986,0.12676056,0.49295775,0.38028169
167,Jack Perkins,ATH,31468,0.3395348837209302,0.864583333,0.225108225,0.359307359,0.415584415,0.083333333,0.197916666,24.0,2.6557377775777145,514.0,907.0,1421.0,0.38034188,0.37179487,0.24786325,0.15811966,0.5,0.34188034
168,Mitch Bratt,ARI,30003,0.26717557251908397,0.536231884,0.196969696,0.28030303,0.522727272,0.246376811,0.072463768,19.0,3.8863637205983013,273.0,453.0,726.0,0.38970588,0.35294118,0.25735294,0.20588235,0.47794118,0.31617647
169,Ryan Feltner,COL,21446,0.29673590504451036,1.048611111,0.164305949,0.427762039,0.407932011,0.104166666,0.138888888,79.0,6.603715384754586,663.0,1130.0,1793.0,0.44537815,0.35014006,0.20448179,0.15406162,0.49859944,0.34733894
170,Max Scherzer,TOR,3137,0.2581967213114754,0.582089552,0.175097276,0.303501945,0.521400778,0.119402985,0.111940298,36.0,3.8267717684879985,520.0,942.0,1462.0,0.47490347,0.25482625,0.27027027,0.1969112,0.5019305,0.3011583
171,Riley Cornelio,WSN,31953,0.16666666666666666,0.666666666,0.166666666,0.333333333,0.5,0.0,0.0,2.0,2.3478262816575324,52.0,78.0,130.0,0.33333333,0.41666667,0.25,0.08333333,0.25,0.66666667
172,Garrett Crochet,BOS,27463,0.345679012345679,0.96875,0.258823529,0.364705882,0.376470588,0.0625,0.15625,14.0,4.200000133514409,189.0,329.0,518.0,0.38372093,0.39534884,0.22093023,0.19767442,0.48837209,0.31395349
173,Kyle Hart,SDP,19646,0.21739130434782608,1.2,0.04347826,0.52173913,0.434782608,0.0,0.0,7.0,7.269231302498399,42.0,82.0,124.0,0.30434783,0.43478261,0.26086957,0.2173913,0.47826087,0.30434783
174,Casey Legumina,TBR,25921,0.23333333333333334,2.25,0.133333333,0.6,0.266666666,0.25,0.0,6.0,5.225807576968687,41.0,105.0,146.0,0.53333333,0.16666667,0.3,0.16666667,0.53333333,0.3
175,Brandon Sproat,MIL,33850,0.2882882882882883,1.170454545,0.194092827,0.434599156,0.371308016,0.102272727,0.181818181,46.0,4.686792672097205,602.0,983.0,1585.0,0.37815126,0.36554622,0.25630252,0.12605042,0.51260504,0.36134454
176,Hunter Dobbins,STL,30240,0.27102803738317754,1.146341463,0.207207207,0.423423423,0.369369369,0.073170731,0.121951219,21.0,4.725000112652781,285.0,423.0,708.0,0.44642857,0.32142857,0.23214286,0.125,0.54464286,0.33035714
177,Cade Povich,BAL,30055,0.33695652173913043,1.0,0.134020618,0.43298969,0.43298969,0.142857142,0.119047619,21.0,6.031915138403512,201.0,323.0,524.0,0.41237113,0.27835052,0.30927835,0.16494845,0.4742268,0.36082474
178,Brady Basso,ATH,25582,0.4,1.318181818,0.227272727,0.439393939,0.333333333,0.045454545,0.09090909,6.0,3.240000308990508,106.0,196.0,302.0,0.29850746,0.46268657,0.23880597,0.10447761,0.50746269,0.3880597
179,Brad Lord,WSN,31972,0.23333333333333334,1.5,0.137931034,0.517241379,0.344827586,0.1,0.0,4.0,3.085714974111594,81.0,153.0,234.0,0.36666667,0.23333333,0.4,0.26666667,0.6,0.13333333
180,Ryan Yarbrough,NYY,16502,0.4,0.333333333,0.2,0.2,0.6,0.111111111,0.0,1.0,1.8000003433228193,27.0,58.0,85.0,0.13333333,0.33333333,0.53333333,0.26666667,0.66666667,0.06666667
181,Blade Tidwell,SFG,31701,0.23770491803278687,0.844827586,0.170542635,0.379844961,0.449612403,0.206896551,0.120689655,28.0,5.641791365995912,300.0,478.0,778.0,0.46511628,0.29457364,0.24031008,0.17829457,0.45736434,0.36434109
182,Aaron Civale,ATH,19479,0.3261802575107296,0.571428571,0.242914979,0.275303643,0.481781376,0.092436974,0.134453781,36.0,4.479262810609701,434.0,820.0,1254.0,0.46370968,0.32258065,0.21370968,0.15322581,0.50403226,0.34274194
183,Tatsuya Imai,HOU,37124,0.29285714285714287,1.122807017,0.176870748,0.435374149,0.387755102,0.122807017,0.157894736,63.0,9.664773484995102,480.0,672.0,1152.0,0.34228188,0.38926174,0.26845638,0.1409396,0.42281879,0.43624161
184,Grant Taylor,CHW,33927,0.09090909090909091,0.428571428,0.09090909,0.272727272,0.636363636,0.0,0.0,4.0,7.2,16.0,45.0,61.0,0.09090909,0.72727273,0.18181818,0.09090909,0.54545455,0.36363636
185,José Suarez,2 Tms,19911,0.45454545454545453,1.666666666,0.272727272,0.454545454,0.272727272,0.333333333,0.0,1.0,1.8000003433228193,30.0,52.0,82.0,0.63636364,0.27272727,0.09090909,0.09090909,0.54545455,0.36363636
186,Tyler Phillips,MIA,20629,0.2578125,1.460674157,0.18283582,0.485074626,0.332089552,0.033707865,0.168539325,44.0,4.400000186496318,504.0,912.0,1416.0,0.4501845,0.35424354,0.19557196,0.09594096,0.52767528,0.37638376
187,Grayson Rodriguez,LAA,24492,0.3242320819112628,1.107142857,0.236245954,0.401294498,0.362459546,0.0625,0.142857142,60.0,5.472973219838094,628.0,1144.0,1772.0,0.42718447,0.36893204,0.2038835,0.1197411,0.48543689,0.39482201
188,Jack Dreyer,LAD,30249,0.375,0.25,0.375,0.125,0.5,0.0,0.0,0.0,0.0,24.0,43.0,67.0,0.125,0.5,0.375,0.125,0.375,0.5
189,Gordon Graceffo,STL,29519,0.0,0.666666666,0.0,0.4,0.6,0.333333333,0.0,3.0,9.0,13.0,25.0,38.0,0.2,0.6,0.2,0.4,0.4,0.2
190,Mason Montgomery,PIT,29770,0.3,0.8,0.1,0.4,0.5,0.0,0.0,8.0,14.4,22.0,49.0,71.0,0.3,0.4,0.3,0.1,0.5,0.4
191,Noah Schultz,CHW,32056,0.29411764705882354,0.766233766,0.222857142,0.337142857,0.44,0.077922077,0.116883116,38.0,5.668508588761959,410.0,670.0,1080.0,0.35195531,0.36871508,0.27932961,0.17877095,0.46368715,0.3575419
192,Chris Paddack,2 Tms,20099,0.36428571428571427,0.98245614,0.226027397,0.383561643,0.390410958,0.035087719,0.122807017,15.0,3.2926830800071847,263.0,482.0,745.0,0.41496599,0.31972789,0.26530612,0.14965986,0.53061224,0.31972789
193,Jack Kochanowicz,LAA,27688,0.2885572139303483,1.918032786,0.13592233,0.567961165,0.296116504,0.06557377,0.114754098,39.0,5.48437524772454,435.0,672.0,1107.0,0.42307692,0.34615385,0.23076923,0.14903846,0.50480769,0.34615385
194,Ryan Johnson,LAA,35325,0.26373626373626374,0.717391304,0.174216027,0.344947735,0.480836236,0.086956521,0.115942028,35.0,3.315789573542632,598.0,1034.0,1632.0,0.42214533,0.34256055,0.23529412,0.16608997,0.49134948,0.34256055
195,Bradgley Rodriguez,SDP,29107,0.1111111111111111,1.0,0.111111111,0.444444444,0.444444444,0.0,0.0,3.0,6.75,14.0,34.0,48.0,0.33333333,0.44444444,0.22222222,0.22222222,0.55555556,0.22222222
196,Coleman Crow,MIL,27926,0.3103448275862069,0.846153846,0.2,0.366666666,0.433333333,0.115384615,0.076923076,9.0,4.860000185394294,86.0,190.0,276.0,0.38333333,0.38333333,0.23333333,0.1,0.56666667,0.33333333
197,Griffin Canning,SDP,19867,0.3358208955223881,1.185185185,0.169014084,0.450704225,0.38028169,0.074074074,0.166666666,15.0,2.682119374693269,355.0,505.0,860.0,0.47552448,0.33566434,0.18881119,0.1048951,0.51748252,0.37762238
198,Mason Adams,COL,31663,0.33783783783783783,1.103448275,0.2375,0.4,0.3625,0.068965517,0.206896551,8.0,2.4827587023359725,160.0,308.0,468.0,0.4125,0.4125,0.175,0.0875,0.475,0.4375
199,Wandy Peralta,SDP,14295,0.35714285714285715,1.25,0.357142857,0.357142857,0.285714285,0.0,0.0,1.0,1.8,22.0,41.0,63.0,0.35714286,0.5,0.14285714,0.14285714,0.57142857,0.28571429
200,Alec Gamboa,BOS,26227,0.3125,0.75,0.125,0.375,0.5,0.125,0.0,0.0,0.0,23.0,49.0,72.0,0.4375,0.4375,0.125,0.1875,0.5625,0.25
201,Adrian Houser,SFG,12718,0.30303030303030304,1.126436781,0.222689075,0.411764705,0.365546218,0.057471264,0.137931034,33.0,4.031674503906675,452.0,761.0,1213.0,0.3909465,0.34156379,0.26748971,0.14814815,0.49794239,0.35390947
202,PJ Poulin,WSN,23394,0.225,1.058823529,0.166666666,0.428571428,0.404761904,0.058823529,0.117647058,16.0,9.600001258850263,83.0,150.0,233.0,0.45238095,0.30952381,0.23809524,0.11904762,0.5,0.38095238
203,Braydon Fisher,TOR,24609,0.125,1.222222222,0.166666666,0.458333333,0.375,0.0,0.0,3.0,2.382353208469302,74.0,106.0,180.0,0.5,0.375,0.125,0.08333333,0.45833333,0.45833333
204,Jacob Latz,TEX,21306,0.0,0.666666666,0.0,0.4,0.6,0.166666666,0.0,3.0,6.75,26.0,42.0,68.0,0.4,0.4,0.2,0.1,0.6,0.3
205,Aaron Ashby,MIL,23550,0.5,1.0,0.0,0.5,0.5,0.0,0.0,3.0,11.571430147910819,16.0,28.0,44.0,0.33333333,0.5,0.16666667,0.0,0.33333333,0.66666667
206,Tyler Alexander,TEX,17735,0.14285714285714285,2.0,0.142857142,0.571428571,0.285714285,0.0,0.0,7.0,10.5,35.0,64.0,99.0,0.5,0.28571429,0.21428571,0.21428571,0.5,0.28571429
207,Carson Palmquist,WSN,31612,0.48484848484848486,1.0,0.354838709,0.322580645,0.322580645,0.1,0.1,6.0,5.062500768515863,87.0,146.0,233.0,0.26470588,0.47058824,0.26470588,0.14705882,0.52941176,0.32352941
208,Jakob Junis,TEX,13619,0.25,0.4,0.125,0.25,0.625,0.2,0.0,0.0,0.0,9.0,22.0,31.0,0.25,0.5,0.25,0.25,0.375,0.375
209,Tanner Gordon,COL,27669,0.40703517587939697,0.849462365,0.184834123,0.374407582,0.440758293,0.064516129,0.129032258,34.0,5.530120609010457,329.0,656.0,985.0,0.43127962,0.33175355,0.23696682,0.09478673,0.45971564,0.44549763
210,Shane Bieber,TOR,19427,0.27439024390243905,1.149253731,0.172413793,0.442528735,0.385057471,0.119402985,0.149253731,21.0,3.395209797750174,369.0,561.0,930.0,0.44827586,0.33908046,0.21264368,0.14942529,0.48275862,0.36781609
211,Javier Assad,CHC,21741,0.2484472049689441,1.3,0.188235294,0.458823529,0.352941176,0.05,0.166666666,38.0,6.0352945916463305,350.0,576.0,926.0,0.38011696,0.38596491,0.23391813,0.14035088,0.45614035,0.40350877
212,Wilber Dotel,PIT,28901,0.4375,2.25,0.1875,0.5625,0.25,0.0,0.0,6.0,13.5,21.0,47.0,68.0,0.3125,0.375,0.3125,0.25,0.4375,0.3125
213,Matt Wilkinson,SFG,33760,0.22388059701492538,0.418604651,0.14084507,0.253521126,0.605633802,0.162790697,0.116279069,7.0,2.779411842666285,136.0,220.0,356.0,0.38888889,0.33333333,0.27777778,0.22222222,0.48611111,0.29166667
214,Luis Castillo,2 Tms,15689,0.311614730878187,0.81875,0.217741935,0.352150537,0.430107526,0.10625,0.15,65.0,5.101744384057082,729.0,1357.0,2086.0,0.40691489,0.31914894,0.27393617,0.13297872,0.50265957,0.3643617
215,Cody Bolton,HOU,23265,0.38095238095238093,1.0,0.263157894,0.368421052,0.368421052,0.142857142,0.0,3.0,3.521739422486299,74.0,92.0,166.0,0.28571429,0.42857143,0.28571429,0.0952381,0.42857143,0.47619048
216,Chase Dollander,COL,33482,0.2972972972972973,1.2,0.153846153,0.461538461,0.384615384,0.2,0.133333333,9.0,5.926829544012932,94.0,128.0,222.0,0.28205128,0.41025641,0.30769231,0.17948718,0.43589744,0.38461538
217,George Klassen,LAA,33464,0.2727272727272727,1.6,0.155844155,0.519480519,0.324675324,0.04,0.08,11.0,3.666666796177998,203.0,288.0,491.0,0.48101266,0.40506329,0.11392405,0.12658228,0.48101266,0.39240506
218,Hagen Smith,CHW,35205,0.4,2.0,0.6,0.4,0.0,0.0,0.0,0.0,0.0,12.0,21.0,33.0,0.4,0.2,0.4,0.0,0.6,0.4
219,Luinder Avila,KCR,24452,0.3103448275862069,1.296296296,0.173333333,0.466666666,0.36,0.092592592,0.129629629,40.0,6.967742286487641,388.0,555.0,943.0,0.47368421,0.29605263,0.23026316,0.09868421,0.52631579,0.375
220,Cionel Pérez,NYM,19614,0.4,1.0,0.2,0.4,0.4,0.0,0.0,3.0,13.5,5.0,18.0,23.0,0.2,0.6,0.2,0.2,0.4,0.4
221,Kent Emanuel,CIN,15849,0.3333333333333333,0.714285714,0.2,0.333333333,0.466666666,0.142857142,0.0,1.0,1.8,36.0,60.0,96.0,0.4,0.4,0.2,0.2,0.46666667,0.33333333
222,Yohan Ramírez,PIT,19444,0.3333333333333333,0.0,0.666666666,0.0,0.333333333,0.0,0.0,0.0,0.0,16.0,23.0,39.0,0.33333333,0.66666667,0.0,0.0,0.33333333,0.66666667
223,Steven Matz,TBR,13361,0.2631578947368421,0.796610169,0.253521126,0.330985915,0.415492957,0.084745762,0.152542372,20.0,3.8297873117525487,294.0,510.0,804.0,0.36619718,0.38028169,0.25352113,0.14084507,0.53521127,0.32394366
224,Justin Hagenman,NYM,21546,0.2222222222222222,0.333333333,0.111111111,0.222222222,0.666666666,0.166666666,0.0,6.0,18.0,20.0,26.0,46.0,0.22222222,0.44444444,0.33333333,0.11111111,0.44444444,0.44444444
225,Mitch Spence,KCR,27707,0.3888888888888889,2.25,0.277777777,0.5,0.222222222,0.25,0.0,3.0,6.75,21.0,42.0,63.0,0.55555556,0.27777778,0.16666667,0.11111111,0.55555556,0.33333333
226,Cole Sulser,TBR,15256,0.38461538461538464,0.571428571,0.153846153,0.307692307,0.538461538,0.0,0.0,2.0,4.5,21.0,42.0,63.0,0.61538462,0.15384615,0.23076923,0.0,0.61538462,0.38461538
227,Andrew Morris,MIN,31891,0.4117647058823529,2.25,0.1875,0.5625,0.25,0.0,0.0,3.0,6.75,28.0,55.0,83.0,0.05882353,0.47058824,0.47058824,0.0,0.64705882,0.35294118
228,Mason Fluharty,TOR,31553,0.3076923076923077,0.571428571,0.153846153,0.307692307,0.538461538,0.285714285,0.0,0.0,0.0,35.0,43.0,78.0,0.23076923,0.61538462,0.15384615,0.15384615,0.53846154,0.30769231
229,Lance McCullers Jr.,HOU,14120,0.3163265306122449,1.216216216,0.219047619,0.428571428,0.352380952,0.108108108,0.189189189,32.0,7.3220341350113864,286.0,410.0,696.0,0.5047619,0.28571429,0.20952381,0.13333333,0.4952381,0.37142857
230,Elmer Rodríguez,NYY,31811,0.2962962962962963,1.344827586,0.160493827,0.481481481,0.358024691,0.0,0.068965517,8.0,2.7000001609325506,208.0,289.0,497.0,0.32926829,0.37804878,0.29268293,0.12195122,0.54878049,0.32926829
231,Brady Singer,CIN,25377,0.3183673469387755,1.14516129,0.225242718,0.413592233,0.361165048,0.064516129,0.17204301,82.0,4.700637085441938,1079.0,1723.0,2802.0,0.40613027,0.37164751,0.22222222,0.09961686,0.54597701,0.35440613
232,Cody Ponce,TOR,17920,0.16666666666666666,1.0,0.0,0.5,0.5,0.0,0.0,0.0,0.0,17.0,30.0,47.0,0.66666667,0.0,0.33333333,0.16666667,0.5,0.33333333
233,Brandon Williamson,CIN,25463,0.27419354838709675,0.827586206,0.171875,0.375,0.453125,0.103448275,0.103448275,18.0,3.8267718546965215,309.0,440.0,749.0,0.43076923,0.32307692,0.24615385,0.14615385,0.54615385,0.30769231
234,Cesar Perdomo,SFG,30334,0.3,1.153846153,0.211267605,0.422535211,0.366197183,0.076923076,0.115384615,9.0,3.9193551401442206,120.0,197.0,317.0,0.43835616,0.34246575,0.21917808,0.1369863,0.61643836,0.24657534
235,Spencer Arrighetti,2 Tms,29921,0.2549800796812749,0.811965811,0.196969696,0.359848484,0.443181818,0.136752136,0.128205128,42.0,3.910344891882681,674.0,1001.0,1675.0,0.5,0.28947368,0.21052632,0.15037594,0.53759398,0.31203008
236,Tyler Holton,DET,26231,0.36363636363636365,2.333333333,0.09090909,0.636363636,0.272727272,0.0,0.0,1.0,2.4545459200528925,22.0,41.0,63.0,0.63636364,0.18181818,0.18181818,0.0,0.63636364,0.36363636
237,Edward Cabrera,CHC,21690,0.29439252336448596,1.1875,0.222222222,0.422222222,0.355555555,0.0875,0.1875,48.0,5.684210811625571,498.0,782.0,1280.0,0.5,0.29385965,0.20614035,0.09210526,0.49561404,0.4122807
238,Jimmy Herget,COL,17556,0.14285714285714285,0.5,0.0,0.333333333,0.666666666,0.0,0.0,0.0,0.0,14.0,34.0,48.0,0.42857143,0.28571429,0.28571429,0.0,0.42857143,0.57142857
239,Spencer Strider,ATL,27498,0.2696629213483146,0.538461538,0.175257731,0.288659793,0.536082474,0.153846153,0.173076923,33.0,7.615384801605049,264.0,427.0,691.0,0.42857143,0.26530612,0.30612245,0.14285714,0.45918367,0.39795918
240,Zach Pop,PHI,20185,0.375,2.5,0.125,0.625,0.25,0.0,0.0,0.0,0.0,12.0,25.0,37.0,0.125,0.625,0.25,0.0,0.375,0.625
241,Tyler Samaniego,BOS,30081,0.8571428571428571,0.5,0.571428571,0.142857142,0.285714285,0.0,0.0,0.0,0.0,7.0,15.0,22.0,0.57142857,0.14285714,0.28571429,0.14285714,0.42857143,0.42857143
242,Trevor Williams,TEX,16977,0.0,0.0,1.0,0.0,0.0,0.0,0.0,0.0,0.0,6.0,13.0,19.0,0.0,1.0,0.0,0.0,0.0,1.0
243,Erik Miller,BOS,26252,0.6666666666666666,2.0,0.0,1.0,0.0,0.0,0.0,0.0,0.0,6.0,11.0,17.0,0.33333333,0.66666667,0.0,0.33333333,0.33333333,0.33333333
244,Richard Lovelady,WSN,19337,0.25,1.125,0.291666666,0.375,0.333333333,0.125,0.125,4.0,4.153846458570514,51.0,93.0,144.0,0.44,0.36,0.2,0.2,0.6,0.2
245,Jordan Wicks,CHC,30094,0.48,1.5,0.23076923,0.461538461,0.307692307,0.0,0.125,1.0,1.4210527029063929,43.0,86.0,129.0,0.23076923,0.46153846,0.30769231,0.11538462,0.53846154,0.34615385
246,Kirby Yates,PIT,9073,0.4,0.666666666,0.0,0.4,0.6,0.0,0.0,0.0,0.0,11.0,17.0,28.0,0.4,0.6,0.0,0.0,0.8,0.2
247,Adam Macko,TOR,25590,0.5,1.0,0.666666666,0.166666666,0.166666666,0.0,0.0,0.0,0.0,10.0,20.0,30.0,0.33333333,0.33333333,0.33333333,0.16666667,0.5,0.33333333
248,Brenan Hanifee,DET,22304,0.42857142857142855,0.5,0.142857142,0.285714285,0.571428571,0.0,0.0,0.0,0.0,6.0,18.0,24.0,0.28571429,0.14285714,0.57142857,0.14285714,0.42857143,0.42857143
249,Will Dion,WSN,30061,0.2857142857142857,5.0,0.142857142,0.714285714,0.142857142,0.0,0.0,0.0,0.0,11.0,26.0,37.0,0.42857143,0.42857143,0.14285714,0.28571429,0.42857143,0.28571429
250,Ray Kerr,ATL,23809,0.2,1.333333333,0.3,0.4,0.3,0.333333333,0.0,0.0,0.0,9.0,23.0,32.0,0.6,0.3,0.1,0.4,0.4,0.2
251,Luis Medina,ATH,21649,0.5,3.0,0.25,0.75,0.0,0.0,0.0,3.0,20.250004827977378,6.0,12.0,18.0,0.75,0.0,0.25,0.25,0.25,0.5
252,Caleb Ferguson,CIN,19349,0.2,1.0,0.2,0.4,0.4,0.5,0.0,1.0,5.400002059937309,9.0,19.0,28.0,0.4,0.2,0.4,0.2,0.4,0.4
253,Kai-Wei Teng,HOU,24282,0.3333333333333333,1.104166666,0.240601503,0.39849624,0.360902255,0.083333333,0.145833333,20.0,4.090909179577159,281.0,482.0,763.0,0.41353383,0.36090226,0.22556391,0.14285714,0.44360902,0.41353383
254,Edgardo Henriquez,LAD,26944,0.3333333333333333,0.0,0.333333333,0.0,0.666666666,0.0,0.0,0.0,0.0,9.0,12.0,21.0,0.0,1.0,0.0,0.0,1.0,0.0
255,Brock Stewart,LAD,16727,0.3333333333333333,2.0,0.333333333,0.666666666,0.0,0.0,0.0,0.0,0.0,2.0,7.0,9.0,0.66666667,0.33333333,0.0,0.0,0.66666667,0.33333333
256,Kyle Backhus,PHI,29615,0.5,4.0,0.0,1.0,0.0,0.0,0.0,2.0,18.0,3.0,12.0,15.0,0.5,0.25,0.25,0.0,1.0,0.0
257,Matt Svanson,STL,29629,0.3333333333333333,1.0,0.333333333,0.333333333,0.333333333,0.0,0.0,2.0,18.0,4.0,10.0,14.0,0.33333333,0.66666667,0.0,0.0,0.66666667,0.33333333
258,Riley Martin,CHC,29934,0.0,0.0,0.0,0.0,1.0,0.0,0.0,0.0,0.0,0.0,6.0,6.0,0.0,0.5,0.5,0.0,0.5,0.5
259,Carson Seymour,SFG,30084,0.0,1.0,0.0,0.5,0.5,0.0,0.0,0.0,0.0,4.0,6.0,10.0,0.5,0.0,0.5,0.0,1.0,0.0
260,JT Brubaker,SFG,17578,0.5,1.0,0.5,0.25,0.25,0.0,0.0,2.0,18.0,6.0,10.0,16.0,0.75,0.0,0.25,0.0,0.5,0.5
261,Didier Fuentes,ATL,30661,0.6666666666666666,2.5,0.3,0.5,0.2,0.0,0.5,8.0,24.0,21.0,53.0,74.0,0.3,0.4,0.3,0.2,0.4,0.4
262,Brent Suter,2 Tms,13942,0.21739130434782608,2.0,0.125,0.583333333,0.291666666,0.142857142,0.142857142,9.0,9.346154531783656,66.0,104.0,170.0,0.41666667,0.33333333,0.25,0.29166667,0.375,0.33333333
263,Derek Law,ARI,13133,0.16666666666666666,4.0,0.166666666,0.666666666,0.166666666,0.0,0.0,0.0,0.0,9.0,10.0,19.0,0.83333333,0.16666667,0.0,0.0,0.66666667,0.33333333
264,Logan Allen,CLE,27589,0.5,2.0,0.125,0.583333333,0.291666666,0.0,0.0,1.0,1.588235472312868,53.0,90.0,143.0,0.625,0.20833333,0.16666667,0.04166667,0.58333333,0.375
265,Cade Horton,CHC,31872,0.15789473684210525,2.2,0.2,0.55,0.25,0.0,0.2,10.0,12.272727804735695,31.0,61.0,92.0,0.25,0.35,0.4,0.15,0.6,0.25
266,Kyle Hurt,LAD,27514,0.42857142857142855,5.0,0.142857142,0.714285714,0.142857142,0.0,0.0,2.0,10.800004119874618,12.0,24.0,36.0,0.28571429,0.28571429,0.42857143,0.0,0.14285714,0.85714286
267,Taylor Clarke,ARI,17611,0.3333333333333333,1.333333333,0.222222222,0.444444444,0.333333333,0.333333333,0.0,0.0,0.0,20.0,25.0,45.0,0.22222222,0.33333333,0.44444444,0.11111111,0.55555556,0.33333333
268,Joey Estes,ATH,26257,0.3333333333333333,0.333333333,0.384615384,0.153846153,0.461538461,0.0,0.166666666,4.0,8.307692917141027,24.0,47.0,71.0,0.61538462,0.23076923,0.15384615,0.07692308,0.15384615,0.76923077
269,DL Hall,MIL,22207,0.0,1.0,0.333333333,0.333333333,0.333333333,0.0,0.0,1.0,4.5,16.0,16.0,32.0,0.66666667,0.33333333,0.0,0.0,0.66666667,0.33333333
270,Cole Winn,TEX,22113,0.3333333333333333,1.0,0.333333333,0.333333333,0.333333333,0.0,0.0,0.0,0.0,2.0,10.0,12.0,0.33333333,0.66666667,0.0,0.0,0.33333333,0.66666667
271,Zach Eflin,BAL,13774,0.42857142857142855,2.0,0.25,0.5,0.25,0.0,0.5,0.0,0.0,30.0,44.0,74.0,0.75,0.25,0.0,0.0,0.25,0.75
272,Erick Fedde,CHW,17425,0.23557692307692307,0.742268041,0.242152466,0.322869955,0.434977578,0.082474226,0.154639175,54.0,6.718894215914553,488.0,736.0,1224.0,0.40807175,0.35874439,0.23318386,0.17040359,0.50224215,0.32735426
273,Seth Johnson,ATH,26020,0.25,1.0,0.0,0.5,0.5,0.0,0.0,0.0,0.0,14.0,22.0,36.0,0.5,0.25,0.25,0.25,0.5,0.25
274,Jordan Leasure,CHW,29950,0.0,1.0,0.0,0.5,0.5,0.5,0.0,0.0,0.0,9.0,12.0,21.0,0.25,0.75,0.0,0.5,0.25,0.25
275,Cade Gibson,MIA,31815,0.4,0.333333333,0.2,0.2,0.6,0.0,0.0,1.0,6.750001609325793,8.0,15.0,23.0,0.4,0.4,0.2,0.2,0.6,0.2
276,Jacob Waguespack,DET,18318,0.25,1.0,0.0,0.5,0.5,0.0,0.0,1.0,6.750001609325793,16.0,14.0,30.0,0.5,0.5,0.0,0.5,0.5,0.0
277,Jordan Hicks,CHW,19618,0.25,2.0,0.25,0.5,0.25,0.0,0.0,0.0,0.0,14.0,19.0,33.0,0.0,0.5,0.5,0.0,0.5,0.5
278,Andrew Sears,DET,33664,0.3142857142857143,0.5,0.142857142,0.285714285,0.571428571,0.05,0.05,8.0,6.7500010435471065,83.0,125.0,208.0,0.36111111,0.38888889,0.25,0.13888889,0.58333333,0.27777778
279,Jason Alexander,HOU,19666,0.2222222222222222,1.0625,0.131578947,0.447368421,0.421052631,0.0,0.125,6.0,4.5,63.0,117.0,180.0,0.55263158,0.28947368,0.15789474,0.18421053,0.44736842,0.36842105
280,Paxton Schultz,WSN,25501,0.5,2.0,0.25,0.5,0.25,0.0,0.0,2.0,18.0,9.0,17.0,26.0,0.5,0.5,0.0,0.0,0.25,0.75
281,Jose Cabrera,ARI,30412,0.27941176470588236,0.965517241,0.123076923,0.43076923,0.446153846,0.172413793,0.137931034,8.0,3.2727274145961855,135.0,215.0,350.0,0.44444444,0.375,0.18055556,0.19444444,0.51388889,0.29166667
282,Tanner Banks,PHI,16990,0.5,0.0,0.0,0.0,1.0,0.0,0.0,0.0,0.0,13.0,15.0,28.0,0.0,0.0,1.0,0.0,0.5,0.5
283,Will Klein,LAD,27787,0.4166666666666667,2.333333333,0.23076923,0.538461538,0.23076923,0.0,0.333333333,1.0,2.25,34.0,54.0,88.0,0.46153846,0.30769231,0.23076923,0.07692308,0.38461538,0.53846154
284,Jefry Yan,NYM,27902,0.42857142857142855,1.333333333,0.0,0.571428571,0.428571428,0.0,0.0,1.0,5.400002059937309,16.0,21.0,37.0,0.57142857,0.42857143,0.0,0.28571429,0.42857143,0.28571429
285,Beck Way,KCR,27877,0.5,0.0,0.666666666,0.0,0.333333333,0.0,0.0,0.0,0.0,9.0,16.0,25.0,0.16666667,0.33333333,0.5,0.0,0.66666667,0.33333333
286,Keegan Akin,BAL,19362,0.0,1.0,0.333333333,0.333333333,0.333333333,0.0,1.0,0.0,0.0,10.0,21.0,31.0,0.33333333,0.33333333,0.33333333,0.66666667,0.0,0.33333333
287,Carson Whisenhunt,SFG,31676,0.32432432432432434,0.795918367,0.234782608,0.339130434,0.426086956,0.081632653,0.102040816,19.0,4.932692669552486,238.0,379.0,617.0,0.49137931,0.32758621,0.18103448,0.12068966,0.45689655,0.42241379
288,Steven Cruz,KCR,23165,0.0,0.5,0.0,0.333333333,0.666666666,0.0,0.5,0.0,0.0,18.0,25.0,43.0,0.0,0.66666667,0.33333333,0.0,0.33333333,0.66666667
289,Eduardo Rivera,BOS,31280,0.3,1.285714285,0.238095238,0.428571428,0.333333333,0.142857142,0.142857142,5.0,6.750001669675525,68.0,101.0,169.0,0.52380952,0.23809524,0.23809524,0.19047619,0.57142857,0.23809524
290,River Ryan,DET,29514,0.36363636363636365,1.0,0.5,0.25,0.25,0.0,0.333333333,2.0,4.153846458570514,35.0,47.0,82.0,0.5,0.33333333,0.16666667,0.25,0.33333333,0.41666667
291,Zach Agnos,COL,31552,0.13333333333333333,0.611111111,0.09375,0.34375,0.5625,0.055555555,0.111111111,0.0,0.0,62.0,108.0,170.0,0.34375,0.40625,0.25,0.1875,0.34375,0.46875
292,CJ Van Eyk,TOR,27568,0.1875,1.0,0.176470588,0.411764705,0.411764705,0.0,0.142857142,0.0,0.0,27.0,57.0,84.0,0.58823529,0.23529412,0.17647059,0.11764706,0.47058824,0.41176471
293,Cristian Javier,HOU,17606,0.29577464788732394,0.43902439,0.213333333,0.24,0.546666666,0.085365853,0.109756097,20.0,3.6241611898076993,324.0,548.0,872.0,0.43708609,0.34437086,0.21854305,0.13245033,0.50331126,0.36423841
294,Ty Madden,DET,30140,0.25,0.166666666,0.222222222,0.111111111,0.666666666,0.166666666,0.166666666,6.0,16.20000154495254,20.0,28.0,48.0,0.33333333,0.44444444,0.22222222,0.22222222,0.33333333,0.44444444
295,JP Sears,SDP,23429,0.27906976744186046,0.948717948,0.146067415,0.415730337,0.438202247,0.025641025,0.153846153,11.0,3.4941179214794547,169.0,277.0,446.0,0.45054945,0.35164835,0.1978022,0.05494505,0.59340659,0.35164835
296,Ryan Rolison,CHC,22200,0.125,0.8,0.0,0.444444444,0.555555555,0.0,0.2,0.0,0.0,11.0,23.0,34.0,0.77777778,0.11111111,0.11111111,0.0,0.66666667,0.33333333
297,Shane Smith,CHW,31687,0.4074074074074074,1.2,0.185185185,0.444444444,0.37037037,0.0,0.1,3.0,3.2400004943848413,87.0,138.0,225.0,0.2962963,0.48148148,0.22222222,0.2962963,0.48148148,0.22222222
298,Austin Warren,NYM,24937,0.2857142857142857,5.0,0.142857142,0.714285714,0.142857142,0.0,0.0,0.0,0.0,25.0,27.0,52.0,0.28571429,0.57142857,0.14285714,0.14285714,0.42857143,0.42857143
299,Braxton Garrett,MIA,21844,0.4666666666666667,1.166666666,0.133333333,0.466666666,0.4,0.166666666,0.0,4.0,8.307692917141027,65.0,65.0,130.0,0.53333333,0.2,0.26666667,0.13333333,0.6,0.26666667
300,José Urquidy,CHW,18413,0.46153846153846156,1.2,0.153846153,0.461538461,0.384615384,0.4,0.0,2.0,6.0,37.0,56.0,93.0,0.46153846,0.38461538,0.15384615,0.30769231,0.53846154,0.15384615
301,Eddy Yean,WSN,24248,0.2222222222222222,0.8,0.1,0.4,0.5,0.4,0.2,1.0,3.8571433826369397,5.0,15.0,20.0,0.5,0.1,0.4,0.3,0.5,0.2
302,Miguel Ullola,HOU,29036,0.0,1.0,0.0,0.5,0.5,0.5,0.0,0.0,0.0,14.0,10.0,24.0,0.25,0.5,0.25,0.25,0.5,0.25
303,Sam Aldegheri,LAA,26443,0.23529411764705882,0.842105263,0.204545454,0.363636363,0.431818181,0.184210526,0.105263157,12.0,4.207792312022428,187.0,293.0,480.0,0.4494382,0.35955056,0.19101124,0.2247191,0.38202247,0.39325843
304,Eric Lauer,2 Tms,19316,0.26618705035971224,0.597402597,0.163265306,0.31292517,0.523809523,0.142857142,0.136363636,75.0,7.472324986205329,524.0,993.0,1517.0,0.4180602,0.31772575,0.26421405,0.16722408,0.48829431,0.34448161
305,Daniel Espino,CLE,25625,0.125,0.8,0.0,0.444444444,0.555555555,0.0,0.2,2.0,4.5,23.0,47.0,70.0,0.66666667,0.33333333,0.0,0.11111111,0.66666667,0.22222222
306,Ryne Nelson,ARI,26253,0.2540322580645161,0.656488549,0.181132075,0.324528301,0.494339622,0.076335877,0.13740458,35.0,3.7800001888060666,423.0,870.0,1293.0,0.35471698,0.35471698,0.29056604,0.12075472,0.49433962,0.38490566
307,Bryan Hudson,CHW,19924,0.25925925925925924,1.25,0.068965517,0.517241379,0.413793103,0.0,0.25,2.0,1.8000003486872396,40.0,95.0,135.0,0.34482759,0.4137931,0.24137931,0.06896552,0.5862069,0.34482759
308,Owen Murphy,ATL,31761,0.4,0.4,0.363636363,0.181818181,0.454545454,0.4,0.2,4.0,13.500003218651585,15.0,34.0,49.0,0.54545455,0.36363636,0.09090909,0.18181818,0.36363636,0.45454545
309,Matt Waldron,2 Tms,25550,0.3620689655172414,0.961538461,0.13559322,0.423728813,0.440677966,0.115384615,0.115384615,8.0,4.595744867355057,92.0,182.0,274.0,0.37704918,0.42622951,0.19672131,0.1147541,0.60655738,0.27868852
310,John King,MIA,22051,0.25,3.0,0.2,0.6,0.2,0.0,1.0,0.0,0.0,12.0,18.0,30.0,0.6,0.2,0.2,0.0,0.2,0.8
311,Merrill Kelly,ARI,11156,0.2822085889570552,1.045918367,0.212180746,0.402750491,0.385068762,0.081632653,0.142857142,74.0,4.111111232119173,966.0,1656.0,2622.0,0.46899225,0.3624031,0.16860465,0.12403101,0.49418605,0.38178295
312,Yunior Marte,SFG,31097,0.3181818181818182,1.1875,0.239130434,0.413043478,0.347826086,0.125,0.1875,5.0,3.139535162241307,98.0,144.0,242.0,0.57446809,0.25531915,0.17021277,0.19148936,0.40425532,0.40425532
313,Brandon Eisert,CHW,27668,0.3333333333333333,0.5,0.142857142,0.285714285,0.571428571,0.0,0.25,5.0,9.642860550358575,41.0,54.0,95.0,0.5,0.21428571,0.28571429,0.07142857,0.5,0.42857143
314,Robby Snelling,MIA,31893,0.26666666666666666,1.2,0.214285714,0.428571428,0.357142857,0.2,0.2,2.0,3.6,32.0,54.0,86.0,0.5,0.3125,0.1875,0.125,0.5625,0.3125
315,Thomas Pannone,MIL,17281,0.2222222222222222,1.0,0.2,0.4,0.4,0.0,0.25,2.0,6.0,20.0,36.0,56.0,0.5,0.4,0.1,0.1,0.5,0.4
316,Jack Ralston,MIA,26104,0.5,0.666666666,0.0,0.4,0.6,0.0,0.333333333,0.0,0.0,11.0,22.0,33.0,0.4,0.2,0.4,0.4,0.2,0.4
317,Nick Lodolo,CIN,26378,0.296875,1.196581196,0.237388724,0.415430267,0.347181008,0.068376068,0.17094017,49.0,4.058282339181215,731.0,1168.0,1899.0,0.36176471,0.39705882,0.24117647,0.14117647,0.49705882,0.36176471
318,Paul Blackburn,NYY,14739,0.16666666666666666,2.0,0.142857142,0.571428571,0.285714285,0.0,0.5,7.0,21.0,25.0,34.0,59.0,0.42857143,0.28571429,0.28571429,0.14285714,0.57142857,0.28571429
319,Sean Sullivan,COL,33502,0.3670886075949367,0.32,0.204819277,0.192771084,0.602409638,0.12,0.1,11.0,4.432836073282502,141.0,271.0,412.0,0.38095238,0.23809524,0.38095238,0.13095238,0.5,0.36904762
320,Jose Quintana,COL,11423,0.2692307692307692,0.666666666,0.171779141,0.331288343,0.496932515,0.111111111,0.12345679,32.0,6.00000035762789,330.0,489.0,819.0,0.48192771,0.27710843,0.24096386,0.1626506,0.48795181,0.34939759
321,Tobias Myers,NYM,22191,0.3333333333333333,0.714285714,0.2,0.333333333,0.466666666,0.142857142,0.142857142,1.0,1.9285716913184698,40.0,51.0,91.0,0.4375,0.375,0.1875,0.125,0.5,0.375
322,Colton Gordon,HOU,31312,0.5454545454545454,1.0,0.23076923,0.384615384,0.384615384,0.0,0.4,7.0,17.181821161065738,18.0,50.0,68.0,0.30769231,0.23076923,0.46153846,0.15384615,0.46153846,0.38461538
323,AJ Smith-Shawver,ATL,29960,0.31343283582089554,1.071428571,0.171428571,0.428571428,0.4,0.071428571,0.142857142,8.0,3.428571584273365,149.0,252.0,401.0,0.3943662,0.45070423,0.15492958,0.09859155,0.6056338,0.29577465
324,Justin Verlander,DET,8700,0.3076923076923077,0.3125,0.275862068,0.172413793,0.551724137,0.125,0.1875,0.0,0.0,61.0,110.0,171.0,0.55172414,0.24137931,0.20689655,0.13793103,0.44827586,0.4137931
325,Pete Fairbanks,MIA,17998,0.5,0.333333333,0.2,0.2,0.6,0.0,0.333333333,1.0,9.0,12.0,16.0,28.0,0.4,0.4,0.2,0.2,0.4,0.4
326,Lyon Richardson,CIN,24581,0.0,0.0,0.0,0.0,1.0,0.5,0.5,1.0,9.0,17.0,13.0,30.0,0.5,0.5,0.0,0.5,0.0,0.5
327,Lucas Giolito,SDP,15474,0.2542372881355932,0.586206896,0.258064516,0.274193548,0.467741935,0.206896551,0.103448275,13.0,5.661290496742818,179.0,223.0,402.0,0.4516129,0.25806452,0.29032258,0.17741935,0.5483871,0.27419355
328,Jesse Scholtens,TBR,19205,0.25,0.857142857,0.161290322,0.387096774,0.451612903,0.071428571,0.214285714,1.0,0.8709678491122153,72.0,114.0,186.0,0.5483871,0.35483871,0.09677419,0.22580645,0.4516129,0.32258065
329,Huascar Brazobán,NYM,6107,0.15789473684210525,2.0,0.1,0.6,0.3,0.166666666,0.166666666,3.0,3.8571433826369397,63.0,76.0,139.0,0.6,0.25,0.15,0.2,0.55,0.25
330,Brennan Bernardino,COL,16835,0.5,0.333333333,0.428571428,0.142857142,0.428571428,0.0,0.333333333,0.0,0.0,20.0,24.0,44.0,0.14285714,0.28571429,0.57142857,0.14285714,0.57142857,0.28571429
331,Chase Petty,CIN,30170,0.20930232558139536,0.619047619,0.260869565,0.282608695,0.456521739,0.095238095,0.142857142,9.0,6.567568244683368,63.0,112.0,175.0,0.2826087,0.45652174,0.26086957,0.13043478,0.47826087,0.39130435
332,Jovani Morán,BOS,20422,0.625,1.0,0.4,0.3,0.3,0.0,0.666666666,3.0,9.0,29.0,45.0,74.0,0.5,0.5,0.0,0.1,0.4,0.5
333,Zac Gallen,ARI,19291,0.31750741839762614,1.2109375,0.200564971,0.437853107,0.36158192,0.0703125,0.1484375,48.0,4.263158068597489,627.0,1085.0,1712.0,0.4747191,0.32865169,0.19662921,0.10393258,0.4241573,0.47191011
334,Tanner Houck,BOS,19879,0.2,1.75,0.083333333,0.583333333,0.333333333,0.25,0.5,2.0,6.0,16.0,34.0,50.0,0.41666667,0.5,0.08333333,0.33333333,0.25,0.41666667
335,Jedixson Paez,BOS,29114,0.5,1.333333333,0.222222222,0.444444444,0.333333333,0.0,0.333333333,1.0,2.454545880152248,32.0,55.0,87.0,0.72222222,0.16666667,0.11111111,0.11111111,0.38888889,0.5
336,DJ Herz,WSN,26389,0.34782608695652173,0.692307692,0.153846153,0.346153846,0.5,0.076923076,0.23076923,4.0,5.142857142857143,44.0,84.0,128.0,0.30769231,0.30769231,0.38461538,0.15384615,0.34615385,0.5
337,Ryan Weiss,HOU,24621,0.3333333333333333,1.0,0.2,0.4,0.4,0.25,0.25,2.0,2.57142892175796,69.0,93.0,162.0,0.5,0.25,0.25,0.25,0.5,0.25
338,Alan Rangel,PHI,19524,0.3333333333333333,0.714285714,0.25,0.3125,0.4375,0.071428571,0.214285714,3.0,2.3823530079996726,91.0,159.0,250.0,0.6969697,0.15151515,0.15151515,0.15151515,0.51515152,0.33333333
339,Kohl Drake,ARI,32070,0.3064516129032258,0.459459459,0.169230769,0.261538461,0.569230769,0.054054054,0.135135135,16.0,6.9677421498373135,155.0,227.0,382.0,0.29850746,0.44776119,0.25373134,0.14925373,0.35820896,0.49253731
340,Ethan Pecko,HOU,33515,0.26229508196721313,0.677419354,0.2,0.323076923,0.476923076,0.096774193,0.129032258,14.0,6.300000600814877,166.0,226.0,392.0,0.47692308,0.27692308,0.24615385,0.16923077,0.41538462,0.41538462
341,Trey Gibson,BAL,33794,0.29245283018867924,2.259259259,0.221238938,0.539823008,0.238938053,0.074074074,0.259259259,27.0,6.451328032540924,264.0,417.0,681.0,0.4159292,0.3539823,0.2300885,0.11504425,0.46017699,0.42477876
342,Brayan Bello,BOS,23920,0.3488372093023256,1.48275862,0.191011235,0.483146067,0.325842696,0.068965517,0.189655172,19.0,3.2468355998189224,356.0,609.0,965.0,0.48087432,0.31147541,0.20765027,0.10382514,0.58469945,0.31147541
343,Brycen Mautz,STL,31910,0.25,0.333333333,0.2,0.2,0.6,0.0,0.333333333,0.0,0.0,24.0,12.0,36.0,0.4,0.4,0.2,0.2,0.4,0.4
344,Cole Ragans,KCR,21846,0.2328767123287671,0.636363636,0.121951219,0.341463414,0.536585365,0.113636363,0.227272727,13.0,3.311320879469783,253.0,386.0,639.0,0.42168675,0.3253012,0.25301205,0.12048193,0.55421687,0.3253012
345,Mike Paredes,MIN,30187,0.2535211267605634,1.0,0.2,0.4,0.4,0.0,0.166666666,7.0,2.8636364877716622,126.0,222.0,348.0,0.48684211,0.30263158,0.21052632,0.07894737,0.5,0.42105263
346,Hurston Waldrep,ATL,33527,0.2962962962962963,2.857142857,0.1,0.666666666,0.233333333,0.285714285,0.428571428,7.0,7.269231302498399,68.0,92.0,160.0,0.6,0.36666667,0.03333333,0.13333333,0.5,0.36666667
347,Bailey Falter,KCR,20070,0.5,1.142857142,0.347826086,0.347826086,0.304347826,0.285714285,0.428571428,1.0,2.076923229285257,29.0,55.0,84.0,0.47826087,0.39130435,0.13043478,0.08695652,0.43478261,0.47826087
348,Chris Murphy,CHW,26214,0.2857142857142857,0.111111111,0.0,0.1,0.9,0.111111111,0.333333333,2.0,6.750004325064808,29.0,52.0,81.0,0.4,0.4,0.2,0.2,0.5,0.3
349,Ronel Blanco,HOU,19407,0.21052631578947367,0.925925925,0.161290322,0.403225806,0.43548387,0.074074074,0.222222222,18.0,6.94285780497966,155.0,264.0,419.0,0.57142857,0.22222222,0.20634921,0.07936508,0.58730159,0.33333333
350,Daniel Lynch IV,KCR,21537,0.25984251968503935,1.115384615,0.179104477,0.43283582,0.388059701,0.076923076,0.173076923,21.0,4.725000225305568,222.0,403.0,625.0,0.49264706,0.30882353,0.19852941,0.11029412,0.50735294,0.38235294
351,JR Ritchie,ATL,31760,0.28,1.388888888,0.19375,0.46875,0.3375,0.092592592,0.203703703,22.0,3.6000001248446423,398.0,575.0,973.0,0.46583851,0.28571429,0.2484472,0.13043478,0.54037267,0.32919255
352,Taijuan Walker,PHI,11836,0.36065573770491804,1.260869565,0.223880597,0.43283582,0.343283582,0.04347826,0.260869565,5.0,2.410714367822728,138.0,222.0,360.0,0.35820896,0.41791045,0.2238806,0.19402985,0.56716418,0.23880597
353,Xzavion Curry,NYM,25595,0.25,0.375,0.083333333,0.25,0.666666666,0.0,0.5,0.0,0.0,24.0,37.0,61.0,0.5,0.33333333,0.16666667,0.08333333,0.25,0.66666667
354,Brendan Beck,NYY,33043,0.2857142857142857,0.466666666,0.153846153,0.269230769,0.576923076,0.0,0.333333333,1.0,1.0384616146426284,73.0,111.0,184.0,0.57692308,0.19230769,0.23076923,0.07692308,0.30769231,0.61538462
355,Kade Morris,ATH,33787,0.43478260869565216,2.833333333,0.148148148,0.629629629,0.222222222,0.0,0.666666666,7.0,9.450000901222316,50.0,78.0,128.0,0.62962963,0.14814815,0.22222222,0.14814815,0.37037037,0.48148148
356,Corbin Burnes,ARI,19361,0.23333333333333334,0.260869565,0.171428571,0.171428571,0.657142857,0.04347826,0.217391304,4.0,3.483871396448861,77.0,121.0,198.0,0.42857143,0.31428571,0.25714286,0.08571429,0.42857143,0.48571429
357,Mike Burrows,HOU,24728,0.3157894736842105,0.892307692,0.193442622,0.380327868,0.426229508,0.069230769,0.161538461,46.0,4.419928945627693,555.0,1008.0,1563.0,0.46405229,0.31045752,0.2254902,0.14052288,0.50653595,0.35294118
358,Luis Morales,ATH,32227,0.375,0.533333333,0.178571428,0.285714285,0.535714285,0.066666666,0.266666666,2.0,2.454545560947139,69.0,79.0,148.0,0.46428571,0.25,0.28571429,0.17857143,0.46428571,0.35714286
359,Jeffrey Springs,ATH,17677,0.27790973871733965,0.759803921,0.205752212,0.342920353,0.451327433,0.073529411,0.171568627,87.0,5.488318001591959,921.0,1543.0,2464.0,0.39035088,0.38377193,0.22587719,0.14473684,0.52412281,0.33114035
360,Mason Englert,TBR,22288,0.37037037037037035,0.769230769,0.258064516,0.322580645,0.419354838,0.076923076,0.346153846,4.0,2.0000002119276483,107.0,233.0,340.0,0.55555556,0.17460317,0.26984127,0.0952381,0.47619048,0.42857143
361,Simeon Woods Richardson,MIN,24494,0.34615384615384615,0.885714285,0.185185185,0.382716049,0.432098765,0.1,0.128571428,16.0,3.2238807805690923,326.0,485.0,811.0,0.37575758,0.34545455,0.27878788,0.10909091,0.48484848,0.40606061
362,Kodai Senga,NYM,31838,0.3116883116883117,0.425531914,0.211764705,0.235294117,0.552941176,0.085106382,0.191489361,8.0,2.273684393124582,245.0,352.0,597.0,0.37209302,0.38372093,0.24418605,0.10465116,0.54651163,0.34883721
363,Germán Márquez,SDP,15038,0.2727272727272727,0.787878787,0.169014084,0.366197183,0.464788732,0.09090909,0.181818181,32.0,6.545454687323455,288.0,478.0,766.0,0.43055556,0.30555556,0.26388889,0.13194444,0.46527778,0.40277778
364,Luis Gil,NYY,21052,0.16071428571428573,1.076923076,0.114754098,0.459016393,0.426229508,0.153846153,0.23076923,8.0,3.72413799226922,144.0,193.0,337.0,0.40322581,0.35483871,0.24193548,0.08064516,0.53225806,0.38709677
365,Mason Barnett,ATH,31741,0.3333333333333333,0.722222222,0.205128205,0.333333333,0.461538461,0.083333333,0.25,16.0,5.684210811625571,201.0,272.0,473.0,0.32051282,0.33333333,0.34615385,0.07692308,0.57692308,0.34615385
366,Miles Mikolas,WSN,9803,0.31693989071038253,1.384615384,0.217171717,0.454545454,0.328282828,0.138461538,0.246153846,36.0,6.113207657169983,327.0,582.0,909.0,0.49748744,0.30150754,0.20100503,0.15577889,0.46231156,0.38190955
367,Zack Littell,WSN,15823,0.25118483412322273,0.678571428,0.182608695,0.330434782,0.486956521,0.116071428,0.178571428,29.0,3.895522498957008,398.0,709.0,1107.0,0.40692641,0.36363636,0.22943723,0.10822511,0.49350649,0.3982684
368,Jameson Taillon,2 Tms,11674,0.24892703862660945,0.6875,0.166023166,0.339768339,0.494208494,0.078125,0.2109375,33.0,3.453488486982672,543.0,900.0,1443.0,0.48846154,0.27307692,0.23846154,0.14230769,0.43461538,0.42307692
