rank,Name,Team,playerid,W,L,ERA,G,GS,QS,CG,ShO,SV,HLD,BS,IP,TBF,H,R,ER,HR,BB,IBB,HBP,WP,BK,SO
1,Jacob Misiorowski,MIL,31623,16.0,5.0,1.8034351309149788,30.0,30.0,18.0,1.0,1.0,0.0,0.0,0.0,174.2,665.0,96.0,43.0,35.0,14.0,44.0,0.0,9.0,6.0,1.0,252.0
2,Cristopher Sánchez,PHI,20778,18.0,7.0,2.913043531943861,33.0,33.0,22.0,1.0,1.0,0.0,0.0,0.0,207.0,857.0,204.0,73.0,67.0,19.0,45.0,0.0,6.0,4.0,0.0,231.0
3,Cam Schlittler,NYY,32095,14.0,6.0,1.9518072833796973,33.0,33.0,20.0,0.0,0.0,0.0,0.0,0.0,193.2,761.0,129.0,52.0,42.0,16.0,49.0,0.0,6.0,0.0,0.0,239.0
4,Chris Sale,ATL,10603,14.0,9.0,2.1577869189807535,27.0,27.0,19.0,1.0,1.0,0.0,0.0,0.0,162.2,648.0,129.0,44.0,39.0,10.0,31.0,0.0,15.0,0.0,1.0,200.0
5,Jesús Luzardo,PHI,19959,14.0,5.0,2.871268758890122,29.0,29.0,17.0,1.0,1.0,0.0,0.0,0.0,178.2,727.0,141.0,65.0,57.0,15.0,52.0,0.0,11.0,8.0,1.0,221.0
6,Dylan Cease,TOR,18525,11.0,6.0,2.396449771758361,29.0,29.0,15.0,1.0,1.0,0.0,0.0,0.0,169.0,685.0,108.0,54.0,45.0,11.0,78.0,0.0,3.0,5.0,1.0,239.0
7,Tarik Skubal,2 Tms,22267,12.0,7.0,2.722689151999626,26.0,26.0,16.0,0.0,0.0,0.0,0.0,0.0,158.2,620.0,126.0,52.0,48.0,14.0,27.0,0.0,5.0,1.0,0.0,186.0
8,Drew Rasmussen,TBR,25385,16.0,5.0,2.6686046807555783,30.0,30.0,18.0,0.0,0.0,0.0,0.0,0.0,172.0,669.0,125.0,53.0,51.0,14.0,32.0,0.0,7.0,3.0,0.0,174.0
9,Parker Messick,CLE,31986,12.0,9.0,2.559928565934647,32.0,32.0,14.0,0.0,0.0,0.0,0.0,0.0,186.1,747.0,149.0,57.0,53.0,17.0,49.0,2.0,4.0,6.0,1.0,193.0
10,Reid Detmers,LAA,27468,7.0,8.0,3.356756843277102,32.0,32.0,16.0,0.0,0.0,0.0,0.0,0.0,185.0,740.0,144.0,72.0,69.0,19.0,48.0,0.0,5.0,4.0,0.0,211.0
11,Yoshinobu Yamamoto,LAD,33825,14.0,9.0,2.5297297688519724,28.0,28.0,22.0,1.0,0.0,0.0,0.0,0.0,185.0,708.0,119.0,55.0,52.0,20.0,42.0,1.0,7.0,2.0,0.0,182.0
12,Jacob deGrom,TEX,10954,11.0,11.0,4.204918123178989,31.0,31.0,12.0,0.0,0.0,0.0,0.0,0.0,162.2,668.0,139.0,76.0,76.0,20.0,46.0,3.0,2.0,5.0,0.0,201.0
13,Chase Burns,CIN,35333,15.0,3.0,2.8574514627446668,29.0,29.0,11.0,0.0,0.0,0.0,0.0,0.0,154.1,630.0,124.0,54.0,49.0,17.0,56.0,0.0,1.0,5.0,0.0,185.0
14,Paul Skenes,PIT,33677,10.0,11.0,3.8202677782904466,32.0,32.0,13.0,0.0,0.0,0.0,0.0,0.0,174.1,712.0,146.0,82.0,74.0,20.0,49.0,0.0,11.0,2.0,0.0,200.0
15,Payton Tolle,BOS,35466,9.0,6.0,3.0269059202097623,26.0,26.0,13.0,0.0,0.0,0.0,0.0,0.0,148.2,603.0,123.0,54.0,50.0,15.0,40.0,1.0,6.0,2.0,1.0,171.0
16,Bryan Woo,SEA,30279,12.0,10.0,4.005780390985085,30.0,30.0,16.0,0.0,0.0,0.0,0.0,0.0,173.0,710.0,152.0,84.0,77.0,18.0,39.0,1.0,8.0,3.0,1.0,175.0
17,Zack Wheeler,PHI,10310,14.0,5.0,3.0000000529819073,28.0,28.0,17.0,0.0,0.0,0.0,0.0,0.0,162.0,645.0,123.0,55.0,54.0,21.0,47.0,0.0,4.0,2.0,0.0,193.0
18,Trevor Rogers,BAL,22286,10.0,11.0,4.0314343130834605,30.0,30.0,15.0,0.0,0.0,0.0,0.0,0.0,169.2,699.0,162.0,81.0,76.0,19.0,39.0,0.0,3.0,2.0,0.0,157.0
19,Cade Cavalli,WSN,27473,13.0,5.0,3.0235757008223407,32.0,32.0,18.0,0.0,0.0,0.0,0.0,0.0,169.2,706.0,148.0,68.0,57.0,18.0,48.0,0.0,16.0,4.0,1.0,200.0
20,Ranger Suarez,BOS,17277,8.0,5.0,3.2157304473441632,28.0,28.0,9.0,0.0,0.0,0.0,0.0,0.0,148.1,612.0,130.0,56.0,53.0,10.0,46.0,0.0,7.0,1.0,0.0,140.0
21,Braxton Ashcraft,PIT,23793,14.0,6.0,3.647177489480232,28.0,28.0,13.0,1.0,0.0,0.0,0.0,0.0,165.1,667.0,145.0,73.0,67.0,22.0,35.0,0.0,7.0,4.0,2.0,173.0
22,Gavin Williams,CLE,30122,14.0,8.0,3.7594937746208363,32.0,32.0,12.0,0.0,0.0,0.0,0.0,0.0,184.1,746.0,144.0,81.0,77.0,28.0,61.0,0.0,6.0,9.0,0.0,248.0
23,Max Fried,NYY,13743,5.0,5.0,2.7958580986057187,20.0,20.0,8.0,0.0,0.0,0.0,0.0,0.0,112.2,434.0,79.0,35.0,35.0,4.0,33.0,0.0,2.0,2.0,1.0,104.0
24,Nolan McLean,NYM,33703,12.0,10.0,3.1558442005142493,31.0,31.0,20.0,0.0,0.0,0.0,0.0,0.0,179.2,747.0,140.0,75.0,63.0,17.0,70.0,0.0,15.0,2.0,0.0,194.0
25,Sonny Gray,BOS,12768,18.0,5.0,2.715976362013691,29.0,29.0,20.0,0.0,0.0,0.0,0.0,0.0,169.0,683.0,148.0,52.0,51.0,16.0,46.0,0.0,5.0,1.0,1.0,149.0
26,Shane Baz,BAL,22264,6.0,15.0,4.107606867996843,31.0,31.0,13.0,1.0,0.0,0.0,0.0,0.0,179.2,769.0,179.0,92.0,82.0,15.0,63.0,1.0,6.0,6.0,0.0,154.0
27,Sandy Alcantara,MIA,18684,13.0,11.0,3.9241706693229497,33.0,33.0,21.0,1.0,1.0,0.0,0.0,0.0,211.0,884.0,203.0,97.0,92.0,24.0,58.0,0.0,9.0,2.0,3.0,152.0
28,Eduardo Rodriguez,ARI,13164,16.0,7.0,2.894551927816902,32.0,32.0,19.0,0.0,0.0,0.0,0.0,0.0,189.2,788.0,173.0,68.0,61.0,19.0,62.0,0.0,1.0,1.0,1.0,143.0
29,Kevin Gausman,2 Tms,14107,9.0,12.0,4.508442938070778,32.0,32.0,14.0,0.0,0.0,0.0,0.0,0.0,177.2,750.0,179.0,96.0,89.0,26.0,47.0,1.0,1.0,2.0,3.0,184.0
30,Logan Webb,SFG,17995,8.0,9.0,4.313278050969528,27.0,27.0,17.0,1.0,0.0,0.0,0.0,0.0,160.2,668.0,147.0,80.0,77.0,13.0,41.0,0.0,11.0,1.0,0.0,134.0
31,Shohei Ohtani,LAD,19755,8.0,2.0,1.7859922311537348,14.0,14.0,12.0,0.0,0.0,0.0,0.0,0.0,85.2,340.0,55.0,21.0,17.0,4.0,26.0,0.0,6.0,0.0,1.0,95.0
32,Nick Martinez,TBR,12730,15.0,6.0,3.100000098546349,31.0,31.0,16.0,1.0,0.0,0.0,0.0,0.0,180.0,722.0,171.0,62.0,62.0,22.0,26.0,0.0,3.0,6.0,0.0,109.0
33,Logan Gilbert,SEA,22250,12.0,11.0,3.7258065662324524,32.0,32.0,14.0,0.0,0.0,0.0,0.0,0.0,186.0,750.0,153.0,77.0,77.0,29.0,49.0,2.0,7.0,5.0,0.0,205.0
34,Sean Burke,CHW,29878,8.0,7.0,3.7306792902240007,27.0,27.0,11.0,0.0,0.0,0.0,0.0,0.0,142.1,604.0,125.0,61.0,59.0,16.0,54.0,0.0,9.0,11.0,2.0,155.0
35,MacKenzie Gore,TEX,22201,8.0,11.0,4.578034833501303,34.0,34.0,9.0,0.0,0.0,0.0,0.0,0.0,173.0,750.0,160.0,89.0,88.0,19.0,71.0,2.0,7.0,2.0,0.0,174.0
36,Taj Bradley,MIN,22543,12.0,6.0,3.734579505823786,31.0,31.0,15.0,0.0,0.0,0.0,0.0,0.0,178.1,748.0,142.0,74.0,74.0,23.0,76.0,0.0,4.0,7.0,0.0,205.0
37,Dustin May,2 Tms,19716,7.0,9.0,4.695652320259026,31.0,31.0,13.0,1.0,1.0,0.0,0.0,0.0,145.2,621.0,142.0,79.0,76.0,14.0,50.0,0.0,11.0,7.0,1.0,144.0
38,Michael Soroka,ARI,18383,9.0,4.0,3.294642969357728,21.0,21.0,8.0,0.0,0.0,0.0,0.0,0.0,112.0,457.0,94.0,42.0,41.0,9.0,28.0,1.0,7.0,1.0,0.0,110.0
39,Andre Pallante,STL,26108,12.0,9.0,3.833333423598806,29.0,29.0,10.0,0.0,0.0,0.0,0.0,0.0,162.0,679.0,156.0,73.0,69.0,12.0,50.0,0.0,6.0,5.0,0.0,110.0
40,Michael King,SDP,19853,12.0,10.0,3.2108108770176838,32.0,32.0,18.0,0.0,0.0,0.0,0.0,0.0,185.0,757.0,148.0,68.0,66.0,20.0,70.0,0.0,13.0,2.0,1.0,159.0
41,Davis Martin,CHW,21448,9.0,8.0,4.030805843767906,28.0,28.0,10.0,0.0,0.0,0.0,0.0,0.0,140.2,597.0,142.0,66.0,63.0,13.0,45.0,0.0,10.0,7.0,1.0,122.0
42,Jared Jones,PIT,27863,5.0,6.0,3.7180328450129907,21.0,21.0,6.0,0.0,0.0,0.0,0.0,0.0,101.2,415.0,79.0,43.0,42.0,12.0,31.0,0.0,3.0,3.0,2.0,123.0
43,Noah Cameron,KCR,30184,9.0,8.0,4.279843524101308,30.0,30.0,11.0,1.0,1.0,0.0,0.0,0.0,170.1,722.0,158.0,87.0,81.0,21.0,55.0,1.0,5.0,2.0,0.0,150.0
44,Foster Griffin,2 Tms,16432,15.0,6.0,3.596525149496736,31.0,31.0,15.0,0.0,0.0,0.0,0.0,0.0,172.2,721.0,164.0,76.0,69.0,23.0,45.0,0.0,10.0,3.0,1.0,158.0
45,Walbert Ureña,LAA,29357,9.0,10.0,3.006818233955006,27.0,27.0,13.0,1.0,0.0,0.0,0.0,0.0,146.2,610.0,109.0,50.0,49.0,10.0,65.0,1.0,9.0,5.0,3.0,140.0
46,José Soriano,2 Tms,22100,12.0,8.0,3.9078948489280885,32.0,32.0,11.0,0.0,0.0,0.0,0.0,0.0,177.1,745.0,155.0,83.0,77.0,18.0,73.0,1.0,9.0,5.0,0.0,169.0
47,Kyle Leahy,STL,24763,10.0,5.0,3.664285764207646,30.0,30.0,6.0,0.0,0.0,0.0,0.0,0.0,140.0,596.0,147.0,58.0,57.0,15.0,41.0,0.0,5.0,4.0,0.0,132.0
48,Ryan Weathers,NYY,23796,5.0,8.0,3.6043691155890136,25.0,25.0,9.0,0.0,0.0,0.0,0.0,0.0,137.1,568.0,130.0,61.0,55.0,18.0,38.0,0.0,3.0,5.0,0.0,143.0
49,Joe Ryan,MIN,21390,7.0,10.0,3.7949309180528434,27.0,27.0,12.0,0.0,0.0,0.0,0.0,0.0,144.2,614.0,137.0,74.0,61.0,21.0,31.0,0.0,13.0,3.0,0.0,159.0
50,George Kirby,SEA,25436,9.0,11.0,4.328244408724244,30.0,30.0,15.0,1.0,0.0,0.0,0.0,0.0,174.2,741.0,197.0,89.0,84.0,22.0,47.0,1.0,3.0,1.0,1.0,148.0
51,Landen Roupp,SFG,30076,9.0,14.0,4.00645178545775,29.0,29.0,11.0,0.0,0.0,0.0,0.0,0.0,155.0,657.0,126.0,74.0,69.0,11.0,75.0,0.0,5.0,2.0,0.0,143.0
52,Michael Wacha,KCR,14078,9.0,10.0,3.3189369506853637,32.0,32.0,21.0,0.0,0.0,0.0,0.0,0.0,200.2,812.0,168.0,82.0,74.0,30.0,54.0,1.0,7.0,5.0,0.0,158.0
53,Peter Lambert,HOU,17969,8.0,10.0,3.8158459802601414,29.0,29.0,10.0,0.0,0.0,0.0,0.0,0.0,155.2,664.0,136.0,68.0,66.0,17.0,59.0,0.0,12.0,6.0,0.0,154.0
54,Shane McClanahan,TBR,21483,10.0,7.0,3.3559323118802187,24.0,24.0,4.0,0.0,0.0,0.0,0.0,0.0,118.0,487.0,93.0,52.0,44.0,10.0,39.0,0.0,4.0,3.0,0.0,106.0
55,Logan Henderson,MIL,31475,11.0,3.0,2.4711864726333164,18.0,18.0,7.0,0.0,0.0,0.0,0.0,0.0,98.1,371.0,64.0,28.0,27.0,14.0,19.0,0.0,1.0,1.0,0.0,110.0
56,Brandon Pfaadt,ARI,27782,8.0,3.0,3.3750001590612397,19.0,19.0,8.0,0.0,0.0,0.0,0.0,0.0,114.2,464.0,106.0,45.0,43.0,10.0,21.0,1.0,4.0,2.0,0.0,74.0
57,Tyler Glasnow,LAD,14374,5.0,2.0,3.527027072481556,13.0,13.0,7.0,0.0,0.0,0.0,0.0,0.0,74.0,288.0,45.0,29.0,29.0,7.0,25.0,1.0,1.0,3.0,0.0,98.0
58,Max Meyer,MIA,27474,9.0,1.0,2.6756757216526705,20.0,20.0,7.0,0.0,0.0,0.0,0.0,0.0,111.0,462.0,85.0,39.0,33.0,11.0,41.0,0.0,7.0,5.0,0.0,121.0
59,Eury Pérez,MIA,27768,8.0,11.0,3.9303798180057394,29.0,29.0,12.0,1.0,1.0,0.0,0.0,0.0,158.0,657.0,124.0,77.0,69.0,20.0,68.0,0.0,10.0,4.0,3.0,167.0
60,Jake Bennett,BOS,31959,9.0,7.0,3.7750761410416542,19.0,19.0,9.0,0.0,0.0,0.0,0.0,0.0,109.2,441.0,101.0,47.0,46.0,12.0,20.0,2.0,3.0,2.0,0.0,90.0
61,Casey Mize,2 Tms,20492,6.0,10.0,4.3172591131464495,26.0,26.0,10.0,0.0,0.0,0.0,0.0,0.0,131.1,549.0,123.0,69.0,63.0,18.0,38.0,0.0,3.0,2.0,0.0,110.0
62,Gerrit Cole,NYY,13125,10.0,9.0,3.6141733369053317,22.0,22.0,12.0,0.0,0.0,0.0,0.0,0.0,127.0,519.0,115.0,52.0,51.0,22.0,25.0,0.0,2.0,0.0,1.0,131.0
63,Griffin Jax,TBR,20253,7.0,8.0,3.135483938489076,23.0,23.0,2.0,0.0,0.0,0.0,0.0,0.0,103.1,415.0,87.0,45.0,36.0,12.0,28.0,0.0,2.0,2.0,0.0,106.0
64,Christian Scott,NYM,30107,4.0,5.0,3.8454548121681085,23.0,23.0,3.0,0.0,0.0,0.0,0.0,0.0,110.0,474.0,93.0,48.0,47.0,12.0,47.0,0.0,9.0,1.0,1.0,134.0
65,Tyler Mahle,2 Tms,16358,7.0,10.0,3.9865773087884695,27.0,27.0,10.0,0.0,0.0,0.0,0.0,0.0,149.0,614.0,138.0,69.0,66.0,20.0,46.0,0.0,3.0,3.0,1.0,137.0
66,Janson Junk,MIA,23301,6.0,9.0,4.255434937000506,25.0,25.0,3.0,0.0,0.0,0.0,0.0,0.0,122.2,520.0,127.0,63.0,58.0,15.0,33.0,0.0,4.0,2.0,0.0,89.0
67,Framber Valdez,DET,17295,10.0,12.0,4.0344828484529,31.0,31.0,16.0,0.0,0.0,0.0,0.0,0.0,174.0,758.0,170.0,87.0,78.0,16.0,67.0,0.0,14.0,5.0,0.0,135.0
68,Will Warren,NYY,30182,10.0,6.0,4.098214477642771,29.0,29.0,8.0,0.0,0.0,0.0,0.0,0.0,149.1,650.0,155.0,83.0,68.0,21.0,52.0,1.0,4.0,4.0,1.0,150.0
69,Blake Snell,LAD,13543,4.0,1.0,1.8984375282889236,9.0,9.0,4.0,0.0,0.0,0.0,0.0,0.0,42.2,173.0,31.0,10.0,9.0,0.0,16.0,0.0,1.0,1.0,0.0,55.0
70,Freddy Peralta,2 Tms,18679,10.0,11.0,4.420118542738629,32.0,32.0,8.0,0.0,0.0,0.0,0.0,0.0,169.0,730.0,161.0,91.0,83.0,23.0,63.0,0.0,8.0,7.0,0.0,156.0
71,Michael McGreevy,STL,29869,7.0,9.0,3.9486167273059367,31.0,31.0,16.0,0.0,0.0,0.0,0.0,0.0,168.2,702.0,168.0,79.0,74.0,21.0,48.0,0.0,1.0,2.0,0.0,115.0
72,Connor Prielipp,MIN,31857,5.0,7.0,5.091428682412909,22.0,22.0,4.0,0.0,0.0,0.0,0.0,0.0,116.2,498.0,110.0,74.0,66.0,13.0,43.0,0.0,6.0,1.0,2.0,118.0
73,Keider Montero,DET,22630,7.0,8.0,3.6878049981402654,25.0,25.0,9.0,0.0,0.0,0.0,0.0,0.0,136.2,553.0,114.0,59.0,56.0,17.0,32.0,0.0,5.0,1.0,0.0,86.0
74,Hunter Brown,HOU,25880,6.0,4.0,3.186335526408207,20.0,20.0,7.0,0.0,0.0,0.0,0.0,0.0,107.1,451.0,81.0,42.0,38.0,11.0,55.0,0.0,4.0,3.0,0.0,124.0
75,Bubba Chandler,PIT,29868,8.0,9.0,4.661435147025441,30.0,30.0,5.0,0.0,0.0,0.0,0.0,0.0,148.2,654.0,135.0,86.0,77.0,15.0,78.0,1.0,7.0,5.0,0.0,133.0
76,Seth Lugo,KCR,12447,7.0,9.0,5.170212889940213,32.0,32.0,14.0,0.0,0.0,0.0,0.0,0.0,172.1,751.0,200.0,107.0,99.0,23.0,54.0,0.0,9.0,2.0,1.0,134.0
77,Andrew Alvarez,WSN,29914,0.0,5.0,3.3488373949825707,17.0,17.0,4.0,0.0,0.0,0.0,0.0,0.0,86.0,362.0,70.0,32.0,32.0,6.0,41.0,0.0,2.0,5.0,0.0,86.0
78,Shota Imanaga,CHC,33829,11.0,10.0,3.768642536754778,32.0,32.0,14.0,0.0,0.0,0.0,0.0,0.0,174.1,706.0,154.0,75.0,73.0,35.0,37.0,0.0,7.0,4.0,0.0,174.0
79,Carlos Rodón,NYY,16137,7.0,3.0,2.667984260121409,16.0,16.0,6.0,0.0,0.0,0.0,0.0,0.0,84.1,340.0,51.0,30.0,25.0,7.0,38.0,0.0,2.0,3.0,0.0,91.0
80,Justin Wrobleski,LAD,31204,11.0,5.0,3.576623438640357,22.0,22.0,12.0,0.0,0.0,0.0,0.0,0.0,128.1,525.0,115.0,52.0,51.0,20.0,28.0,0.0,5.0,1.0,0.0,107.0
81,Clay Holmes,2 Tms,13649,6.0,8.0,3.2861843754710334,18.0,18.0,7.0,0.0,0.0,0.0,0.0,0.0,101.1,419.0,79.0,39.0,37.0,6.0,42.0,0.0,2.0,2.0,1.0,78.0
82,Emerson Hancock,SEA,27470,7.0,8.0,3.569711628480205,25.0,25.0,12.0,0.0,0.0,0.0,0.0,0.0,138.2,566.0,126.0,56.0,55.0,20.0,32.0,1.0,7.0,4.0,0.0,126.0
83,J.T. Ginn,ATH,27889,9.0,8.0,3.6319797833432954,24.0,24.0,11.0,1.0,0.0,0.0,0.0,0.0,131.1,552.0,108.0,59.0,53.0,16.0,55.0,1.0,9.0,3.0,1.0,117.0
84,David Peterson,2 Tms,20302,7.0,8.0,5.028653514989006,23.0,23.0,5.0,0.0,0.0,0.0,0.0,0.0,116.1,524.0,127.0,69.0,65.0,11.0,55.0,0.0,2.0,2.0,1.0,111.0
85,Gage Jump,ATH,35418,6.0,11.0,5.472973219838094,20.0,20.0,6.0,0.0,0.0,0.0,0.0,0.0,98.2,437.0,104.0,62.0,60.0,12.0,46.0,2.0,4.0,7.0,0.0,108.0
86,Nathan Eovaldi,TEX,9132,10.0,9.0,4.138686189006696,23.0,23.0,11.0,0.0,0.0,0.0,0.0,0.0,137.0,573.0,132.0,66.0,63.0,24.0,34.0,0.0,7.0,5.0,0.0,140.0
87,Matthew Boyd,CHC,15440,10.0,5.0,3.907894874147436,22.0,22.0,9.0,0.0,0.0,0.0,0.0,0.0,126.2,520.0,114.0,59.0,55.0,15.0,39.0,0.0,7.0,1.0,1.0,96.0
88,Joey Cantillo,CLE,23335,9.0,9.0,4.000000132454771,30.0,30.0,6.0,0.0,0.0,0.0,0.0,0.0,144.0,634.0,140.0,79.0,64.0,17.0,77.0,0.0,5.0,5.0,0.0,154.0
89,Troy Melton,DET,31807,8.0,5.0,2.7551021633805326,20.0,20.0,9.0,0.0,0.0,0.0,0.0,0.0,114.1,470.0,92.0,41.0,35.0,13.0,37.0,0.0,7.0,3.0,0.0,94.0
90,Brandon Young,BAL,27819,9.0,6.0,3.5617022722001694,28.0,28.0,13.0,0.0,0.0,0.0,0.0,0.0,156.2,669.0,150.0,71.0,62.0,22.0,61.0,0.0,4.0,3.0,0.0,133.0
91,Kyle Harrison,MIL,27758,10.0,5.0,3.925816201493179,24.0,24.0,6.0,0.0,0.0,0.0,0.0,0.0,112.1,485.0,112.0,57.0,49.0,20.0,35.0,0.0,6.0,3.0,0.0,136.0
92,Tanner Bibee,CLE,30134,7.0,15.0,4.356383111316085,33.0,33.0,19.0,0.0,0.0,0.0,0.0,0.0,188.0,780.0,175.0,95.0,91.0,29.0,55.0,0.0,7.0,4.0,0.0,148.0
93,Cal Quantrill,TEX,19312,6.0,4.0,2.4652174117479526,15.0,15.0,8.0,0.0,0.0,0.0,0.0,0.0,76.2,301.0,60.0,24.0,21.0,10.0,12.0,0.0,2.0,1.0,0.0,61.0
94,Walker Buehler,SDP,19374,9.0,6.0,4.62689826787146,32.0,32.0,7.0,0.0,0.0,0.0,0.0,0.0,153.2,651.0,150.0,81.0,79.0,22.0,57.0,2.0,7.0,3.0,0.0,131.0
95,Kyle Bradish,BAL,24586,7.0,14.0,4.122580771987077,29.0,29.0,12.0,0.0,0.0,0.0,0.0,0.0,155.0,669.0,156.0,83.0,71.0,20.0,70.0,1.0,3.0,9.0,0.0,142.0
96,Martín Pérez,ATL,6902,9.0,9.0,3.1206030973277117,26.0,26.0,6.0,0.0,0.0,0.0,0.0,0.0,132.2,564.0,114.0,51.0,46.0,12.0,62.0,1.0,3.0,1.0,0.0,91.0
97,Ben Brown,CHC,23590,3.0,1.0,1.7007874143464352,8.0,8.0,3.0,0.0,0.0,0.0,0.0,0.0,42.1,164.0,27.0,8.0,8.0,1.0,11.0,0.0,2.0,2.0,0.0,41.0
98,Rhett Lowder,CIN,33876,7.0,12.0,5.984169106361937,26.0,26.0,7.0,0.0,0.0,0.0,0.0,0.0,126.1,571.0,142.0,87.0,84.0,17.0,51.0,0.0,6.0,2.0,1.0,100.0
99,Anthony Kay,CHW,20387,10.0,9.0,4.47019884489194,31.0,31.0,6.0,0.0,0.0,0.0,0.0,0.0,151.0,677.0,154.0,82.0,75.0,20.0,53.0,1.0,25.0,6.0,2.0,128.0
100,Andrew Abbott,CIN,29911,6.0,11.0,4.608433867317621,32.0,32.0,12.0,0.0,0.0,0.0,0.0,0.0,166.0,729.0,165.0,91.0,85.0,26.0,76.0,0.0,0.0,1.0,0.0,131.0
101,Robert Gasser,MIL,29812,4.0,5.0,3.9807694132864206,20.0,20.0,6.0,0.0,0.0,0.0,0.0,0.0,104.0,439.0,89.0,48.0,46.0,15.0,33.0,0.0,10.0,0.0,1.0,97.0
102,Nick Pivetta,SDP,15454,3.0,2.0,2.855769283143727,8.0,8.0,0.0,0.0,0.0,0.0,0.0,0.0,34.2,140.0,27.0,11.0,11.0,2.0,8.0,0.0,1.0,1.0,0.0,42.0
103,Emmet Sheehan,LAD,29839,5.0,8.0,4.794392779754538,22.0,22.0,6.0,0.0,0.0,0.0,0.0,0.0,107.0,454.0,98.0,58.0,57.0,21.0,32.0,1.0,8.0,3.0,2.0,123.0
104,Kumar Rocker,TEX,31843,5.0,10.0,4.488491223756882,27.0,27.0,6.0,0.0,0.0,0.0,0.0,0.0,130.1,575.0,130.0,66.0,65.0,18.0,58.0,1.0,4.0,6.0,0.0,119.0
105,Randy Vásquez,SDP,24719,10.0,5.0,3.69230781269262,23.0,23.0,7.0,0.0,0.0,0.0,0.0,0.0,117.0,479.0,107.0,49.0,48.0,13.0,32.0,1.0,5.0,1.0,1.0,71.0
106,Jack Flaherty,DET,17479,3.0,8.0,4.586872806436202,19.0,19.0,2.0,0.0,0.0,0.0,0.0,0.0,86.1,389.0,80.0,52.0,44.0,11.0,42.0,1.0,7.0,5.0,1.0,102.0
107,Aaron Nola,PHI,16149,7.0,12.0,4.671102797101468,33.0,33.0,12.0,0.0,0.0,0.0,0.0,0.0,175.1,744.0,177.0,93.0,91.0,37.0,59.0,2.0,2.0,2.0,0.0,177.0
108,Trey Yesavage,TOR,35456,5.0,6.0,3.68600699390274,20.0,20.0,7.0,0.0,0.0,0.0,0.0,0.0,97.2,401.0,64.0,41.0,40.0,12.0,47.0,0.0,2.0,4.0,0.0,97.0
109,Hayden Wesneski,HOU,27581,6.0,2.0,3.2459016900907063,11.0,11.0,5.0,0.0,0.0,0.0,0.0,0.0,61.0,246.0,49.0,27.0,22.0,4.0,20.0,0.0,2.0,2.0,1.0,46.0
110,Bailey Ober,MIN,21224,7.0,7.0,4.570312602154448,24.0,24.0,6.0,1.0,1.0,0.0,0.0,0.0,128.0,551.0,132.0,69.0,65.0,21.0,37.0,0.0,2.0,1.0,0.0,93.0
111,Brandon Woodruff,MIL,16162,2.0,2.0,2.977941322646346,9.0,9.0,3.0,0.0,0.0,0.0,0.0,0.0,45.1,174.0,28.0,16.0,15.0,5.0,10.0,1.0,1.0,0.0,0.0,47.0
112,Bryce Elder,ATL,27779,8.0,8.0,4.107382655492761,26.0,26.0,15.0,0.0,0.0,0.0,0.0,0.0,149.0,633.0,140.0,74.0,68.0,24.0,49.0,0.0,3.0,1.0,0.0,121.0
113,Matthew Liberatore,STL,22294,6.0,14.0,5.225806676684021,31.0,31.0,7.0,0.0,0.0,0.0,0.0,0.0,155.0,674.0,173.0,96.0,90.0,28.0,55.0,0.0,5.0,7.0,0.0,154.0
114,Shane Drohan,MIL,27814,5.0,5.0,5.074468291037876,19.0,19.0,5.0,0.0,0.0,0.0,0.0,0.0,94.0,407.0,99.0,55.0,53.0,13.0,37.0,0.0,5.0,0.0,0.0,94.0
115,Patrick Sandoval,BOS,19447,1.0,7.0,5.149484738595107,13.0,13.0,1.0,0.0,0.0,0.0,0.0,0.0,64.2,295.0,78.0,41.0,37.0,7.0,31.0,0.0,2.0,3.0,0.0,67.0
116,Yusei Kikuchi,LAA,20633,1.0,7.0,4.92118238160604,14.0,14.0,3.0,0.0,0.0,0.0,0.0,0.0,67.2,305.0,74.0,38.0,37.0,7.0,30.0,1.0,3.0,3.0,2.0,67.0
117,Gabriel Hughes,COL,31614,0.0,8.0,6.639344469894174,13.0,13.0,1.0,0.0,0.0,0.0,0.0,0.0,61.0,272.0,66.0,46.0,45.0,7.0,23.0,1.0,3.0,3.0,0.0,55.0
118,Andrew Painter,PHI,30091,3.0,10.0,5.4000001618521605,23.0,23.0,7.0,0.0,0.0,0.0,0.0,0.0,116.2,509.0,123.0,70.0,70.0,20.0,43.0,0.0,5.0,4.0,0.0,105.0
119,Mitch Keller,PIT,17594,6.0,8.0,5.291066398753986,22.0,22.0,9.0,0.0,0.0,0.0,0.0,0.0,115.2,503.0,117.0,73.0,68.0,15.0,42.0,0.0,8.0,4.0,1.0,89.0
120,Bryce Miller,SEA,29837,3.0,10.0,4.1964811379334215,21.0,21.0,3.0,0.0,0.0,0.0,0.0,0.0,113.2,467.0,95.0,58.0,53.0,20.0,38.0,1.0,2.0,2.0,0.0,115.0
121,Roki Sasaki,LAD,35323,5.0,5.0,4.6005587817719205,23.0,23.0,7.0,0.0,0.0,0.0,0.0,0.0,119.1,511.0,111.0,63.0,61.0,22.0,48.0,0.0,5.0,8.0,0.0,117.0
122,Anthony Molina,SFG,26952,2.0,2.0,4.378378491231003,5.0,5.0,1.0,0.0,0.0,0.0,0.0,0.0,24.2,101.0,22.0,14.0,12.0,2.0,5.0,0.0,0.0,0.0,0.0,28.0
123,Carmen Mlodzinski,PIT,27572,2.0,6.0,5.847134113137684,12.0,12.0,1.0,0.0,0.0,0.0,0.0,0.0,52.1,244.0,72.0,35.0,34.0,5.0,20.0,0.0,1.0,0.0,0.0,44.0
124,Grant Holmes,ATL,16944,10.0,5.0,3.5707657718674395,29.0,29.0,10.0,0.0,0.0,0.0,0.0,0.0,143.2,612.0,132.0,59.0,57.0,21.0,59.0,0.0,3.0,5.0,0.0,110.0
125,Kris Bubic,KCR,21455,3.0,2.0,4.112582885352706,9.0,9.0,4.0,0.0,0.0,0.0,0.0,0.0,50.1,207.0,36.0,23.0,23.0,4.0,26.0,0.0,1.0,4.0,0.0,51.0
126,Kyle Freeland,COL,16256,4.0,12.0,6.650246555356427,26.0,26.0,4.0,1.0,0.0,0.0,0.0,0.0,135.1,613.0,177.0,104.0,100.0,29.0,29.0,0.0,7.0,3.0,0.0,108.0
127,Quinn Mathews,STL,33851,2.0,4.0,3.8310811798271276,9.0,9.0,3.0,0.0,0.0,0.0,0.0,0.0,49.1,211.0,48.0,21.0,21.0,5.0,20.0,0.0,1.0,1.0,0.0,46.0
128,David Sandlin,CHW,31743,3.0,2.0,4.547368512351759,6.0,6.0,3.0,0.0,0.0,0.0,0.0,0.0,31.2,125.0,26.0,19.0,16.0,3.0,8.0,0.0,0.0,2.0,0.0,30.0
129,Jake Irvin,WSN,21504,2.0,9.0,5.400000142064592,20.0,20.0,0.0,0.0,0.0,0.0,0.0,0.0,96.2,426.0,91.0,62.0,58.0,16.0,42.0,0.0,9.0,4.0,0.0,98.0
130,Connelly Early,2 Tms,33666,7.0,5.0,3.3274649116425916,18.0,18.0,7.0,0.0,0.0,0.0,0.0,0.0,94.2,400.0,82.0,35.0,35.0,15.0,34.0,0.0,9.0,4.0,1.0,94.0
131,Ian Seymour,TBR,27932,4.0,5.0,4.441558496568835,16.0,16.0,6.0,0.0,0.0,0.0,0.0,0.0,77.0,322.0,73.0,40.0,38.0,20.0,15.0,0.0,3.0,0.0,0.0,101.0
132,Randy Dobnak,KCR,23798,3.0,5.0,3.757732106542375,13.0,13.0,3.0,0.0,0.0,0.0,0.0,0.0,64.2,280.0,69.0,29.0,27.0,6.0,22.0,0.0,4.0,1.0,0.0,45.0
133,Ryan Gusto,MIA,26440,1.0,5.0,4.118644300804381,18.0,18.0,2.0,0.0,0.0,0.0,0.0,0.0,78.2,355.0,91.0,38.0,36.0,11.0,28.0,0.0,5.0,0.0,0.0,65.0
134,Slade Cecconi,CLE,27500,4.0,7.0,4.779503332078985,21.0,21.0,5.0,0.0,0.0,0.0,0.0,0.0,107.1,473.0,123.0,63.0,57.0,16.0,35.0,1.0,3.0,3.0,0.0,84.0
135,Zebby Matthews,MIN,31827,9.0,11.0,4.902813382940692,23.0,23.0,11.0,0.0,0.0,0.0,0.0,0.0,130.1,545.0,125.0,76.0,71.0,24.0,39.0,0.0,4.0,3.0,2.0,116.0
136,Luis Severino,ATH,15890,2.0,6.0,4.164893722658302,12.0,12.0,3.0,0.0,0.0,0.0,0.0,0.0,62.2,271.0,61.0,33.0,29.0,9.0,31.0,0.0,2.0,0.0,1.0,65.0
137,Zac Thornton,NYM,33891,5.0,6.0,3.4150198143370227,15.0,15.0,8.0,0.0,0.0,0.0,0.0,0.0,84.1,337.0,78.0,33.0,32.0,14.0,18.0,0.0,3.0,1.0,0.0,63.0
138,Jonah Tong,NYM,32157,1.0,1.0,3.919354959283489,4.0,4.0,1.0,0.0,0.0,0.0,0.0,0.0,20.2,87.0,16.0,10.0,9.0,1.0,7.0,0.0,2.0,1.0,0.0,27.0
139,Chris Bassitt,BAL,12304,7.0,5.0,4.712727550563356,18.0,18.0,4.0,0.0,0.0,0.0,0.0,0.0,91.2,417.0,110.0,49.0,48.0,10.0,37.0,0.0,8.0,2.0,2.0,64.0
140,Hunter Greene,CIN,22182,2.0,2.0,6.831325458189389,5.0,5.0,2.0,0.0,0.0,0.0,0.0,0.0,27.2,121.0,29.0,22.0,21.0,4.0,9.0,0.0,0.0,1.0,0.0,33.0
141,Robbie Ray,2 Tms,11486,12.0,8.0,3.728033569496419,30.0,30.0,12.0,0.0,0.0,0.0,0.0,0.0,159.1,679.0,138.0,74.0,66.0,22.0,82.0,0.0,2.0,6.0,0.0,132.0
142,Trevor McDonald,SFG,26448,3.0,7.0,5.118483643666654,14.0,14.0,5.0,0.0,0.0,0.0,0.0,0.0,70.1,310.0,69.0,43.0,40.0,7.0,23.0,0.0,12.0,5.0,1.0,57.0
143,Kade Anderson,SEA,37238,2.0,2.0,3.7850468976496265,7.0,7.0,2.0,0.0,0.0,0.0,0.0,0.0,35.2,146.0,35.0,15.0,15.0,4.0,9.0,0.0,0.0,1.0,0.0,32.0
144,Sean Manaea,NYM,15873,5.0,7.0,4.681114703117175,19.0,19.0,7.0,0.0,0.0,0.0,0.0,0.0,107.2,461.0,107.0,63.0,56.0,20.0,27.0,0.0,12.0,1.0,0.0,99.0
145,Lake Bachar,2 Tms,19222,0.0,2.0,2.160000247192411,12.0,12.0,0.0,0.0,0.0,0.0,0.0,0.0,25.0,105.0,17.0,6.0,6.0,1.0,14.0,1.0,2.0,1.0,0.0,28.0
146,Jacob Lopez,ATH,25098,6.0,5.0,5.415697884614441,24.0,24.0,5.0,0.0,0.0,0.0,0.0,0.0,114.2,511.0,114.0,72.0,69.0,23.0,54.0,0.0,4.0,1.0,0.0,104.0
147,Chad Patrick,MIL,30113,2.0,1.0,2.8588236577123154,6.0,6.0,1.0,0.0,0.0,0.0,0.0,0.0,28.1,120.0,25.0,9.0,9.0,1.0,15.0,1.0,0.0,0.0,0.0,22.0
148,Mick Abel,MIN,27756,1.0,1.0,2.1176470588235294,3.0,3.0,2.0,0.0,0.0,0.0,0.0,0.0,17.0,73.0,14.0,4.0,4.0,0.0,6.0,0.0,3.0,0.0,0.0,19.0
149,Colin Rea,CHC,12317,7.0,7.0,4.470198873124484,19.0,19.0,5.0,0.0,0.0,0.0,0.0,0.0,100.2,436.0,101.0,52.0,50.0,15.0,37.0,0.0,6.0,1.0,1.0,75.0
150,Dean Kremer,2 Tms,19350,5.0,5.0,4.682656892483094,17.0,17.0,5.0,0.0,0.0,0.0,0.0,0.0,90.1,364.0,74.0,50.0,47.0,18.0,29.0,0.0,1.0,4.0,0.0,86.0
151,Stephen Kolek,KCR,21487,4.0,3.0,4.500000158945725,10.0,10.0,5.0,1.0,1.0,0.0,0.0,0.0,54.0,224.0,55.0,30.0,27.0,8.0,12.0,0.0,2.0,2.0,0.0,34.0
152,Jack Leiter,TEX,30146,3.0,7.0,5.28750025212766,15.0,15.0,2.0,0.0,0.0,0.0,0.0,0.0,80.0,355.0,80.0,50.0,47.0,14.0,35.0,0.0,4.0,2.0,0.0,83.0
153,Joe Boyle,TBR,29608,0.0,1.0,5.170212975774439,3.0,3.0,1.0,0.0,0.0,0.0,0.0,0.0,15.2,66.0,11.0,11.0,9.0,1.0,6.0,0.0,0.0,1.0,0.0,16.0
154,Patrick Corbin,TOR,9323,2.0,4.0,5.086956802973916,15.0,15.0,1.0,0.0,0.0,0.0,0.0,0.0,69.0,311.0,83.0,39.0,39.0,9.0,24.0,0.0,6.0,1.0,0.0,52.0
155,Jackson Jobe,DET,30203,3.0,3.0,3.913043640511705,9.0,9.0,2.0,0.0,0.0,0.0,0.0,0.0,46.0,193.0,38.0,21.0,20.0,7.0,16.0,0.0,4.0,0.0,0.0,51.0
156,Robert Stock,NYM,6576,1.0,3.0,6.00000019073487,7.0,7.0,0.0,0.0,0.0,0.0,0.0,0.0,30.0,145.0,37.0,21.0,20.0,2.0,15.0,0.0,4.0,1.0,0.0,29.0
157,Reynaldo López,ATL,16400,2.0,5.0,5.023256008917742,13.0,13.0,1.0,0.0,0.0,0.0,0.0,0.0,57.1,252.0,61.0,35.0,32.0,9.0,24.0,0.0,1.0,3.0,1.0,54.0
158,Spencer Miles,TOR,31621,0.0,2.0,5.7272727272727275,8.0,8.0,0.0,0.0,0.0,0.0,0.0,0.0,22.0,96.0,26.0,14.0,14.0,2.0,5.0,0.0,0.0,0.0,0.0,19.0
159,Michael Lorenzen,COL,14843,3.0,11.0,7.142442256486264,25.0,25.0,2.0,0.0,0.0,0.0,0.0,0.0,114.2,558.0,168.0,102.0,91.0,19.0,49.0,0.0,5.0,3.0,1.0,82.0
160,Drew Anderson,DET,15130,1.0,3.0,2.6129034026480484,11.0,11.0,1.0,0.0,0.0,0.0,0.0,0.0,51.2,210.0,39.0,16.0,15.0,7.0,23.0,0.0,2.0,0.0,0.0,48.0
161,Jackson Kent,WSN,35462,1.0,4.0,6.402062107442565,7.0,7.0,1.0,0.0,0.0,0.0,0.0,0.0,32.1,151.0,34.0,24.0,23.0,2.0,23.0,0.0,0.0,1.0,0.0,27.0
162,Sean Newcomb,CHW,16943,0.0,0.0,0.843750050291422,6.0,6.0,0.0,0.0,0.0,0.0,0.0,0.0,10.2,38.0,4.0,1.0,1.0,0.0,4.0,0.0,0.0,0.0,0.0,13.0
163,Tomoyuki Sugano,COL,35321,12.0,12.0,5.3650109759472375,29.0,29.0,8.0,0.0,0.0,0.0,0.0,0.0,154.1,656.0,167.0,95.0,92.0,33.0,36.0,0.0,3.0,2.0,0.0,96.0
164,Tim Mayza,PHI,15042,0.0,2.0,3.724138187454958,6.0,6.0,0.0,0.0,0.0,0.0,0.0,0.0,9.2,40.0,10.0,4.0,4.0,0.0,2.0,0.0,0.0,0.0,0.0,10.0
165,Kendry Rojas,MIN,29423,0.0,0.0,2.1891892456155015,4.0,4.0,0.0,0.0,0.0,0.0,0.0,0.0,12.1,49.0,5.0,3.0,3.0,0.0,7.0,0.0,1.0,0.0,0.0,14.0
166,Cody Bradford,TEX,27597,0.0,5.0,4.6551726051516615,8.0,8.0,1.0,0.0,0.0,0.0,0.0,0.0,38.2,170.0,49.0,20.0,20.0,5.0,9.0,0.0,1.0,0.0,0.0,18.0
167,Jack Perkins,ATH,31468,0.0,10.0,6.750000184676692,17.0,17.0,2.0,0.0,0.0,0.0,0.0,0.0,81.1,368.0,92.0,64.0,61.0,19.0,36.0,0.0,3.0,3.0,0.0,95.0
168,Mitch Bratt,ARI,30003,1.0,3.0,4.704545556513733,10.0,10.0,2.0,0.0,0.0,0.0,0.0,0.0,44.0,194.0,40.0,23.0,23.0,5.0,27.0,1.0,1.0,1.0,0.0,30.0
169,Ryan Feltner,COL,21446,5.0,9.0,6.102167380849174,22.0,22.0,5.0,0.0,0.0,0.0,0.0,0.0,107.2,482.0,120.0,79.0,73.0,20.0,47.0,0.0,1.0,3.0,0.0,77.0
170,Max Scherzer,TOR,3137,4.0,9.0,5.740157652731997,18.0,18.0,5.0,0.0,0.0,0.0,0.0,0.0,84.2,364.0,78.0,54.0,54.0,15.0,35.0,0.0,2.0,3.0,1.0,68.0
171,Riley Cornelio,WSN,31953,0.0,0.0,0.0,3.0,3.0,0.0,0.0,0.0,0.0,0.0,0.0,7.2,28.0,2.0,0.0,0.0,0.0,4.0,0.0,0.0,0.0,0.0,12.0
172,Garrett Crochet,BOS,27463,3.0,3.0,6.3000002002716124,6.0,6.0,3.0,0.0,0.0,0.0,0.0,0.0,30.0,138.0,33.0,23.0,21.0,5.0,11.0,0.0,4.0,2.0,0.0,37.0
173,Kyle Hart,SDP,19646,0.0,0.0,1.0384616146426284,4.0,4.0,0.0,0.0,0.0,0.0,0.0,0.0,8.2,33.0,5.0,1.0,1.0,0.0,2.0,0.0,0.0,0.0,0.0,8.0
174,Casey Legumina,TBR,25921,0.0,0.0,1.7419358589895622,6.0,6.0,0.0,0.0,0.0,0.0,0.0,0.0,10.1,39.0,7.0,2.0,2.0,0.0,2.0,0.0,1.0,0.0,0.0,6.0
175,Brandon Sproat,MIL,33850,3.0,6.0,5.196226658194727,19.0,19.0,4.0,0.0,0.0,0.0,0.0,0.0,88.1,382.0,80.0,52.0,51.0,16.0,42.0,0.0,9.0,9.0,0.0,93.0
176,Hunter Dobbins,STL,30240,2.0,3.0,3.8250000911951085,8.0,8.0,2.0,0.0,0.0,0.0,0.0,0.0,40.0,173.0,34.0,19.0,17.0,5.0,21.0,0.0,2.0,0.0,0.0,38.0
177,Cade Povich,BAL,30055,2.0,1.0,4.595744867355057,7.0,7.0,2.0,0.0,0.0,0.0,0.0,0.0,31.1,136.0,36.0,16.0,16.0,5.0,12.0,0.0,1.0,0.0,0.0,26.0
178,Brady Basso,ATH,25582,0.0,2.0,7.560000720977852,7.0,7.0,0.0,0.0,0.0,0.0,0.0,0.0,16.2,84.0,28.0,14.0,14.0,2.0,5.0,0.0,0.0,1.0,0.0,12.0
179,Brad Lord,WSN,31972,0.0,0.0,2.3142862305836953,5.0,5.0,0.0,0.0,0.0,0.0,0.0,0.0,11.2,53.0,7.0,3.0,3.0,0.0,8.0,0.0,2.0,0.0,0.0,13.0
180,Ryan Yarbrough,NYY,16502,0.0,0.0,0.0,2.0,2.0,0.0,0.0,0.0,0.0,0.0,0.0,5.0,22.0,6.0,0.0,0.0,0.0,1.0,0.0,0.0,0.0,0.0,6.0
181,Blade Tidwell,SFG,31701,1.0,2.0,4.835821170853639,9.0,9.0,1.0,0.0,0.0,0.0,0.0,0.0,44.2,188.0,36.0,25.0,24.0,7.0,18.0,0.0,5.0,0.0,0.0,36.0
182,Aaron Civale,ATH,19479,5.0,6.0,5.101382645416605,15.0,15.0,1.0,0.0,0.0,0.0,0.0,0.0,72.1,327.0,92.0,42.0,41.0,16.0,22.0,1.0,2.0,2.0,0.0,54.0
183,Tatsuya Imai,HOU,37124,6.0,4.0,5.829545911584347,15.0,15.0,5.0,0.0,0.0,0.0,0.0,0.0,58.2,265.0,50.0,38.0,38.0,9.0,40.0,0.0,4.0,1.0,3.0,72.0
184,Grant Taylor,CHW,33927,0.0,0.0,0.0,4.0,4.0,0.0,0.0,0.0,0.0,0.0,0.0,5.0,16.0,1.0,0.0,0.0,0.0,0.0,0.0,0.0,0.0,0.0,5.0
185,José Suarez,2 Tms,19911,0.0,1.0,7.200001373291277,2.0,2.0,0.0,0.0,0.0,0.0,0.0,0.0,5.0,22.0,5.0,4.0,4.0,0.0,3.0,0.0,0.0,0.0,1.0,8.0
186,Tyler Phillips,MIA,20629,5.0,6.0,3.900000165303555,20.0,20.0,2.0,0.0,0.0,0.0,0.0,0.0,90.0,376.0,81.0,40.0,39.0,15.0,35.0,0.0,2.0,2.0,1.0,68.0
187,Grayson Rodriguez,LAA,24492,5.0,8.0,6.020270541821904,20.0,20.0,3.0,0.0,0.0,0.0,0.0,0.0,98.2,444.0,111.0,71.0,66.0,16.0,43.0,2.0,7.0,3.0,0.0,85.0
188,Jack Dreyer,LAD,30249,0.0,0.0,4.5,3.0,3.0,0.0,0.0,0.0,0.0,0.0,0.0,4.0,15.0,3.0,2.0,2.0,0.0,1.0,0.0,0.0,0.0,0.0,6.0
189,Gordon Graceffo,STL,29519,0.0,0.0,0.0,1.0,1.0,0.0,0.0,0.0,0.0,0.0,0.0,3.0,9.0,0.0,0.0,0.0,0.0,0.0,0.0,0.0,0.0,0.0,4.0
190,Mason Montgomery,PIT,29770,0.0,0.0,0.0,5.0,5.0,0.0,0.0,0.0,0.0,0.0,0.0,5.0,21.0,3.0,0.0,0.0,0.0,3.0,0.0,0.0,0.0,0.0,8.0
191,Noah Schultz,CHW,32056,3.0,8.0,6.414364982020112,14.0,14.0,2.0,0.0,0.0,0.0,0.0,0.0,60.1,272.0,59.0,44.0,43.0,9.0,31.0,0.0,7.0,2.0,1.0,55.0
192,Chris Paddack,2 Tms,20099,0.0,7.0,7.682927186683431,9.0,9.0,1.0,0.0,0.0,0.0,0.0,0.0,41.0,193.0,58.0,35.0,35.0,7.0,13.0,0.0,2.0,3.0,0.0,31.0
193,Jack Kochanowicz,LAA,27688,2.0,5.0,6.187500279484096,13.0,13.0,5.0,0.0,0.0,0.0,0.0,0.0,64.0,296.0,65.0,47.0,44.0,7.0,36.0,1.0,5.0,6.0,0.0,47.0
194,Ryan Johnson,LAA,35325,5.0,9.0,4.547368558001324,19.0,19.0,5.0,0.0,0.0,0.0,0.0,0.0,95.0,411.0,88.0,53.0,48.0,16.0,40.0,1.0,6.0,4.0,0.0,76.0
195,Bradgley Rodriguez,SDP,29107,0.0,0.0,0.0,4.0,4.0,0.0,0.0,0.0,0.0,0.0,0.0,4.0,13.0,1.0,0.0,0.0,0.0,0.0,0.0,0.0,0.0,0.0,4.0
196,Coleman Crow,MIL,27926,0.0,1.0,5.9400002265930265,4.0,4.0,0.0,0.0,0.0,0.0,0.0,0.0,16.2,76.0,20.0,13.0,11.0,2.0,5.0,0.0,1.0,0.0,0.0,10.0
197,Griffin Canning,SDP,19867,0.0,7.0,6.794702415889614,11.0,11.0,1.0,0.0,0.0,0.0,0.0,0.0,50.1,221.0,54.0,38.0,38.0,9.0,26.0,0.0,1.0,1.0,0.0,51.0
198,Mason Adams,COL,31663,0.0,2.0,4.034482891295956,6.0,6.0,1.0,0.0,0.0,0.0,0.0,0.0,29.0,124.0,31.0,17.0,13.0,6.0,12.0,0.0,1.0,2.0,0.0,31.0
199,Wandy Peralta,SDP,14295,0.0,0.0,1.8,5.0,5.0,0.0,0.0,0.0,0.0,0.0,0.0,5.0,19.0,5.0,1.0,1.0,0.0,1.0,0.0,0.0,0.0,0.0,4.0
200,Alec Gamboa,BOS,26227,0.0,0.0,5.7857150739554095,3.0,3.0,0.0,0.0,0.0,0.0,0.0,0.0,4.2,20.0,5.0,3.0,3.0,0.0,1.0,0.0,0.0,0.0,0.0,3.0
201,Adrian Houser,SFG,12718,2.0,6.0,5.131222095881223,16.0,16.0,3.0,0.0,0.0,0.0,0.0,0.0,73.2,328.0,82.0,47.0,42.0,12.0,26.0,0.0,4.0,2.0,0.0,55.0
202,PJ Poulin,WSN,23394,0.0,0.0,1.8000002360344243,11.0,11.0,0.0,0.0,0.0,0.0,0.0,0.0,15.0,58.0,11.0,3.0,3.0,2.0,4.0,0.0,1.0,0.0,0.0,11.0
203,Braydon Fisher,TOR,24609,0.0,0.0,0.794117736156434,10.0,10.0,0.0,0.0,0.0,0.0,0.0,0.0,11.1,45.0,3.0,1.0,1.0,0.0,10.0,0.0,0.0,0.0,0.0,11.0
204,Jacob Latz,TEX,21306,0.0,0.0,0.0,1.0,1.0,0.0,0.0,0.0,0.0,0.0,0.0,4.0,14.0,0.0,0.0,0.0,0.0,1.0,0.0,0.0,0.0,0.0,3.0
205,Aaron Ashby,MIL,23550,0.0,0.0,7.714286765273879,1.0,1.0,0.0,0.0,0.0,0.0,0.0,0.0,2.1,10.0,3.0,2.0,2.0,0.0,0.0,0.0,0.0,1.0,0.0,4.0
206,Tyler Alexander,TEX,17735,0.0,0.0,1.5,5.0,5.0,0.0,0.0,0.0,0.0,0.0,0.0,6.0,22.0,2.0,1.0,1.0,0.0,2.0,0.0,1.0,1.0,0.0,5.0
207,Carson Palmquist,WSN,31612,0.0,2.0,10.968751665117704,6.0,6.0,0.0,0.0,0.0,0.0,0.0,0.0,10.2,55.0,17.0,13.0,13.0,1.0,6.0,0.0,2.0,0.0,0.0,13.0
208,Jakob Junis,TEX,13619,0.0,1.0,3.3750008046628963,1.0,1.0,0.0,0.0,0.0,0.0,0.0,0.0,2.2,10.0,2.0,1.0,1.0,0.0,0.0,0.0,0.0,0.0,0.0,2.0
209,Tanner Gordon,COL,27669,1.0,5.0,7.969879701220954,12.0,12.0,1.0,0.0,0.0,0.0,0.0,0.0,55.1,269.0,93.0,49.0,49.0,12.0,16.0,1.0,2.0,0.0,2.0,40.0
210,Shane Bieber,TOR,19427,5.0,2.0,4.365269739964509,11.0,11.0,4.0,0.0,0.0,0.0,0.0,0.0,55.2,242.0,55.0,28.0,27.0,10.0,24.0,0.0,0.0,1.0,0.0,44.0
211,Javier Assad,CHC,21741,4.0,1.0,3.4941179214794547,11.0,11.0,1.0,0.0,0.0,0.0,0.0,0.0,56.2,227.0,50.0,22.0,22.0,10.0,18.0,0.0,0.0,1.0,0.0,38.0
212,Wilber Dotel,PIT,28901,0.0,1.0,9.0,2.0,2.0,0.0,0.0,0.0,0.0,0.0,0.0,4.0,20.0,7.0,4.0,4.0,0.0,1.0,0.0,0.0,0.0,0.0,3.0
213,Matt Wilkinson,SFG,33760,0.0,3.0,4.3676471813327336,6.0,6.0,1.0,0.0,0.0,0.0,0.0,0.0,22.2,93.0,20.0,14.0,11.0,5.0,5.0,0.0,0.0,0.0,1.0,16.0
214,Luis Castillo,2 Tms,15689,3.0,10.0,5.57267463489312,23.0,23.0,5.0,0.0,0.0,0.0,0.0,0.0,114.2,517.0,134.0,79.0,71.0,24.0,36.0,2.0,6.0,0.0,0.0,98.0
215,Cody Bolton,HOU,23265,0.0,1.0,4.695652563315065,3.0,3.0,0.0,0.0,0.0,0.0,0.0,0.0,7.2,38.0,8.0,4.0,4.0,0.0,7.0,0.0,1.0,0.0,0.0,9.0
216,Chase Dollander,COL,33482,1.0,1.0,3.2926830800071847,3.0,3.0,1.0,0.0,0.0,0.0,0.0,0.0,13.2,59.0,13.0,5.0,5.0,2.0,8.0,0.0,0.0,0.0,0.0,12.0
217,George Klassen,LAA,33464,2.0,2.0,3.666666796177998,6.0,6.0,2.0,0.0,0.0,0.0,0.0,0.0,27.0,125.0,23.0,13.0,11.0,2.0,21.0,0.0,1.0,2.0,0.0,24.0
218,Hagen Smith,CHW,35205,0.0,0.0,0.0,1.0,1.0,0.0,0.0,0.0,0.0,0.0,0.0,2.0,8.0,2.0,0.0,0.0,0.0,0.0,0.0,0.0,0.0,0.0,3.0
219,Luinder Avila,KCR,24452,5.0,3.0,6.270968057838877,12.0,12.0,1.0,0.0,0.0,0.0,0.0,0.0,51.2,232.0,52.0,36.0,36.0,7.0,33.0,0.0,2.0,1.0,1.0,45.0
220,Cionel Pérez,NYM,19614,0.0,0.0,0.0,2.0,2.0,0.0,0.0,0.0,0.0,0.0,0.0,2.0,8.0,2.0,0.0,0.0,0.0,0.0,0.0,0.0,0.0,1.0,3.0
221,Kent Emanuel,CIN,15849,0.0,1.0,3.6,1.0,1.0,0.0,0.0,0.0,0.0,0.0,0.0,5.0,23.0,5.0,2.0,2.0,0.0,3.0,0.0,1.0,0.0,0.0,4.0
222,Yohan Ramírez,PIT,19444,0.0,0.0,0.0,1.0,1.0,0.0,0.0,0.0,0.0,0.0,0.0,2.0,8.0,1.0,0.0,0.0,0.0,1.0,0.0,0.0,0.0,0.0,4.0
223,Steven Matz,TBR,13361,4.0,3.0,5.361702236453568,11.0,11.0,3.0,0.0,0.0,0.0,0.0,0.0,47.0,198.0,44.0,28.0,28.0,9.0,17.0,0.0,1.0,2.0,0.0,38.0
224,Justin Hagenman,NYM,21546,0.0,0.0,3.0,1.0,1.0,0.0,0.0,0.0,0.0,0.0,0.0,3.0,12.0,2.0,1.0,1.0,0.0,1.0,0.0,0.0,0.0,0.0,2.0
225,Mitch Spence,KCR,27707,0.0,1.0,13.5,1.0,1.0,0.0,0.0,0.0,0.0,0.0,0.0,4.0,20.0,7.0,6.0,6.0,0.0,1.0,0.0,0.0,0.0,0.0,1.0
226,Cole Sulser,TBR,15256,0.0,0.0,2.25,2.0,2.0,0.0,0.0,0.0,0.0,0.0,0.0,4.0,16.0,5.0,1.0,1.0,0.0,1.0,0.0,0.0,0.0,0.0,2.0
227,Andrew Morris,MIN,31891,0.0,0.0,6.75,3.0,3.0,0.0,0.0,0.0,0.0,0.0,0.0,4.0,20.0,7.0,3.0,3.0,0.0,1.0,0.0,0.0,2.0,0.0,2.0
228,Mason Fluharty,TOR,31553,0.0,0.0,2.076923714939855,4.0,4.0,0.0,0.0,0.0,0.0,0.0,0.0,4.1,21.0,4.0,1.0,1.0,0.0,4.0,1.0,0.0,0.0,0.0,4.0
229,Lance McCullers Jr.,HOU,14120,2.0,3.0,6.864407001573174,8.0,8.0,2.0,0.0,0.0,0.0,0.0,0.0,39.1,172.0,38.0,32.0,30.0,7.0,22.0,0.0,2.0,4.0,0.0,43.0
230,Elmer Rodríguez,NYY,31811,0.0,3.0,5.400000321865101,6.0,6.0,1.0,0.0,0.0,0.0,0.0,0.0,26.2,125.0,26.0,16.0,16.0,2.0,16.0,0.0,5.0,2.0,0.0,21.0
231,Brady Singer,CIN,25377,6.0,15.0,5.847133935549728,31.0,31.0,10.0,0.0,0.0,0.0,0.0,0.0,157.0,725.0,188.0,107.0,102.0,32.0,62.0,0.0,15.0,2.0,0.0,126.0
232,Cody Ponce,TOR,17920,0.0,0.0,3.8571433826369397,1.0,1.0,0.0,0.0,0.0,0.0,0.0,0.0,2.1,10.0,1.0,1.0,1.0,0.0,1.0,0.0,0.0,1.0,1.0,3.0
233,Brandon Williamson,CIN,25463,4.0,4.0,5.527559345672754,9.0,9.0,2.0,0.0,0.0,0.0,0.0,0.0,42.1,187.0,40.0,26.0,26.0,6.0,25.0,0.0,3.0,2.0,0.0,29.0
234,Cesar Perdomo,SFG,30334,0.0,1.0,3.9193551401442206,4.0,4.0,1.0,0.0,0.0,0.0,0.0,0.0,20.2,89.0,24.0,9.0,9.0,3.0,6.0,0.0,0.0,0.0,0.0,10.0
235,Spencer Arrighetti,2 Tms,29921,7.0,7.0,5.027586289563446,19.0,19.0,6.0,0.0,0.0,0.0,0.0,0.0,96.2,430.0,79.0,57.0,54.0,15.0,55.0,0.0,15.0,1.0,1.0,94.0
236,Tyler Holton,DET,26231,0.0,0.0,2.4545459200528925,3.0,3.0,0.0,0.0,0.0,0.0,0.0,0.0,3.2,16.0,4.0,1.0,1.0,0.0,1.0,0.0,1.0,0.0,0.0,3.0
237,Edward Cabrera,CHC,21690,5.0,5.0,5.684210811625571,15.0,15.0,4.0,0.0,0.0,0.0,0.0,0.0,76.0,329.0,78.0,53.0,48.0,15.0,32.0,0.0,1.0,1.0,0.0,67.0
238,Jimmy Herget,COL,17556,0.0,1.0,3.0,3.0,3.0,0.0,0.0,0.0,0.0,0.0,0.0,3.0,12.0,1.0,1.0,1.0,0.0,1.0,0.0,1.0,0.0,0.0,3.0
239,Spencer Strider,ATL,27498,4.0,2.0,5.307692437482307,8.0,8.0,2.0,0.0,0.0,0.0,0.0,0.0,39.0,165.0,33.0,24.0,23.0,9.0,20.0,0.0,1.0,2.0,0.0,46.0
240,Zach Pop,PHI,20185,0.0,0.0,4.5,1.0,1.0,0.0,0.0,0.0,0.0,0.0,0.0,2.0,9.0,3.0,1.0,1.0,0.0,0.0,0.0,0.0,0.0,0.0,1.0
241,Tyler Samaniego,BOS,30081,0.0,1.0,36.0,1.0,1.0,0.0,0.0,0.0,0.0,0.0,0.0,1.0,9.0,6.0,4.0,4.0,0.0,0.0,0.0,0.0,0.0,0.0,2.0
242,Trevor Williams,TEX,16977,0.0,0.0,0.0,1.0,1.0,0.0,0.0,0.0,0.0,0.0,0.0,1.0,3.0,0.0,0.0,0.0,0.0,0.0,0.0,0.0,0.0,0.0,2.0
243,Erik Miller,BOS,26252,0.0,0.0,0.0,1.0,1.0,0.0,0.0,0.0,0.0,0.0,0.0,1.0,5.0,2.0,1.0,0.0,0.0,0.0,0.0,0.0,0.0,0.0,2.0
244,Richard Lovelady,WSN,19337,0.0,1.0,2.076923229285257,6.0,6.0,0.0,0.0,0.0,0.0,0.0,0.0,8.2,37.0,7.0,2.0,2.0,1.0,5.0,0.0,0.0,0.0,0.0,7.0
245,Jordan Wicks,CHC,30094,0.0,2.0,15.631579731970321,2.0,2.0,0.0,0.0,0.0,0.0,0.0,0.0,6.1,34.0,13.0,11.0,11.0,1.0,1.0,0.0,1.0,0.0,0.0,6.0
246,Kirby Yates,PIT,9073,0.0,0.0,0.0,1.0,1.0,0.0,0.0,0.0,0.0,0.0,0.0,1.2,6.0,2.0,0.0,0.0,0.0,0.0,0.0,0.0,0.0,0.0,1.0
247,Adam Macko,TOR,25590,0.0,0.0,0.0,1.0,1.0,0.0,0.0,0.0,0.0,0.0,0.0,1.2,7.0,3.0,0.0,0.0,0.0,0.0,0.0,0.0,0.0,0.0,1.0
248,Brenan Hanifee,DET,22304,0.0,0.0,5.400002253056512,2.0,2.0,0.0,0.0,0.0,0.0,0.0,0.0,1.2,8.0,3.0,1.0,1.0,0.0,0.0,0.0,0.0,0.0,0.0,1.0
249,Will Dion,WSN,30061,0.0,0.0,0.0,1.0,1.0,0.0,0.0,0.0,0.0,0.0,0.0,3.0,9.0,2.0,0.0,0.0,0.0,1.0,0.0,0.0,0.0,0.0,1.0
250,Ray Kerr,ATL,23809,0.0,0.0,0.0,1.0,1.0,0.0,0.0,0.0,0.0,0.0,0.0,3.0,11.0,2.0,0.0,0.0,0.0,1.0,0.0,0.0,0.0,0.0,0.0
251,Luis Medina,ATH,21649,0.0,0.0,0.0,1.0,1.0,0.0,0.0,0.0,0.0,0.0,0.0,1.1,5.0,2.0,0.0,0.0,0.0,0.0,0.0,0.0,0.0,0.0,1.0
252,Caleb Ferguson,CIN,19349,0.0,0.0,0.0,1.0,1.0,0.0,0.0,0.0,0.0,0.0,0.0,1.2,7.0,1.0,0.0,0.0,0.0,1.0,0.0,0.0,0.0,0.0,1.0
253,Kai-Wei Teng,HOU,24282,3.0,5.0,5.522727392429165,10.0,10.0,2.0,0.0,0.0,0.0,0.0,0.0,44.0,204.0,49.0,31.0,27.0,7.0,21.0,0.0,7.0,1.0,0.0,43.0
254,Edgardo Henriquez,LAD,26944,0.0,0.0,0.0,1.0,1.0,0.0,0.0,0.0,0.0,0.0,0.0,1.0,4.0,1.0,0.0,0.0,0.0,0.0,0.0,0.0,0.0,0.0,1.0
255,Brock Stewart,LAD,16727,0.0,0.0,0.0,1.0,1.0,0.0,0.0,0.0,0.0,0.0,0.0,1.0,4.0,1.0,0.0,0.0,0.0,0.0,0.0,0.0,0.0,0.0,1.0
256,Kyle Backhus,PHI,29615,0.0,0.0,9.0,1.0,1.0,0.0,0.0,0.0,0.0,0.0,0.0,1.0,5.0,2.0,1.0,1.0,0.0,0.0,0.0,0.0,0.0,0.0,1.0
257,Matt Svanson,STL,29629,0.0,0.0,0.0,1.0,1.0,0.0,0.0,0.0,0.0,0.0,0.0,1.0,4.0,1.0,0.0,0.0,0.0,0.0,0.0,0.0,0.0,0.0,1.0
258,Riley Martin,CHC,29934,0.0,0.0,0.0,1.0,1.0,0.0,0.0,0.0,0.0,0.0,0.0,1.0,3.0,0.0,0.0,0.0,0.0,0.0,0.0,0.0,0.0,0.0,1.0
259,Carson Seymour,SFG,30084,0.0,0.0,0.0,1.0,1.0,0.0,0.0,0.0,0.0,0.0,0.0,1.0,3.0,0.0,0.0,0.0,0.0,0.0,0.0,0.0,0.0,0.0,1.0
260,JT Brubaker,SFG,17578,0.0,0.0,9.0,1.0,1.0,0.0,0.0,0.0,0.0,0.0,0.0,1.0,5.0,2.0,1.0,1.0,0.0,0.0,0.0,0.0,1.0,0.0,1.0
261,Didier Fuentes,ATL,30661,0.0,0.0,12.0,1.0,1.0,0.0,0.0,0.0,0.0,0.0,0.0,3.0,18.0,7.0,4.0,4.0,1.0,1.0,0.0,0.0,0.0,0.0,7.0
262,Brent Suter,2 Tms,13942,0.0,1.0,3.1153848439278855,4.0,4.0,0.0,0.0,0.0,0.0,0.0,0.0,8.2,37.0,6.0,3.0,3.0,1.0,6.0,0.0,0.0,0.0,0.0,7.0
263,Derek Law,ARI,13133,0.0,0.0,0.0,1.0,1.0,0.0,0.0,0.0,0.0,0.0,0.0,2.0,6.0,1.0,0.0,0.0,0.0,0.0,0.0,0.0,0.0,0.0,0.0
264,Logan Allen,CLE,27589,0.0,0.0,11.117648306190077,2.0,2.0,0.0,0.0,0.0,0.0,0.0,0.0,5.2,33.0,12.0,8.0,7.0,0.0,5.0,0.0,0.0,0.0,0.0,4.0
265,Cade Horton,CHC,31872,1.0,0.0,2.454545560947139,2.0,2.0,1.0,0.0,0.0,0.0,0.0,0.0,7.1,26.0,4.0,2.0,2.0,1.0,2.0,0.0,0.0,0.0,0.0,4.0
266,Kyle Hurt,LAD,27514,0.0,0.0,10.800004119874618,1.0,1.0,0.0,0.0,0.0,0.0,0.0,0.0,1.2,9.0,3.0,2.0,2.0,0.0,1.0,0.0,0.0,0.0,0.0,1.0
267,Taylor Clarke,ARI,17611,0.0,0.0,3.857145057650284,2.0,2.0,0.0,0.0,0.0,0.0,0.0,0.0,2.1,12.0,3.0,1.0,1.0,0.0,1.0,0.0,1.0,0.0,0.0,1.0
268,Joey Estes,ATH,26257,0.0,0.0,8.307692917141027,1.0,1.0,0.0,0.0,0.0,0.0,0.0,0.0,4.1,18.0,5.0,4.0,4.0,1.0,1.0,0.0,0.0,0.0,0.0,4.0
269,DL Hall,MIL,22207,0.0,0.0,0.0,1.0,1.0,0.0,0.0,0.0,0.0,0.0,0.0,2.0,7.0,0.0,0.0,0.0,0.0,2.0,0.0,0.0,0.0,0.0,2.0
270,Cole Winn,TEX,22113,0.0,0.0,0.0,1.0,1.0,0.0,0.0,0.0,0.0,0.0,0.0,1.0,3.0,1.0,0.0,0.0,0.0,0.0,0.0,0.0,0.0,0.0,0.0
271,Zach Eflin,BAL,13774,0.0,0.0,2.454545880152248,1.0,1.0,0.0,0.0,0.0,0.0,0.0,0.0,3.2,17.0,4.0,1.0,1.0,1.0,2.0,0.0,0.0,0.0,0.0,7.0
272,Erick Fedde,CHW,17425,5.0,3.0,3.8571429758027986,15.0,15.0,1.0,0.0,0.0,0.0,0.0,0.0,72.1,304.0,64.0,32.0,31.0,15.0,24.0,0.0,3.0,2.0,0.0,54.0
273,Seth Johnson,ATH,26020,0.0,0.0,0.0,1.0,1.0,0.0,0.0,0.0,0.0,0.0,0.0,1.2,8.0,1.0,0.0,0.0,0.0,2.0,0.0,0.0,0.0,0.0,2.0
274,Jordan Leasure,CHW,29950,0.0,0.0,0.0,1.0,1.0,0.0,0.0,0.0,0.0,0.0,0.0,1.1,5.0,0.0,0.0,0.0,0.0,1.0,0.0,0.0,0.0,0.0,0.0
275,Cade Gibson,MIA,31815,0.0,0.0,6.750001609325793,1.0,1.0,0.0,0.0,0.0,0.0,0.0,0.0,1.1,7.0,2.0,1.0,1.0,0.0,1.0,0.0,0.0,0.0,0.0,1.0
276,Jacob Waguespack,DET,18318,0.0,0.0,13.500003218651585,1.0,1.0,0.0,0.0,0.0,0.0,0.0,0.0,1.1,6.0,1.0,2.0,2.0,0.0,1.0,0.0,0.0,0.0,0.0,1.0
277,Jordan Hicks,CHW,19618,0.0,1.0,16.200006759169536,2.0,2.0,0.0,0.0,0.0,0.0,0.0,0.0,1.2,8.0,1.0,3.0,3.0,0.0,2.0,0.0,0.0,0.0,0.0,2.0
278,Andrew Sears,DET,33664,0.0,0.0,4.218750652216942,3.0,3.0,0.0,0.0,0.0,0.0,0.0,0.0,10.2,54.0,12.0,11.0,5.0,1.0,6.0,0.0,3.0,1.0,0.0,9.0
279,Jason Alexander,HOU,19666,1.0,1.0,6.75,2.0,2.0,1.0,0.0,0.0,0.0,0.0,0.0,12.0,50.0,10.0,9.0,9.0,2.0,3.0,0.0,1.0,0.0,0.0,8.0
280,Paxton Schultz,WSN,25501,0.0,0.0,9.0,1.0,1.0,0.0,0.0,0.0,0.0,0.0,0.0,1.0,6.0,2.0,1.0,1.0,0.0,1.0,0.0,0.0,0.0,0.0,1.0
281,Jose Cabrera,ARI,30412,0.0,3.0,5.318182048718802,5.0,5.0,0.0,0.0,0.0,0.0,0.0,0.0,22.0,99.0,23.0,13.0,13.0,4.0,8.0,0.0,3.0,0.0,1.0,16.0
282,Tanner Banks,PHI,16990,0.0,1.0,9.0,1.0,1.0,0.0,0.0,0.0,0.0,0.0,0.0,1.0,6.0,1.0,1.0,1.0,0.0,2.0,0.0,0.0,0.0,0.0,2.0
283,Will Klein,LAD,27787,0.0,0.0,4.5,3.0,3.0,0.0,0.0,0.0,0.0,0.0,0.0,4.0,20.0,6.0,2.0,2.0,1.0,1.0,0.0,1.0,0.0,0.0,5.0
284,Jefry Yan,NYM,27902,0.0,0.0,10.800004119874618,1.0,1.0,0.0,0.0,0.0,0.0,0.0,0.0,1.2,10.0,3.0,2.0,2.0,0.0,2.0,0.0,0.0,1.0,0.0,1.0
285,Beck Way,KCR,27877,0.0,1.0,18.0,1.0,1.0,0.0,0.0,0.0,0.0,0.0,0.0,1.0,7.0,3.0,2.0,2.0,0.0,0.0,0.0,1.0,0.0,0.0,0.0
286,Keegan Akin,BAL,19362,0.0,0.0,4.5,2.0,2.0,0.0,0.0,0.0,0.0,0.0,0.0,2.0,7.0,1.0,1.0,1.0,1.0,0.0,0.0,0.0,0.0,0.0,4.0
287,Carson Whisenhunt,SFG,31676,3.0,4.0,6.490385091516428,8.0,8.0,0.0,0.0,0.0,0.0,0.0,0.0,34.2,164.0,41.0,26.0,25.0,5.0,21.0,0.0,1.0,2.0,0.0,26.0
288,Steven Cruz,KCR,23165,0.0,0.0,3.8571433826369397,2.0,2.0,0.0,0.0,0.0,0.0,0.0,0.0,2.1,9.0,1.0,1.0,1.0,1.0,1.0,0.0,0.0,0.0,0.0,5.0
289,Eduardo Rivera,BOS,31280,0.0,1.0,9.450002337545735,3.0,3.0,0.0,0.0,0.0,0.0,0.0,0.0,6.2,34.0,7.0,7.0,7.0,1.0,6.0,0.0,0.0,1.0,0.0,7.0
290,River Ryan,DET,29514,0.0,1.0,4.153846458570514,2.0,2.0,0.0,0.0,0.0,0.0,0.0,0.0,4.1,21.0,5.0,2.0,2.0,1.0,3.0,0.0,0.0,1.0,0.0,6.0
291,Zach Agnos,COL,31552,0.0,1.0,1.687500100582844,3.0,3.0,0.0,0.0,0.0,0.0,0.0,0.0,10.2,43.0,6.0,2.0,2.0,2.0,5.0,0.0,0.0,0.0,0.0,6.0
292,CJ Van Eyk,TOR,27568,0.0,1.0,7.2,1.0,1.0,0.0,0.0,0.0,0.0,0.0,0.0,5.0,20.0,4.0,4.0,4.0,1.0,0.0,0.0,1.0,0.0,0.0,2.0
293,Cristian Javier,HOU,17606,1.0,5.0,5.79865790369232,12.0,12.0,2.0,0.0,0.0,0.0,0.0,0.0,49.2,220.0,51.0,32.0,32.0,9.0,25.0,0.0,2.0,0.0,0.0,42.0
294,Ty Madden,DET,30140,0.0,0.0,5.40000051498418,1.0,1.0,0.0,0.0,0.0,0.0,0.0,0.0,3.1,15.0,3.0,2.0,2.0,1.0,2.0,0.0,0.0,1.0,0.0,4.0
295,JP Sears,SDP,23429,2.0,4.0,4.764706256562893,6.0,6.0,0.0,0.0,0.0,0.0,0.0,0.0,28.1,124.0,30.0,17.0,15.0,6.0,9.0,0.0,1.0,0.0,0.0,22.0
296,Ryan Rolison,CHC,22200,0.0,0.0,2.70000025749209,2.0,2.0,0.0,0.0,0.0,0.0,0.0,0.0,3.1,11.0,2.0,1.0,1.0,1.0,0.0,0.0,0.0,0.0,0.0,2.0
297,Shane Smith,CHW,31687,0.0,2.0,10.80000164794947,3.0,3.0,0.0,0.0,0.0,0.0,0.0,0.0,8.1,49.0,12.0,12.0,10.0,1.0,9.0,0.0,1.0,0.0,0.0,11.0
298,Austin Warren,NYM,24937,0.0,1.0,9.0,2.0,2.0,0.0,0.0,0.0,0.0,0.0,0.0,2.0,11.0,2.0,2.0,2.0,0.0,2.0,0.0,1.0,0.0,0.0,1.0
299,Braxton Garrett,MIA,21844,0.0,1.0,14.538462604996798,2.0,2.0,0.0,0.0,0.0,0.0,0.0,0.0,4.1,28.0,7.0,7.0,7.0,0.0,8.0,0.0,0.0,0.0,0.0,5.0
300,José Urquidy,CHW,18413,0.0,1.0,15.0,1.0,1.0,0.0,0.0,0.0,0.0,0.0,0.0,3.0,21.0,6.0,5.0,5.0,0.0,4.0,0.0,2.0,0.0,0.0,2.0
301,Eddy Yean,WSN,24248,0.0,1.0,7.714286765273879,1.0,1.0,0.0,0.0,0.0,0.0,0.0,0.0,2.1,10.0,3.0,2.0,2.0,1.0,0.0,0.0,0.0,0.0,0.0,0.0
302,Miguel Ullola,HOU,29036,0.0,0.0,5.400002253056512,2.0,2.0,0.0,0.0,0.0,0.0,0.0,0.0,1.2,7.0,0.0,1.0,1.0,0.0,2.0,0.0,1.0,0.0,0.0,0.0
303,Sam Aldegheri,LAA,26443,2.0,3.0,6.311688468033641,6.0,6.0,0.0,0.0,0.0,0.0,0.0,0.0,25.2,118.0,24.0,19.0,18.0,4.0,14.0,0.0,1.0,1.0,0.0,14.0
304,Eric Lauer,2 Tms,19316,7.0,5.0,5.280442990251766,18.0,18.0,6.0,0.0,0.0,0.0,0.0,0.0,90.1,392.0,95.0,54.0,53.0,21.0,27.0,0.0,5.0,1.0,1.0,61.0
305,Daniel Espino,CLE,25625,0.0,0.0,6.75,3.0,3.0,0.0,0.0,0.0,0.0,0.0,0.0,4.0,17.0,2.0,3.0,3.0,1.0,3.0,0.0,0.0,0.0,0.0,5.0
306,Ryne Nelson,ARI,26253,3.0,5.0,4.968000248145116,15.0,15.0,6.0,0.0,0.0,0.0,0.0,0.0,83.1,355.0,81.0,53.0,46.0,18.0,22.0,1.0,5.0,2.0,0.0,62.0
307,Bryan Hudson,CHW,19924,0.0,0.0,5.4000010460617185,9.0,9.0,0.0,0.0,0.0,0.0,0.0,0.0,10.0,39.0,10.0,7.0,6.0,3.0,1.0,0.0,0.0,0.0,0.0,8.0
308,Owen Murphy,ATL,31761,0.0,0.0,6.750001609325793,1.0,1.0,0.0,0.0,0.0,0.0,0.0,0.0,2.2,15.0,5.0,3.0,2.0,1.0,2.0,0.0,0.0,0.0,0.0,2.0
309,Matt Waldron,2 Tms,25550,0.0,1.0,8.617021626290732,4.0,4.0,0.0,0.0,0.0,0.0,0.0,0.0,15.2,78.0,24.0,15.0,15.0,3.0,6.0,0.0,2.0,0.0,1.0,9.0
310,John King,MIA,22051,0.0,1.0,10.800004119874618,1.0,1.0,0.0,0.0,0.0,0.0,0.0,0.0,1.2,7.0,2.0,2.0,2.0,1.0,0.0,0.0,0.0,0.0,0.0,2.0
311,Merrill Kelly,ARI,11156,10.0,14.0,4.944444589981167,29.0,29.0,9.0,1.0,0.0,0.0,0.0,0.0,162.0,704.0,166.0,93.0,89.0,28.0,70.0,2.0,4.0,1.0,1.0,113.0
312,Yunior Marte,SFG,31097,0.0,2.0,5.651163292034353,3.0,3.0,0.0,0.0,0.0,0.0,0.0,0.0,14.1,62.0,17.0,9.0,9.0,3.0,6.0,0.0,0.0,0.0,0.0,9.0
313,Brandon Eisert,CHW,27668,0.0,0.0,7.71428844028686,4.0,4.0,0.0,0.0,0.0,0.0,0.0,0.0,4.2,21.0,6.0,4.0,4.0,2.0,1.0,0.0,0.0,0.0,0.0,6.0
314,Robby Snelling,MIA,31893,0.0,1.0,5.4,1.0,1.0,0.0,0.0,0.0,0.0,0.0,0.0,5.0,22.0,5.0,3.0,3.0,1.0,4.0,0.0,0.0,0.0,0.0,2.0
315,Thomas Pannone,MIL,17281,0.0,1.0,6.0,1.0,1.0,0.0,0.0,0.0,0.0,0.0,0.0,3.0,14.0,3.0,3.0,2.0,1.0,2.0,0.0,0.0,0.0,0.0,2.0
316,Jack Ralston,MIA,26104,0.0,1.0,20.250004827977378,1.0,1.0,0.0,0.0,0.0,0.0,0.0,0.0,1.1,8.0,3.0,3.0,3.0,1.0,1.0,0.0,0.0,1.0,0.0,2.0
317,Nick Lodolo,CIN,26378,3.0,6.0,4.96932531328312,21.0,21.0,5.0,0.0,0.0,0.0,0.0,0.0,108.2,486.0,115.0,60.0,60.0,20.0,46.0,0.0,17.0,2.0,1.0,83.0
318,Paul Blackburn,NYY,14739,0.0,0.0,3.0,2.0,2.0,0.0,0.0,0.0,0.0,0.0,0.0,3.0,13.0,2.0,1.0,1.0,1.0,2.0,0.0,1.0,0.0,0.0,3.0
319,Sean Sullivan,COL,33502,0.0,3.0,8.865672146565004,5.0,5.0,0.0,0.0,0.0,0.0,0.0,0.0,22.1,114.0,34.0,22.0,22.0,5.0,11.0,0.0,3.0,0.0,1.0,16.0
320,Jose Quintana,COL,11423,2.0,3.0,5.4375003241002755,11.0,11.0,1.0,0.0,0.0,0.0,0.0,0.0,48.0,212.0,52.0,32.0,29.0,10.0,20.0,1.0,1.0,1.0,1.0,25.0
321,Tobias Myers,NYM,22191,0.0,1.0,15.428573530547759,3.0,3.0,0.0,0.0,0.0,0.0,0.0,0.0,4.2,24.0,6.0,8.0,8.0,1.0,5.0,0.0,0.0,0.0,0.0,3.0
322,Colton Gordon,HOU,31312,0.0,0.0,9.818183520608992,1.0,1.0,0.0,0.0,0.0,0.0,0.0,0.0,3.2,19.0,8.0,4.0,4.0,2.0,0.0,0.0,1.0,0.0,0.0,5.0
323,AJ Smith-Shawver,ATL,29960,0.0,2.0,7.714286064615071,5.0,5.0,0.0,0.0,0.0,0.0,0.0,0.0,21.0,103.0,25.0,18.0,18.0,4.0,13.0,0.0,1.0,0.0,0.0,18.0
324,Justin Verlander,DET,8700,0.0,1.0,7.000000741746769,2.0,2.0,0.0,0.0,0.0,0.0,0.0,0.0,9.0,39.0,11.0,7.0,7.0,3.0,3.0,0.0,0.0,1.0,0.0,7.0
325,Pete Fairbanks,MIA,17998,0.0,0.0,27.0,1.0,1.0,0.0,0.0,0.0,0.0,0.0,0.0,1.0,7.0,3.0,3.0,3.0,1.0,1.0,0.0,0.0,0.0,0.0,1.0
326,Lyon Richardson,CIN,24581,0.0,1.0,36.0,1.0,1.0,0.0,0.0,0.0,0.0,0.0,0.0,1.0,7.0,1.0,4.0,4.0,1.0,2.0,0.0,1.0,0.0,0.0,2.0
327,Lucas Giolito,SDP,15474,2.0,1.0,4.354838843648321,5.0,5.0,0.0,0.0,0.0,0.0,0.0,0.0,20.2,95.0,18.0,12.0,10.0,3.0,18.0,0.0,1.0,2.0,0.0,14.0
328,Jesse Scholtens,TBR,19205,0.0,2.0,6.0967749437855066,2.0,2.0,0.0,0.0,0.0,0.0,0.0,0.0,10.1,47.0,10.0,7.0,7.0,3.0,4.0,1.0,2.0,0.0,0.0,10.0
329,Huascar Brazobán,NYM,6107,0.0,1.0,5.14285784351592,6.0,6.0,0.0,0.0,0.0,0.0,0.0,0.0,7.0,32.0,4.0,4.0,4.0,1.0,7.0,0.0,1.0,0.0,0.0,4.0
330,Brennan Bernardino,COL,16835,0.0,1.0,20.250021122418026,2.0,2.0,0.0,0.0,0.0,0.0,0.0,0.0,1.1,10.0,4.0,3.0,3.0,1.0,2.0,0.0,0.0,1.0,0.0,1.0
331,Chase Petty,CIN,30170,0.0,0.0,6.567568244683368,3.0,3.0,0.0,0.0,0.0,0.0,0.0,0.0,12.1,54.0,12.0,10.0,9.0,3.0,4.0,0.0,1.0,0.0,0.0,3.0
332,Jovani Morán,BOS,20422,0.0,2.0,15.0,3.0,3.0,0.0,0.0,0.0,0.0,0.0,0.0,3.0,18.0,7.0,5.0,5.0,2.0,2.0,0.0,0.0,0.0,0.0,6.0
333,Zac Gallen,ARI,19291,3.0,9.0,6.217105516704671,20.0,20.0,3.0,0.0,0.0,0.0,0.0,0.0,101.1,455.0,126.0,76.0,70.0,19.0,33.0,1.0,4.0,1.0,0.0,62.0
334,Tanner Houck,BOS,19879,0.0,1.0,9.0,1.0,1.0,0.0,0.0,0.0,0.0,0.0,0.0,3.0,13.0,4.0,3.0,3.0,2.0,0.0,0.0,0.0,0.0,0.0,1.0
335,Jedixson Paez,BOS,29114,0.0,1.0,19.636367041217984,1.0,1.0,0.0,0.0,0.0,0.0,0.0,0.0,3.2,23.0,10.0,8.0,8.0,2.0,2.0,0.0,0.0,0.0,0.0,3.0
336,DJ Herz,WSN,26389,0.0,1.0,10.285714285714286,2.0,2.0,0.0,0.0,0.0,0.0,0.0,0.0,7.0,35.0,11.0,8.0,8.0,3.0,3.0,0.0,0.0,2.0,0.0,6.0
337,Ryan Weiss,HOU,24621,0.0,0.0,5.14285784351592,2.0,2.0,0.0,0.0,0.0,0.0,0.0,0.0,7.0,35.0,8.0,4.0,4.0,2.0,8.0,0.0,0.0,0.0,0.0,7.0
338,Alan Rangel,PHI,19524,0.0,2.0,6.352941354665794,3.0,3.0,0.0,0.0,0.0,0.0,0.0,0.0,11.1,57.0,13.0,8.0,8.0,3.0,10.0,0.0,1.0,0.0,1.0,13.0
339,Kohl Drake,ARI,32070,0.0,1.0,6.532258265472482,5.0,5.0,0.0,0.0,0.0,0.0,0.0,0.0,20.2,95.0,24.0,15.0,15.0,5.0,7.0,0.0,4.0,0.0,0.0,17.0
340,Ethan Pecko,HOU,33515,1.0,0.0,5.850000557899528,5.0,5.0,0.0,0.0,0.0,0.0,0.0,0.0,20.0,91.0,20.0,14.0,13.0,4.0,12.0,0.0,1.0,1.0,0.0,13.0
341,Trey Gibson,BAL,33794,2.0,3.0,6.21238995726163,8.0,8.0,1.0,0.0,0.0,0.0,0.0,0.0,37.2,175.0,38.0,26.0,26.0,7.0,26.0,0.0,1.0,2.0,0.0,35.0
342,Brayan Bello,BOS,23920,2.0,6.0,7.177215536441829,11.0,11.0,2.0,0.0,0.0,0.0,0.0,0.0,52.2,251.0,71.0,44.0,42.0,11.0,24.0,0.0,2.0,2.0,0.0,42.0
343,Brycen Mautz,STL,31910,0.0,0.0,27.0,1.0,1.0,0.0,0.0,0.0,0.0,0.0,0.0,1.0,10.0,2.0,3.0,3.0,1.0,3.0,0.0,2.0,0.0,0.0,0.0
344,Cole Ragans,KCR,21846,1.0,4.0,4.839622823840452,8.0,8.0,3.0,0.0,0.0,0.0,0.0,0.0,35.1,151.0,27.0,20.0,19.0,10.0,23.0,0.0,0.0,0.0,0.0,45.0
345,Mike Paredes,MIN,30187,0.0,2.0,4.500000195069755,5.0,5.0,0.0,0.0,0.0,0.0,0.0,0.0,22.0,96.0,23.0,11.0,11.0,5.0,7.0,0.0,2.0,0.0,0.0,11.0
346,Hurston Waldrep,ATL,33527,0.0,1.0,10.384616146426286,2.0,2.0,0.0,0.0,0.0,0.0,0.0,0.0,8.2,44.0,11.0,10.0,10.0,3.0,6.0,0.0,2.0,0.0,0.0,6.0
347,Bailey Falter,KCR,20070,0.0,2.0,18.69230906356731,2.0,2.0,0.0,0.0,0.0,0.0,0.0,0.0,4.1,28.0,13.0,9.0,9.0,3.0,3.0,0.0,0.0,0.0,0.0,2.0
348,Chris Murphy,CHW,26214,0.0,0.0,20.250012975194423,3.0,3.0,0.0,0.0,0.0,0.0,0.0,0.0,2.2,15.0,5.0,6.0,6.0,3.0,2.0,0.0,0.0,1.0,0.0,3.0
349,Ronel Blanco,HOU,19407,0.0,1.0,5.78571483748305,5.0,5.0,0.0,0.0,0.0,0.0,0.0,0.0,23.1,98.0,18.0,15.0,15.0,6.0,14.0,0.0,1.0,0.0,0.0,20.0
350,Daniel Lynch IV,KCR,21537,2.0,4.0,6.52500031113626,10.0,10.0,0.0,0.0,0.0,0.0,0.0,0.0,40.0,173.0,42.0,30.0,29.0,9.0,14.0,0.0,2.0,1.0,0.0,21.0
351,JR Ritchie,ATL,31760,1.0,5.0,5.727272925889204,11.0,11.0,1.0,0.0,0.0,0.0,0.0,0.0,55.0,250.0,53.0,38.0,35.0,11.0,33.0,0.0,5.0,1.0,0.0,51.0
352,Taijuan Walker,PHI,11836,1.0,3.0,9.160714597726365,4.0,4.0,0.0,0.0,0.0,0.0,0.0,0.0,18.2,94.0,28.0,20.0,19.0,6.0,10.0,0.0,1.0,0.0,0.0,16.0
353,Xzavion Curry,NYM,25595,0.0,1.0,18.0,1.0,1.0,0.0,0.0,0.0,0.0,0.0,0.0,3.0,16.0,6.0,6.0,6.0,4.0,1.0,0.0,0.0,0.0,0.0,3.0
354,Brendan Beck,NYY,33043,0.0,2.0,12.461539375711542,2.0,2.0,0.0,0.0,0.0,0.0,0.0,0.0,8.2,42.0,11.0,12.0,12.0,5.0,5.0,0.0,0.0,1.0,0.0,11.0
355,Kade Morris,ATH,33787,0.0,1.0,18.90000180244463,2.0,2.0,0.0,0.0,0.0,0.0,0.0,0.0,6.2,36.0,14.0,14.0,14.0,4.0,4.0,0.0,1.0,0.0,0.0,4.0
356,Corbin Burnes,ARI,19361,0.0,0.0,7.8387106420099375,3.0,3.0,0.0,0.0,0.0,0.0,0.0,0.0,10.1,47.0,12.0,9.0,9.0,5.0,4.0,0.0,0.0,1.0,0.0,8.0
357,Mike Burrows,HOU,24728,4.0,9.0,6.05338094727271,17.0,17.0,4.0,0.0,0.0,0.0,0.0,0.0,93.2,419.0,111.0,69.0,63.0,21.0,35.0,0.0,4.0,1.0,0.0,74.0
358,Luis Morales,ATH,32227,0.0,2.0,12.272727804735695,2.0,2.0,0.0,0.0,0.0,0.0,0.0,0.0,7.1,42.0,13.0,10.0,10.0,4.0,8.0,0.0,1.0,0.0,0.0,5.0
359,Jeffrey Springs,ATH,17677,4.0,14.0,6.182243266161057,29.0,29.0,5.0,0.0,0.0,0.0,0.0,0.0,142.2,630.0,152.0,105.0,98.0,35.0,57.0,0.0,5.0,0.0,3.0,112.0
360,Mason Englert,TBR,22288,0.0,4.0,9.000000953674418,4.0,4.0,0.0,0.0,0.0,0.0,0.0,0.0,18.0,88.0,29.0,19.0,18.0,9.0,4.0,0.0,0.0,0.0,0.0,21.0
361,Simeon Woods Richardson,MIN,24494,0.0,7.0,8.2611945002083,10.0,10.0,1.0,0.0,0.0,0.0,0.0,0.0,44.2,214.0,63.0,46.0,41.0,9.0,23.0,0.0,2.0,2.0,0.0,24.0
362,Kodai Senga,NYM,31838,0.0,7.0,9.663158670779472,8.0,8.0,1.0,0.0,0.0,0.0,0.0,0.0,31.2,150.0,33.0,35.0,34.0,9.0,24.0,0.0,2.0,1.0,0.0,38.0
363,Germán Márquez,SDP,15038,4.0,2.0,5.113636474471449,10.0,10.0,0.0,0.0,0.0,0.0,0.0,0.0,44.0,198.0,48.0,26.0,25.0,12.0,19.0,0.0,2.0,2.0,0.0,33.0
364,Luis Gil,NYY,21052,1.0,2.0,6.051724237437482,4.0,4.0,1.0,0.0,0.0,0.0,0.0,0.0,19.1,85.0,15.0,13.0,13.0,6.0,11.0,0.0,3.0,2.0,0.0,9.0
365,Mason Barnett,ATH,31741,0.0,3.0,9.236842568891554,6.0,6.0,0.0,0.0,0.0,0.0,0.0,0.0,25.1,124.0,32.0,27.0,26.0,9.0,17.0,0.0,2.0,3.0,0.0,27.0
366,Miles Mikolas,WSN,9803,2.0,6.0,8.320754866703588,11.0,11.0,0.0,0.0,0.0,0.0,0.0,0.0,53.0,245.0,74.0,52.0,49.0,16.0,15.0,0.0,1.0,1.0,0.0,30.0
367,Zack Littell,WSN,15823,5.0,6.0,6.179104653518012,14.0,14.0,1.0,0.0,0.0,0.0,0.0,0.0,67.0,301.0,73.0,52.0,46.0,20.0,26.0,0.0,3.0,0.0,0.0,41.0
368,Jameson Taillon,2 Tms,11674,2.0,6.0,5.651162978698919,18.0,18.0,4.0,0.0,0.0,0.0,0.0,0.0,86.0,370.0,85.0,55.0,54.0,27.0,32.0,1.0,2.0,2.0,0.0,76.0
