rank,Name,Team,playerid,IP,K/9+,BB/9+,K/BB+,HR/9+,K%+,BB%+,AVG+,WHIP+,BABIP+,LOB%+,ERA-,FIP-,xFIP-,LD%+,GB%+,FB%+
1,Jacob Misiorowski,MIL,31623,111.0,160.81728101743812,63.65651029296691,252.63290348263445,61.63449578331127,180.79499921757233,71.56431547397872,61.041557701065074,57.81105368066589,79.35302528760099,113.36361908265098,38.730748540365994,49.22780402961678,49.61560790215118,95.58690801290035,109.06162626432076,92.25756943183116
2,Cristopher Sánchez,PHI,20778,127.1,120.88143599488373,51.380691574264624,235.26628234009368,71.6380009709647,125.30995728943375,53.26303535472617,104.85832581622401,90.5919109339964,116.27422455335976,112.85653680365417,60.997716199027316,62.546870799223065,61.56503261752783,80.7953077459956,136.76884040722385,69.2347558558274
3,Dylan Cease,TOR,18525,98.1,157.5351758351627,116.42349428549703,135.31219385240206,38.70897144963428,164.8835632137396,121.85418374227812,78.91611221559184,86.53506488325137,107.5343630896861,107.49563583136404,61.342270610000995,51.3604873913639,62.42600273447576,110.15489227340277,108.21690908704929,86.45617697504969
4,Cam Schlittler,NYY,32095,118.2,120.83935835799528,54.815070729026274,220.44916343151192,76.9830104155813,130.49916907814352,59.19694706285493,82.25736704287398,72.35344001326499,89.54267143045836,114.30626897053872,49.275217505667484,65.83859370808584,72.48636345061941,92.68886095733545,102.73228564272637,100.76915628419856
5,Jesús Luzardo,PHI,19959,115.1,132.5319011694373,83.95545757699931,157.8597896354395,65.90972271973328,135.26059688607305,85.68401354262781,96.2935878468546,92.06923735922781,112.20869222631922,100.7112879122801,80.08511425501642,67.01093800212223,69.00978294076823,103.00144005226556,119.14235661556904,77.46533774354553
6,Joe Ryan,MIN,21390,110.1,121.42827054368865,58.95518076938836,205.96710160024466,68.99786310073726,127.07422727061687,61.6963731588847,90.34128070053572,80.59742139576306,100.13537894435937,97.13461070267897,67.41755367712032,66.1248163146415,82.53621865028894,92.02595204412066,87.42646827008755,116.99266912594636
7,Paul Skenes,PIT,33677,108.1,128.26863532495025,57.976391637638415,221.242887011342,77.18535414570299,134.98113290333117,61.010386134808414,88.15717437640629,78.2736265167637,98.91986267972398,91.77880526942404,83.09740386541083,68.1944295084564,75.29724601535037,90.51211200185895,96.38668230751615,108.72668942458692
8,Chris Sale,ATL,10603,105.0,125.21461983183167,62.30928315842078,200.95661616549668,57.91686008418553,131.9100562423603,65.6410655405572,90.92307211810095,80.75850331277084,104.24585649611566,115.82260930461379,48.52950048469463,65.4186911455592,73.6200724339618,102.93492760368694,105.47933969671868,92.50886692376635
9,Reid Detmers,LAA,27468,114.2,118.66503049288437,79.41811484490336,149.41809824761236,79.66846501177845,122.52509059809829,82.00150895221762,89.14312047904322,85.57416905457029,96.37603024678957,91.42345537767562,97.82467609029717,75.59815490645518,88.26148347421666,100.26515814014707,84.75980521254954,115.6975046882929
10,Ranger Suarez,BOS,17277,91.1,111.16268168505327,74.06836458047944,150.08119629735873,41.67571753990952,115.25078998373937,76.79229482984799,95.8528177194013,88.97058872899903,106.28642299875544,101.53291718584904,72.01180816393273,61.94316475340395,78.48775199157288,135.4905177118385,98.4892792426579,84.06010594070995
11,Shohei Ohtani,LAD,19755,85.2,118.53618861189621,79.42615153071583,149.2407640032922,35.49379519555173,127.65184049288595,85.53416938899888,74.00715172403565,72.23168191143536,85.11940840509112,112.27947631851598,42.55064101510208,59.81261565931327,76.91196178176057,81.10164075729173,121.13593708325135,86.25546132964807
12,Davis Martin,CHW,21448,106.0,95.781681816695,81.00219561300962,118.24579103069462,43.0911193186171,98.48703866464142,83.29010459739538,105.53323876451206,97.63326453589414,111.55822957949371,106.10927361615194,78.582812961733,70.76001093454067,89.4412137996328,125.75630000538978,104.1334748221815,83.00038373207279
13,Chase Burns,CIN,35333,102.2,122.85469872926744,94.31359652761007,130.2619243359806,88.84972829981099,130.53120531946877,100.20672802468174,84.87203144522385,84.82619182693786,92.1685926337608,121.09703466702095,57.43554443695508,76.44345631919637,84.72513470469846,99.64466571137257,85.38456089318859,116.23467044863816
14,Braxton Ashcraft,PIT,23793,113.1,120.7234223223444,62.34593629415419,193.63480024965705,93.90196893226795,126.85028190553498,65.51006739370979,95.86346942945178,84.93124080988801,103.67107433953406,103.48891232149928,81.27858300574262,78.68095825851327,75.68386010111587,104.40784718794085,101.65421910333457,95.97263932264325
15,Parker Messick,CLE,31986,112.0,102.79956064513804,83.63213829202782,122.91873465661662,67.97111185646028,110.43143001614597,89.84101125135625,85.84465586928735,82.13592219918363,89.57583538283997,110.08589214818,65.78110178863517,79.33227928084148,85.69680751009815,98.76430504081345,107.23204140451321,93.09849007766312
16,Zack Wheeler,PHI,10310,93.0,124.13093733902912,61.90728792830965,200.51103608159391,81.73750434265284,138.98815694601922,69.31696411914922,76.37716927169359,68.17885866709862,83.5209218622725,122.87486355161042,49.658510945619575,68.34611083691972,66.65006077646184,102.31656935920826,108.24977737486424,89.77530294774624
17,Yoshinobu Yamamoto,LAD,33825,110.2,102.38309678436319,59.11874735019917,173.18212450034673,82.42685628227453,113.94606390007729,65.79551465649367,79.3386493041551,69.72028039524338,80.01667066037662,107.98744740979859,67.81414220188748,76.86952497891356,77.99564614535545,88.53445926040887,115.44572147067112,88.78001138690624
18,Bryan Woo,SEA,30279,110.1,103.40376160692932,51.88055906304822,199.3112044740329,82.79743569852018,108.21164672993862,54.292807935604635,96.14601457360182,83.37664280068219,98.62261249831884,88.73213152798708,105.87323692076498,80.07912546034662,88.16236558299758,96.12723102605663,92.87060725736416,109.31511176307541
19,Casey Mize,DET,20492,77.1,104.2174871495652,60.56120447987464,172.08622851926324,49.22046103245355,113.15588944059942,65.75534538409066,86.31798479889244,76.32976330224841,92.73621301251016,103.44608027481767,66.288947126689,63.982418567085475,89.00349686705536,101.65259849105269,83.61719549139515,116.19972736148365
20,Logan Gilbert,SEA,22250,114.0,109.25937162095885,54.776604231546344,199.46358307927554,93.4900890458071,118.40243712204095,59.36042999069343,88.35575804777672,75.98773487053576,91.10264828464751,107.03233795919284,84.38537850941216,83.90969052961489,85.39035353026628,102.9876235140268,85.61023795434353,113.47115075465435
21,Sandy Alcantara,MIA,18684,136.2,83.68746308351645,70.85021419835577,118.11886356337386,77.86992472085981,86.06326819588396,72.86158268290707,102.81909628835488,93.34873804989097,100.4055338574918,98.65662110757984,90.86655701134113,90.39236193443773,98.04822759553244,101.94970132865717,105.69448075291099,92.76649252175496
22,Cade Cavalli,WSN,27473,104.2,121.52840598481008,80.00988328804304,151.8917512937888,65.36397326496916,119.74944286164934,78.8386783499901,106.13708588715357,99.99234703589602,118.74814422470786,97.46253662676487,89.6953044075241,75.35378829583719,80.80894312888553,105.86498131838712,113.82788348568906,81.8680727454345
23,Max Meyer,MIA,27474,111.0,116.52030640894728,96.6635905346357,120.54209079128219,75.33105104904372,119.65360476196491,99.26292998229485,85.09034835903616,86.71658126603828,91.53502783987898,110.68821388631851,62.57568659905161,82.68808325679726,88.94689858665407,104.07065939897622,97.44977057175525,100.76070499745742
24,Justin Wrobleski,LAD,31204,96.1,78.7809086176943,51.615371328910555,152.63072044015277,63.127373134696626,84.91362445726463,55.63337958187431,89.79534409182993,76.92185094512813,86.89532795802688,113.83891359346498,60.097476024794496,77.73341234599997,99.38655268045437,90.0276000519565,97.78813793504708,107.42997914068295
25,Jacob deGrom,TEX,10954,100.2,126.85007348618593,56.862467295038755,223.08226556436597,120.99757762951032,135.91753188664967,60.92709131587169,88.0126136315347,77.67555811923742,92.57944363443463,109.67913078719556,84.13717037486647,80.4034111411579,73.25512552456632,104.65696523079498,85.08586518560821,113.1922048888828
26,Drew Rasmussen,TBR,25385,99.1,103.26369137634155,44.52896678162679,231.90229728387152,91.96627936639779,111.6863327365755,48.16094379268582,86.77270620300936,72.54420770165557,87.15486685897945,102.83821639806636,76.92817143397397,78.76234783018268,77.37850949225141,95.75030923632379,112.79620420566768,88.80653146502603
27,George Kirby,SEA,25436,110.0,93.2502437472828,56.768480325964056,164.26412723938998,76.12764336992397,96.01105765302431,58.44919515661299,117.3305362944346,101.05207144396347,119.46461500919301,102.14388286989666,95.78288346435014,82.79965604784827,85.96079838989517,93.03111616373545,116.36883503786927,86.43752018900649
28,Nolan McLean,NYM,33703,107.1,124.48431218839713,95.08938454236348,130.91295090516104,70.8222475673413,127.47188044820786,97.37148729432079,84.77182833844084,85.40852311170084,94.89045911825913,95.42182951439867,86.34309635922727,81.56951073454958,80.89021634956714,108.35560660061311,113.03342275373247,81.49209994230979
29,Tarik Skubal,DET,22267,82.2,124.08298622140367,34.62190600856591,358.39445945699595,92.08989161112622,136.38954021931568,38.055706330857866,89.9324966249677,71.40525994435795,98.59944533541109,107.55362658754777,67.17992524705714,67.78238326684847,57.419802162189406,119.41295986187433,113.44466517754701,76.4592995056523
30,Kevin Gausman,TOR,14107,112.1,108.08512501723293,74.11908427482241,145.82631705095451,101.65412342701201,110.2605494803137,75.61087467019671,100.1848386575207,93.4935876484593,102.5351374811523,93.57024097144763,103.55896215348095,85.79232062225738,90.02740299073963,97.13974550625734,93.05371199188488,108.62542669826489
31,Kyle Harrison,MIL,27758,83.2,129.0351821550701,62.55752807955712,206.26644545442238,90.8556332154098,135.31607375798777,65.6025659528416,91.5167302076403,82.17593040161672,101.5988369883726,114.24436726833437,71.93735204471588,73.02013670085918,74.21975109586639,114.42381122877659,87.7766880505101,106.19661335697262
32,Dustin May,STL,19716,98.0,103.61837127571263,85.45273218311313,121.25812078075575,54.297056960784076,104.8348450986266,86.45594146156313,106.9167149374898,100.55836919479673,114.57679061827422,88.48435831417177,115.69311947345761,78.37966021012646,91.8972198231167,106.70708168595388,102.52580310131907,93.86231228331967
33,Shane Baz,BAL,22264,111.2,92.79578146221736,97.86208311092659,94.82302388945509,61.35660893872055,91.75889538599763,96.76858574274421,107.81796922190323,106.40892487750521,110.20189852077644,95.30860475411572,101.1719044839407,85.93241780223099,103.40732368619037,121.4725815016898,91.59981861498233,98.13104961958102
34,Shane McClanahan,TBR,21483,86.0,99.80033278425057,84.71265536486425,117.81042360438472,53.112309713364816,103.48338170928784,87.8389048172039,88.79698530394538,86.46556616947016,93.06367139179163,100.95137910689402,66.64126615266083,73.72532038880179,90.86675369793457,90.69865459965104,108.23228657901976,96.03875813568415
35,Michael Soroka,ARI,18383,82.0,102.97990053511019,54.25466878266896,189.80837727481622,55.621375059368674,108.38401899390672,57.101813362811086,95.94753561135427,82.91454815458951,101.86856841400547,106.77043664631624,72.1274348299545,71.54872914790921,85.63076543079724,121.74862893527177,90.54960052127022,99.4777270598874
36,Landen Roupp,SFG,30076,104.0,108.94611824037601,113.23514168247468,96.21229136638993,51.16453479569777,111.32661405022282,115.70935320714075,93.16869333320459,96.96057489939238,101.84603610513263,94.01463082132089,96.68352153932585,81.34926627168132,88.09149669870003,94.28344987229667,118.7621620147981,82.25410411460086
37,Payton Tolle,BOS,35466,84.0,108.40680633067177,77.43716288729911,139.9932643689163,72.50251725570668,113.97901369216,81.41750094947524,86.313325510066,82.13591986790621,90.73657371619778,101.18990050772254,70.9580630887194,76.73816817670168,95.91107202206743,83.2251336464054,82.35991353224885,126.59654509143064
38,Logan Webb,SFG,17995,107.0,84.91303636951501,66.03619294195113,128.5856095548283,63.938589104158,88.65989381597842,68.95009391947526,94.14440634129177,84.96063732901425,93.09415406362245,93.63282545352003,93.97276598963492,86.46758164899843,88.70775874507237,104.69329471789418,120.19829763519117,75.45700841706358
39,MacKenzie Gore,TEX,22201,110.2,115.38771927236513,98.74637822726315,116.85261527454847,96.30605540375781,114.74301119916983,98.19464892922315,97.42050399051301,98.36518683686356,102.67559657359224,95.72155878197455,115.78283328996991,90.23206542090698,93.74633108092675,108.40325443733106,90.11207442404702,106.12383643081908
40,Max Fried,NYY,13743,61.2,84.86646560781233,80.16629990098916,105.86302506754177,12.3450232462842,93.07194379823113,87.91733189022753,81.86881075074892,77.07457152876177,87.15486685897945,92.97613214042806,77.26196237825258,63.43917905305877,93.4452201678895,86.5675081701061,118.95549944698641,86.93979577955308
41,Sonny Gray,BOS,12768,95.2,92.99826895177718,65.27386178247522,142.4739878965277,79.5759330885603,99.40668358518894,69.77181522418793,95.13729668572127,84.13923447405973,95.19993149211601,117.93932870452144,58.007768630834946,83.79862321305498,86.18389566432806,97.30224739305135,116.00194833314038,84.71144263327444
42,Trevor Rogers,BAL,22286,96.2,83.37398807458383,86.1314891163446,96.79850355968532,78.75273609804017,84.10608889650379,86.8878017863895,104.23993926984892,99.92259726044213,101.32884174607992,96.88246188711183,103.38587916043613,92.93373747673618,108.44314270603844,95.36213198240928,93.89030162666768,108.63352178774423
43,Michael Wacha,KCR,14078,119.1,84.2027049414328,74.13202334358982,113.58479864584297,89.31175972060666,88.0647877295945,77.5321985871674,100.51708429592574,91.22134527071232,96.95334301472269,103.335773699259,87.10044928638996,95.52417023458513,102.49176323307528,103.24284043300335,93.8182667141008,104.8204629667957
44,Gavin Williams,CLE,30122,119.1,127.18116892195579,80.67308422684776,157.65007245055216,127.58822817229523,133.5630370133488,84.72120516940038,93.69882181559454,88.00932607103934,99.60556212454794,103.93403351699848,96.23971595859186,92.99161314435818,73.41592822792346,89.85699058295504,111.6323461538727,92.92271659824473
45,Nick Martinez,TBR,12730,105.1,61.60875726639949,46.9328023639442,131.27015107248798,79.50038739506608,64.71544509950442,49.299438453497075,101.67245308093639,85.87882318720658,92.12766707015244,118.10685623152229,62.4703287673478,91.5218644948399,109.78806189692567,120.75803684424203,85.3248706310155,105.00066378058904
46,José Soriano,LAA,22100,111.0,108.44048383220463,124.23432440796564,87.28706027339864,82.30015497522798,110.24831089197242,126.30545124960308,91.75153578764208,98.76042767574312,96.42666120567941,107.4996147033245,81.98892797678859,93.46873842673251,89.59988229508622,91.39563732518374,128.57172280186296,74.57056741727664
47,Michael King,SDP,19853,113.1,90.5425667417583,103.90989382359032,87.13566011234568,73.78011844678196,94.5225968609548,108.47751884141765,86.93132748852578,88.30152814361371,86.34224595546517,107.80391667258145,82.14624968637774,97.54203499868701,106.3199212490874,81.34258451875259,104.41046855426053,104.50924320873145
48,Emerson Hancock,SEA,27470,99.1,99.04884778131148,65.48377530755619,151.25709023767968,91.96628024934289,107.67707975508958,71.18812347361643,86.62598831289384,77.17468978524919,86.12951548416794,109.6551728838402,80.70413627241282,90.91339041459958,89.85707533510043,92.61142658679816,99.89700211313524,103.7520557287791
49,Foster Griffin,WSN,16432,110.1,105.59879997487246,61.6692478161635,171.23413977823236,117.12416302541897,111.90484249030463,65.35194951985041,86.50933075314458,77.54715380514473,84.15651916973941,116.36808475339183,65.75027800732578,94.63761090920978,83.5588293380079,98.8557243801772,105.27182583918582,94.78209998919391
50,Keider Montero,DET,22630,86.1,65.46841704921835,54.24787271269614,120.68384859389336,79.36086460276623,70.7455948133137,58.62060063920078,88.32792361806514,76.36420765776215,79.72305650666337,101.08526679029191,79.17135283490569,92.8345209371799,117.90192741807783,65.84730665736849,88.31469066572798,128.9851590828783
51,Nathan Eovaldi,TEX,9132,111.1,112.81649757188575,60.76266892356761,185.66745935974828,129.91843140072137,115.78712651684431,62.362640689996915,101.57952318639569,90.20196128009331,102.67559657359224,105.44032382769875,97.53349202448857,95.22611924304807,76.31064775713618,91.35013304009888,120.70924831025009,82.75890639255887
52,Ryan Weathers,NYY,23796,97.2,117.88618493530834,71.92934721235768,163.89164623564076,124.71423048554718,120.15155588553779,73.31158247963246,103.14267675121893,94.9749156567548,107.05637188977005,99.18158262375873,99.78371851225168,90.48035054520821,78.20631185305487,99.21013453645763,107.84556135429845,92.24134867325363
53,Sean Burke,CHW,29878,80.2,115.4815177082043,87.08801007144295,132.6032410356918,94.37311213627642,115.91934213777387,87.41818539872263,102.5532088609517,97.88429544970975,109.56611833700273,106.82108995738888,92.67076757386394,87.34893451008723,91.3991320190596,106.92117857879866,93.67677589412823,103.15274034171667
54,Taj Bradley,MIN,22543,107.2,120.54716512994604,103.91443935772415,116.00618003438711,113.13086294201452,121.48337921704963,104.72147585867755,93.33405754575281,96.12191250291731,97.76782112594003,110.0406869410634,90.80050282412623,94.89917233289634,92.42867811126779,109.8474422201833,82.11716866343983,113.71479137593079
55,Kyle Bradish,BAL,24586,107.1,103.36840974928975,121.20599492208446,85.28325300635132,85.11165127966143,104.30617849652084,122.30558612475832,98.29076159439849,103.56268228826633,101.52777472695152,104.04129246953705,87.0390151200873,95.9966263622369,94.9120866261083,88.7264556502808,119.0003037803401,85.82816594911137
56,Jake Bennett,BOS,31959,53.2,74.113199442887,43.63415817195041,169.85134245654,42.555825639830715,83.6272047064492,49.235529400972126,82.52328525529705,67.13718713860025,80.80583682289485,108.26461824687344,53.61748732212958,71.86338438357537,90.97034806956823,82.66657552680331,117.80231407379532,90.06197142598835
57,Jack Flaherty,DET,17479,82.1,124.58534891016224,126.40755034158641,98.5584763516796,83.21645427923241,118.00820045031277,119.73420182049533,97.80537511738912,108.00707492462874,107.63826874749536,92.88790434089876,106.36647355718185,91.73584440336658,106.01005001531833,104.03141680139592,75.77112043991754,123.17501672254127
58,Eduardo Rodriguez,ARI,13164,114.0,74.07326192443652,89.52860221134814,82.73698494918868,80.01671514462643,78.12094837858781,94.42083616418986,92.09778881213325,89.12537589537712,86.1549977112244,121.55557763012091,53.73403519442345,100.39103537395992,107.03335027465445,107.07707455289817,94.94474085252233,102.00535238064856
59,Ben Brown,CHC,23590,42.1,103.5238971830116,68.00052404512897,152.23986072029734,17.95650662609526,114.21480494007221,75.02293410163287,74.10517444155093,68.57340386982715,83.20540839598223,114.800431854417,41.053605610627336,57.35617436233205,83.47895555321733,115.23532802501958,96.41855617854307,96.29577962918357
60,Bryce Miller,SEA,29837,58.1,120.21941191122025,44.603806511786765,269.5272618596952,104.40362646025572,134.22393329264682,49.79976322234836,80.63844358610955,67.02291164707484,83.9740323020824,118.87879647104684,54.971046829369385,78.42872558653815,75.34862522287659,78.95717771948756,90.35400870658506,120.39951128283275
61,Andre Pallante,STL,26108,100.0,76.96118177366863,75.8927076796562,101.40788029083703,76.01587965447972,77.76327101114138,76.68366113130011,103.61001241364991,96.25540630520422,99.17507388374803,100.92465927822774,95.93629434131756,96.63589571841764,96.9923995332712,82.5730850412571,130.39116281121383,75.34991421156167
62,Noah Cameron,KCR,30184,95.2,99.56285363500518,87.03181657756289,114.3982314796281,103.44871404637979,96.10833332162055,84.01208321367072,111.47510214976131,108.98034288136726,111.31358433918778,93.69679146639407,112.99386597793355,96.32805103174641,98.75637319883295,128.30541449984705,85.15789424732681,101.45065586959655
63,Joey Cantillo,CLE,23335,101.0,108.81393390354918,126.23024326159606,86.20274896115703,90.4486854016182,109.08897593273892,126.54930579677388,101.2145056762649,107.02066450859566,106.44869234684514,106.51454040573441,85.81809240096746,98.43924805669776,99.23930809794155,83.94703687598556,106.93929616151439,100.71249293658107
64,Peter Lambert,HOU,17969,92.0,103.53093884875135,101.8130358853219,101.6873168394921,91.02218275331798,107.26602892934054,105.48614787203479,81.90280942630986,84.9928221417501,81.94047311527983,115.48225941713875,72.56931684244537,97.6309493348246,104.74417498869879,78.14486125686095,94.30379570115936,116.69804959512014
65,Brandon Young,BAL,27819,84.1,83.15571966382264,95.64254949288102,86.94427799589836,81.2429405140922,82.45712686224246,94.8390538635991,104.55486355767324,103.6276127066823,101.16800231473695,101.49807960644384,82.43864500796175,96.78788457790883,110.04699972894677,90.1076193003091,100.49166867950588,104.36967064643451
66,Walbert Ureña,LAA,29357,79.2,99.8512551880291,140.43666857487395,71.1005619435831,47.77885538205828,100.15529518300099,140.86428612061525,80.7949702299175,95.26392018683399,85.47881172707599,110.58301195638087,69.07269964863951,91.51651628766061,104.53999841662568,70.53757369745267,131.71340891703144,81.59777300870388
67,Gage Jump,ATH,35418,52.1,112.0021144483928,84.5199521993109,132.51559845367345,58.18673474666265,113.20243673012138,85.42574727991193,107.87018591108743,101.07426772548278,118.67896763775924,100.17738166639938,87.55611609887335,72.69531903132392,90.10997950637943,113.26271064241298,94.15158125144589,99.53107676065773
68,Michael McGreevy,STL,29869,108.0,70.27062559283975,58.15533091851483,120.83265367668201,98.53910217684385,75.96488169815181,62.86784471547385,97.69678589872697,84.1739654974893,88.85105838511456,115.6305405665381,70.66014867802805,99.69983950715734,95.50968618134354,102.76321146560635,108.95189949298934,88.78001138690624
69,Framber Valdez,DET,17295,107.2,84.57744575330418,86.99813450563461,97.21754467381768,77.7774675837089,82.8717351210618,85.2436029265047,104.48636938632609,101.10601077417294,101.90415201972982,99.41957326812276,97.21010223143057,97.46267581955333,100.27244169968645,89.38995836095393,127.38333311840557,76.7943005492387
70,Will Warren,NYY,30182,98.1,102.18498090216377,87.3176224078023,117.02676226920923,108.38512216129688,99.97098280204847,85.42574727991193,107.1575966031017,104.46575602950222,107.17276914107721,95.61222835485863,96.90483668398787,95.82480053669464,93.76269520594106,105.4565050402457,103.52528328867447,93.6467592058138
71,J.T. Ginn,ATH,27889,102.1,98.19077766560088,119.50042539448071,82.16772668253928,89.27020114563521,99.97098280204847,121.66697423997664,86.49697088349166,93.64030030629651,85.85404795063647,107.99917072527101,77.34080288149534,100.84687251016904,101.2721309858833,88.93371662431227,115.29198592586623,89.57733858315876
72,Brandon Woodruff,MIL,16162,45.1,110.8203314162846,57.727720005297755,191.970751215007,83.84104545328348,123.40450164771568,64.28297412824749,71.19215576888828,64.03546068789832,72.27857201965607,99.53107754438223,71.12503558573584,75.10071629654078,92.64855108246086,90.18416960088868,63.796309474303825,144.6948759361987
73,Clay Holmes,NYM,13649,52.2,91.33051814245235,89.44142940511044,102.1121017101101,43.30018546533237,95.6216968935144,93.6438491623017,84.57960197032645,84.1291994508033,87.20566841501983,113.71370329019712,58.65501644256458,76.30570379484048,87.31617221075875,82.96943626098354,132.53168826158364,72.7996094724624
74,Kyle Leahy,STL,24763,89.1,89.74018268103168,96.67238744559316,92.82918334312203,76.58316123748702,88.31041615780826,95.13217476973279,110.12264176536506,107.74858759859227,110.15452852423557,109.94032054457048,90.3063816044286,96.55670029619127,99.8196014473121,122.01387651884939,103.54038145436219,85.07307295247361
75,Eury Pérez,MIA,27768,85.2,118.53618993148672,103.86496854258553,114.12529014419101,115.3548356697176,124.35995920241277,108.96792999005116,85.83871578606596,87.39141859411768,88.5072455555425,103.29362853921165,88.45151892201825,100.40183780692828,95.40299547211639,87.64377043529073,87.7766880505101,119.62377124808472
76,Freddy Peralta,NYM,18679,104.1,106.54902909558731,110.36507233086729,96.54235068174827,109.28800809407106,101.95999723914953,105.61168424925552,105.34926921675674,109.83045212662954,106.51967551364838,97.14129822184685,114.20460988580004,104.12256960082019,100.42230021819687,104.04743210529494,98.80136257156012,99.28749310038188
77,Emmet Sheehan,LAD,29839,82.1,120.73869870833755,82.64178873066467,146.09885317830077,138.49047199519862,121.39402092426302,83.09033591396897,98.73806825626826,94.64094519987827,100.84446963632625,99.83299175691333,114.58982357203276,99.49293610971561,92.35291359341477,101.85979875887863,80.29662228474433,120.71363808158344
78,Bryce Elder,ATL,27779,102.2,89.53817192376009,81.56851743115662,109.77050933836836,111.06216243808451,90.3215926778526,82.28220697363868,99.21756799711113,95.24344522424695,94.1821218882214,99.09436356411176,97.19687041339618,103.92387800937604,97.73292589543263,107.40380093306825,99.5672646180062,96.76323476155882
79,Connor Prielipp,MIN,31857,66.2,111.47210076575091,97.57082395300978,114.24737666888572,91.35317053908848,107.88747759591605,94.43322449475039,104.23993926984892,104.64116053361056,109.29691411504452,83.3433287165664,117.95182543131939,92.46242708415055,98.15483050908263,87.35687746596022,101.14498341759742,105.04819698537449
80,Seth Lugo,KCR,12447,110.2,84.17628628477554,84.63975203683918,99.45243077676889,103.18505847196778,84.05990347069991,84.52272707121425,115.55466708897801,108.06316207263976,111.26153216039931,97.70297632080478,101.43529475302653,103.67397121688569,106.7345955580748,101.43318853393306,97.08265925707977,102.32287112463005
81,Logan Henderson,MIL,31475,33.1,121.85520215077173,54.95678727153347,221.72913511861344,68.41429038413267,135.63008086633573,61.169267960393825,82.88800993091994,71.0456556797052,92.72501451723625,104.60569920189855,70.93536601872012,63.82397525164944,76.62165467539256,139.12557861554578,66.38128964447174,117.31644378555377
82,Andrew Abbott,CIN,29911,105.0,85.5124240764637,119.6338247507556,71.47847119707707,115.83372122044389,83.97412316767688,117.48170667070805,102.34338634502338,108.40555948553232,95.95445715568525,107.19467652646122,92.953158067528,109.06694343945264,113.07029098770846,89.97080021301016,97.80109929749534,107.44421848429717
83,Trey Yesavage,TOR,35456,75.0,96.29515205881673,135.298214806159,71.17252608455118,71.05246891115293,99.11713095988007,139.26319710833533,74.12617903633702,88.92582508079084,73.67731012820944,99.73467853083764,89.04366271840587,96.6205574811776,117.94197884167707,83.3659544842572,80.43678870614897,128.52441121021116
84,Carmen Mlodzinski,PIT,27572,44.0,94.74388252734389,89.21556870274962,106.1965857785145,51.82901074257791,91.37184395205777,86.04028796675182,120.39599207843119,116.32598227417652,124.7613942287875,99.84308708159529,99.91892288534672,78.30044967571266,95.84578712459606,120.24555929499859,101.18231872754357,88.55024957944461
85,Christian Scott,NYM,30107,59.2,128.98522678031304,114.03643751090115,113.10878957715775,89.18064503584435,130.0152719182974,114.94710499279843,87.74181231426209,93.46428549290748,97.57277584897324,117.76723178042054,70.26431124974167,89.53100365179536,90.70480300764953,134.96740456404385,74.56528445593382,110.41036655263898
86,Slade Cecconi,CLE,27500,99.0,81.40894397346095,81.47328296958989,99.92103590273184,99.96559355580933,80.18505918297313,80.24842993599891,115.05978106747882,108.4083538645314,109.7294061437643,101.0469769380294,109.43974016355762,103.29904371050421,103.17266187474647,96.4333687714966,110.2468755220852,91.11725845126476
87,Tyler Glasnow,LAD,14374,39.2,132.04124157778256,85.76689545829977,153.95363026120177,95.81833449332909,151.25744434305298,98.24870744712037,61.39852587475551,63.55398895769571,64.5967914185332,111.84763219480762,64.8671171626196,74.53452802231651,69.1509861595126,78.386821687109,107.3242491931376,102.79014621068639
88,Shane Drohan,MIL,27814,51.1,104.11415436684115,86.66655057565261,120.13188434080904,74.04144231316329,104.30575780679987,86.82604419489478,104.13066574236171,99.70798264532455,109.00708551877479,101.11093589612194,92.12385508726382,84.50385518256644,93.66301422501195,107.28806375507394,97.92981880640959,98.62016040023346
89,Matthew Boyd,CHC,15440,52.0,104.83494588981581,70.45742278349906,148.791919599722,87.7106326869425,107.37244313695035,72.16282299553527,102.04805242751449,92.55327773774613,105.62940117875641,99.25045862038795,100.26554154345997,88.23334445727711,89.06742222484445,112.12085970001905,99.14291329867126,94.86435574793964
90,Mitch Keller,PIT,17594,103.1,79.65068487422197,88.63998053370345,89.85864950489689,95.63288017897116,79.40893868299419,88.37095144509696,105.41866599693057,101.2825696659483,99.82385194773975,88.06233435931775,119.53433757136179,105.81307396250205,108.22964697585635,132.05539151614065,89.66762390895245,95.27899190365797
91,Jared Jones,PIT,27863,40.0,128.26863567781515,78.50969722528092,163.37936273617615,95.01984911500968,134.53523008137915,82.34530625434178,87.82835489368999,84.03249716733725,96.10420600838918,93.56623026543,94.2092662693723,76.41376020471957,73.13469371381952,81.3425845187526,109.0509337970428,99.41123137659804
92,Shota Imanaga,CHC,33829,108.0,103.9213486253793,65.4247478610505,158.8410470683092,154.8471619309614,109.52104565145393,68.95009391947526,95.48373693022639,85.58865474902045,89.3780516139705,108.46454421205503,100.57500022215753,111.29336238072598,92.31057021511356,91.61208552579669,88.35445876216784,116.99937236645741
93,Janson Junk,MIA,23301,65.0,78.93454546679693,68.44435180374656,115.3266089590077,105.25275652187717,79.45377713111755,68.89457822984457,109.23226114927434,99.89877340591484,102.39073505445113,94.33107691736856,106.86001995323677,100.35943602299473,103.15347050071793,87.28220363315774,101.92942778059415,104.2568664625858
94,Carlos Rodón,NYY,16137,46.1,117.46984179995064,146.00526435716745,80.45589906259558,49.291279950518465,119.74617113082115,148.83455055236766,79.89648039844707,95.96311834344364,90.26754067537158,98.6235354379018,79.4600628139714,80.60447586021085,96.83827000567723,108.04666443680146,98.36952481158588,97.7236487714361
95,Griffin Jax,TBR,20253,66.0,106.25452821166176,74.9028551197933,141.85645359131053,115.34491286350317,111.6863327365755,78.73193923822595,99.59767476795281,90.59840783350542,100.48443473152923,100.78451731202253,83.61945472124985,93.55736389393583,82.6712651726947,118.21397706989441,102.71854395041858,88.1908514489658
96,Michael Lorenzen,COL,14843,96.0,81.28134241606087,103.58918651448428,78.46508865885863,110.85649349745488,72.6595271724287,92.6010953231339,133.17737806646608,136.87111634563593,126.8446086036652,88.54093406353535,130.8938174430143,107.39120974611178,111.74277005424884,106.13780193725948,108.64387549638872,87.4264313480754
97,Walker Buehler,SDP,19374,89.0,97.28239407785878,102.91533539881985,94.5266312856891,102.49332234313202,95.37524921286614,100.89776094994025,110.43817942085322,109.8688441470925,110.36967408775946,94.96322603640354,132.00244705503306,103.5019219619971,97.12271675271197,102.55084237799375,112.1503492050306,85.37267610527705
98,Gerrit Cole,NYY,13125,55.0,104.66864184828033,56.76848081813354,184.37810200503887,124.57250841261744,106.83040487666283,57.94094228033876,99.91662381626071,89.20458797908867,97.97802025976776,108.42990772768589,94.50223581650864,92.079897616255,94.41304900394634,89.81379014989292,83.80121222689021,121.84917465050198
99,Nick Pivetta,SDP,15454,16.0,160.33579077456574,98.13711919182984,163.37936273617615,0.0,166.13062507664918,101.68397689134736,82.88800993091994,85.94232459938836,116.27422455335976,76.93223377379799,110.83223853159025,29.109641233247086,76.53743623928176,43.2132478797426,78.88790960062614,151.6658529809638
100,Kyle Freeland,COL,16256,88.0,95.95854560810527,53.52934006143249,179.26346741033123,155.4870288576429,89.78079151563122,50.08315284731394,131.22112390119253,119.79839705893474,126.1699032387521,81.1119136639195,153.44946751130053,106.4984308482324,98.38198270791929,106.14797813861688,93.71248322479295,103.8249463795857
101,Rhett Lowder,CIN,33876,65.0,95.37924523783829,120.78415378617491,78.96669197553686,93.55800854257409,87.45159940444472,110.74492532720998,119.72712545577322,126.93020993448624,119.69405468728212,90.1910957678096,140.77041207613837,99.75696897673238,111.67947682607617,106.18112339128518,98.04640196263499,99.04708747001817
102,Troy Melton,DET,31807,55.0,95.15331077116393,70.9606010226669,134.09316509091667,96.88972876536913,105.36446457609291,78.57556928532006,70.5624204288208,66.9034409843165,65.68192864734684,130.99480166278514,42.71954237564823,91.98796686875662,89.29058184406139,92.02595204412066,107.60180721416252,96.03875813568412
103,Bailey Ober,MIN,21224,77.0,78.84131385778063,70.96060031956766,111.10576533575909,128.52718994588062,80.72034005686106,72.65180380293575,99.34276091488957,91.59399567813014,89.07457758274552,100.55183534093312,102.12279413696943,111.61337332607145,113.08568296070163,90.95067312125494,84.34767194785174,120.72075583944333
104,Kris Bubic,KCR,21455,50.1,106.05498047677808,134.40219669790784,78.90867021280754,60.49878938789565,110.0676899676895,139.487452938627,83.39195141587913,94.42911076502781,89.24658366359496,96.57053049262313,94.99140452566466,88.82020313143788,99.59720726614182,92.21951667176506,106.65608828876938,96.92547983562658
105,Trevor McDonald,SFG,26448,66.1,87.01641323369992,82.84943122784502,105.02959031289403,68.75808342746139,84.77799940184971,80.71820875995222,103.61001241364991,99.04241567505096,102.9026887297234,88.52476218481694,121.92643491359729,99.21336483973195,94.63998353516993,102.17910819000593,132.90475407750847,62.75828393833013
106,Bubba Chandler,PIT,29868,89.0,93.67934144152994,155.84322050542676,60.11127496049325,85.41110103739231,88.86538406757519,147.8348107073031,97.8706822799492,115.0189449840086,97.12317580339463,95.2728784007443,112.90998298334696,112.89076257340147,123.23098380890245,95.73396459740626,91.93475617112735,110.9994043127942
107,Connelly Early,BOS,33666,91.2,106.19109518887977,96.50641772550226,110.03527369193176,124.5725088446233,106.53157871177416,96.81584787969693,97.33066375628545,96.17369674847636,96.27148473125764,119.74276988151458,78.47650484086616,109.34566106644644,98.62538306787293,90.68977073275106,103.7801065023847,100.66713212850935
108,Luis Castillo,SEA,15689,76.1,95.98434472164479,81.80610829905767,117.33151943946658,119.6766464702553,91.97697948024303,78.39068635327368,109.58557718112323,106.45389291912454,106.10157704571412,92.18755469513297,123.0247231380142,109.71392323855505,105.82495874190427,105.66328204625366,88.09050249356912,109.57516081575424
109,Jake Irvin,WSN,21504,51.2,119.99323844334559,111.43311735679906,107.68185269762706,102.98925462685473,116.21857303100893,107.92773085914433,99.46561191710391,103.50043519976715,105.93873792639445,87.85614612527186,123.88999262285971,99.75558120989406,100.00049590018392,95.62080413896685,93.994105015782,108.79374254488596
110,Yusei Kikuchi,LAA,20633,31.0,111.42145701513802,117.50465069573886,94.82302388945509,73.67191328890097,103.82109794872602,109.48933904838978,114.9101692738492,121.17256232981954,122.59146107636671,90.77208166576244,136.54570218791605,86.57832963462423,102.63999274887266,114.6559021552181,90.77113883949237,102.35465344046834
111,Tyler Mahle,SFG,16358,78.0,100.0385739817289,107.36368989153154,93.17729281047546,116.94750810445204,98.96356954725064,106.20997030310816,111.4232264645153,111.65157109627,110.98903252820705,95.45295674242162,128.91136205243447,109.24698771305623,98.9898281921521,97.79840336918535,100.6858846062818,100.35033879883326
112,Aaron Nola,PHI,16149,103.0,112.0793918768707,88.92684269061263,126.03550836730386,169.7441987169103,109.16105246462256,86.61135250793059,113.5725136072701,110.51052288732322,111.37846773006042,97.56940343899007,132.47383213917504,114.85646788591006,93.17124370900834,95.52402184724534,94.19839196336945,108.61783814851067
113,Anthony Kay,CHW,20387,86.1,90.92835701280326,105.48197471913139,86.20274896115703,105.81448613702165,86.13341831484745,99.91957700062267,102.69335263379776,104.77879655367363,99.00792875180066,105.51678518600427,101.43181034048557,115.29131771683022,114.13263360971804,106.25292138268583,106.65608828876938,90.00223127593895
114,Andrew Alvarez,WSN,29914,26.2,112.23506023192691,147.2056875618875,76.24370258298565,28.50595575395535,106.60048445844765,139.8154696237573,111.58001336854606,123.18400593479555,125.57616251762855,104.02104845947706,96.01474882413426,77.29315870215275,83.76992269316807,124.45415439147529,138.8427208781689,45.06642482485813
115,Tanner Bibee,CLE,30134,113.0,80.58559075720424,78.28691602968291,102.93622378410932,134.7391917121361,85.0477981222014,82.62183921430756,95.07870945278381,88.1931413274859,84.3792341564642,107.93149622731646,93.96321637495036,116.19443502896507,103.07499517040095,101.71960779005103,98.09980826359968,101.1251680499876
116,Luis Severino,ATH,15890,62.2,108.56587750151073,128.71045065595595,84.34892641453165,109.33225370536745,107.15293892277413,127.0353368731415,106.86783689850057,112.54368624570814,110.53787991870566,103.84891140496934,96.3837015857638,104.83756564572597,99.50199341332457,93.04018325076731,108.34904196278174,94.76232593561474
117,Chad Patrick,MIL,30113,28.1,82.99735424341968,138.54652742979576,59.90576630936803,26.82913443217017,83.7575234704332,139.8154696237573,98.6762022987142,107.84919649427597,102.09444107124273,111.21291832434694,68.2800338750259,84.67138238765493,123.9838295706127,102.43140268890629,75.96613517097333,125.18451351793863
118,Kumar Rocker,TEX,31843,77.1,86.62232484500441,104.29984958733338,83.05125064396228,118.1291035643532,83.35772926305839,100.36902706305113,109.30013049654062,111.02510751949343,103.23924142952072,101.60557247984718,117.94826437371462,113.09186464522125,109.43918867137424,98.85826976773325,104.90762761720205,95.46624703511388
119,Brandon Pfaadt,ARI,27782,37.2,68.1072414330955,48.63432660751338,140.03945375052538,80.72482904852862,70.28603342270202,50.19016760776396,101.49552236439175,87.20991418801599,93.80105510187006,98.41077623028976,89.72616588715948,95.84858626797566,100.48413976684682,75.88667929198488,121.21800733120732,88.78001138690624
120,Mick Abel,MIN,27756,17.0,116.9825956559366,91.83136284470766,127.38850682229103,0.0,116.27618175784855,91.27682604328149,91.20994686111781,90.18845898355931,108.4593898689522,114.47806583047901,50.00607283791971,58.48804070387149,95.09557546207093,83.54771142121604,107.71910575167243,100.09959374023032
121,Jack Leiter,TEX,30146,80.0,108.59371732981415,113.8326322875484,95.39770887126565,133.223378784906,104.45031641009734,109.48933904838978,105.5594321719989,110.19902857523572,105.06340114507111,96.19648964407051,127.59006777676575,112.6537924011966,102.32532297235211,117.24460246260018,89.31790636465922,102.5868553043165
122,David Peterson,2 Tms,20302,51.2,93.09820567737972,141.82397278065113,65.64349394045317,73.56375602060717,83.23346103259257,126.7962146835002,129.2748778739118,141.94345922829723,130.80850262252974,76.93223374425601,191.32437712856435,102.55787638584653,103.41501044649532,135.0094374941329,112.03016747037651,69.23039775459068
123,Patrick Corbin,TOR,9323,69.0,78.88071722125326,90.50047853147896,87.16055729099322,99.29692904171712,74.69696836321287,85.70042916059634,123.15893180636954,118.87885214552973,117.26291177389963,102.13968753798908,121.7637749430936,107.87158737556062,111.5057186722748,139.5602751327618,91.95412112021988,88.83968051716512
124,Martín Pérez,ATL,6902,72.0,75.71412542706206,116.31066286408975,65.0964648401952,84.46208832597895,77.4080401248168,118.91282426206413,93.13259542799992,97.61350706913076,87.20566841501983,105.3637115480701,88.46523599509544,109.38985893064903,106.44665960239776,110.59314658149941,112.16290468918355,81.3265778102397
125,Randy Vásquez,SDP,24719,80.2,78.18026408209437,84.34926212989423,92.68636923513574,113.0814741959357,77.0134110699577,83.09033591396897,117.4892352603382,110.80167818330118,110.22796487658506,106.00546162525228,109.91627308337304,110.70708970440518,117.2092624354183,101.71733764402362,82.83230516348976,117.99936678206933
126,Ryan Feltner,COL,21446,63.1,79.32402559133779,99.17014498349195,79.98781299263797,132.0275813140159,80.4209110937533,100.54146079976987,99.32860694201149,98.90906476853769,89.10144381534636,98.32758874420978,94.76177564970884,113.46076149861777,109.07962872732762,88.20848530931387,104.9127870824811,100.5149246759258
127,Joe Boyle,TBR,29608,15.2,106.89563485901665,99.6468020242826,107.27453205664213,48.592113497425956,108.3018982216964,100.9577015327204,76.44262213122254,83.18446501274622,81.07429475253902,53.29950428241232,121.93933895845682,71.14304035750341,97.01584940204651,81.6489000896098,99.73036824785582,109.33337964453212
128,Gabriel Hughes,COL,31614,11.1,122.60972579613106,92.36435006541363,132.7457322231431,0.0,131.98155196909747,99.42433296042852,90.97464504613163,87.62747067686855,112.12157367645408,85.21724359677883,82.74235866663996,41.78323204970443,79.2269667306266,148.1597072384999,76.07048423238982,102.14230898595606
129,Stephen Kolek,KCR,21487,54.0,65.902478243092,57.81974901856444,113.97919032526775,112.78169493158879,67.80955903385075,59.49293122069115,109.20374590174649,95.11542445429589,97.53044624695319,93.50466677244238,103.93987121485296,108.60469337252543,101.07122442813983,111.44241709226405,111.44472895262234,82.46860633585116
130,Spencer Arrighetti,HOU,29921,87.0,104.66863936582354,143.55247682508679,72.91315852547726,105.00364444743624,103.09507602857329,141.39434101466887,86.81181062220857,100.45128472764033,86.3552809244934,104.06093697192273,103.9702760967119,118.76911282804761,115.92836306764868,110.29763666602877,88.7464191526442,106.607616772514
131,Zach Thornton,NYM,33891,17.1,92.50141945102307,75.49009307050302,122.5345220521321,43.855314734867804,102.28191486488765,83.4719214121899,73.52968622904189,70.51678045174253,75.83101601306072,104.33275542221439,63.650359343322386,70.85582865917152,92.5259684638358,101.45719060654015,92.60754595001168,107.39072819124146
132,Hunter Greene,CIN,22182,10.1,196.54065280223452,126.62854478824465,155.21039459936733,73.56375466275168,192.89611490837547,124.28041731905941,103.61001241364991,110.89332547521454,156.9702031470357,71.27545190106666,157.42067147428102,47.88528252640889,45.18028786128973,246.93284591605882,45.07880541845387,86.66620166626521
133,Matthew Liberatore,STL,22294,93.2,100.42384423420508,100.58181986616468,99.8429438761766,137.96476498906915,97.58158091523781,97.7350846934818,114.75087396350474,113.36639207865029,112.35486866953866,99.90863925323167,121.04547110791643,117.17439532435952,103.6258194411815,121.7967698764263,84.22196760073898,106.40512313843897
134,Colin Rea,CHC,12317,83.2,77.93214149403731,103.21992368437347,75.50106912342936,109.02676234397444,75.72938127812745,100.30240207275965,110.8532655611087,110.48097561414131,103.55673124283604,103.04172150959923,111.65027414424588,117.72403541580282,116.0225455300986,93.57455174905715,103.20673884575689,99.6987131344257
135,Nick Lodolo,CIN,26378,62.2,85.28499855388019,112.75329045571587,75.63859382454706,109.17174336393221,81.8744118994352,108.244233934041,110.85844949608632,112.1516905533658,106.16342241828502,108.08804795309865,103.83065667267917,114.51681186831374,115.00135975698265,114.62882611298258,100.89348437274832,91.6837184502077
136,Roki Sasaki,LAD,35323,86.2,104.83494319808968,102.66652770561984,102.1121017101101,166.65019782630554,103.83164073001313,101.68397689134736,101.44502707963335,102.24933278017166,95.1334564527489,104.15190132666379,118.75672377135382,122.43167003534131,101.45613424494064,89.91143506280646,98.29179053670826,106.93491007644036
137,Reynaldo López,ATL,16400,39.2,94.31517255555896,98.96180245188437,95.30462824915449,114.98200139199493,96.32573888040756,101.07142294845053,93.93974458837592,94.3680442099118,89.6058244264424,103.19275588660047,85.64029478996991,108.60265096606275,106.7526501864231,85.67496119862808,92.60754595001168,115.30372906259691
138,Drew Anderson,DET,15130,7.1,171.27598314686045,141.9212217321162,120.68384859389336,0.0,178.6981323785208,148.07129669185798,64.14765493529164,83.62931283114186,99.60556212454794,121.25637243649825,29.12696475105313,34.903170347570786,64.88793158791484,36.65868963714701,121.89267233002215,108.51132421940162
139,Garrett Crochet,BOS,27463,30.0,129.0913245731485,95.40258554365725,135.31219385240206,126.8794063498832,119.77954524076951,88.52088308311265,111.86725189935007,112.43494910704806,120.51043318772467,84.4992141637229,143.87359129353092,102.09932314832437,89.9279120611749,132.83384068263274,88.90994914291544,95.31975153867879
140,Tomoyuki Sugano,COL,35321,90.2,60.12592385938142,66.38687730780421,90.56899454606466,150.91388022852757,60.99429355345134,67.34567113868741,109.12427077740159,98.58090554839713,92.05042777140982,101.86549501588553,99.29083144435528,120.76038211288443,117.79886327430071,108.81237512670685,86.9060249110953,109.96662303306472
141,Brady Singer,CIN,25377,96.2,90.67265647864224,83.92415930987697,108.04119147365041,165.1379450761405,87.52910282992174,81.01457057755677,111.866851449185,107.47730071735025,102.45141464142189,108.75237244029702,103.06982711381096,122.23727723259657,104.12747708365286,103.71179532622943,101.64901131797706,96.32735203981596
142,Lake Bachar,MIA,19222,9.0,130.64399151170016,116.31067210763173,112.3233118811211,0.0,139.595872450722,124.28041731905941,53.47613543930317,67.905053792526,69.76453473201587,107.70512728331718,46.773749691281616,54.75207324013904,83.0295193847158,109.1703104603265,99.64788577394928,95.7889596679777
143,Patrick Sandoval,BOS,19447,9.1,112.14497333942388,55.75475791185396,201.13974765648894,81.56533283870291,106.36793589704854,52.88260540611049,145.93591497778849,131.41747328066748,156.2776922988597,94.916925468603,110.10734052567702,71.08980406921161,81.32863635817371,141.5783879181,84.06391190130107,96.03875813568415
144,Jack Kochanowicz,LAA,27688,64.0,76.86603466366165,146.3562411445391,52.519822976845475,83.26461153119146,70.9359136852408,135.0650337919304,106.2838596476891,120.97936802294973,100.59666224519022,84.9911015169404,145.506515990086,116.99361264316934,119.56990338022484,69.75828356173999,138.4606083630453,74.9746527019056
145,Robbie Ray,SFG,11486,100.1,87.3590382729219,130.4147804666585,66.98553872183221,113.64500315496606,89.19632374918514,133.15759006460107,90.72876762708803,99.74259029215658,84.33075626946972,107.00574334621349,87.1450485903698,120.15804990821847,118.72970466984532,100.78001273590115,77.77288619104074,124.0276031840893
146,Brandon Sproat,MIL,33850,74.2,114.52557020246232,115.66161017848952,99.01779558778074,142.5297769493259,114.21480494007221,115.34776243959976,96.90145045880926,100.2660500616349,96.68454541665243,101.40266975846627,120.91256022321923,119.7588710842169,98.39373484324231,100.02660462146149,102.11379166547991,97.66445050706083
147,Hunter Brown,HOU,25880,35.1,115.53048219127129,162.00439122601924,71.31318323077122,107.72779829654276,113.87626047906103,159.68473137811048,87.2706468305712,106.31177693908474,90.23092098341404,110.2330657883717,85.33409666777261,114.1708603865157,101.9666058974271,74.13201703847977,124.60139835471313,87.2109531726775
148,Jose Quintana,COL,11423,41.0,52.141724215598686,108.50934261326842,48.05275373632361,111.24275529382814,50.48168148148772,105.05471646298608,114.41596462857046,115.52139830862052,99.29988520250431,91.30418957786863,109.78498778799427,119.8807798747574,140.5764670547057,92.59981695924257,81.14184975321697,124.42790379670947
149,Grant Taylor,CHW,33927,5.0,104.6686382184696,0.0,,0.0,139.60791592071936,0.0,26.05998481746223,15.332038027205087,31.692678857810712,138.578711355998,0.0,25.55244318193527,77.53273634962567,46.6565138970156,66.48691200271365,161.1228754788415
150,Chris Paddack,2 Tms,20099,41.0,80.81967065428408,82.97773065652592,97.3992354522005,129.7832114906631,73.38153226258767,75.34097774885691,135.0422633705999,132.29063046984217,127.0711168333146,83.26210117140604,178.11082251950904,113.89054728372523,113.85655320572177,117.20853565050781,90.77512893494327,101.50630462720139
151,José Suarez,2 Tms,19911,5.0,170.13612035793008,157.01942065600548,81.68968136808807,0.0,165.21118080514464,152.52596625217683,109.06317096173674,122.2291071880377,158.5557607545815,69.2390104656572,169.85328100795098,40.89830289648489,62.03739114701679,141.42517530343312,107.57442218267201,69.67134412404711
152,David Sandlin,CHW,31743,16.0,91.5850584411609,113.83262685958553,80.45589906259558,95.15955173737161,97.72554114450355,121.46473587120161,87.78100149039908,91.03397578653019,85.02913839900434,76.98817289856626,133.49003003484063,99.34233191473332,102.37247578532602,107.4184862596268,96.38025248899268,100.09959374023032
153,Edward Cabrera,CHC,21690,72.1,96.05370376374677,104.92079563643873,91.54878082946256,147.1275112652969,96.10307209272545,104.9747207624099,106.95227087860637,106.66881924443194,101.15857536142299,94.11127629386513,123.13717292853386,121.5273519706251,96.74661705998288,116.05843720718518,101.4273123098531,90.38046738139124
154,Mason Montgomery,PIT,29770,5.0,171.02484349287016,157.01939070692774,108.91957513022088,0.0,174.04160709262507,159.78910718270228,69.07334160909994,91.67181290601422,104.6468020980238,138.4780209313144,0.0,40.243232397073946,76.4049505749655,51.85589766311472,94.66549161541687,129.9993026293971
155,Sean Manaea,NYM,15873,36.2,104.94706760177588,64.23520807371898,163.37936273617615,145.12122693380002,102.15485637670247,62.52617261899736,104.3148424300693,95.83871764714779,100.62192509425363,90.7501592339135,108.32134151872899,113.13701432161454,93.45040408390072,104.6632794872088,102.04766284964823,95.41233218836494
156,Coleman Crow,MIL,27926,16.2,64.1343187563564,78.50969834837119,81.68968136808807,91.2190564553084,60.1130550633004,73.58708851035601,118.41144275845703,114.58977050377067,108.25531251519702,77.59544268205975,141.87073609639458,106.97519533094176,126.98282451918914,103.71179532622943,86.77670048968965,112.66606219214464
157,Zebby Matthews,MIN,31827,67.0,84.35979916789749,69.90148614542302,120.68384859389336,159.0726857655098,87.72453755063918,72.68954532566565,104.64872334541695,93.82292060642678,93.2137613465021,107.59216712869912,107.84891981988274,121.50730680384518,102.187544430185,98.0021252019568,95.55405444831135,105.60314813236819
158,Tim Mayza,PHI,15042,4.1,123.33523272056163,60.39207777915478,204.2242034202202,0.0,114.21480494007221,55.92618784950293,109.06317096173674,105.77517649732945,124.5795263071712,115.39835072993598,48.44309540579081,34.36419857385412,68.5229946824375,222.23956111702933,67.61820812768082,74.28531560251363
159,Griffin Canning,SDP,19867,50.1,108.30630259533176,135.18226543774276,80.11872593516993,135.92243851498233,105.42905036248264,131.59102931298733,115.3596014502494,121.41962741159371,117.14194264704156,87.05489609423483,167.34935086867785,119.22994245888417,102.26531773687806,87.64377043529073,106.66534258192615,98.87270900545717
160,Carson Palmquist,WSN,31612,7.1,145.7598161135776,35.68622670762166,408.4484068404404,103.6580192384286,142.76850617509027,34.95386740593933,124.33201489637989,104.17251918168236,146.87270469898075,72.12396918890023,174.57226775152083,69.67110114066791,57.77487314616205,115.23532802501958,105.18387946750154,86.66620166626521
161,Tatsuya Imai,HOU,37124,52.0,126.81009043929605,165.11986674279493,76.79881273791142,131.75938922102202,120.79380188750484,157.28603411351133,95.73055647231024,114.99029383738606,101.21210344913744,93.85013587802378,144.95856731378493,121.14814192326527,100.81590223033359,97.94306416677591,107.93549596201166,92.77304049021076
162,Ian Seymour,TBR,27932,28.2,138.7468025760937,63.5344908190992,218.38029743262916,212.4492364975594,141.46935450183207,64.78119209446261,97.66624940598457,88.2483603696152,96.54077559763878,98.98479378611891,125.8779457813579,117.53723225447648,80.4512119446484,99.79309993844919,71.10405869665603,130.11311556335428
163,Sean Newcomb,CHW,16943,3.0,139.55818429129278,0.0,,0.0,198.55348022202517,0.0,0.0,0.0,0.0,,0.0,10.11926383912783,22.60983964861654,102.64433159987765,146.27120679602658,50.63861803657226
164,Robert Gasser,MIL,29812,46.1,99.20056596293436,79.07451710334024,125.45201065491605,164.06305279952105,97.73605187032707,77.9071270242185,102.47144084866476,97.27764786356447,94.64181068296725,99.70417507054637,125.26193304274996,124.4209303987114,111.67741000559248,127.76090697780556,61.73836404556236,128.1152547162177
165,Braydon Fisher,TOR,24609,6.2,125.60237784053969,195.14166465516314,64.36471925007646,0.0,127.64152280841105,198.30977221635013,54.38605527122552,91.99223693629386,69.72389348718356,138.578711355998,0.0,69.31946430198921,108.75893325185059,102.64433159987765,81.26178147208631,118.1567752498732
166,Noah Schultz,CHW,32056,53.0,92.81936176050857,142.36749531983511,65.19702164723643,114.90965151631227,90.89623595962962,139.4177791003292,91.47586507354089,104.14214883828707,86.53674723586612,91.27939061229448,132.98629885831735,122.08261389793516,125.80177048055529,92.02595204412066,85.74518996380162,118.73882843843316
167,Jacob Latz,TEX,21306,4.0,78.50147866385218,65.04721534833459,120.68384859389336,0.0,95.73114221799462,79.32390866443309,0.0,19.165047534006355,0.0,138.578711355998,0.0,55.63305342276045,110.95087006266075,0.0,97.51413786401771,151.91585410971675
168,Aaron Ashby,MIL,23550,2.1,183.24092870695617,0.0,,0.0,182.74368790411555,0.0,124.33201489637989,98.21981292354569,174.41133683003966,46.15934026427879,184.24772728936526,-7.82524892011691,38.86791482059268,0.0,118.3318645192711,129.9993026293971
169,Mason Fluharty,TOR,31553,3.2,114.18398876457363,141.9212217321162,80.45589906259558,0.0,105.1165481688829,130.65114355194456,111.1892685545055,125.44396924671284,126.77071543124285,115.48225941713875,58.75315708669454,60.0389402555054,120.81270834915688,93.31302830725285,66.48691200271365,138.10532180283656
170,PJ Poulin,WSN,23394,15.0,78.38639687972415,69.7864050208522,112.3233118811211,101.35451659683719,86.64571390342338,77.13956917760176,86.0158593622754,76.3931874391339,78.48510157351785,136.37986898152525,42.673224751842284,102.69110485929542,103.29460853324592,86.4264957594852,101.4273123098531,105.23753050189397
171,Kendry Rojas,MIN,29423,6.0,122.11341125488117,173.45924092889226,70.39891167977113,0.0,125.08869266496457,177.6855564744435,62.543963561909344,89.43688849202967,80.45064633136565,121.25637243649825,35.42096826019313,77.86062970403871,108.36481712327024,118.43576683584216,93.76359394999528,97.38195760682781
172,Lance McCullers Jr.,HOU,14120,39.1,114.42588785324321,145.5293678568713,78.62735588013953,135.48140007371998,111.6863327365755,142.04513879702057,107.05723492579078,116.9392768692586,110.27758663789238,79.64293746693973,164.26296998207846,121.05459177118394,99.85412827084672,112.41998220399829,104.47943328642735,89.22042215845852
173,Jakob Junis,TEX,13619,2.2,78.50149738006765,0.0,,0.0,89.3490661892604,0.0,83.39195141587915,57.49515630993254,87.15486685897945,69.289355677999,81.44048432722064,37.90639094782961,106.82610266518098,64.15270724992352,60.946336165011076,158.24568136428826
174,Chase Dollander,COL,33482,13.2,93.85510140497504,153.1896565966632,61.26726102606605,111.24275270628267,92.92051904097778,151.66423785677952,105.64158128450578,117.38464393802897,103.70403811515871,121.73891948331752,68.6156157714731,112.21594726999511,113.01808657747638,79.77830365831889,109.22941327496977,99.99946340107556
175,Cody Bolton,HOU,23265,7.2,122.87188983731347,237.56376271204448,51.72164936864863,0.0,105.8081045802438,204.57218637974967,111.1892685545055,149.9873409651867,132.80741616606392,103.93403351699848,112.36539964447357,92.95150933313654,125.94599812097928,135.05833067430726,89.81565314183611,93.28166464430062
176,Tyler Phillips,MIA,20629,40.1,68.90463952998148,103.81447646756214,66.37286611157155,113.0814741959357,69.06011429618839,104.04872067004425,106.95227087860637,106.06656373102335,96.42252767839591,99.72696979909385,114.80828615075214,118.19143743162614,108.58808180629714,102.88868562550483,114.57529736162265,82.53923964501469
177,Tyler Alexander,TEX,17735,3.0,139.55818429129278,0.0,,0.0,162.4528473325446,0.0,41.695975707939574,25.553396712008475,58.10324457265297,138.578711355998,0.0,33.96714295118084,46.41540777267167,0.0,203.15445380210843,42.19884819501482
178,Spencer Miles,TOR,31621,14.0,67.28698171187331,55.75475601285822,120.68384859389336,108.75377341413899,62.82356216432372,52.05631537337212,136.70811707521167,125.94174093775605,125.50300827693042,61.74299014500285,215.42820529696206,101.3365041510756,95.19559885755015,80.50535806723525,138.62303888141207,69.50398530705849
179,Wandy Peralta,SDP,14295,4.0,80.16789538728287,65.42474612788655,122.5345220521321,0.0,97.89840410381639,79.89455359135114,63.76000763916918,57.294883066258905,69.76453473201587,138.4780209313144,0.0,55.91495650247108,82.67655379774513,103.71179532622943,118.3318645192711,77.99958157763827
180,Steven Matz,TBR,13361,46.0,84.18999335593934,96.15675511715175,87.55494897041802,148.94538841600325,84.76706246274411,96.81584787969693,103.65101305928481,101.65808033144023,93.1426058034895,95.37806040424735,129.2046432238188,121.98586271672701,109.69981964039697,131.9712834122396,80.10089882042293,104.89428014627306
181,Blake Snell,LAD,13543,3.0,178.15087863840634,174.46598967436415,102.1121017101101,0.0,126.90533846696749,124.28041731905941,155.41501862047485,203.71513979114275,190.2669129054978,51.9292578492429,285.8958080973157,40.46603214586584,53.76137550094165,141.42517506772452,150.6041911202855,23.6362366053462
182,Cionel Pérez,NYM,19614,2.0,160.33579077456574,0.0,,0.0,171.32220741010832,0.0,103.61001241364991,76.39317742167854,139.52906946403175,138.4780209313144,0.0,2.2984845349316796,38.611814253586715,103.71179532622943,94.66549161541687,103.99944210351771
183,Bradgley Rodriguez,SDP,29107,3.0,71.26035145536255,0.0,,0.0,91.37184395205777,0.0,41.44400496545996,25.464392473892843,43.602834207509915,138.4780209313144,0.0,42.01590414065123,77.97966458835626,64.8198720788934,118.3318645192711,97.49947697204784
184,Cole Sulser,TBR,15256,4.0,52.3343191092348,65.04721534833459,80.45589906259558,0.0,55.84316636828775,69.4084204978295,138.9865856931319,114.99028520403813,134.08441055227613,115.48225941713875,53.06619165246887,66.78616676187808,132.00658801960373,78.95717771948756,75.01087511123914,136.33474075083615
185,Grant Holmes,ATL,16944,83.1,92.35341900915323,122.47512942345907,75.40585971810518,136.8285846829626,90.61670454573051,120.171973299878,96.83178730247656,104.50587069943882,89.44171119489212,115.39835072993598,89.17295892245797,125.7593694268985,110.7655012069138,96.96631222698552,98.12886317907133,103.57667995139059
186,Bryan Hudson,CHW,19924,7.0,74.76332319888701,37.16984240589463,201.13974765648894,108.7537882306668,93.07194379823113,46.27227959152984,54.38605527122552,43.80582890294223,41.01405499246092,138.578711355998,30.512011022038035,91.69464306874386,97.15410929155124,30.189509082755094,100.38220052726645,134.04340050631967
187,Ryan Gusto,MIA,26440,21.1,90.18888768636984,122.67140630157289,73.52071323127927,106.89733407733254,81.42045464943881,110.74492532720998,111.7591145135999,121.75163377276306,107.7246492185539,104.5117138921364,118.39604841731368,116.27976141561403,124.23196781374568,138.76930318921032,73.33242286236792,109.85856553273035
188,Mitch Spence,KCR,27707,4.0,26.1671595546174,65.04721534833459,40.22794953129779,0.0,22.3372665473151,55.5267363982636,153.6167526081984,153.32038027205084,135.57423733619027,34.6446778389995,311.8196026306938,80.0832246503683,116.45057039688508,142.56157126732433,121.89267233002215,56.26513109548181
189,Aaron Civale,ATH,19479,72.1,78.13972310152536,79.13578516243638,98.74133064578842,168.39294466034508,73.77445801811267,74.7148741515145,126.60164241354587,120.81928955334777,113.71278766150108,109.5600922284556,118.0558677633676,128.38879733674744,122.27172189930253,124.66922827526656,67.11499349492078,121.98371538199098
190,Kai-Wei Teng,HOU,24282,44.0,102.28980774875807,124.181050174736,82.37151568204007,121.11215938169015,94.1669076694739,114.31975088558517,116.08538691414991,121.95939604162098,116.20648914530594,94.8604273437193,132.15702444127925,122.61160093562839,112.74544752788078,123.48190228680478,97.14754321413173,91.37795719741298
191,Jack Dreyer,LAD,30249,1.0,320.6715815491315,0.0,,0.0,456.85921976028885,0.0,0.0,0.0,,,0.0,-66.62474905692216,-68.5777499801204,,,
192,Cody Ponce,TOR,17920,2.1,134.57398175799662,111.50952721768388,120.68384859389336,0.0,134.02359928389058,111.0534727965272,46.328861897710624,65.70874335441334,58.10324457265297,69.289355677999,92.32638627716993,42.666532345648214,90.3525174723207,0.0,121.89267233002215,126.59654509143064
193,Tyler Holton,DET,26231,1.2,125.60241826757617,0.0,,0.0,111.6863327365755,0.0,156.3599089047734,137.98839981809263,174.3097337179589,138.578711355998,0.0,16.73981127884288,38.72110596373523,85.53694265775026,162.52356294417262,42.19884819501482
194,Andrew Morris,MIN,31891,3.0,69.77909214564639,86.72962046444613,80.45589906259558,0.0,59.56604397725849,74.03564779066164,148.91419895692704,153.32038027205084,145.25811143163244,92.38580747827953,141.6838730407725,65.95699067983956,102.56398899118626,93.31302830725285,132.97382424921264,69.05266077482175
195,Jimmy Herget,COL,17556,3.0,106.89052718304382,87.23299483718208,122.5345220521321,0.0,114.21480494007221,93.21031270966361,41.44400496545996,50.92878494778569,49.831810522868466,92.31868052855758,62.516447016811036,69.51188642808039,121.58308939987921,0.0,78.88790960062616,173.33240333253042
196,Zach Pop,PHI,20185,2.0,53.44526359152191,0.0,,0.0,50.76213547815884,0.0,138.14668321819988,114.58976613251781,130.80850262252974,92.31868052855758,104.96003234605745,48.64005718498818,85.85323465531017,64.8198720788934,147.91483064908886,64.99965131469855
197,Tyler Samaniego,BOS,30081,1.0,209.3372764369392,0.0,,0.0,99.27674011101259,0.0,277.9731713862638,459.9611408161525,298.81668637364385,46.192903739139766,822.1347812566437,-21.26094643289677,51.888641449312345,293.2695186368411,34.82647759961889,72.34088272853673
198,Spencer Strider,ATL,27498,39.0,126.07600950398637,134.2046107235491,93.94313357330128,175.42126001187353,127.36681242170658,135.57863697365357,94.97584471251241,103.81637185528128,94.06454121170678,100.34639195713713,125.212333768674,128.94894017633848,104.01897231314288,90.88146963405687,68.31530303487368,139.38069554368383
199,Richard Lovelady,WSN,19337,7.1,102.03187127950433,142.74490683048663,71.47847119707707,103.6580192384286,103.16175902069989,144.32564599107053,92.09778881213325,104.17251918168236,91.79544043686298,128.81676363771416,58.190755917173604,108.18254950993953,101.38068722389535,155.56769298934412,82.83230516348976,90.99951184057798
200,Jordan Wicks,CHC,30094,6.1,101.26471504570245,41.320894365332336,245.0690441042642,120.02507572917213,80.6222151443194,32.89775676898495,168.36627017218112,168.8691375135083,167.43488335683807,40.72882967753494,377.31506240830527,100.9230174299164,96.65628206463312,119.66745574675781,109.22941327496977,79.99957066886073
201,Adam Macko,TOR,25590,1.2,62.801206887840955,0.0,,0.0,63.820761180832854,0.0,178.69703874831242,137.98839488324103,174.3097337179589,138.578711355998,0.0,44.67806746314631,67.28779986757652,342.14777165744437,40.63089061415048,42.19884819501482
202,Brenan Hanifee,DET,22304,1.2,62.801209133788085,0.0,,0.0,55.84316636828775,0.0,156.3599089047734,137.98839981809263,149.40834318682192,92.38580747827953,128.15867615448977,45.28221775891273,133.18895117104879,73.31737927429403,69.65295544302312,144.68176571026655
203,Grayson Rodriguez,LAA,24492,35.0,80.74438465457762,126.37745729301595,63.89144925085791,108.75378230405519,71.7983564401233,112.37553773733637,127.6407419630803,135.79806219871278,121.25894519510186,75.16133492342006,193.504776394001,122.61644867482396,127.08111039734034,166.79703884980117,73.13560339801329,94.94740881857297
204,Casey Legumina,TBR,25921,3.0,34.88955716391472,0.0,,0.0,40.613211498077156,0.0,83.39195141587915,51.1068096704342,77.47099276353728,92.38580747827953,70.75494469568301,80.4377066979487,106.23046616223938,57.02462860957406,162.52356294417262,56.26513109548181
205,Kyle Hart,SDP,19646,2.0,106.89052718304382,130.8494922557731,81.68968136808807,0.0,101.52427095631768,124.28041731905941,103.61001241364991,114.58976613251781,116.27422455335976,92.31868052855758,110.83223853159025,61.8716932289653,133.99102338686296,86.4264957594852,39.44395468198121,173.33240333253042
206,Luis Medina,ATH,21649,1.1,78.50149738006765,0.0,,0.0,89.3490661892604,0.0,166.7839028317583,114.99031261986508,174.3097337179589,138.578711355998,0.0,37.56308850258108,38.17908208659038,128.30541449984705,182.8390084950332,0.0
207,Riley Martin,CHC,29934,1.0,106.89052718304382,0.0,,0.0,152.28640643447656,0.0,0.0,0.0,0.0,,0.0,26.34080358577271,98.55995808557037,0.0,0.0,259.9986052587942
208,Kyle Backhus,PHI,29615,1.0,106.89052718304382,0.0,,0.0,91.37184395205777,0.0,165.77601986183984,152.7863548433571,174.41133683003966,69.2390104656572,209.9200646921149,25.44179140915907,25.905090823326514,0.0,236.6637290385422,0.0
209,Matt Svanson,STL,29629,1.0,106.89052718304382,0.0,,0.0,114.21480494007221,0.0,103.61001241364991,76.39317742167854,116.27422455335976,138.4780209313144,0.0,26.451032667248462,62.232524454448445,172.85299203752936,78.88790960062616,86.66620166626521
210,Didier Fuentes,ATL,30661,3.0,249.41123009376892,87.23299483718208,285.9138847883083,253.38625826549318,177.66747394512635,62.14020810026783,170.65178515189396,203.71513979114275,232.54844910671952,83.9260732833131,283.0887476850144,90.6543174164204,10.755529575971593,155.56769298934412,118.3318645192711,51.999721051758854
211,Cade Horton,CHC,31872,7.1,58.303926445431046,71.37245341524331,81.68968136808807,103.6580192384286,70.28603342270203,86.0402879667518,69.07334160909994,62.50351150900942,55.07726426211779,120.41567032086895,59.24781931148178,110.4038073852641,91.47320489502067,103.71179532622943,130.1650509711982,64.99965131469855
212,Logan Allen,CLE,27589,3.1,94.20178338040476,234.16999758619573,40.227949531297796,0.0,70.53873608899899,175.34758769090843,156.3599089047734,206.9825331066612,160.9012926627313,92.38580747827953,130.01441870369393,96.50617912329889,150.2300647479515,39.47858860313295,131.2690316275075,97.38195760682781
213,Hunter Dobbins,STL,30240,13.2,101.67635985538965,153.1896565966632,66.37286611157155,111.24275270628267,97.36344023184589,146.691639160804,101.65510651905274,117.38464393802897,100.97498448054927,91.30418957786863,143.5853654993739,117.04250905868186,109.56139711898167,116.6757697420081,94.66549161541687,97.49947697204784
214,Kyle Hurt,LAD,27514,1.2,64.13434077513573,157.01945060509465,40.84484068404404,0.0,50.76213547815884,124.28041731905941,155.41501862047485,183.343695752098,149.4954315686054,69.2390104656572,257.30632544215774,84.83221818226602,109.11541124528661,74.07985335997046,169.04552067419763,37.14265767125751
215,Jack Perkins,ATH,31468,26.2,145.22773899062565,136.5991554882803,106.31672372680592,199.83506341291957,131.18712070142902,123.39274742830413,116.44822044559697,129.3640739388228,124.87861520092578,84.21910626166743,187.44968141946202,127.15026466610881,94.67885081107407,131.77312801686435,69.18232734758621,116.33196023795564
216,DL Hall,MIL,22207,2.0,106.89052718304382,261.6989845115462,40.84484068404404,0.0,130.5312053194688,319.5782154839283,0.0,76.39317742167854,0.0,138.4780209313144,0.0,96.60003762780353,114.93093824147267,172.85299203752936,78.88790960062616,86.66620166626521
217,Jason Alexander,HOU,19666,12.0,69.77909214564639,65.04721534833459,107.27453205664213,126.87940231649549,71.47925295140833,66.63208367791631,90.64342545204254,83.04853931402754,77.47099276353728,61.86549608167965,161.52524859393128,118.08183814442583,114.76790085107346,67.52916533715363,109.06186470350481,106.607616772514
218,Jose Cabrera,ARI,30412,17.2,72.6048890013663,103.69205419847864,70.01972687526269,129.08357017689974,67.6828473042118,96.66254680371289,115.12223601516658,116.75184139325334,104.03483249511136,100.50824091366101,131.5207824352716,133.85697154919225,128.56432292020068,76.82355201667973,92.03589441573197,120.36972440648015
219,Zach Eflin,BAL,13774,3.2,199.82198033800387,141.9212217321162,140.79782335954226,207.62087615475573,183.9539594072314,130.65114355194456,111.1892685545055,125.44396924671284,149.40834318682192,138.578711355998,59.2527841401167,107.01337753795382,41.918053470198366,128.30541449984705,121.89267233002215,63.29827254571532
220,Carson Whisenhunt,SFG,31676,10.2,60.12592512424656,147.2056875618875,40.84484068404404,71.26488938488838,59.590332734123365,145.89440240481926,93.24901117228492,107.42791215243798,84.56307240244347,112.00428157860158,81.970813619033,119.60057969990659,134.11292098776343,109.9973586164786,86.05953768159297,110.30243853161001
221,Jordan Leasure,CHW,29950,1.1,0.0,195.14169257040882,0.0,0.0,0.0,222.1069455930544,0.0,57.49515630993254,0.0,138.578711355998,0.0,123.9389739108395,182.3676002985112,0.0,121.89267233002215,126.59654509143064
222,Eduardo Rivera,BOS,31280,6.0,104.66865485510424,173.4592684995005,60.34192429694668,126.87942248343657,103.09507602857329,170.8514956703586,75.81086492352648,102.21360309444859,69.72389348718356,104.98387215960467,102.7668639914336,125.0316880517226,110.49918418515088,64.15270724992352,121.89267233002215,94.94740881857297
223,Joey Estes,ATH,26257,4.1,96.61721159715295,60.04358780323405,160.91179812519115,175.67918532597272,99.27674011101259,61.6963731588847,122.6352226704105,106.1448864366238,116.20648914530594,60.25161353664002,192.25609302722125,115.93498023729435,97.11265361100729,197.39294506855137,37.505437433726904,116.858349178832
224,Elmer Rodríguez,NYY,31811,17.0,61.569790641307286,168.35750799323256,36.57086320661364,44.78096803561365,53.824738350663196,147.17930076140485,114.81500557258721,135.28269606449385,108.19224851459519,105.2496540716376,114.65345032142797,120.64833659628435,145.61365120657598,81.0349981992957,124.03114006462057,84.39769664322272
225,Paxton Schultz,WSN,25501,1.0,106.89052718304382,261.6989845115462,40.84484068404404,0.0,76.14320298880864,186.42062541932722,165.77601986183984,229.17953226503562,174.41133683003966,92.31868052855758,213.36609578046497,96.41516148801266,133.09465505703363,129.6397441577868,118.3318645192711,64.99965131469855
226,Brad Lord,WSN,31972,2.1,45.81023217673904,224.31344585589278,20.42242034202202,0.0,41.53265592651787,203.36795490121844,92.09778881213325,130.95975056472759,87.20566841501983,138.4780209313144,0.0,113.22571911551262,144.77696729779262,0.0,177.49779677890663,64.99965131469855
227,Sam Aldegheri,LAA,26443,25.2,57.091985897013565,141.92120063913532,40.22794953129779,118.64048302696672,53.003682976730225,131.7583566705385,97.15567155248056,113.49690768811777,82.02810998492184,82.98126425598528,148.4269507095606,136.1051442005209,143.85915660268614,104.97715703811758,88.64921608487998,109.33337964453212
228,Tanner Banks,PHI,16990,1.0,213.78105436608763,523.3979690230924,40.84484068404404,0.0,152.28640643447656,372.8412519571782,103.61001241364991,229.17953226503562,174.41133683003966,92.31868052855758,209.9200646921149,118.23485451247547,193.0427988890173,0.0,0.0,259.9986052587942
229,Javier Assad,CHC,21741,42.0,66.17033085890415,56.078357643937714,117.99620638426514,162.89117712389788,71.55626332494019,60.64285376907033,97.67058495044706,83.66872382798456,80.05766280723132,120.23540738798972,87.93128956897505,126.98766699168677,104.06338937387605,87.75613438714205,101.94745232686144,103.99944210351771
230,JP Sears,SDP,23429,19.2,92.39690384606789,106.45383281167018,86.79528645359358,154.6085768608288,90.30938037404918,104.04872067004425,106.2666793986153,108.76317664481758,97.91513646598716,98.91287205423085,123.98183617417662,124.66983706822667,105.46776664089204,87.89135175165251,100.2812409856551,105.76214450764513
231,Keegan Akin,BAL,19362,2.0,209.3372764369392,0.0,,380.63820694948646,255.2830460635674,0.0,59.565679582770805,38.33009506801271,0.0,138.578711355998,108.6300854209278,134.23400002973955,-3.028961920180051,171.07388582872218,81.26178147208631,84.39769664322272
232,Cade Povich,BAL,30055,13.2,76.58681201541071,76.15284102366043,100.56987382824447,167.10946448357961,77.0250570134922,76.58860166057934,118.00747841869688,106.57636685443259,104.58584023077535,96.47884958876423,143.07377769808966,133.94187898770576,124.11405552270968,47.74154916359988,96.38025248899268,129.54065054392646
233,Steven Cruz,KCR,23165,2.1,224.28996959666105,111.50952721768388,201.13974765648894,326.26136469200037,248.19185027753144,123.39274742830413,52.11996963492446,65.70874335441334,0.0,138.578711355998,89.09132717507116,135.51532102158296,33.85222059938807,0.0,81.26178147208631,168.79539328644543
234,Shane Smith,CHW,31687,8.1,138.16262353032315,281.00401318261504,49.16749386264666,91.35318360726635,100.28976776134249,203.9757659303528,128.29530987058328,193.1837086202787,142.03015339981837,67.27121907659948,256.30089677530725,130.1894080277546,140.67488107185088,95.04104768262344,108.34904196278174,93.77521849246969
235,Ty Madden,DET,30140,3.1,125.60237784053969,156.1133317241305,80.45589906259558,228.38294594998686,119.13208795451698,148.07129669185798,96.22148240293747,114.99029617036733,87.15486685897945,115.48225941713875,128.15863490468305,152.3162167954613,125.50523087782337,114.04925721914812,27.087260490695435,168.79539328644543
236,Ryan Rolison,CHC,22200,3.1,64.1343224261519,0.0,,228.04765418726296,83.06531230989496,0.0,75.3527363008363,45.83591082426021,43.602834207509915,138.4780209313144,65.1726046328177,139.22541277521378,99.29281192420436,0.0,105.18387946750154,144.44366944377535
237,Chris Bassitt,BAL,12304,46.0,61.43594237127042,118.78187643083817,51.72164936864863,99.29692766929774,55.33084373695717,106.97811574194482,131.67150223559864,134.9886012714866,119.90733274865963,100.9744379115701,136.96837425348377,130.58880519996816,132.39180966907068,111.56992547352904,109.02201725756406,84.92190584478567
238,Cal Quantrill,TEX,19312,21.0,59.810650410554054,49.55978312254064,120.68384859389336,181.256289023565,58.9114718248653,48.81471225543479,116.36086244076158,102.2135868480339,95.9966649461223,113.38258199334767,103.41646337815375,136.38781063501173,124.70461574676494,49.21303520644111,103.52528328867447,121.39394714678006
239,Brandon Williamson,CIN,25463,28.0,72.53286267226034,186.92785881312574,38.80259864984183,108.5941180825986,67.81504043316787,174.76933702969663,102.62325039066278,125.50308574197683,93.5865709819725,95.7221341968925,137.97734964586368,136.32540071441633,153.78916774460342,90.44633279567331,79.80521087780392,126.97606302731815
240,Braxton Garrett,MIA,21844,4.1,123.33523272056163,483.13662223323826,25.528025427527524,0.0,81.5820032675606,319.5782154839283,145.05401737910987,264.4379412433236,162.78391437470367,73.85494445054167,340.0091693624173,149.39744298376198,199.7591077284014,69.14119671129995,110.44307339354387,103.99944210351771
241,Chase Petty,CIN,30170,10.2,20.04197504141552,73.60284378094374,27.2298937621328,142.52977876977675,20.30485400851985,74.56824972032139,101.08293894014626,93.10419053211292,75.42111862920635,86.54876308207149,133.43861990286868,141.3459899241819,148.7588957321462,146.26022415142307,66.75130817822145,113.33272513588592
242,Austin Warren,NYM,24937,2.0,53.44526359152191,261.6989845115462,20.42242034202202,0.0,41.53265592651787,203.36795490121844,103.61001241364991,152.7863548433571,99.66362104573693,83.08681255878862,220.6545750100701,156.78103340821318,173.98271374362696,74.07985335997046,169.04552067419763,37.14265767125751
243,Tanner Gordon,COL,27669,23.0,79.00604183094543,56.891083589466575,138.87245832574973,198.30228907734252,71.91302514651022,51.78350693664382,143.6178389892177,132.85769986378875,129.69048123259358,107.15561132284441,130.4691068176926,132.94907530731848,116.65600592544942,80.25317455972785,98.60988694161674,111.42797353376974
244,Will Klein,LAD,27787,3.0,142.5207029107251,87.23299483718208,163.37936273617615,253.38625826549318,130.5312053194688,79.89455359135114,103.61001241364991,101.85756989557137,99.66362104573693,138.4780209313144,71.47395202432892,155.20615486313866,81.61766017855678,64.8198720788934,147.91483064908886,64.99965131469855
245,Luinder Avila,KCR,24452,38.1,92.83653451328381,169.68839375785112,54.710011362565005,119.15631240029201,88.82655687089358,162.35887790289104,112.14779673169953,127.98919145428826,109.56611833700273,97.93548492992625,135.57374498217354,128.9302049746534,120.21132027972222,69.98477135874506,117.4602113185606,96.67372513538905
246,John King,MIA,22051,1.2,128.26868155027145,0.0,,456.09543886449006,130.5312053194688,0.0,118.41144275845703,91.671847876049,87.20566841501983,0.0,252.57831791974832,200.61495495182857,38.25325361093354,103.71179532622943,141.9982374231253,51.999721051758854
247,Owen Murphy,ATL,31761,2.2,80.16791450080314,196.27428517909587,40.84484068404404,285.0596085121866,60.914562482418766,149.13650055916654,159.40001909792295,200.53213854249367,139.52906946403175,98.91287205423085,159.23745853798923,210.0934209987996,158.97600239739523,188.56690026315232,43.029768722464624,118.18118406672542
248,Chris Murphy,CHW,26214,2.0,157.00303687164143,130.09449660767737,120.68384859389336,380.6383997959276,134.02359928389058,111.0534727965272,138.9865856931319,153.32045795024803,139.44778697436712,53.29950428241232,320.37623439886653,187.6008849243778,129.70845783041108,0.0,40.63089061415048,210.99424173465334
249,Zach Agnos,COL,31552,8.0,66.8065794894024,130.8494922557731,51.05605085505505,190.03969369911988,71.38425308754513,139.8154696237573,59.205721379228514,76.39317742167854,33.221207015245646,138.4780209313144,46.88733526260827,148.07640496313678,142.6246976297288,67.63812707102676,61.73836404556236,158.26002054709235
250,Zac Gallen,ARI,19291,98.0,66.53390216298335,82.78233505762735,80.37210584238754,139.6210048872296,63.33730063058417,78.80508237042513,124.84366927866955,119.2669040865709,111.28085294677376,87.20543042710248,148.72340840407327,129.86936636735388,114.27299067879788,103.10529341419243,105.18387946750154,92.74804042073974
251,Brandon Eisert,CHW,27668,4.2,134.5740109782179,55.75477571494528,241.36769718778672,326.261435533549,127.64152280841105,52.88260540611049,125.08792712381869,114.99032583821489,116.20648914530594,98.98479378611891,183.07210588290076,156.18331241946538,90.73968549574975,73.31737927429403,69.65295544302312,144.68176571026655
252,Justin Verlander,DET,8700,3.2,28.545997191143407,141.9212217321162,20.113974765648894,207.62087615475573,23.512911731836102,116.89839142376069,147.1622672044926,167.25862566228372,116.20648914530594,62.990323268047064,291.2696475105313,184.10207693131602,169.75230165068814,192.45812174977058,45.7097521237583,110.7719769550018
253,Robby Snelling,MIA,31893,5.0,42.75621087321754,209.35918760923698,20.42242034202202,152.0317549592959,41.53265592651787,203.36795490121844,115.12223601516658,137.50771935902137,93.01937964268781,109.32475333767388,126.28911078438323,172.2818383977677,147.26708117755066,111.11978055851466,101.4273123098531,92.85664469814098
254,Ryne Nelson,ARI,26253,83.1,79.52655619643211,69.0885353619302,115.10818737487958,164.1943035573303,79.78949738760309,69.31696411914922,102.34647567689808,94.4219720094487,88.61221145397175,91.98419254659683,116.59915347409047,131.76970810130663,118.06495267314642,93.92766344707618,76.80407789320246,128.52761224415954
255,Sean Sullivan,COL,33502,22.1,76.57829249118069,128.89652209824231,59.41067733633051,170.18481001717495,64.12059215889228,107.92773085914433,140.90961688256388,153.92656028522137,128.04882957142152,87.81533028251444,184.75010767304946,144.89362492207815,165.05302915474675,106.21087467545145,45.62192359024205,156.62566567445512
256,Brent Suter,LAA,13942,3.2,85.63799157343023,212.88183259817433,40.227949531297796,207.62087615475573,74.45755485988677,185.0891205871888,138.9865856931319,167.25862566228372,126.77071543124285,104.98387215960467,173.16480156436532,175.47262749353968,113.33477022568897,128.30541449984705,142.2081176370974,42.19884819501482
257,Mason Englert,TBR,22288,14.1,109.53695669026654,54.458138611194364,201.13974765648894,265.56156329119915,101.53302963868353,50.4788507663602,132.3681768506018,123.01287415447975,121.61144212880855,103.93403351699848,148.0917107725886,144.47748098409406,90.09566150234156,152.8745362069575,67.42998878254137,107.74174027708756
258,Mitch Bratt,ARI,30003,6.0,53.44526359152191,218.0824870929552,24.506904410426422,126.69312913274659,48.949202051908195,199.7363845376397,90.09566296839124,127.32196236946423,73.43635234949038,96.61257265904659,140.82022663057393,165.38431633463253,157.0141547011718,77.78384649467206,106.49867806734399,103.99944210351771
259,Matt Waldron,SDP,25550,13.2,62.5700676033167,95.74353537291452,65.35174509447047,166.86412905942402,52.969184449505555,81.05244602901597,147.05937245808377,150.92311363460865,129.95354508904916,78.1730763277266,243.29029102152506,150.49631638692586,140.26654538817874,59.833727873378905,109.22941327496977,109.99940989718229
260,Randy Dobnak,KCR,23798,4.1,72.46290869786472,240.1743512129362,30.17096214847334,175.67918532597272,63.820761180832854,211.53042384551145,98.10817813632839,141.52651524883174,80.45064633136565,138.57871135599802,47.97225007779156,178.8113890751804,157.5421771282307,73.31737927429403,104.47943328642735,108.51132421940162
261,Paul Blackburn,NYY,14739,3.0,104.6686382184696,173.45924092889226,60.34192429694668,253.75880463299097,103.09507602857329,170.8514956703586,83.39195141587915,102.2135868480339,58.10324457265297,138.578711355998,72.18920541193424,197.1724206472172,122.10083463003924,73.31737927429403,139.3059111298316,72.34088272853673
262,Colton Gordon,HOU,31312,3.2,142.72998595571704,0.0,,415.24175230951147,117.56456044616186,0.0,185.3154475908425,167.25862566228372,190.15607314686423,111.75702516192729,234.94585687514177,198.16804724394333,78.36554384357935,118.43576683584216,93.76359394999528,97.38195760682781
263,Tobias Myers,NYM,22191,4.2,68.71534826510856,280.391807319866,24.506904410426422,162.89118821998028,57.10740247003611,233.02578233342092,130.8758051540841,180.0696570265004,116.27422455335976,43.274381541035744,378.26503726607024,185.64042593480724,173.19190211778331,103.71179532622943,78.88790960062614,121.33268228077156
264,Andrew Painter,PHI,30091,55.0,83.5689619629746,95.16327204536779,87.81640747069467,179.6739015710071,76.73807206911101,87.38466851484831,133.40344945963508,131.95185877412285,122.18647325946282,91.97161791142815,171.75278913697892,135.9498971671938,121.32746557862104,96.02944002084965,87.6532328895846,115.55493555502028
265,Adrian Houser,SFG,12718,66.0,77.73857084049234,99.12841038590533,78.42209411336455,138.21069631208653,72.37373751692996,92.28743777267499,119.4918391339904,120.37713675541643,109.21083708049211,92.6223604743336,139.10198850617343,130.5364160050507,115.61000822591507,114.45671068448998,95.94475491968045,97.20668552270357
266,Pete Fairbanks,MIA,17998,1.0,106.89052718304382,261.6989845115462,40.84484068404404,760.1587747964795,65.26560243130479,159.78910718270228,207.22002482729982,305.5727096867142,174.41133683003966,53.26077719605753,631.4455539219161,403.66855972081447,205.74952231927747,103.71179532622943,47.332745807708434,155.99916315527653
267,Jesse Scholtens,TBR,19205,10.1,101.29224299849453,100.71828132031655,100.56987382824447,221.01576026448296,95.05219787407165,94.51359278247851,101.69750172668186,103.86220586825614,87.15486685897945,105.6956272490512,143.79227894617418,156.433370046428,118.88291560058273,82.7776864760952,94.36852046638127,114.34526647702276
268,Lyon Richardson,CIN,24581,1.0,213.78105436608763,523.3979690230924,40.84484068404404,760.1587747964795,130.5312053194688,319.5782154839283,103.61001241364991,229.17953226503562,0.0,0.0,813.3401109291102,474.51230342662666,263.9049294916025,0.0,0.0,259.9986052587942
269,Alan Rangel,PHI,19524,7.1,131.18383450221987,249.8035869533516,52.514795136024595,207.3160384768572,120.93332271647907,230.28430185698966,92.09778881213325,135.4242749361871,87.20566841501983,135.76276549946445,85.87639382396115,163.57692341472085,112.53197643999798,122.01387651884939,97.44977057175525,91.76421349839863
270,Lucas Giolito,SDP,15474,20.2,72.40971419029694,227.93138061884036,31.76820938915493,110.34563199412753,67.32662183536576,211.93081687842712,98.15685386556308,133.0719905702574,88.68373059154558,105.54727191958371,107.25700833019233,152.18351052634497,157.26729628682807,133.8216713217723,64.8916675479885,121.61225072104959
271,Brennan Bernardino,COL,16835,1.1,80.16797900900133,392.54888622771546,20.42242034202202,570.1196757785228,45.68592197602889,223.70475139801172,207.22002482729982,343.76965697724853,174.41133683003966,90.31175277527123,421.98645752965035,355.7115024781059,225.7455266708364,222.23956111702933,33.80910394550854,111.42797353376974
272,Huascar Brazobán,NYM,6107,7.0,61.08030956898539,261.69902016520825,23.33990894480595,108.59412547998684,57.10740247003611,244.6770718415753,69.07334160909994,120.04643801766694,55.07726426211779,104.5117138921364,126.08834575535674,172.0595406671271,158.27451782289467,51.85589766311472,141.9982374231253,77.99958157763827
273,Jovani Morán,BOS,20422,3.0,209.3372764369392,173.45924092889226,120.68384859389336,507.51760926598195,148.91511016651887,123.39274742830413,182.41989372223563,229.98057040807626,217.88716714744862,89.40562018497332,342.55615885693487,231.78575854403775,62.888042117761024,205.2886631997553,73.13560339801329,75.95792705485837
274,Eric Lauer,2 Tms,19316,60.2,64.53223629435576,90.26451599604896,71.43595543992254,175.55022143926595,64.06797342252511,89.5982430242297,106.5184657009448,103.43717032286025,87.6491889375205,111.8505118519517,113.40023025426645,139.59282610760192,134.03573541567795,83.40316898629204,74.93408256820197,134.8807306877295
275,Ryan Johnson,LAA,35325,28.1,81.2721199991309,91.8313638750278,88.50148896885514,188.0800573087712,79.9056686737073,90.28737624831044,107.96279424377211,105.52049819467251,92.40516004325534,82.59658291823861,126.98750055291943,139.28254496373117,113.74807979799404,92.26456726890426,95.87064092287652,108.10491487539788
276,Ryan Weiss,HOU,24621,7.0,104.66865247844181,297.358739247157,35.199455839885566,217.5075764613336,89.3490661892604,253.8365086146137,123.54363172722833,175.22331561176892,116.20648914530594,125.98064667467284,123.06687283809754,197.23620581072618,149.73739110249429,102.64433159987765,97.51413786401771,101.27723607314452
277,George Klassen,LAA,33464,4.2,134.57398175799662,557.5476360884195,24.136769718778673,163.13068234600019,83.76474955243161,347.04210248914745,132.66901361617133,279.2621592562567,139.44778697436712,88.8325072759326,272.1161066332161,229.0306966563451,189.24505128214605,136.85910845768908,130.01885040409513,50.63861803657226
278,Erick Fedde,CHW,17425,44.1,66.10651024456969,99.77167151623293,66.25779920672275,171.71648926327526,65.49146184289803,98.84340443821009,99.39157000148386,100.29228170115123,80.65077231726457,111.46548520907848,105.9890795187626,140.25693973313344,128.1032724796169,110.48521764236257,81.26178147208631,114.28854742692545
279,Cristian Javier,HOU,17606,12.1,67.8931777360862,253.15675610477206,26.81863299404656,123.45024200862535,55.84316636828775,208.2252614934885,141.76631740699455,180.25506025547827,130.7323002884692,73.71208042300356,279.39505340051755,175.0735968230102,186.41106668995408,100.14081120429536,71.35180799102024,129.68426546257453
280,Mike Paredes,MIN,30187,22.0,52.33432137786653,82.78736857752526,63.215349246227404,173.01737429532233,51.18956902201533,80.97648984044459,110.2307403773115,104.5366274443027,88.38240019502142,116.4061175390383,106.26290938695246,149.64318346699298,129.2228955490335,102.64433159987765,97.51413786401771,101.27723607314452
281,Dean Kremer,BAL,19350,26.0,116.74578878213914,70.05084729820648,166.65864802375262,263.5187586573368,125.7826659685659,75.47323388547795,95.55327766402817,85.5055966901822,78.13884614942985,126.74882131487372,100.27392500393336,148.05370355494233,82.25459843235616,101.08911395675545,84.95549877848315,115.08776812683162
282,Kade Morris,ATH,33787,4.0,104.6686382184696,195.14164604500377,53.637266028321065,570.9573104242297,81.22642344289962,151.43655340961536,197.50725335339794,229.98057040807626,174.3097337179589,53.29950428241232,468.6241923757835,306.91013338176623,107.29763650196969,34.214776857811444,178.77591933610404,50.63861803657226
283,Brendan Beck,NYY,33043,3.2,85.63799157343023,141.9212217321162,60.34192429694668,622.8626284642672,74.45755485988677,123.39274742830413,130.29992408731115,146.35129745449825,69.72389348718356,98.98479378611893,295.3195278922127,321.10232661186717,173.73764804430064,39.47858860313295,37.505437433726904,194.76391546684872
284,JR Ritchie,ATL,31760,35.2,95.90178310738638,168.75916124466585,56.82760439623292,149.19004257274293,91.37184395205777,160.78779006732086,95.87792193501933,115.66070058801124,88.12362281938846,93.88340392499961,130.96161925418392,145.51018052208178,120.10366123490401,96.5943187595094,106.73070129398354,94.31321954446462
285,Cole Ragans,KCR,21846,35.1,133.30440275326433,169.36822747654963,78.70685777337899,215.45559695654273,133.13602576390636,169.1542954300469,87.95244875893502,108.48140522288227,81.18535543028223,115.48225941713875,111.78439006017527,147.77634621827121,105.33082420384513,62.588006810226496,83.24377607078539,135.85970671124852
286,Hurston Waldrep,ATL,33527,8.2,74.00113963233697,181.17623333746437,40.84484068404404,263.1319028866381,62.29898434663605,152.52596645554482,126.63445961668324,149.84816670455004,103.35486626965313,84.209607308126,244.98066500678314,216.34715783410462,135.1935032185049,51.85589766311472,157.7758192012523,60.66634114038578
287,Mike Burrows,HOU,24728,93.2,82.69195130031946,97.22359853401322,85.05337899753592,170.6776347964495,78.90012981536006,92.7654301035005,121.79613956792875,119.4916875132682,110.09035813765826,93.07525388961453,144.85538701362842,136.0267891883802,116.82217363352962,99.27894319058893,92.71836038419983,107.91836625764057
288,Bailey Falter,KCR,20070,4.1,48.30860579857647,180.13076340970215,26.81863299404656,527.0375559779183,31.910380590416427,118.985863551917,216.81907368128574,283.0530304976635,174.3097337179589,82.20770999020955,431.7502507001241,316.57161789408855,160.49744675786025,178.51188055235778,84.7949022572642,77.05876655537575
289,Taijuan Walker,PHI,11836,18.2,91.62045499175451,140.19588933480046,65.35174509447047,244.33675736378592,77.7632710111414,118.99188823235075,139.81110108829867,155.5146879052157,125.80489869707779,85.98308479786377,213.6686445534133,170.01670110602961,119.17249584893564,116.09529326789026,102.43653922265521,89.25325252824291
290,Shane Bieber,TOR,19427,23.2,84.02975745264611,131.92675548219682,63.69425341114552,225.16627838809734,78.5940855861593,123.39274742830413,125.95659328440077,132.80569042250713,109.56611833700273,115.48225941713875,136.53901252721184,161.09252144040397,118.28494990070301,99.97824465157245,101.31338984611786,98.64665835825666
291,Jacob Lopez,ATH,25098,46.2,78.50148294184352,167.2642771537544,46.93260775969546,179.4437359122369,70.43282215268356,150.07226038577528,115.09826627712485,136.3456313150353,100.28779200211333,94.29912300383064,160.67116042758056,154.5032122161905,147.63734561455385,85.53694265775027,76.57360182334361,131.4656429211334
292,Germán Márquez,SDP,15038,38.2,74.63907624301112,115.0573140477868,64.87121755220583,196.59278981780497,73.42380284943269,113.18395138713235,110.51734657455992,112.61408236121848,92.6077894672777,110.15297113241917,126.11944592003161,153.89300673475174,126.69815995835613,93.51063468815659,83.41426505981521,121.47475799861802
293,Simeon Woods Richardson,MIN,24494,44.2,56.23986851347729,133.97785416649447,41.97699078028644,153.39152496684127,50.102279788812886,119.35653561234783,138.9865856931319,147.59947896409864,120.67596949704847,77.19238553635212,195.0796721221068,150.64457616720128,145.653980378095,95.04104768262344,93.3005639123954,109.40442157454797
294,Miles Mikolas,WSN,9803,38.0,70.32271701687013,82.64178665662907,85.09341807814349,220.04596664772268,65.26560243130479,76.6987712687333,124.58627259555448,122.63115630717303,104.37213857545682,66.80957145336114,202.1363063386564,152.77475142664244,105.55150423110231,105.98285651504207,114.01318313895945,81.60540161451225
295,Trey Gibson,BAL,33794,31.0,94.53942389021323,201.43655644370102,46.93260775969546,171.901141584062,82.84019356046099,176.5088305450873,115.82215474427657,145.90166565979075,107.26752844182089,93.85809126610657,182.2182246199603,159.3472325599356,118.00354956252524,120.44998067624448,124.38027773354617,64.59007381955188
296,Luis Morales,ATH,32227,7.1,71.36498369709072,283.8424065515151,25.142468457061117,415.24169830877355,53.18396794852427,211.53042384551145,164.25687400097405,219.52691763303568,130.7323002884692,101.39905707961472,284.0146743576339,293.0701766322329,203.9607245798066,91.64672434947838,69.65295544302312,135.63915527425203
297,Jeffrey Springs,ATH,17677,97.2,90.02217670793362,98.56984521740405,91.3283178439658,202.66062256011747,87.27118083554019,95.55763868574577,108.77211054245105,109.10341444117053,94.28853923533721,91.41425499844999,140.74720274937152,141.5209034599321,114.68726484068948,100.9616373952333,82.32750982802199,117.88006153438471
298,Luis Gil,NYY,21052,19.1,48.725056523560575,148.03849253725298,32.91377688192947,236.25820130163606,47.30244638561284,143.71625812924597,88.09008952381599,103.09474015394464,56.02812869505822,107.63395055027492,145.6230546909185,195.82934041687346,152.6756558083454,58.89428843778428,111.90146957211536,107.91836625764057
299,Kodai Senga,NYM,31838,27.2,131.3594551188383,208.09800681233548,63.123844674956764,247.28058802537487,115.91950339171022,183.63822822534152,116.79674126629627,146.34357019951472,114.5387883659962,75.11779434699073,247.23948629185662,177.54097770469093,129.08314959743137,110.62591484179174,59.954811277542774,138.66592271802404
300,Merrill Kelly,ARI,11156,98.2,67.16769721731988,106.09418461919608,63.30950306026827,161.7905526474854,65.56775815463297,103.56701387328764,113.70534695651837,113.8155127894422,97.7157978331167,104.20586856554708,122.02834024533338,143.87786605975487,121.12097509400073,112.03434643171177,91.30545098581658,103.51796316637198
301,Jameson Taillon,CHC,11674,67.2,93.20011833723758,88.95187492584058,104.77589565533411,224.6774788273,93.91879389861005,89.63779145226388,102.81909628835488,99.34876648913334,85.77606729346212,111.67582320662824,125.20844501516945,151.4000511889507,112.359028828432,79.58083277010492,82.01218322005725,129.9993026293971
302,Max Scherzer,TOR,3137,22.0,66.60731811728468,130.09443633611113,51.19920846512231,311.4312737315801,61.31798617124692,119.76354881121655,125.08792712381869,132.4130614294501,93.65896140069434,73.48871052558114,244.8047893585496,206.18050414924346,150.77497810822035,74.28208202483549,76.98484551531874,136.59100912429238
303,Brayan Bello,BOS,23920,35.2,64.56196836437122,153.19532183708287,42.14356615074229,213.44200042432163,53.126471377686144,126.06069827983734,148.3660485313187,169.79875100653913,127.73843081621416,77.6880653731633,236.26772267496693,174.73201100914636,132.7106375034933,104.13193023667178,118.3595513010589,78.89349888744268
304,Zack Littell,WSN,15823,62.1,66.87803174083194,96.56272887515651,69.25864286173808,243.90121614009664,63.407507100603176,91.55176568279877,112.14260167124462,112.75142993848047,87.20566841501983,88.87395362456212,157.4573359270387,171.04682327162672,135.50536915804628,96.47608834995545,74.85178388637839,129.39465455298216
