rank,Name,Team,IP,K/9+,BB/9+,K/BB+,HR/9+,K%+,BB%+,AVG+,WHIP+,BABIP+,LOB%+,ERA-,FIP-,xFIP-,LD%+,GB%+,FB%+
1,Cam Schlittler,NYY,27.2,131.33571672006127,24.58505154152484,534.2096079435312,0.0,148.94302859276354,27.88100680591967,75.0691722508038,56.762358428727765,94.74000231355303,93.29150301854925,46.724936636125705,21.364293535518517,45.2036502004073,112.36012688347394,115.00594525993763,78.17099631629694
2,Bryan Woo,SEA,32.0,82.00881659977264,42.511650646964526,192.90902507588044,0.0,91.82801885619689,47.601719103542045,81.37933455594383,65.43438390720553,85.86921558007428,93.29150301854924,56.96702501999549,57.39664196325408,100.56889169427265,76.1992832354393,83.99310607246177,128.45514859596574
3,José Soriano,LAA,32.2,120.50275326742879,90.2288112925145,133.5524019858828,25.967011826789093,141.1855795398544,105.7154859281434,43.7318853922128,54.9419910555468,51.847762460153405,139.9372546677611,6.445634713498392,56.10863999711698,68.2627279762474,54.50304622938009,140.36594688425942,79.62941039728858
4,Cristopher Sánchez,PHI,28.1,147.00186346564874,70.94959494254248,207.1919631466556,32.02125470136904,143.99098367881024,69.4964115843632,118.12498700649627,109.05913089080528,145.0457133448798,107.70067254315718,39.58620450812955,40.04629693933673,53.58941491999492,76.60575074063225,136.64730588818756,69.66390917494385
5,Tarik Skubal,DET,30.1,109.80724508833308,44.84745750756119,244.8460703074518,27.964474903002113,121.48954651896766,49.6187413061996,88.14428333352639,71.49502842784659,99.2514309951508,107.6440420198307,49.03828617841284,50.66438164767521,66.21368887207103,135.49922522547112,103.34635640180534,79.18620406396386
6,Taj Bradley,MIN,27.2,124.03928801339119,81.95017180508279,151.35938891733386,0.0,125.17104825773725,82.69790250227777,96.3151643972577,91.90096126555926,115.79333616100926,120.5015248372457,38.21075667531251,48.302826156361874,84.63263929984323,115.92711512959045,83.7296869576634,109.38510953368159
7,Kevin Gausman,TOR,28.1,124.68308908000887,48.0131589164413,259.6852260688218,59.87687383644011,134.55398991199866,51.8142613425295,83.488144839679,71.26299369344704,94.28885944539326,104.08556119822543,60.513972896554726,53.19395998754571,60.83797287321971,110.21239796615767,105.28713311351159,89.4562459714583
8,Braxton Ashcraft,PIT,22.2,127.21315321698192,77.60112077439754,163.93210270337028,0.0,134.74050627426217,82.19287092043592,86.94817379431483,81.7943495446658,106.52838969742035,88.68791387836212,59.21916453322981,44.075075162893334,72.86280842553417,67.36241212615745,121.68511600084835,91.44971363447509
9,Joe Ryan,MIN,27.1,103.3957324502538,49.76973792161848,207.74818083725052,31.03374559869845,113.67925843710285,54.71973373141703,77.34399565234331,65.66237903988512,84.36371634587817,79.63908801433917,77.35348214767606,59.233489922050275,90.67334521660493,89.42948868011126,75.78732806014278,130.65723692148774
10,Seth Lugo,KCR,24.1,87.10736717841715,55.90573527906918,155.81113565019663,0.0,99.16044023395627,63.641429554564944,89.03552987886032,73.75774383580163,96.19754081068463,110.78365985201937,33.996275924338086,52.49338476315785,80.31768620939447,130.41800465120724,101.73156971866923,83.36203922799062
11,Parker Messick,CLE,25.2,98.31227008734488,61.83512974546983,158.99095472601968,33.04892431861048,116.77880842161004,73.44996543576758,64.30343824584355,58.271809004584874,69.47600169660556,127.89964127573477,25.19723021471202,61.69147642293637,74.20041731004098,86.94533608635683,120.57074929620057,84.68524611517824
12,Nick Pivetta,SDP,16.0,160.19433659472105,94.22992972583289,170.0036620690508,0.0,165.136512842619,97.13702946388014,84.9023344109192,86.90649395354585,116.97234947167728,76.98603627575886,118.43598578479413,30.235491942291297,75.33349583786838,44.10634119116751,76.92737214730701,154.42166568193193
13,Max Fried,NYY,33.1,69.64441306145352,54.414914903878866,127.98771856980436,25.447672065723516,78.6739751846354,61.46993653395072,69.08074825358868,60.57354627051053,67.23484035155376,91.26342695115129,71.09977965966566,72.21335804278239,98.37180146933926,89.7500243135508,108.90261221308471,95.6123747363178
14,Dylan Cease,TOR,20.2,156.28479673996958,131.64898669867264,118.71324617999528,0.0,156.1949363958916,131.57329251838885,78.36167980566361,94.08077606960859,110.53000269914521,108.8400868549741,41.4813531994785,46.375839570376854,64.30219875014585,121.31907381511242,123.37471997453216,64.99100277349592
15,Reid Detmers,LAA,22.2,115.77716096539261,60.01645218072559,192.90902507588044,37.42304835212039,120.15793973814523,62.28735664760624,89.03552987886032,79.1811087678677,100.0925448171436,91.01610058781618,83.603678019299,59.244825191954135,82.20075850672734,106.10278317979302,89.91716874186514,107.65073655264274
16,Tyler Glasnow,LAD,25.0,123.8836202999176,60.30715502453305,205.42109165260268,72.58150984209387,138.6277566699481,67.48467298874755,71.54691102043752,64.8901821519809,78.65382119647265,91.36804309671021,82.48768701541285,61.36712194652445,70.09251203415131,88.21268238233502,100.00558381457732,105.88914224240425
17,Logan Gilbert,SEA,29.0,111.37537262570136,39.091174294228836,284.9117909032167,87.75059286836805,120.88129862470309,42.427619052486456,113.1776817114565,87.67563058156594,122.05243541295572,99.95518186556157,102.14777236053354,73.06545414514778,75.02463842537797,123.55389900596687,79.32286127754608,110.31367589064669
18,Keider Montero,DET,16.1,92.69442559032984,27.762711166927538,333.881004964707,0.0,103.43265896218325,30.978896342595718,83.68366742712554,64.09898956480461,90.62087177818114,69.96862733388055,78.0609435922132,40.85742128960313,86.55396231045039,79.38487237370565,83.8753036275694,127.02786929979524
19,Shota Imanaga,CHC,22.0,150.4855889223137,57.109048318686604,263.50567620702867,82.47898845692487,171.6815576378604,65.15288545965025,66.15766317733963,59.69334938223352,79.75387463977995,107.34672670048624,63.31256748525102,54.10211351551498,61.07822307218931,138.07202503566552,50.170025283359074,138.11627237499562
20,Nolan McLean,NYM,23.2,126.35046606054603,84.93965724595553,148.75320431041942,38.33530552390582,142.87091559520687,96.0456026467612,53.063959006824504,58.75368763146432,61.92653795559385,94.48286268317113,59.778453953750294,60.60850307169115,71.19632766226445,101.78386453159092,110.95294053050564,86.54401024222082
21,Landen Roupp,SFG,22.2,113.07835841509501,77.60112077439754,145.71742460632873,0.0,121.1001093270955,83.10612520798635,78.61327260270295,74.978153749277,92.34659168816627,92.38324353091065,61.83140725644427,55.96523580352546,76.78627728807443,120.71209193179978,117.41546267827422,69.66390917494385
22,Shohei Ohtani,LAD,18.0,106.79622439648068,83.75993753407369,127.50274655178808,0.0,118.46749845221318,92.91368049612545,47.92873716745438,55.791823278819564,55.82771224784597,118.77845606729574,12.72958132953902,54.66433403753748,88.906525640125,60.14501061899641,115.39105833635158,102.27928502424123
23,Emerson Hancock,SEA,23.2,106.62034947284451,38.32036217600028,278.2341708039225,71.68358247492895,127.76975521413327,45.92165867038809,74.44359581538042,56.87656862635192,78.65207739238366,112.29532770751295,57.76937903698621,69.63053574816979,72.1805972512571,75.87956610539693,105.22538111626905,106.2414906409095
24,Framber Valdez,DET,30.0,67.28928541519807,68.01864103514325,98.92770516483525,28.275190105524295,68.41215199448692,69.15367896663278,98.16737909720497,89.73858364416759,94.08208563082002,98.27054400668688,77.91638477279821,77.99385620716473,98.06223920928204,91.42705430687212,129.27173114948192,73.3356769146199
25,Mitch Keller,PIT,29.0,69.96994012183218,77.98339011793067,89.72415497616556,31.28513355262667,75.0294156107141,83.62231255336363,92.98827102148294,85.24161859045111,90.82558900153765,105.24673311893935,69.42936336737992,81.99065412517724,104.89777415556121,141.55058367772776,91.23944142695149,89.26700936234961
26,Ryan Weathers,NYY,28.1,128.24546737034964,64.01754737669438,200.32860297882422,119.75375170368301,134.81912079135645,67.2989830557566,106.34799402197206,92.37795789716007,117.49617933984764,118.99426416565062,76.04254560245616,77.58808355622156,65.32593897790876,132.2548775593892,91.70169661385094,93.03449580015439
27,Bailey Ober,MIN,26.0,93.16978322310612,78.48305022698334,118.71324617999528,65.25044109842798,93.92803619038258,79.1217775741669,96.87144009922207,92.03957634436854,97.26640237524778,92.67367849988128,97.58439530767289,82.98498953767708,99.20539740960633,128.72426393811395,81.42440196239238,105.58160550330373
28,Randy Vásquez,SDP,21.2,123.22641638110446,92.7802412218088,132.8153609914459,41.873949214565236,126.1459471778807,94.97842880912727,104.81769680360395,99.83105239401094,121.22588945246552,115.47905448292572,65.59531712870348,66.22450712171235,85.59802426203004,85.06222940230333,103.02773055855012,103.99826447545601
29,Michael Wacha,KCR,27.0,85.98075358608641,67.17890472606739,127.98771856980436,62.83375579005399,101.95504934984707,79.66002097894018,62.135906619579174,58.16389680640492,59.7059389580204,138.47957488499284,22.97896308139981,82.08247312655307,95.05541190333572,89.662378197705,86.66022605664416,119.08862746855804
30,Bryce Elder,ATL,23.1,105.27056978475031,75.38394788876546,139.6458652406482,38.88295382007455,114.77894972190845,82.19287092043592,86.94817379431483,79.45737023046782,95.16394533289,123.30814290600503,19.447092452000835,68.90341441165174,84.60602010381089,89.70781272676682,109.52371634401837,94.22338918029826
31,Casey Mize,DET,22.2,111.32419323595444,70.0191942108465,158.99095472601968,74.84609670424078,115.53648045061394,72.66858291817984,98.92836653206702,89.07874736385118,105.98034157109323,116.61437884315518,65.62476717783275,75.62755545579783,90.01276761170935,94.07200291026516,83.01592572515929,120.78059702249018
32,Mick Abel,MIN,17.0,112.8085079019497,80.02193062958027,140.9719798443091,0.0,113.06748177218411,80.20563681908558,93.05449476922554,87.97900357271332,108.07378041694197,115.60034073948758,49.74890558697575,60.37185778895879,92.79399878405586,84.9233515140771,106.55089469883521,100.4406407885241
33,Will Warren,NYY,25.1,123.51126499929973,53.698931849837365,230.00691450156432,100.45134209311335,128.25649706097718,55.7620145876746,95.49615789728102,82.65396587982212,103.12844001839888,101.56736217309086,59.533311285768,72.47032554236199,65.5224458374,85.64764459641216,122.37031258176512,83.42128705867795
34,Trevor Rogers,BAL,28.2,88.02377647792805,63.27315585459799,139.11708540196125,88.77094764893843,89.01991109565054,63.98919674787733,112.93592285519156,99.12983296826827,110.34423798872646,100.52963689032566,98.01827704169851,89.46534923271669,99.67425219280943,94.84945750132817,93.168306186649,109.70588691468666
35,Davis Martin,CHW,25.0,76.70978537332579,54.414912828114595,140.9719798443091,67.8604562532583,87.80772515984327,62.28735664760624,92.90169592723996,74.78215303680632,89.47666885168897,120.63556429637823,50.99655480348918,81.89779474764521,97.20208453862608,116.79224296344424,82.77991740564742,109.9644239424594
36,Jesús Luzardo,PHI,22.2,141.34795396592398,55.42937431384072,255.00549310357616,120.07971220323897,139.01798254858787,54.515680171863856,127.80996577987838,112.46723535584712,146.21543683959658,57.73952717217543,197.9310341994614,69.35659461176526,47.01087394277324,153.6608018424035,115.39105833635158,55.50640511377799
37,Edward Cabrera,CHC,22.2,80.09717054402566,121.9446183597676,65.68323305281464,0.0,84.83661489337788,129.1602263426892,95.51512621228412,98.83483903313785,100.26201383286623,109.90420358258758,61.45043487108778,77.46895108889467,106.68143298856647,145.12409074655355,93.05730500573675,85.39446950762877
38,Jeffrey Springs,ATH,29.2,91.86121745121272,68.7828969028748,133.5524019858828,114.37155793410317,101.11434048491306,75.71135532782911,79.51251889493237,73.10165678238758,73.13263336484795,107.6440420198307,76.82930623071687,94.10637152522972,92.39354373193423,78.25080279072435,99.47086816936547,111.14938563732085
39,Rhett Lowder,CIN,23.0,69.64971445088499,76.47646787605176,91.07339035770498,39.446474375880996,72.46682088346617,79.569695030098,92.70944562111868,87.32633570949513,88.96488551367003,90.1299937698103,85.02457405540322,77.7881257809734,110.99946498804319,102.91479628914955,92.95390792478602,106.62448330208095
40,Steven Matz,TBR,21.1,99.35683697641063,63.76747692065624,155.81113565019663,79.52397335678663,107.3265941713517,68.88248849349978,87.25989253084884,77.1190964683706,88.42400215931615,96.98621597613045,89.08867325151559,79.8675337184963,87.33861032558559,155.58639149541668,71.91939430857082,102.51371884781801
41,Carmen Mlodzinski,PIT,14.1,111.76350056245468,105.1869076301439,106.25228879315674,0.0,106.43564322935663,100.17256263635204,124.425834912554,123.95966128727271,138.73464704780326,114.47488876525989,62.43261135736904,56.401149163761545,82.69152163675719,135.3962104513363,112.70754534641823,67.71980014202178
42,Michael Soroka,ARI,22.2,131.92475148427752,66.51524637805504,198.33760571889195,80.05313810068066,136.72592985613198,68.935957048613,90.966786868842,81.7943495446658,103.97542175260202,114.52468204020742,69.70826385612136,76.56612106394316,75.5010883548805,134.7248242523149,88.11680799530127,96.26285641554387
43,Yoshinobu Yamamoto,LAD,25.2,87.37873121610373,29.370368434279502,297.5064086208389,106.0444163571329,100.38561693024693,33.742336494373774,83.96934172508492,63.20472444093522,78.5635183018728,124.56167672694349,53.56343445369852,83.69842505047099,86.8464184061106,77.83471978025302,98.42178499729229,112.89651188733446
44,Jacob Misiorowski,MIL,26.2,168.20405743475433,113.07591836693945,148.75320431041945,136.0903341985724,171.83123646511208,115.51430634802678,75.17394192633469,84.00961282470625,91.23843258790828,110.23000653298706,77.52472452581951,89.45138135971966,67.6016190737606,107.81550074832904,94.02234373559745,102.94777694480604
45,Hunter Brown,HOU,10.2,160.86345753391709,127.53495954256952,126.13282408293907,0.0,171.746322068469,136.16305851377834,57.485402174038946,77.1190999158631,86.84500212075694,127.21568604887943,20.086822372612204,40.35545078273209,58.40708638028681,104.33440372096581,120.57074929620057,76.21672157987715
46,Joe Boyle,TBR,15.2,103.08146269162866,86.83231122825711,118.71324617999528,54.14398325039657,105.31325261932281,88.71229526959465,77.98852894944616,81.14659488621211,80.78604848442505,53.82202093994673,121.31223903234363,72.9246454992502,93.85397698021877,82.99327563970716,98.6487948567876,109.70588691468666
47,Aaron Nola,PHI,22.1,114.76609352232963,67.50801031672589,170.0036620690508,121.87193990241343,117.19365442189908,68.935957048613,112.22722364661735,100.30998449856621,116.97234947167728,106.16622751520148,100.44260875622189,85.90852320381886,74.34401826689152,109.21570224921294,109.89624599066204,84.03900165782935
48,Logan Webb,SFG,30.0,96.11660195683261,92.13593128748104,104.32042897373519,60.48459153507822,92.88928838882465,89.04227754281047,109.66551528077065,108.15030358663482,111.83070773665848,82.73126289452628,140.1511858501387,87.22624172495551,84.04421476144694,109.30701984195504,135.4590683112259,54.67102449279921
49,Kyle Bradish,BAL,19.2,107.77690978481962,115.28583598990858,93.48668139011795,43.13164731803856,103.6677329521171,110.89036957491093,119.98235222991718,121.67943938336474,130.26750318113542,82.31603214104332,131.88378478970165,77.37609011822803,90.91964805637446,85.36451180336256,122.7629447160277,83.14551438148713
50,Kris Bubic,KCR,22.2,115.77715609419961,100.0274160926688,115.74541505443176,74.84609355517598,126.90838590311513,109.6444104319907,75.38591981304347,79.18110543641218,81.73647258424182,92.41139452326924,91.24000302947711,80.11577556296986,91.33098543150457,68.90007756475356,86.4469523164781,129.4246214836257
51,Jacob deGrom,TEX,19.2,128.30584498192812,69.17150159394515,185.4894471729367,129.3949419541157,139.23627151277856,75.06424969337468,88.62332835164338,79.8521320953331,94.74000231355303,133.27357582074876,54.929926772352545,83.52067028397781,83.32313508163537,77.69583244717198,61.56804196805506,151.35235469417668
52,George Kirby,SEA,33.1,81.75648489822804,54.414914903878866,150.24645223411818,101.79068826289407,90.9245232435814,60.5169143528819,95.71319461977484,78.52126368399513,89.77236174280495,115.07997916020159,75.19647589491197,97.58128393998858,83.74680361117328,50.48438861116331,145.2034828703991,76.48989958580967
53,Chase Burns,CIN,22.1,105.20225239546886,101.26201547508884,103.89112680108619,121.87193990241343,113.53135277798042,109.27915894824567,80.60348203568279,83.0151595850203,77.98156631445151,125.97715038280303,58.375079105191894,97.28467173559628,95.22648645265701,74.28436430643647,101.22022655820018,111.46225483874387
54,Paul Skenes,PIT,22.0,111.65060337510289,79.95267132863214,139.6458652406482,82.4789922557534,118.69186864820665,84.99490104802197,69.85635109759174,70.22747309599761,71.48310245491388,101.04417262059444,81.35158102585225,85.68523254602863,94.77432560115416,57.739210469460126,100.70492355507696,120.32857058561055
55,David Peterson,NYM,19.2,114.03665007603274,127.76940036893937,89.25192258625167,46.13231706896496,98.31581048923675,110.15539479918237,128.34073806301737,141.40718117378296,137.0769720371218,85.63615278441738,167.85249591720404,82.9438610449279,90.35189849543903,117.6169101959641,128.21228691217834,58.82730118695283
56,Michael King,SDP,27.2,100.36271920906252,127.1536430339712,78.93027166884487,32.79285158585447,105.42197037182103,133.5634168484694,76.77338749923544,86.55747387857515,83.80108618866431,111.35480250246323,59.93146406351265,91.78051389000848,112.85277459452352,80.19334766842057,101.40426329557658,108.29571363293864
57,Luis Castillo,SEA,18.1,93.59328529623092,86.56918550355022,108.11384920122849,46.26849610904531,83.92149824890053,77.62325860485414,138.25239222856368,134.60788480240285,140.072584065737,81.5585225346405,136.72086953069328,83.08109127893582,101.68560463171386,126.2109717887443,97.23447512996883,90.14881029872015
58,Ranger Suarez,BOS,22.1,67.79144522651984,60.912216719388226,111.29366832156902,75.96319837967947,75.77043596391498,68.08152876897154,95.71319461977484,80.36291187000148,88.2234942179118,105.61302237228081,73.2453836048029,90.22452101330133,89.10141021248987,152.48874373935863,103.87633766969473,70.35389660845053
59,Brandon Woodruff,MIL,23.2,90.25033290039,42.469828622977765,212.50457758631347,115.00591657171746,96.62242769324645,45.46839670212428,85.85629322452503,71.81006266067862,79.75387463977995,95.8230451502682,87.35180254660881,92.07317625313507,104.6678994274529,77.83471978025302,71.27094770095391,144.04037729946324
60,Joey Cantillo,CLE,25.1,119.5270306444836,107.39786369967473,111.29366832156902,100.45134209311335,126.52927177843169,113.68954422917461,99.25812775384058,97.41360264407608,109.69895004727192,108.00526359461442,76.586322982732,93.67814773042488,90.61962858635658,78.25080279072435,96.45659943696046,114.32508236981572
61,Sandy Alcantara,MIA,35.1,69.51829763825455,85.34031448176249,81.46008804641957,102.70968466288369,74.60631741006559,91.58634221858804,83.56528977452678,80.89409572858314,73.69258016715669,106.92505045228584,76.38865592379871,109.40244074204048,115.33717846331216,57.07879457608903,106.34077908371735,114.19417300132373
62,Walker Buehler,SDP,17.2,108.81125141416885,85.34031678516445,127.50274655178808,51.35484371754927,111.97612855581266,87.8225197892615,102.91192049808389,96.19838670613618,111.99480268564845,89.81704239100611,120.67063136867635,75.09357549355093,79.3444265038109,154.37219443372433,105.7751367313949,66.18071390150266
63,Max Meyer,MIA,19.2,108.60633340574549,114.99246033204543,94.44647891780578,92.26463413792992,103.21032058340253,109.27915894824567,91.35061297377383,102.12740862550993,92.34659168816627,101.54192716279293,102.93047945133699,93.94690019290766,95.76175055366251,127.75629895120831,95.49604817490585,91.28374325764722
64,Shane McClanahan,TBR,18.0,100.9339334704693,138.55649833850146,72.84676470338428,47.125319339329764,97.74386275836073,134.1773479370354,80.14631433539923,99.70954266521008,83.37120203592666,74.30296703440698,117.31842191812851,87.34535072715956,107.77413840965355,88.7952367098594,97.48273343760918,108.1088247089674
65,Andrew Abbott,CIN,24.2,64.94365415563657,112.0572209486995,57.955793860130356,73.56234579634648,59.753343400048756,103.1015848606776,131.8871214150201,134.66592723617708,122.41292386570879,89.62553483704718,140.94163950992197,101.8658345466428,118.19992263041983,115.5890322332048,108.75938812868158,82.15536882599335
66,Jack Flaherty,DET,20.0,105.98062958248717,158.71016998322486,66.7762009929414,42.41278718068573,103.6677329521171,155.24651818554352,83.88010796099204,104.6950192437764,92.16204306692575,99.27980899053502,95.62465859908231,101.65686496200776,123.63977335359792,106.46367692560787,78.7400811139739,119.25065278612863
67,Gavin Williams,CLE,29.2,136.09069252031514,129.92324970543015,104.7469819287626,114.37155793410317,151.10162317227457,144.25390673012447,56.429547848393334,75.62240356798716,57.89666808050463,131.90806780982624,50.866318503257936,95.23094585258838,74.401517202329,53.96607044043748,133.04358520577924,87.60542705074381
68,Matthew Boyd,CHC,9.1,194.5217209379283,80.76852219740893,240.83852123615466,97.20739249626052,208.65221570763612,86.63572976102006,99.88509930696377,91.04491083140897,153.52620868157643,43.304645448419,174.10958430498872,45.60240345919096,43.01615048929779,124.53555175426006,54.301674361894655,140.14739395749538
69,Aaron Civale,ATH,20.1,79.42342381755046,66.90358552992654,118.71324617999528,83.43499241432148,78.0974679807372,65.78664625919443,108.94184753470309,99.30089794728158,103.12844001839888,111.06131313731156,81.52379774191195,91.65995703041841,107.53257189897907,96.30868003678566,92.74673007945184,109.43939489362687
70,Andrew Painter,PHI,13.1,104.12632126913364,56.537959183469724,184.1706338939713,68.0451670992862,96.78082527426605,52.54954012676026,134.056317490925,121.66909443578146,138.73464704780326,94.1770929467681,134.59309702649608,74.05936667831108,100.04548685803276,132.31902410277863,73.43067344480879,114.31214197691317
71,Yusei Kikuchi,LAA,24.0,113.55067365024512,103.91737237744087,109.27014705507641,106.03196710904794,105.6690407141804,96.70439481287065,120.31288212586738,121.52100351362111,125.86232191414051,97.7215465072292,131.5983780685768,95.17064362372629,91.70713205723142,115.92711512959045,103.82481175998299,88.21379806840099
72,Zac Gallen,ARI,25.2,58.25248747740249,68.53085967998551,85.0018310345254,70.69627757142194,57.79777947221037,67.9959206247161,127.76564887080073,114.37045375026374,116.97234947167728,106.2932205705331,87.94363500325997,99.36795580278358,113.50463893941671,90.21751619313267,107.52348596725294,96.26285641554387
73,Janson Junk,MIA,22.0,72.81561069952673,68.53086095315673,106.25228879315674,82.47899203229288,73.24603378662424,68.935957048613,113.53219136343846,101.82983571330873,106.80084082196622,86.609290896838,112.46108063995605,96.76543425561044,103.10581445300136,78.99643211847454,117.1133128074953,90.8750101097001
74,Connelly Early,BOS,19.2,102.64467598554252,115.28583598990858,89.03493465725522,43.13164731803856,103.43265896218325,116.17086396828088,88.62332835164338,95.06206201825371,95.35921801494882,120.25857823010719,51.985601592341304,86.2303005397937,103.85107709393913,120.38585004598208,92.74673007945184,97.71374545888511
75,Jack Kochanowicz,LAA,23.1,77.86332022365768,145.7542387325683,53.42096079435312,36.353817831085664,78.98493924728352,147.85382642515964,70.89866268131469,92.94353812505159,69.47600169660556,96.33361732955206,81.21500023527956,96.75697876813226,114.01066612792458,48.15434001839283,140.97502979793205,82.07954629724802
76,Walbert Urena,LAA,6.0,134.57857083039613,75.57626781682583,178.0698693145104,0.0,144.80572246017314,81.31960448504604,77.34399565234331,74.78215303680632,99.2514309951508,93.29150301854924,70.18579884764111,35.75266554475463,63.24206783975742,37.26228681962835,137.7951419494543,90.73419232070292
77,Grant Holmes,ATL,26.1,85.16661344130546,104.96499007953108,81.13811143818323,103.35975001926225,89.12741702376724,109.84654809659867,79.59593851023675,85.07302772492058,73.10771841979829,106.16622751520148,86.15800399928025,108.15753596739737,106.73384846593996,105.8552192822229,95.38994148112326,102.35950399117553
78,Lance McCullers Jr.,HOU,20.1,104.24323887131666,100.35537358802023,103.87409041862526,83.43498850105212,106.07861052324783,102.12229364137495,102.09407426109316,99.30089328986925,106.88615645631626,80.11674871992406,147.52288569250865,95.94013113675058,95.5093566806358,115.92711512959045,102.70841584385467,89.38998188343805
79,Kyle Freeland,COL,15.2,88.61814724443508,64.15655050203321,138.12797543110375,57.91078147945894,88.11388539923449,63.79148209977248,93.53647011372453,83.82470678958195,93.5778795773418,120.19248521875797,51.17013026362231,90.30196707635002,102.75607289563425,115.0600207748419,115.39105833635158,74.8129807594881
80,Cade Povich,BAL,6.2,75.70045331145562,0.0,,0.0,90.50357648330606,0.0,88.62332835164338,56.08662012644166,91.41579170605993,111.94980373420888,32.421432471298914,40.41789787480891,83.94293892869624,82.36926565619657,88.84160459226896,120.34219183451351
81,Shane Baz,BAL,22.0,87.17021443023361,82.44684119232976,105.72898490549056,77.1141581760568,85.09202227506285,80.48125758428864,127.12863653201258,115.57242333953941,126.32000308473738,101.15946116851863,117.89611194465944,95.66240788404365,102.45419607472914,145.7612989478161,88.65496251920743,89.66673115088805
82,Cade Cavalli,WSN,19.2,97.74570480504742,153.3232878776672,63.75137327589404,0.0,87.89524081642432,137.871914097226,119.73406134873221,133.55123314028356,128.669584418845,89.8863991111563,104.34094657525624,88.52890220528705,123.99770667495788,123.4977556528347,100.00558381457732,88.24095178042926
83,Dustin May,STL,19.1,82.85914098038388,51.98892760012341,159.3784331897351,93.85540220111255,81.09382315334291,50.88130099510284,146.94634801889862,123.86672905094784,143.81846246517696,78.0057189139818,180.7724949164664,97.59352859358242,102.74834285110657,110.97724583387765,96.77959715057852,98.20363973523095
84,Justin Wrobleski,LAD,13.0,32.86037673737867,77.31686541606801,42.5009155172627,0.0,39.489165847987444,92.91368049612544,40.42968305281867,47.53859498313619,36.93863667526651,121.25300725557322,17.62557414859249,82.64501527111345,124.94429391796074,41.784954756971736,121.4642718236838,104.49586402713862
85,Brady Singer,CIN,23.2,72.200266320312,74.32220009021111,97.14494972338551,115.00591657171746,66.0546050462225,67.9959206247161,134.4987475816542,127.29965653483937,124.10480980531614,97.90615490878537,128.53480021653206,108.13771286991305,111.39579338223824,149.44266242267773,92.31284666908127,84.08843626860806
86,Chad Patrick,MIL,16.0,60.072879803643055,94.22993534237472,63.75137327589404,56.70430794397598,64.87505834102416,101.76260305871301,89.37087832728338,86.90649913357686,82.12952196947553,133.56613526381324,28.712861962340703,97.64060931708218,133.46073773684518,66.15951205138931,76.92737214730701,143.3915466101072
87,Michael McGreevy,STL,21.2,59.14867986293013,34.792590458178296,170.0036620690508,125.62184764369569,66.45737704759507,39.091730848387215,80.60348203568279,64.1771051104356,65.79694657781847,120.49988293268011,64.52187594105382,107.47894582599632,106.08333106515357,86.89607527739439,93.0017483652259,114.5815342789692
88,Freddy Peralta,NYM,26.2,112.1360423001337,94.22993534237472,119.00256344833554,136.09033906554234,113.53135277798042,95.40244030076174,80.65721769037324,84.0096158291243,77.40817244449231,103.65836389929746,106.10675924190365,108.25484256523887,93.36194747236098,113.41630622258849,92.31284666908127,102.10738697323063
89,Grant Taylor,CHW,5.0,100.93392812279708,0.0,,0.0,135.7553649421677,0.0,26.586998505493014,14.956430607361265,31.580000771184345,139.9372546677611,0.0,27.545304457047372,73.72269062616425,47.424728489828084,65.7658630770974,161.67183356190094
90,Tanner Bibee,CLE,24.1,95.40330690969499,83.85860291860376,113.7668609262053,139.43930095763653,93.37939120037653,82.07960059712555,121.54056459653948,113.70985508019417,117.42422821961502,106.958411184288,115.17090474052239,109.16039243969364,89.18187071671055,112.79394985581771,110.7947424857139,82.39645567963288
91,Drew Rasmussen,TBR,19.2,102.64467598554252,34.585750796972576,296.78311549450575,172.52658927215424,117.4100452379782,39.56088829916582,59.91436282928003,49.43227224949192,44.346384061663116,113.46263880634366,64.42570833286835,99.2714917500544,72.98573489539754,62.60064223257948,110.92508935250453,106.70341021182799
92,Nick Martinez,TBR,22.0,64.23068431701424,72.14098604328854,89.03493465725519,115.67123726408522,66.10696030077655,74.24833431768656,100.09222966773838,91.7781008872813,86.84500212075694,128.8895765866584,57.59267929592306,108.27588823765444,109.4264259778547,95.51741157066999,101.89077398859642,100.19099545754659
93,Jack Leiter,TEX,20.1,119.1351357263257,100.3553782948898,118.71324617999528,125.15248862148223,115.84457779437165,97.58352577238938,111.66539372307065,110.33433105253508,117.97811608857546,104.43078696523982,116.88368377757514,99.43622421573392,88.21614418103755,104.33440372096581,100.84099027661475,97.00309998470712
94,Nathan Eovaldi,TEX,26.2,109.76564945055887,68.01864265683403,161.37581906627506,159.04794813557274,103.26309725324174,63.98919674787733,124.22951514071072,114.97756303536843,123.12202832309846,99.95518186556156,121.53246195249517,105.13161962002452,79.77606999537052,86.94533608635683,126.31221335319083,78.63629990965354
95,Clay Holmes,NYM,23.0,74.29302874761065,98.32688726920942,75.55718310874407,78.89294875176199,78.12910264518244,103.40393503866581,81.83357533582574,83.96763048989916,75.5821335047761,125.43414532689567,51.25930305172426,104.27964802578992,100.65038899052503,86.89607527739439,134.3358589036255,67.16848567570815
96,Coleman Crow,MIL,5.1,80.09717307152407,47.11496767118736,170.0036620690508,0.0,86.5000780907825,50.88130099510284,84.9023344109192,72.42208261131405,87.72926210375796,83.1449192609645,86.1385858870221,53.54476883523076,98.9971508768004,66.15951205138931,100.9671760443076,115.81624932762963
97,Chris Sale,ATL,29.0,106.79622439648068,60.65374786950164,176.0752213922304,156.42566776313336,114.51858191282697,65.03957666784001,88.94530271620107,77.2502168475963,84.0223918740217,127.48887620014555,70.41188262699765,111.67433333611928,91.06517846364599,76.60575074063225,100.20802427184779,111.46225483874387
98,Peter Lambert,HOU,5.0,161.49428499647533,45.345760690095496,356.1397386290208,0.0,144.80572246017314,40.6598017546054,141.79732536262938,119.65144485889012,187.05077379855342,83.96235280065666,171.40754069627127,42.73486719279902,55.50609915301352,200.64308375775147,111.29607614357052,39.08549803112061
99,MacKenzie Gore,TEX,26.0,135.87260053369644,104.6440669693111,129.84261301215219,163.12610274607,140.78334138932817,108.42613963867316,85.07839521757765,89.16333958360704,88.42400215931615,111.94980373420888,99.71894442069306,105.90034655502375,73.64493093468384,106.10278317979302,106.2657451178912,90.42661872454437
100,Spencer Arrighetti,HOU,6.0,168.22321353799515,151.15253563365167,111.29366832156902,0.0,160.89524717797013,144.56818618489757,60.77028229826974,87.24584520960738,94.74000231355303,124.38867069139899,35.709904311723186,68.11528620831542,94.81959149737422,47.424728489828084,109.60977195592334,115.47988104305618
101,Eduardo Rodriguez,ARI,23.0,65.00639745872738,98.32688319217347,66.11253522546367,78.89294548053682,66.22662230244677,100.17256263635204,92.70944562111868,94.0437422492477,84.0223918740217,120.9780571235424,49.06999802544816,108.42732689157556,115.27122476990051,116.00571965983515,98.00336455753038,94.28485253291285
102,Kyle Harrison,MIL,14.2,109.2234160492901,68.53086095315673,159.3784331897351,123.7184880484393,113.53135277798042,71.23382160684544,94.33592712324355,84.2729674868762,94.84244551757615,118.51797689273766,78.30780407888123,101.21981675741198,89.63805774446894,171.65711217789354,68.61089948273327,100.1654047237305
103,Robbie Ray,SFG,28.1,116.84763899542439,97.55569632963227,119.77530735910378,160.1062788958775,123.49024311759248,103.1015848606776,82.42945088438756,84.52082928526863,78.5635183018728,127.02695988964585,74.19768995644665,113.52966915680666,101.47598569894465,82.0005217331852,61.75859441727858,152.86812769127954
104,Jacob Latz,TEX,4.0,75.70044609209782,56.68220086261937,133.5524019858828,0.0,93.0893929790815,69.70251799063443,0.0,18.69553825920158,0.0,139.9372546677611,0.0,57.51579375354056,106.5692667670878,0.0,96.45659943696046,152.4334431597543
105,Aaron Ashby,MIL,2.1,183.07926676510897,0.0,,0.0,181.65016444476865,0.0,127.3535016163788,99.32172090699157,175.45852420751592,46.191621765455324,196.88821140163242,-9.224316838617849,35.19372694594917,0.0,115.39105833635158,132.3614278030053
106,Foster Griffin,WSN,20.2,98.1836286753195,85.11090688681958,115.35962782042704,131.70032432958055,99.1768136495631,85.97185440033577,102.09774391186485,97.18575966902642,98.50303113404402,121.55689944112447,77.22725587548334,107.4425142711294,100.33613275392787,107.64937527212017,89.96590977983513,107.68387346236494
107,Noah Schultz,CHW,9.1,108.1434981006282,121.46186312829363,89.03493465725522,90.88454272040859,114.3203069996233,128.39937565678355,51.56266376822888,72.11136431301881,47.37000115677652,73.65118660095662,91.06527953646705,93.34735148606465,94.2728995311348,142.2741865128283,76.72684041737465,103.93189304037284
108,Mike Burrows,HOU,26.2,94.62556325524535,76.52097572554172,123.65963143378531,159.04795382357096,89.01991109565054,71.98784609740318,136.73313517110694,126.1948907714123,131.326588572852,93.29150301854924,160.69457898089763,116.19928556458805,101.70529674974486,95.93968107281773,97.0109475709996,105.12651241008142
109,Eury Pérez,MIA,26.0,110.90377148865302,115.97529812410204,95.62705991384105,139.5798266194113,109.47666134783802,114.48292857461556,99.6302903801603,103.99067652561043,99.51378984903887,92.67745764785991,103.81022378298417,116.08547302347854,110.84485177668404,90.73304487221559,79.12529694711354,128.57967253383168
110,Adrian Houser,SFG,21.2,54.219625594202846,81.18271464239987,66.78715293748384,83.74790211535627,49.459203149940684,74.05496305662152,123.24532414488272,121.22342609989485,109.66157762969743,81.76777763008211,140.15119613156915,114.09873465014829,111.5323899652302,125.70307289763969,118.27583479476034,66.18071390150266
111,José Suarez,ATL,3.2,174.75748840546444,205.5926095960702,85.0018310345254,0.0,151.37513688593208,178.08455508562093,141.50389068486533,168.54595689256473,194.95391578612876,69.28743271747041,247.5084788177758,57.77119129631304,66.07456931372107,176.42536529394616,128.21228691217834,29.413650593476415
112,Kumar Rocker,TEX,14.2,96.34602647552136,108.2114790649328,89.03493465725519,115.67123726408522,90.77373617579849,101.95293645656172,108.15050239522581,112.17323441778824,105.02186302975258,110.84138970699726,103.11845457728259,110.42226767327104,106.81810540776509,46.37084563449857,128.6087991689001,95.97661216224638
113,Reynaldo López,ATL,20.2,98.1836286753195,97.26960787065096,100.93967435349889,131.70032432958055,102.71884290310125,101.76260305871301,84.9023344109192,85.97201816875413,79.45291662227136,111.97968922915827,54.8909854570075,113.70728549462494,107.34467736168575,94.51358834239839,82.42218449299651,122.90704002715553
114,Anthony Kay,CHW,10.1,107.44580767501719,131.64899884869902,81.61535675431143,82.08927169815829,106.19086305057688,130.11136737124073,68.98248260884674,86.84380130993029,69.47600169660556,133.27357582074876,41.12625893456313,107.03842586312922,108.51816181996399,160.51446690186677,83.47205716796324,87.94237101461889
115,Tatsuya Imai,HOU,8.2,151.4009204715858,287.77122737671743,52.6115522610456,0.0,128.35052665695073,243.95881443097346,93.05449476922554,155.3168084031616,127.98210838848392,88.38142394913537,173.05572245936526,103.5014524653053,121.72620286537838,82.36926565619657,139.60823592564634,66.85677312848274
116,Brandon Young,BAL,5.0,40.37357124911883,90.69152138019099,44.5174673286276,0.0,48.26857415339105,108.42613963867316,53.17399701098603,59.82572242944506,49.6257154975754,139.9372546677611,0.0,85.69673149087012,124.07693778605883,0.0,137.7951419494543,108.88103068322121
117,J.T. Ginn,ATH,9.1,75.70044867043974,121.46186312829363,62.324454260078646,90.88454272040859,86.88343356298732,139.40503598126887,42.53919760878882,64.09899050046117,31.580000771184345,127.21568604887943,44.40135286290839,109.42221871421245,109.49777752747059,0.0,142.49270349447204,103.93189304037284
118,Bubba Chandler,PIT,20.0,90.77679506558349,163.33188597971494,55.57812026238135,90.72689162881267,90.82508222238432,163.41876834706497,76.64794078763538,100.42528669052604,72.83184023708208,107.5149816691749,78.3008968646673,116.90640489772206,121.62715998765074,98.01409182997007,94.02234373559745,107.8500521760802
119,Mason Englert,TBR,3.2,55.05487943142106,61.835138935690914,89.0349346572552,0.0,45.72812253919901,51.35974948204522,165.43021292306764,163.1610894625848,151.97875371132466,69.96862733388055,172.7780603569518,68.06103420289377,131.13797151187796,228.2315081396127,30.142687324050144,111.14938563732085
120,Jake Irvin,WSN,19.0,118.0379322276892,145.47778624339114,81.13811143818323,143.2529799515011,109.61647838766197,135.09862788545306,96.22264566570841,113.84242482803666,96.33017015314599,89.40313894558281,156.00292310964576,120.70038764445474,114.80357186826842,117.6169101959641,72.65362913484333,122.55687734045696
121,Martín Pérez,ATL,16.0,46.7233481734603,94.22992972583289,49.58440140847253,56.704304564135846,48.90581318996628,98.63144595932897,81.92330513334308,82.07835540057108,71.61572416633304,110.23000653298706,70.90085403412957,115.83508269708909,129.7966276451046,132.31902410277863,91.35125443935094,93.75601118398019
122,Cody Ponce,TOR,2.1,129.77221098079977,97.16950043135562,133.5524019858828,0.0,130.325150344481,97.58352577238938,47.26577512087646,64.09899705005787,57.89666808050463,69.96862733388055,91.85157748693665,44.600580988303335,86.93333958923064,0.0,120.57074929620057,127.02786929979524
123,Sonny Gray,BOS,20.1,54.603601313546825,44.60238826134233,122.4230351537259,125.15248275157818,54.30214597686708,44.356147634797324,112.75449968594629,95.62308242728149,95.65536465474678,98.20158208796308,100.5623095982071,112.57254246590816,101.0283357697678,79.69989132554842,133.96749908403314,74.09959025551007
124,Sean Burke,CHW,14.1,70.41902118234243,94.90973378189697,74.19577885136769,118.36126353191791,66.8334100654834,90.0771004127178,117.34951064493467,114.78191185799484,105.72435040787802,90.05862918066566,133.42122192169595,116.99018005984308,111.27890657673024,68.04417602222082,131.05516206879062,82.84426245427214
125,Logan Henderson,MIL,2.0,160.19433659472105,125.63990630111053,127.50274655178808,0.0,151.37513688593208,118.72303707991641,159.1918770204735,154.5004336951926,210.5502290490191,69.28743271747041,229.7028820073661,39.37110807605016,73.99902627605815,211.7104385644458,46.156423334540634,105.88914224240425
126,Garrett Crochet,BOS,24.0,126.16741516693901,85.02330467245163,148.39155774725285,176.71994518174654,112.34926725372753,75.71135532782911,123.90057555957907,121.52100351362111,127.71323841287787,77.74291918212435,178.9171134724798,118.69851923721338,86.0445325627285,152.15433841196045,93.77724923825244,81.15669416195551
127,Zach Pop,PHI,2.0,53.39811219824034,0.0,,0.0,50.45837896197736,0.0,141.50389068486533,115.87532527139447,131.59389315563695,92.38324353091065,112.16091151462217,51.12879797608,86.61964160712279,66.15951205138931,144.23882292043945,66.18071390150266
128,Colin Rea,CHC,5.0,42.71848975859228,100.51192504088841,42.5009155172627,0.0,45.41254111119216,106.8507334787755,49.94254965348188,61.800173478077056,46.78893978867091,110.85989234795267,46.42921615585075,104.2670424123065,137.10210293138132,70.57014601172324,123.08379548184763,88.24095178042926
129,Erick Fedde,CHW,14.2,75.70044937362393,92.75269634137098,81.61535675431143,115.67123726408522,77.07401328023565,94.43566956717683,86.65392105494018,86.67931750465453,76.25414820359147,95.01912344481866,101.41360769855477,117.57446978733111,118.71756048575305,121.31907381511242,84.11912734305065,106.34891379102879
130,Tobias Myers,NYM,2.0,106.79622439648068,125.63990630111053,85.0018310345254,0.0,129.75011713617374,152.64390405381587,70.75194534243266,77.2502168475963,87.72926210375796,138.57486543494082,0.0,65.07981896234965,99.24025693818741,0.0,115.39105833635158,132.3614278030053
131,Mason Montgomery,PIT,1.0,106.79622439648068,0.0,,0.0,113.53135277798042,0.0,106.12791801364901,77.2502168475963,116.97234947167728,138.57486543494082,0.0,26.929523195184096,95.93819033734138,0.0,76.92737214730701,176.48190356085848
132,Riley Martin,CHC,1.0,106.79622439648068,0.0,,0.0,151.37513688593208,0.0,0.0,0.0,0.0,,0.0,27.26970968699859,95.93819033734138,0.0,0.0,264.7228556060106
133,Cole Sulser,TBR,2.0,50.46696406139854,113.36440172523874,44.5174673286276,0.0,48.26857415339105,108.42613963867316,159.52199103295808,149.56430607361264,148.8771464927262,139.9372546677611,0.0,86.05188990699682,136.17319519610356,74.5245736392567,103.34635640180534,108.88103068322121
134,Michael Lorenzen,COL,20.2,82.68095427878363,72.9522092694068,113.33577468436657,175.6004405426166,65.45951865337604,57.75715317401339,160.73742922455577,168.2061302660457,147.97706860874837,80.33325519607017,174.55617651464644,124.52913471553809,109.33648112354328,121.67266559220656,111.41205616559316,76.06978587155744
135,Ryne Nelson,ARI,20.2,103.35119776671324,109.42831911153938,94.44647891780578,175.60044889901758,94.60946049694186,100.17256263635204,102.468334633868,112.13742551371284,94.69190195326254,45.434382046208526,174.7525308532105,129.33542402160046,111.59097052472717,120.29002176726891,73.43067344480879,120.32857058561055
136,Braydon Fisher,TOR,1.0,0.0,0.0,,0.0,0.0,0.0,106.34799402197206,74.78215303680632,86.84500212075694,139.9372546677611,0.0,74.61853936901245,140.54486238403638,130.41800465120724,60.28537464810029,127.02786929979524
137,Cody Bolton,HOU,5.1,113.55067590629442,255.06991908513905,44.5174673286276,0.0,100.25011531543369,225.1927510317945,89.55620549218698,140.21654530156923,106.88615645631626,89.05098019223442,160.69457898089763,116.19928556458805,139.97707319605425,142.2741865128283,87.68781751651038,92.38390478363381
138,Jordan Leasure,CHW,1.1,0.0,170.04664313013714,0.0,0.0,0.0,195.16705154477876,0.0,56.08662814969894,0.0,139.9372546677611,0.0,125.42586076721501,177.61871929797107,0.0,120.57074929620057,127.02786929979524
139,Zach Eflin,BAL,3.2,192.69207800997367,123.67027787138183,155.81113565019663,231.3425046134542,178.87765695225286,114.80414716388788,113.43786029010352,122.3708170969386,148.8771464927262,139.9372546677611,58.94806363831927,108.66111991007766,41.70676015095637,130.41800465120724,120.57074929620057,63.51393464989762
140,Cade Horton,CHC,7.1,58.25248855962138,68.53086095315673,85.0018310345254,123.7184880484393,69.8654474791126,82.19287092043592,70.75194534243266,63.20472561515715,55.407955012899755,120.49988293268011,63.31257022977702,117.09993286873012,93.98060755050723,105.8552192822229,126.93016416998672,66.18071390150266
141,Emmet Sheehan,LAD,20.0,96.11660654002957,100.51192983367072,95.62705991384107,181.45378325762533,95.04950438730604,99.39603027333172,108.84914668066563,108.15030874364342,100.26201383286623,92.79566879824432,148.93610865743364,124.14445494494275,98.44412384977016,132.31902410277863,92.31284666908125,92.65299946210371
142,Mason Fluharty,TOR,1.0,0.0,226.72880345047747,0.0,0.0,0.0,162.63920897009208,170.1567904351553,224.34645911041895,138.95200339321113,93.29150301854924,214.32031827068874,144.66043271488175,276.44724485183076,0.0,48.22829971848023,203.24459087967236
143,Slade Cecconi,CLE,19.2,92.38020838698826,115.28583598990858,80.13144119152969,129.3949419541157,88.85805681610039,110.89036957491093,96.422181246588,102.667026979714,90.06148368078499,97.63064270684801,120.57657713642291,127.85090714202876,113.9294745208496,74.5245736392567,116.26465107260178,95.27090197484644
144,Patrick Corbin,TOR,9.2,93.97297374326708,46.9094106957057,200.32860297882422,175.50119150814933,95.35986605274009,47.601719103542045,114.97080434807789,92.8330236686196,106.88615645631626,112.44957956377246,110.85534432759036,122.9232965776814,104.60004929774638,115.92711512959045,71.44933284481768,122.32313327747966
145,Simeon Woods Richardson,MIN,20.2,53.72289887936454,76.79524224089236,69.95602006876446,164.1785282441038,51.941182938318306,74.24833431768656,130.1198985680599,119.41021578065707,109.17657409466588,91.92958327871091,143.22870839455246,134.14542926255015,123.18566676574753,107.19288050665408,89.18932122872076,107.8866834522507
146,Chris Paddack,MIA,14.2,101.94185497933744,17.132715238289183,595.0128172416777,247.4369760968786,97.81162683405796,16.43857397038572,134.7656101760622,110.608269826525,124.77050610312244,84.49686908990972,184.02722286538267,128.8772823103542,86.56621918399887,121.29243840802968,81.73533283439428,110.30118965935584
147,Jimmy Herget,COL,2.0,0.0,125.63990630111053,0.0,0.0,0.0,118.72303707991641,60.644524579228,77.2502168475963,50.131006916433115,92.38324353091065,100.20816769962377,145.4210363276464,222.14434364798774,0.0,76.92737214730701,176.48190356085848
148,Dean Kremer,BAL,11.0,146.81298636043215,41.22341880917772,356.1397386290208,308.4566193329924,161.64359721535808,45.38768552070261,83.00331240739283,67.98377548800575,66.16762066343385,95.41176443170663,98.24675569500052,132.49207754213845,55.08790942819001,83.46752297677264,86.81093949326441,121.94675452780342
149,Matt Waldron,SDP,3.2,116.50499227030964,68.53086986535673,170.0036620690508,247.43700827519635,86.5000780907825,50.88130099510284,178.74175665456676,189.6142015041353,175.45852420751592,64.45342577402539,387.60874795978225,154.36088526052234,129.51091859043777,70.57014601172324,92.31284666908125,123.53733243965641
150,Shane Drohan,MIL,2.2,80.09718739401812,376.9198087680168,21.25045775863135,0.0,60.55005466354775,284.93528856439644,115.77591056034436,202.78186757190502,116.97234947167728,79.18563733200553,258.41580386941564,152.76042343645807,178.94464364126387,132.31902410277863,115.39105833635158,66.18071390150266
151,Shane Smith,CHW,8.1,133.23280545180492,244.8671450902768,54.41023783620763,101.79069991191565,97.5222209472557,179.23504695865662,130.8898387962733,188.45105440810082,141.52518864123354,67.9307061208677,254.98281292473547,131.64415064908366,137.33950712893494,96.6059292746587,107.1739992672265,94.09471790575361
152,Tomoyuki Sugano,COL,20.2,77.51339105946276,60.79350491915684,127.50274655178808,219.5005405493009,79.20792024706746,62.122518520142066,99.57681196342376,89.70993200217825,80.53833898049912,122.27194006519926,87.27808422982933,131.49310108642882,109.14826749398735,72.17401295450613,94.41086589058017,120.32857058561055
153,PJ Poulin,WSN,2.2,80.09718918433026,0.0,,340.2259161056364,82.56825619424679,0.0,115.77591056034436,86.9065166161861,87.72926210375796,138.57486543494082,85.5016243852265,161.8990940751451,78.31899896554133,58.80845509798205,128.21228691217834,88.24095178042926
154,Luis Severino,ATH,24.2,110.48173498207771,183.83416969816892,60.09858089364727,137.55498243721692,105.6690407141804,175.82617238703756,105.15307274082627,127.33177737167148,107.80758883956034,98.39338218826953,142.80434991651657,134.92740199659346,114.81976317139397,128.28000439536595,98.82848289131275,87.4618116282151
155,Noah Cameron,KCR,20.0,85.79384299534676,68.01864427852495,126.13282408293907,212.0639359034287,82.97855972953327,65.78664625919443,117.87970421712564,108.43412707391127,102.50557627368033,95.41176443170663,124.08640655645989,134.12491940972782,107.00643497907411,142.2741865128283,62.11220404405216,119.32921037728394
156,Kodai Senga,NYM,17.1,135.5490639855071,144.96913328999977,93.50201413797792,209.36975528839065,121.83852451157007,130.30577198780782,135.60789523966258,147.07253901825476,144.94399825838272,75.86215254462185,231.25832460560125,133.45655438272485,100.77828213928687,140.4201886061309,65.93774745592795,118.8551594383387
157,Jacob Lopez,ATH,18.1,88.08779334366048,210.23943957226012,41.89879275369806,138.80548110666876,77.22971838477537,184.3244367026597,110.71845952972433,146.8449576003154,102.9274099208971,101.21247975594363,146.92811065331088,148.18666179062052,151.52904847400458,82.36926565619657,80.38049945041989,129.2564282008334
158,Javier Assad,CHC,15.2,61.351028749988956,64.15655440742432,95.62705991384107,173.73235501395715,62.87890286743896,65.7542969500502,104.388116078999,93.68644270308002,85.93886899959962,84.26849923599646,148.1783644669599,132.66322734194188,107.34122220692454,83.02370134593207,113.12848846549748,93.43159597166358
159,Andre Pallante,STL,20.0,64.07773463788841,138.2038969312216,46.36463507110393,90.72688730261736,59.88466920293574,129.1602263426892,97.96423201259907,112.01281442901465,87.72926210375796,103.19404871930222,104.84804532756966,131.7652125071387,134.2477732050838,80.19334766842057,118.88775703884977,88.24095178042926
160,Chris Bassitt,BAL,16.0,44.15859618578117,155.87606166314055,28.329297374756667,53.01598460785698,36.63759229359987,129.32756380637855,141.79732536262938,158.9120846751118,125.28459322338708,98.27054400668688,148.59822684583278,137.23119319530014,153.61719935017425,128.28000439536595,110.68790088649855,74.96726707360499
161,Eric Lauer,TOR,12.2,95.62162091590693,161.09678948501667,59.35662308999764,200.90267662323694,91.45624551281519,154.07925039780616,97.4856611868077,118.0770896690146,84.21333538982492,79.71109440797551,186.1202857349737,152.03326747910154,132.50077709819374,72.45444656474001,73.68212443593285,141.14207685863042
162,Brandon Williamson,CIN,20.2,62.01071570908774,158.06312008371472,39.2316143203578,131.7003304069625,60.55005466354775,154.33994788333914,84.9023344109192,104.66159216553955,70.18340968300637,107.42237624385069,105.13791788115698,143.38809570505023,158.1336102478084,100.81449430246177,65.93774745592795,138.66435272218231
163,Justin Verlander,DET,3.2,27.52743971571053,123.67027787138183,22.2587336643138,231.3425046134542,22.864061052390923,102.71949993992568,150.1383445016076,163.1610894625848,115.79333616100926,63.607842954471096,289.77172915216545,185.33788204242987,163.43317176155023,195.6270069768109,45.214030986075215,111.14938563732085
164,Luinder Avila,KCR,3.0,134.57857083039613,226.72880345047747,59.35662308999764,282.751901055243,96.5371483067821,162.63920897009208,226.87572058020703,274.2012278016232,243.1660059381194,87.4607841673507,344.68444622099713,186.78324704781184,137.63041759208116,47.424728489828084,109.60977195592334,115.47988104305618
165,Brandon Pfaadt,ARI,16.2,70.48551079048612,90.4607359876028,77.91834510081462,163.30840337443243,68.42985623874654,87.8225197892615,109.34391552921412,106.60530331635249,94.47766688097012,83.98476692186867,148.97651968826383,139.60219072531353,117.25835583224249,57.739210469460126,121.68511600084835,96.26285641554387
166,Ryan Weiss,HOU,3.2,82.58231914713157,247.34055574276366,33.3881004964707,231.3425046134542,81.4532189653006,243.95881443097346,106.34799402197206,142.76595327976167,86.84500212075694,124.94397726198333,116.8687980119615,199.3436104517474,158.66407945686697,57.963557564795224,80.38049945041989,141.14207685863042
167,Max Scherzer,TOR,16.1,61.79628372688656,69.40677791731883,89.03493465725522,207.73609461431275,63.884877389858055,71.7525917334711,109.77857447429373,96.1484843472069,86.84500212075696,76.79483476601698,170.5814811272661,146.08986050072323,128.38017899875229,110.3536959624289,60.28537464810029,136.7992437440614
168,Merrill Kelly,ARI,5.1,60.072879803643055,188.45987068474943,31.87568663794702,170.11292383192793,56.76567638899021,178.0845550856209,106.12791801364901,130.3597487003653,87.72926210375796,127.63474439932318,84.64575163917803,173.11460212425794,151.0571922204623,132.31902410277863,72.11941146021972,115.81624932762963
169,Brayan Bello,BOS,18.2,70.29327735667059,145.7542432004925,48.22725625784074,136.32682104550892,61.38503422367903,127.28285910912989,127.61759282636645,144.22273599433356,113.98406528349349,88.01085190693205,153.3575327979896,137.38274847271512,119.64769843738247,96.30868003678566,129.84542220768915,70.35389660845053
170,Brent Suter,LAA,2.0,100.93392812279708,226.72880345047747,44.5174673286276,424.1278515828644,86.88343356298732,195.16705154477876,159.52199103295808,186.9553825920158,138.95200339321113,139.9372546677611,105.27869827146165,250.04700978332224,115.58828944863157,173.8906726943857,120.57074929620057,42.342622930561255
171,Germán Márquez,SDP,18.2,85.81839752727204,80.76851394453024,106.25228879315674,243.01845640917006,86.22634355435032,81.15245571198706,116.30456768619068,107.59851998822147,99.3161457778392,131.28145145738736,101.51656270174279,150.26882898109517,112.91425775274864,109.50539887420308,71.62203607348387,127.79724045481696
172,Colton Gordon,HOU,3.2,137.63719857855264,0.0,,462.6850092269084,114.3203069996233,0.0,189.06310048350585,163.1610894625848,189.48000462710607,112.85262460567047,233.737596023923,199.3436104517474,74.69655880771906,120.38585004598208,92.74673007945184,97.71374545888511
173,Jose Quintana,COL,8.0,40.04858892284409,251.27984255711254,15.93784331897351,113.40862264763302,36.82097924252402,231.02861269605356,102.468334633868,144.84417385601415,84.22009161960764,101.89328331837864,125.26022455671209,166.40967473280753,203.21343566131173,105.8552192822229,36.9251386676325,169.42262758784682
174,Pete Fairbanks,MIA,1.0,106.79622439648068,251.27981260222106,42.5009155172627,907.2688730261735,64.87505834102416,152.64390405381587,212.25583602729802,309.0008673903852,175.45852420751592,53.298025082008095,674.7664545893971,430.4992683695747,206.22166171607708,105.8552192822229,46.156423334540634,158.83371336360636
175,Matthew Liberatore,STL,27.0,63.28665149421078,93.06659726008188,68.00146482762031,168.01275426410618,62.10261998143341,91.32541272743288,111.08716651895969,108.72252741513554,93.84990829704338,120.6942375072494,94.9241562636433,139.0676140332213,124.07106160227308,105.8552192822229,87.18435500796842,111.77187230815495
176,Ryan Johnson,LAA,3.1,60.5603626491645,272.0745900876278,22.2587336643138,254.47673521851132,41.37306349798987,185.87338195891533,175.1614019185422,246.78112855634328,148.8771464927262,72.88398675947982,379.003349921838,221.9939460376803,200.62706459439937,139.11253794683972,64.30439946387932,118.5593445104384
177,Ryan Feltner,COL,18.0,83.06373448702666,97.71993230047428,85.0018310345254,252.01914474861405,80.47792055990189,94.67786410689548,117.91990890405444,115.87533141069044,99.3161457778392,97.00240580445858,133.6108973451251,150.75148545753956,113.56476650830298,82.12904902333328,99.47505011488215,109.54049185623207
178,Brandon Sproat,MIL,9.2,99.43097408119006,129.97232541158112,76.50164793107285,281.5662204924313,97.31258796566165,127.20325409051809,114.73288433908,119.8710340268168,98.25677355620893,89.81704239100611,190.09894933661232,171.00696518015562,119.5197045681131,78.41127346397606,76.92737214730701,137.26370276955663
179,Jameson Taillon,CHC,22.2,98.94356361320816,99.77286956708258,99.16880285944598,240.15941430204194,100.38561693024693,101.22701055162864,99.88509930696375,98.83483903313785,84.70411513466286,121.89455747126192,102.41739145181299,153.33397222561044,115.77775857648133,67.20966251545711,76.92737214730701,142.86630284478218
180,Roki Sasaki,LAD,17.2,102.76618189115948,170.6806335703289,60.20963028778821,205.4193748701971,90.82508222238432,150.84809369444346,123.81590434925718,144.2975800592043,116.97234947167728,107.34672670048624,155.6371509131244,154.21909057218818,129.43775962118232,88.21268238233502,94.02234373559745,112.7523271426315
181,George Klassen,LAA,4.2,129.77221098079977,485.8475021567781,26.71048039717656,181.76910401387417,81.4532189653006,304.94851803871677,135.3519923916008,272.42073746274593,138.95200339321113,89.70336837318182,270.71668958026623,230.0091182324076,187.88678073158852,139.11253794683972,128.6087991689001,50.81114771991809
182,Kyle Leahy,STL,19.0,73.0711009028552,105.80202635882992,69.06398771555187,191.00397326866812,68.64686415357507,99.39603027333172,115.77591056034436,117.90822571475228,99.42649705092568,107.90665742903269,134.89222205886153,150.82380224858647,113.18935809357464,100.81449430246177,117.2226622207993,79.83705153522945
183,Zack Littell,WSN,14.0,99.16792265387494,71.79423217206316,138.12797543110375,324.0245975093477,89.44894417259023,64.75801964258677,143.78621150236316,137.94681579927914,127.60619942364795,100.08184722777396,195.43223334614964,168.63551773838216,89.08819727800476,108.0155295341696,113.03613869368974,81.03760859966249
184,Cristian Javier,HOU,9.1,43.25740366026659,218.63137597055012,19.78554101516006,181.76910401387417,36.20143050643899,182.96911082323007,149.46204565250127,176.27224188765916,123.26387397784858,72.60895281972051,298.4328124062164,206.06467959771751,191.24289446343334,114.11575406980636,75.35671831012536,119.08862746855804
185,Luis Gil,NYY,9.0,78.50416631773108,125.96044636137637,62.324454260078646,377.0025347403239,74.16878461114959,119.004299222608,97.23245167723158,108.01866549760912,57.89666808050463,116.61437884315518,167.57523186261622,218.9690392015814,125.8501102884033,57.963557564795224,116.10516587282874,103.50418969632898
186,Miles Mikolas,WSN,12.1,95.25068907897293,142.61827569346022,66.78715293748384,367.81171476122125,74.55790309998693,111.63509367460182,155.6542797533519,181.6424064586102,135.58158688762595,62.988575122114085,314.27616713008143,207.5248406234146,131.2973934998601,99.23926807708398,91.35125443935094,110.30118965935584
187,Taijuan Walker,PHI,18.2,91.53962402909018,134.6141899075504,68.00146482762031,291.62214769100405,77.2979418821219,113.67099228956437,143.20875683769503,157.25937536740062,126.56024696935575,86.04321700593196,228.32757764584318,180.83259774135414,121.23588848149996,118.49464844234987,99.89076671136512,90.8750101097001
188,Tyler Mahle,SFG,18.2,120.14575653818085,161.53702788906048,74.37660215520972,291.62214769100405,108.37083645362877,145.70554526432758,134.05631749092504,148.98256613753742,128.90830349939947,105.43739758341697,187.7024874424015,181.29915634756236,95.1076753148264,117.6169101959641,119.66480111803313,68.63185138477832
189,Cole Ragans,KCR,21.0,105.7403107545699,194.3389837632475,54.41023783620763,242.35878402721096,103.88236587663661,190.92428866369485,97.72518369586622,124.63692774191419,83.06913246333274,105.21598091848257,137.8737851409991,175.47104338423034,127.11666455710768,51.14431519148284,94.56529338597346,129.5186116906223
190,Luis Morales,ATH,7.1,68.81859033965812,247.3405235769892,27.823417080392254,462.6849490563409,51.71632948109163,185.87338195891533,167.57865724674383,214.14890207032303,130.26750318113542,102.3931131612932,282.55406629770823,293.71220189170725,196.92062932201995,93.15571730990689,68.89757085415641,136.1012883540265
