rank,Name,Team,IP,Stf+ FA,Stf+ SI,Stf+ FC,Stf+ FS,Stf+ SL,Stf+ CU,Stf+ CH,Stf+ KC,Stf+ FO,Stuff+,Location+,Pitching+
1,Tarik Skubal,DET,195.1,125.40713436385255,119.5395555555556,,124.04,108.08410112359549,111.94455696202535,131.83912849162013,,,123.30483307730088,101.76004656586959,123.60181292422759
2,Paul Skenes,PIT,187.2,106.55377926421404,113.97283154121864,,96.26425427872861,128.57718985275935,110.53542857142858,99.72104294478527,,,110.12493100231934,112.05191000504479,121.19921919350709
3,Cristopher Sánchez,PHI,202.0,,111.50363363363363,,,108.28349272349271,,128.98821791320404,,,117.55739494153649,99.18952468698572,116.1717440670648
4,Garrett Crochet,BOS,205.1,117.00773684210527,108.66983935742972,110.26406392694061,,141.69685258964142,,99.84149253731343,,,117.01556904479776,100.31952123307629,114.5846037621215
5,Logan Webb,SFG,207.0,109.279453125,113.91529945553536,86.66586872586872,,99.34891179839633,,106.80111111111111,,,105.80954524310036,105.21583295294015,110.74538610005668
6,Jesús Luzardo,PHI,183.2,92.56009737098347,106.98073089700998,,,123.33779209621996,,91.43117082533587,,,105.83494188264632,108.97691504720365,112.96483467195067
7,Yoshinobu Yamamoto,LAD,173.2,95.88816901408447,96.58660287081338,90.42221498371335,106.79951977401127,107.79124999999996,104.57132382892061,,,,100.01638753095541,107.91752766032307,110.48681983297124
8,Max Fried,NYY,195.1,106.77049095607235,115.44453720508164,103.30190366972475,,113.02208162383934,113.21091247672254,104.37712609970671,,,109.03654207040337,103.77753565949708,114.04486547571865
9,Hunter Brown,HOU,185.1,113.02924444444446,109.9995731707317,93.80536585365854,,87.01984732824428,,84.12477528089889,104.33652830188677,,105.09452792405622,97.27217336928065,104.15263090657199
10,Kevin Gausman,TOR,193.0,99.50812039312041,120.07,,107.64103781882147,93.0227376425856,,,,,102.01433833547289,102.24060000252071,103.10574741808624
11,Zack Wheeler,PHI,149.2,116.61639143730885,112.99862407862406,89.14436893203884,93.97452830188679,113.99491525423726,110.05803418803418,,,,110.6121724464097,108.98473399351056,120.92010239269882
12,Ranger Suarez,PHI,157.1,86.46983050847457,98.2280287769784,89.57350710900475,,119.49176470588235,109.45862595419848,94.53163793103451,,,97.01284246680014,111.02350192233934,106.90077189548283
13,Framber Valdez,HOU,192.0,78.0959090909091,98.01893081761006,,,110.91538461538462,121.74863113897595,98.99863377609107,,,106.22842261964502,100.49950612967756,110.54987398017673
14,Andrew Abbott,CIN,166.1,95.5637688044339,,90.25373913043477,,120.75555555555555,101.17262376237622,94.74619771863121,,,99.48879795340288,104.65590414992505,101.65809074063432
15,Nathan Eovaldi,TEX,130.0,96.00472222222221,105.67298969072164,92.05231168831169,100.90664451827243,90.68347826086958,107.93941952506597,,,,99.53500475118459,103.94934679576923,104.94901127238697
16,Nick Pivetta,SDP,181.2,102.59257621951221,80.8621238938053,81.48743083003953,85.63199999999999,113.89231407559959,98.32652037617554,,,,101.64432652496598,101.93880523435628,103.15463828209833
17,Michael Wacha,KCR,172.2,90.56373056994818,87.0862456140351,78.9341463414634,,84.82520634920634,91.99388349514562,124.5272673559823,,,96.43164493075213,102.9617377724219,99.21485278769448
18,Freddy Peralta,MIL,176.2,99.7062507571169,,,,115.60130584192441,104.9960736196319,84.87908396946564,,,98.81686376929602,107.59961477348638,105.64576164875243
19,Bryan Woo,SEA,186.2,113.68681215900232,107.00083573487034,,,112.70029411764708,,81.10352331606217,,,109.44458564896,105.58604873752046,113.18100168559108
20,Sonny Gray,STL,180.2,88.17607260726075,103.30532769556025,86.03476744186047,,132.96610622065725,99.77730382293761,82.37467248908297,,,101.6193494657187,99.61528006246768,103.9246580056448
21,Matthew Boyd,CHC,179.2,91.53153605015673,96.72396039603962,,,113.84504901960783,107.71048231511256,102.19292307692307,,,99.36215391423161,106.62754369355176,101.51193522883302
22,Chris Sale,ATL,120.0,105.03918417799754,122.46840579710144,,,128.53910675381263,,97.51280575539568,,,116.32374232388406,102.12934268279669,112.78623736171812
23,Dylan Cease,SDP,168.0,106.05555910543129,88.67552631578943,,,114.33143845633057,,105.44294117647055,91.59698412698414,,107.68379747330515,100.69225009133595,107.80385406561767
24,Jacob deGrom,TEX,172.2,109.68769742310889,,,,109.1362970498474,99.05473684210526,106.61064406779661,,,108.59212910043381,107.67955305542468,117.62930252060183
25,Kris Bubic,KCR,116.1,100.50815789473684,94.5902564102564,,,91.21879870129871,,96.3257142857143,,,96.05564421022638,101.31366306693006,100.34224438324938
26,Trevor Rogers,BAL,109.2,97.03495468277946,89.03886178861788,,,110.38396166134186,,90.62330049261084,,,96.80771219541208,103.77342625453535,100.25391359517815
27,Carlos Rodón,NYY,195.1,104.02270833333337,108.39799352750808,104.81599999999999,,112.65951807228916,96.50967213114752,108.42809248554912,,,107.31412461635541,97.40284448505685,102.6282923406357
28,Joe Ryan,MIN,166.0,115.46313218390804,103.21496598639457,,92.13807308970098,100.75435052273495,115.01333333333332,,,,108.06917511919288,103.70445459330108,108.5793938861873
29,David Peterson,NYM,168.2,81.16576104746318,97.33512690355329,,,98.03131782945735,87.82654054054055,86.68855072463768,,,90.9016174642171,102.97120472352121,96.82027193639505
30,Merrill Kelly,2 Tms,184.0,96.81981481481482,90.37405263157895,91.2186574870912,,99.25472081218277,93.11204379562044,87.26702127659573,,,92.10720551527655,103.26804821394457,98.36079171257947
31,José Soriano,LAA,169.0,81.04133891213388,101.70883040935674,,112.285546875,120.47047058823529,,140.584,104.77619433198382,,103.06991731070104,102.15633788299047,106.4799144851707
32,Hunter Greene,CIN,107.2,117.04821541710665,,,107.44882978723406,127.94589198036007,166.02,,,,119.8779692889211,104.96479061812732,120.98790460559019
33,MacKenzie Gore,WSN,159.2,99.0956277056277,,95.75593984962408,,97.61171171171172,105.8205037037037,90.83986159169548,,,99.5230819391812,98.60205898322519,99.30883119759089
34,Brady Singer,CIN,169.2,101.92530201342282,102.42796200345423,80.77992753623187,,89.06719652549157,,,,,95.0439207722755,100.58801696166766,95.92850617295983
35,Nick Lodolo,CIN,155.2,107.75095238095241,100.99987951807229,,,,121.53860199714693,89.01482309124766,,,106.16337734665157,104.56149422746483,106.16282395985753
36,Luis Castillo,SEA,180.2,102.21359307359307,87.43179173047476,,,107.62006568144496,,83.48382352941178,,,97.9561832844299,106.88702442143072,103.22755112284756
37,Dean Kremer,BAL,163.1,99.91366136034732,85.77116465863455,99.7106037735849,102.71545279383432,120.64,85.98207951070339,,,,95.51607729386961,100.36897894283716,95.55022888800322
38,Logan Gilbert,SEA,131.0,95.66248081841432,100.07933333333334,,135.71479905437351,96.34684210526316,98.33937888198757,,,,104.05204747568528,102.76041698550142,108.80620270684823
39,Drew Rasmussen,TBR,150.0,113.43856097560975,114.65506641366221,98.6964609053498,,111.98017857142857,86.0992,117.03357142857143,,,107.86622826998821,103.37929655409697,109.08426049330367
40,Chad Patrick,MIL,115.2,105.47781472684085,93.7939514348786,112.91416352201259,81.8,109.52648148148148,104.5674074074074,81.98050847457628,,,104.56118571988911,99.20909938508525,102.74601381031523
41,Jack Flaherty,DET,161.0,103.88970610399399,81.77688888888888,,,92.15464872944692,,77.02138888888891,112.59247910863509,,102.27596032276678,102.13038473821834,103.53951848540488
42,Luis Severino,ATH,162.2,104.44558940397351,96.22788732394363,91.06557651991614,,119.91947329786412,,89.09337931034483,,,104.06168394673129,100.7236106749282,103.56686720778981
43,Mitch Keller,PIT,176.1,89.77193609022558,89.98626398210293,86.3,,103.3754440839627,89.76438095238098,86.11151515151514,,,94.01644590047535,100.12144990444735,93.88762761907947
44,Clayton Kershaw,LAD,111.2,86.86079077429983,93.48727272727274,,90.19855670103091,95.55814661134163,114.6464126984127,,,,95.62752954404328,96.05499339206051,94.10329872332501
45,Yusei Kikuchi,LAA,178.1,102.83178538390378,97.1288888888889,,,92.69827731493633,96.5552521008403,101.7524064171123,,,97.95430701763806,105.28341521558319,105.3045044815498
46,Kyle Freeland,COL,162.2,89.00956626506024,86.47333333333331,85.39036082474229,,105.78014150943396,,72.9736054421769,105.52243827160495,,93.80352913518277,102.15255351715419,95.3376219941117
47,Chris Bassitt,TOR,169.1,85.74935361216733,100.3896933560477,96.42886554621849,82.70155038759694,111.19856241426609,106.88995633187773,74.38263157894737,,,98.44237020395738,100.3786895917773,97.74346419028922
48,George Kirby,SEA,126.0,93.41453642384107,99.70942446043165,,103.61928571428572,98.57506129597198,,86.32608695652173,113.18134387351778,,98.98750290926307,112.07399190761198,109.80370697303373
49,Spencer Schwellenbach,ATL,110.2,112.28320143884893,107.95847133757961,92.91107344632768,118.00009174311927,107.95978947368422,95.0238888888889,,,,107.69682102716632,109.61764421039334,116.84352037822318
50,Casey Mize,DET,149.0,96.56304619225968,100.33244755244756,,95.32906854130053,78.37147116595317,103.0795833333333,,,,94.5683588912295,107.43341875339395,103.35136283084523
51,Adrian Houser,2 Tms,125.0,97.92027149321268,97.79295742232449,,,91.78801369863014,78.52723981900452,93.95757785467129,,,94.02190616293319,104.99846159930885,99.51730946211953
52,Jack Leiter,TEX,151.2,111.26058704453442,95.6430153846154,,,99.67731343283583,95.78745901639348,102.44797169811318,,,103.60863445206415,93.70574713244632,98.53830768106599
53,Justin Verlander,SFG,152.0,93.71258445945945,84.18,,,113.71852869830394,107.46634020618555,105.72774774774776,,,103.0102712124389,99.19789920440967,100.78967721411016
54,Quinn Priester,MIL,130.2,,101.47558787878786,86.89010845986985,,94.23283422459893,101.68874999999998,89.57393939393941,,,95.99829873697892,97.75227798547265,93.9475669720722
55,Shane Smith,CHW,146.1,93.92243682310468,99.3511743772242,,,91.92472324723248,93.83903682719547,96.84945812807882,,,94.85312165821303,97.5286137248569,94.01559584213703
56,Robbie Ray,SFG,182.1,107.89623824451411,,,,95.63966619318181,,86.70230576441104,91.37962264150943,,100.31237699671613,97.33283523771898,97.22053798367142
57,Cade Horton,CHC,114.0,97.39784037558688,83.2564,,,112.57937959058103,95.46167597765363,86.28669603524229,,,98.1873221941462,101.2116034797206,98.45824574732285
58,Will Warren,NYY,162.1,103.64789699570817,103.67891156462586,,,107.1870588235294,106.36020408163265,86.56276363636363,,,102.90085825304337,97.40763629626092,102.49737236531035
59,Cole Ragans,KCR,61.2,112.38857677902622,,95.15176470588234,,122.65664429530204,,112.27217391304347,105.2544927536232,,112.0393554284632,101.79084329698365,111.52480741562286
60,Brayan Bello,BOS,161.2,89.69574999999999,104.1388157894737,91.97778869778871,,93.33715003572279,,75.79024630541872,,,93.50466098790739,103.45404276997907,97.78794458751278
61,Ryan Pepiot,TBR,167.2,109.56542317173377,92.7609090909091,95.04497354497353,,98.17127429805613,101.70359550561797,112.06568888888889,,,106.43619784314878,97.58627132355794,103.72469364926629
62,Edward Cabrera,MIA,137.2,95.12362369337981,99.66051612903226,,,101.57203084832906,122.84316384180792,96.0265172413793,,,103.92862151625941,101.98574300777067,105.88767674894798
63,Nick Martinez,CIN,145.0,95.21387163561077,96.662,87.97781052631578,,97.47799196787149,92.6442857142857,117.80053691275167,,,98.28919889275731,105.99746165232116,103.14277388706937
64,Shane Baz,TBR,166.1,99.23182579564488,,101.88984999999997,,108.78219512195123,,84.39067524115754,119.87595075239399,,104.88187592603768,101.39666069597402,106.7189780256623
65,Lucas Giolito,BOS,145.0,82.07005235602094,,,,95.68363036303629,105.94951219512194,107.43752808988762,,,92.13654865953988,100.65327707926473,93.39701637168379
66,Tyler Mahle,TEX,86.2,97.02578947368421,,93.22738636363637,85.38313315926894,89.01202898550726,,,,,92.5099452744663,111.44323727211341,103.27741874514408
67,Shohei Ohtani,LAD,47.0,111.382275862069,98.38777777777777,99.802,109.61657142857143,126.3599375,110.35636363636364,,,,114.6238512616202,101.90974767596282,116.85407702523239
68,Blake Snell,LAD,61.1,94.38107142857143,,,,98.28122807017543,124.52699551569505,105.68962962962964,,,104.07558468045673,108.64435302004341,114.29563774305116
69,Eury Pérez,MIA,95.1,118.4575638051044,86.0657142857143,,,118.78269005847955,114.32627450980394,86.66824427480915,,,115.30531008686972,97.70759989850123,108.74103348523838
70,Tanner Bibee,CLE,182.1,87.05780788177339,110.1236989247312,102.91148387096773,,110.65031914893618,102.0613157894737,121.92226666666667,,,103.75316631405273,98.88966363131452,101.79096727554861
71,Noah Cameron,KCR,138.1,81.46567425569175,,93.8595278969957,,104.94323624595471,104.04220095693779,106.36705,,,96.45505051950732,101.045992900985,101.27873308927951
72,Kyle Hendricks,LAA,164.2,95.27413265306124,100.87786150712833,,,,73.93198113207548,100.52188449848025,,,97.65024773271573,96.75809616226816,92.68370027238424
73,Pablo López,MIN,75.2,94.28994219653181,105.89999999999999,,,93.89760299625469,97.92129032258066,98.83325842696631,,,96.29252696462665,110.84430995361998,107.31219536729003
74,Patrick Corbin,TEX,154.1,81.95811764705881,94.66424657534246,90.09657320872272,,98.02044186046511,88.99466666666667,85.03051282051285,,,93.31788691842857,103.72714082863122,98.02292833054663
75,Clay Holmes,NYM,161.0,76.5473469387755,101.75643709825528,88.35938596491228,,107.29313960396041,,93.54560570071258,,,99.60468755100348,100.1696062686103,101.2253955152402
76,Janson Junk,MIA,87.1,91.81872,,,,100.45854092526692,96.51064935064935,89.6464761904762,,,95.87881984747804,111.14327109092439,105.42197360305043
77,Matthew Liberatore,STL,151.2,84.53705799151345,94.73043137254903,88.98367999999999,,103.58039682539679,121.14936170212765,79.41554054054055,,,95.27726033619285,101.81232578724541,96.74399644537836
78,Taj Bradley,2 Tms,142.2,102.3850378787879,101.53454545454547,104.84953667953667,93.99426136363635,,109.73976119402985,,,,101.6443422168258,93.09124677261771,95.50368154130165
79,Brandon Woodruff,MIL,64.2,114.47926174496644,87.78255892255892,90.80794701986756,,111.56833333333331,86.37388888888889,91.28823529411765,,,97.3196536393628,106.36001138712061,101.86790242153505
80,Sandy Alcantara,MIA,174.2,108.91508196721308,104.88085173501578,,,103.37407894736845,108.20783109404992,98.17540298507461,,,104.25630561603074,104.51613614542833,105.87484703781156
81,Ryne Nelson,ARI,128.0,112.49628526645769,,89.02937499999997,,101.77068273092368,95.1911206896552,75.5953488372093,,,105.7925599061265,99.92623460336428,104.58866771704662
82,Stephen Kolek,2 Tms,112.2,87.06175925925926,108.72864864864864,85.63027237354083,,95.59787341772153,105.62,91.11622448979593,,,94.55526507392982,102.94468426597167,99.29470979470507
83,Emmet Sheehan,LAD,59.2,100.03749397590362,,,,103.00381944444445,86.34813559322033,114.98159509202453,,,102.71620933788031,106.37134885818243,109.64766519119958
84,Logan Allen,CLE,155.2,94.34530386740333,85.09695774647888,92.42313099041532,,98.66031897926634,,81.54198380566801,,,91.55786276929004,99.3167488290803,91.77587741380985
85,Brandon Pfaadt,ARI,176.2,103.09354744525545,93.11448680351907,92.80551724137932,,114.43761029411765,96.262491349481,74.36949891067538,,,96.73320381815323,104.8437427147965,101.6787428965416
86,Tyler Glasnow,LAD,90.1,102.41445506692159,99.16347540983607,,,91.35180428134557,111.93734567901234,,,,101.26797453482426,89.71014458572336,97.42066918482554
87,Colin Rea,CHC,143.1,86.23753814852492,97.49708154506439,89.62077922077924,93.45522807017544,108.01601431744487,90.56901408450705,,,,93.27219967795332,102.96296992704966,95.51144485023828
88,Jeffrey Springs,ATH,158.1,85.58190559440558,,89.95454545454548,,95.19132695875555,,109.77428134556575,,,94.3351988861787,100.30162247690187,95.15202597642649
89,Joey Cantillo,CLE,67.0,89.24576842105265,,,,78.76764705882353,113.78478632478634,112.12834951456311,,,99.70418339768338,100.59129536679536,100.84922104247104
90,Tylor Megill,NYM,68.1,117.75236084452973,102.13495867768594,,,102.16282828282829,93.41999999999999,95.76157303370785,,,107.69957779578607,96.7239781199352,103.66740923824959
91,Zack Littell,2 Tms,186.2,86.61236802413273,82.68912359550562,,98.76511811023623,81.87010098090774,,,,,87.7586184931281,101.29656368014344,92.14977997775183
92,Gavin Williams,CLE,167.2,98.7009515096066,94.78704663212436,79.48609756097564,,113.76726740256814,108.80969135802471,91.5,,,100.94835220352965,97.78907560222248,99.09245705843678
93,Kodai Senga,NYM,113.1,92.8110183639399,80.44578947368421,80.21559585492227,,85.45972767320787,66.774375,,,110.55252302025785,93.0135855400933,95.62816646533248,93.07135124463205
94,Reese Olson,DET,68.2,81.8962441314554,89.3548623853211,,,102.74603921568628,97.24281250000001,94.08893333333333,,,92.5668014245379,103.06916581742472,96.80051982254963
95,José Berríos,TOR,164.0,88.37713684210524,88.43266826923076,83.83223684210529,,,92.7470319634703,78.35934731934732,,,87.56866342834964,103.37957924791726,92.50322384138073
96,Zebby Matthews,MIN,79.1,103.16864661654134,97.7380487804878,88.081797752809,,111.52253687315634,98.68835443037973,86.32601398601399,,,101.05705023293962,106.70452103267593,106.4772209475108
97,Jacob Lopez,ATH,84.0,96.45608133086877,86.98028985507246,91.93819047619046,,112.31470198675498,,82.48047846889952,,,98.09660920007158,102.13627669680304,100.67882035847097
98,Mike Burrows,PIT,86.2,84.2619117647059,99.61864864864864,,,104.37601449275363,88.96341463414635,103.79027027027028,,,94.29366307248853,101.15951574677057,97.22495486222316
99,Cam Schlittler,NYY,73.0,102.8741690962099,94.30777777777779,120.37761538461538,,123.58517071791194,105.93422459893048,,,,110.30094532450177,98.02247805431462,106.03463821210035
100,Clarke Schmidt,NYY,78.2,97.62100000000001,89.3214,94.54209677419355,,105.87169381107492,,,114.54753363228699,,100.85601024184024,100.22912518581168,101.50677236629677
101,Chase Burns,CIN,34.1,109.93119318181817,,,,125.12076555023924,97.36333333333334,99.58833333333332,,,114.22389109639441,103.80200956585723,119.22224135393671
102,Eduardo Rodriguez,ARI,154.1,90.84889256198349,96.1826363636364,92.86579852579852,,100.45689922480621,93.8004255319149,83.80907372400756,,,90.80683694024772,100.42554779205966,93.28893801491662
103,Jacob Misiorowski,MIL,63.2,122.2276,,,,101.59971014492756,125.51544303797468,103.33072463768116,,,116.33610611895591,103.99792706698999,120.31542718585081
104,Simeon Woods Richardson,MIN,107.0,88.80027227722773,,,92.84620320855616,96.67274949083503,86.12156521739134,99.51324675324676,,,91.49971545697903,96.22474750088696,89.10887209120355
105,Nolan McLean,NYM,48.0,108.06262626262625,116.34009708737862,98.94476190476192,,97.41294736842104,119.42376068376066,107.108125,,,108.5235730304773,98.80232719953996,109.39786026451986
106,Michael Lorenzen,KCR,140.2,88.37369047619048,95.20728132387708,81.58376,,95.27215351812367,93.67977011494253,94.1668671679198,,,91.85518263583192,102.54066264297627,94.54642022426289
107,Trevor Williams,WSN,82.2,99.35222042139384,81.35366666666665,,,90.13885714285715,,68.29333333333334,,,90.49124554009047,102.97493846359076,94.45403607497983
108,Bailey Ober,MIN,146.1,90.98533333333334,77.02666666666666,,,96.35637006802719,91.39280898876409,106.89033773861966,,,96.6950840159731,100.88863575587824,98.25984207090687
109,Davis Martin,CHW,136.2,92.75368563685637,96.8853112033195,94.72881679389313,,96.03333333333333,90.51648148148148,89.4949158878505,,,92.8887702332023,98.02504746906847,92.25435515158912
110,Braxton Ashcraft,PIT,33.1,88.71765517241379,111.90695652173912,,,105.01585714285716,129.0196261682243,83.15157894736842,,,105.83359136019314,103.46680110120855,107.53388472366785
111,Kyle Bradish,BAL,32.0,88.83200000000001,100.44822085889571,,,112.50802547770702,107.340625,,,,102.50484151278759,104.28871729041177,106.4516006714723
112,Landen Roupp,SFG,106.2,95.66,90.95504065040652,85.42032258064516,,,109.99075757575757,90.28879746835443,,,97.27237549980913,106.06709407177092,102.2851059304191
113,Joey Wentz,ATL,61.0,91.92167023554603,,,,95.3955380577428,109.42162679425837,100.01854545454546,,,91.7611498529676,106.23796425342928,97.23963619832341
114,Connelly Early,BOS,19.1,96.91831578947368,105.46243902439025,,,98.79952731092438,103.81117647058824,102.58412698412698,,,100.85056665728492,109.37045689089034,111.14595083966601
115,Jameson Taillon,CHC,129.2,91.80312335958004,92.20485294117647,94.281660899654,,113.1745150501672,89.34713235294117,102.06009049773755,,,96.36649251676374,107.69995436621605,101.00543873997849
116,Michael Soroka,2 Tms,83.1,92.71165109034268,95.52474820143884,,,,97.44412244897958,96.14405405405404,,,95.21584995780022,97.17493500990274,90.31359491983895
117,Hurston Waldrep,ATL,50.2,78.88090909090907,92.28441379310344,88.93977528089889,114.17820895522388,102.47894736842103,89.92970873786408,,,,99.11049616884311,99.02372351645715,103.03190634383931
118,Zac Gallen,ARI,192.0,96.7993489030432,79.40701298701299,89.44736263736264,,86.21637168141592,,81.46263473053892,96.94010869565219,,92.66777963493992,105.20188281202498,99.40979481608542
119,Cade Povich,BAL,103.2,96.5091717791411,95.79610619469027,90.79132075471699,,100.23977768305906,103.71457711442785,97.06311111111111,,,98.41556431168121,99.75154218363335,97.26148826852999
120,Ian Seymour,TBR,25.2,97.98575757575757,94.59047619047618,88.67750000000001,,102.11655172413793,91.61692307692307,100.40124031007753,,,96.51623273809524,100.13013273809526,96.40241130952381
121,Bubba Chandler,PIT,19.1,103.20867924528302,,,,117.7104,101.17294117647059,88.48493506493507,,,101.8058102310231,107.06920627062706,111.57726897689771
122,Parker Messick,CLE,39.2,94.62533333333333,87.95714285714286,,,100.42835164835164,109.37063291139242,104.38438356164383,,,98.74856651851852,108.52126656790124,108.06512000000002
123,Hunter Dobbins,BOS,53.0,85.464833836858,102.25384615384617,,95.30253164556962,106.14938775510204,103.4986274509804,,,,96.3585870579841,107.51944547216003,104.10213144940627
124,Ryan Bergert,2 Tms,72.1,94.15681381957774,86.7395294117647,,,91.94021326781328,102.22,80.69567010309278,,,91.8102570651518,103.04391746586003,97.61448522777505
125,Griffin Canning,NYM,76.1,79.89421166306697,82.6175,87.54588235294116,,101.60957345971563,,91.46896103896104,89.83149425287357,,90.25749928997384,98.58487024892466,92.08450187671134
126,Aaron Civale,2 Tms,89.0,84.31464566929134,77.22814545454546,94.27449901768173,67.2051612903226,89.52463768115942,117.08455223880595,,,,91.4700687460316,104.55888485627612,95.92903026549921
127,Aaron Nola,PHI,94.1,102.01524210526317,101.52220640569394,90.59808695652173,,,,69.18249999999999,121.03628008752736,,101.57950939665062,108.31720213768605,108.56241170299286
128,Luis Ortiz,CLE,88.2,95.73337868480726,107.11180887372014,89.76228260869563,,105.97331619537273,,93.069793814433,,,99.53427043158386,97.66889354436654,97.39858074172584
129,Spencer Strider,ATL,125.1,91.14381128584643,,,,99.00852150537636,95.93606382978724,100.62226804123712,,,94.77543811724682,95.60392653106298,91.12871827927064
130,Shota Imanaga,CHC,144.2,99.31537299338999,81.39785714285713,,92.3728843338214,109.74187216018487,92.70971428571428,,,,98.4715428115284,107.72674147354421,105.42065922271776
131,Bryce Elder,ATL,156.1,77.51387096774194,90.54028355387524,,,100.49891279728199,,86.24380228136883,,,91.97517570930565,104.42246145552365,99.27595470719314
132,Jacob Latz,TEX,39.2,109.45375000000001,,,,99.12261538461539,92.83777777777777,102.99916083916085,,,104.60137559565086,104.08652364155269,108.15269406770264
133,Cristian Javier,HOU,37.0,103.78530612244897,84.70338983050847,,,105.30585365853658,,76.01086206896552,86.72783783783784,,94.98972616380382,96.28124553978924,92.38372541697785
134,Jose Quintana,MIL,131.2,76.04409448818899,88.91349372384936,,,,90.28033809166043,80.28979166666664,,,85.79457400270915,104.25346338019557,91.38159785804835
135,Brad Lord,WSN,92.0,89.32350230414747,83.42915254237289,,,97.30113095238093,116.86,84.70669950738917,,,89.22612785906638,102.8316512954798,91.23637003248615
136,Grant Holmes,ATL,114.0,80.59279874213837,72.32000000000001,81.87493243243244,,101.4193669064748,104.98225913621262,94.01826086956522,,,92.122287495493,100.0842510642918,93.88547355635225
137,Michael King,SDP,73.1,99.23367003367004,106.98983333333332,,,109.92970099667775,,83.46122605363985,,,100.80410595675988,100.62212813252532,102.79502024398634
138,Brandon Walter,HOU,53.2,86.56050955414014,101.71627450980391,88.95282511210763,,107.04437158469946,,103.06778523489933,,,96.7442445593315,109.6890070295566,104.71040748757304
139,Chris Paddack,2 Tms,145.1,94.52084949215143,82.57886363636364,79.99460122699388,,84.97548672566373,87.25453874538746,94.1162162162162,,,91.05483654739517,111.72759234528083,102.47052248601791
140,Logan Henderson,MIL,25.1,103.38959999999999,,94.25687500000001,,102.90285714285713,,101.44621951219513,,,101.65577457501848,109.19634964628867,107.43766851441241
141,Ryan Gusto,2 Tms,81.2,104.71843803056028,99.52281879194629,89.8035838150289,,106.91017123287672,91.49562231759658,82.45678832116786,,,98.3019831010031,103.28875192291345,99.91965078055013
142,Eric Lauer,TOR,74.0,89.32604166666668,,102.92921985815602,,100.38341880341879,92.78409638554217,86.89103448275861,,,93.81159765483858,102.36637668774523,90.26852782968476
143,Corbin Burnes,ARI,64.1,,76.98577319587629,99.71888086642599,,109.94442002442004,122.43628865979383,88.87753424657535,,,102.08139635495795,100.44822592159937,105.48858882630341
144,Andre Pallante,STL,162.2,95.34450751252086,97.08838888888889,,,92.7885717611454,,,100.35590551181105,,95.41521439826948,101.10062846006657,98.4957616591373
145,Slade Cecconi,CLE,132.0,89.98418242491657,92.69823788546256,87.3917857142857,,95.04029868111164,99.98117647058822,92.54903225806451,,,93.0945161844865,104.61788109309775,95.15577908646878
146,Martín Pérez,CHW,52.2,78.24580645161289,86.96787878787877,87.25149122807018,,,84.58608695652174,80.6455,,,84.7016644290094,102.12070759789138,90.60510276397677
147,Randy Vásquez,SDP,129.0,89.18990430622009,92.51824120603015,90.49430210325049,,110.51996855345914,91.95335793357935,84.22405594405592,,,93.57897139791538,102.35496870961276,95.09984779590059
148,Carmen Mlodzinski,PIT,48.2,91.69825503355705,108.29614678899081,88.26,102.73208333333336,105.9137849779087,107.67103448275863,,,,101.75589875378084,105.5556497260995,107.26649869590238
149,Dustin May,2 Tms,124.2,101.865125,89.87795918367348,82.49216931216931,,108.00320099255583,,81.15866666666666,,,98.19653158866595,97.38889522418194,95.35438113080794
150,Jordan Hicks,SFG,45.1,97.59935483870967,103.57615571776155,,104.65916666666665,105.57772357723579,,,,,103.81162545100362,102.52255433377638,105.1769202758996
151,Mitchell Parker,WSN,158.1,85.33310866574965,,,99.72756944444443,102.4887662337662,100.18838260869565,,,,92.18108782748129,102.45073658516121,93.8285514156784
152,Ben Brown,CHC,75.2,86.6115543328748,,,,,,89.0282142857143,117.61500000000001,,98.31513451259195,98.18442801314505,96.08562046726257
153,Sean Newcomb,BOS,22.1,93.53750000000001,93.8943396226415,90.38489795918369,,,127.21231460674156,81.62590909090909,,,98.67403726708075,87.83362318840578,86.19712422360247
154,Michael McGreevy,STL,90.0,80.5086592178771,97.05742372881356,80.21102941176471,,94.02173913043477,91.16906976744185,75.84337837837838,,,87.57378592388775,110.40216621298599,100.46050026341216
155,Brandon Sproat,NYM,20.2,92.859,106.28262626262625,,,121.75323076923077,110.95441860465117,93.7279069767442,,,106.62660418619183,85.69496173070915,89.85134254920338
156,Taijuan Walker,PHI,103.2,90.98283950617285,83.99559420289856,94.18255905511812,68.85108808290155,98.19772020725387,86.36271186440676,,,,86.04235181388937,103.69686624364887,92.97252267265114
157,Ronel Blanco,HOU,48.1,89.2164664310954,,,,86.44328000000002,90.02919254658386,98.41656565656567,,,89.66373117052595,103.06002786258385,93.9731849655549
158,Keider Montero,DET,58.0,92.75250836120401,100.92181818181818,,,105.14959641255608,,87.83380530973453,95.51311475409838,,97.06202211124561,101.65437113263384,96.40461526432605
159,Andrew Alvarez,WSN,23.1,82.46507042253522,98.13789473684211,,,82.81520661157025,102.0175221238938,84.41454545454546,,,88.64360944976076,105.51881279904306,100.97585287081338
160,AJ Smith-Shawver,ATL,44.1,92.04563636363636,,,113.71178423236515,80.414,90.57240740740741,,,,98.72949338348485,95.0282012275625,94.94028200646773
161,Tanner Gordon,COL,75.1,80.75698630136986,,,,97.41948553054661,87.52923076923078,97.38988593155892,,,88.51980975851458,104.03177085708326,90.72593300102076
162,Luis Gil,NYY,57.0,98.7301018329939,,,,106.85983999999999,,84.82567685589521,,,97.55151034363742,95.1096216552631,95.50218196113157
163,Troy Melton,DET,20.2,101.8233962264151,100.2567441860465,94.02666666666667,104.18434782608695,108.61079365079365,101.10137931034483,,,,102.81269503546099,102.9904964539007,104.29368794326241
164,David Festa,MIN,48.2,99.77535433070865,93.87032967032968,,,85.39802816901408,,81.90552631578949,,,89.99731547005021,106.50812665050547,100.80195803245994
165,Max Meyer,MIA,64.2,95.42372294372292,104.48211267605635,,,97.41328474888861,,93.98744444444444,,,97.33133618966713,106.08451454130325,107.2126973272291
166,Seth Lugo,KCR,145.1,89.5884126984127,89.33710982658961,90.72519402985075,81.88428571428572,97.85803351955308,101.1758316414768,74.74631578947368,,,92.67635520773284,96.54531054237823,90.13817717711846
167,Steven Matz,STL,9.0,,90.23777777777778,,,81.35,117.6695652173913,104.70333333333332,,,97.98875,122.65666666666668,114.6163888888889
168,JP Sears,2 Tms,135.2,86.42447450572323,82.51828947368422,80.88,,120.9905966131904,118.72,78.88474576271187,,,98.01046068965383,104.77785792987528,101.47212913589513
169,Jason Alexander,HOU,68.1,84.83803571428571,86.32103529411765,82.07428571428571,,103.06643274853802,,98.85299719887955,,,92.98292910447762,101.33421641791044,95.67369402985074
170,Luis Morales,ATH,46.2,88.73202933985328,,,,121.79198440545808,,71.78609523809523,,,98.08257345179452,107.25736068789585,105.9815123064743
171,Kyle Harrison,2 Tms,27.1,106.30926829268292,,85.24133333333333,,,105.00389830508473,94.09238095238095,,,103.89742373905165,107.22816671700393,106.18725863284001
172,Cade Cavalli,WSN,48.2,101.58626016260162,111.18375000000002,97.5608,,89.14,,95.57738317757008,107.12241666666667,,103.8250197644706,97.49843612805068,102.70032234249166
173,Trey Yesavage,TOR,14.0,94.39777777777778,,,132.91174603174602,102.99882352941177,,,,,106.99715481171546,90.5758158995816,98.37623430962343
174,Bailey Falter,2 Tms,121.1,98.15890697674418,100.28649056603774,,79.78317241379307,82.96331325301206,93.46269230769231,,,,93.61289053411046,99.99436130819662,94.5174567811982
175,J.T. Ginn,ATH,75.0,86.17999999999999,107.36989441930619,76.43649999999998,,89.41327102803737,,86.88950354609928,,,96.17499770666082,104.81689291231567,107.01406042034235
176,Trevor McDonald,SFG,13.0,,105.6002985074627,,,74.87333333333333,97.31684210526315,82.67428571428572,,,98.69005867633716,109.98797513139048,111.01631387631889
177,Charlie Morton,3 Tms,125.2,88.5577011494253,88.7471388101983,87.90321951219512,,,114.71162255466054,92.10519823788546,,,98.95143505366347,94.4856427230373,93.60474738054702
178,Max Scherzer,TOR,85.0,87.85774480712168,,92.82666666666664,,101.72048632218844,98.88496969696968,87.55661538461537,,,93.4792828294799,111.24671301436675,104.61425712142258
179,Ryan Feltner,COL,30.1,83.11179487179487,92.21636363636365,,,95.21401346503515,102.21764705882352,94.95416666666667,,,90.67379483517243,96.6532792738833,88.7492404800848
180,Kolby Allard,CLE,7.1,88.055,82.35142857142857,91.18307692307692,,,84.44923076923077,84.09391304347825,,,86.83247491638797,105.98351170568563,90.22964882943143
181,Yoendrys Gómez,CHW,45.0,111.41150214592274,90.83763440860217,81.14892857142856,,109.90661157024795,90.26280000000001,73.20301369863014,,,97.62105424381613,96.74440678353406,93.57018978955973
182,Sean Manaea,NYM,51.1,105.66658227848102,87.58,,,119.15943902308963,,92.77999999999997,,,109.50759254079036,99.14472780766519,103.65940277860962
183,Yu Darvish,SDP,72.0,106.09593023255812,93.25666666666667,88.39163120567373,98.7549593495935,97.65015073785545,110.9232402234637,85.14333333333333,99.92428571428572,,99.1189932180783,99.99980786705203,99.50190493946646
184,Cal Quantrill,2 Tms,117.2,88.12220048899755,86.97387387387386,89.01663594470045,83.27406698564593,95.57139393939393,97.94042372881356,74.54400000000001,,,88.36682813724418,99.82021153516,89.02087357030724
185,Ben Lively,CLE,44.2,84.48260869565217,109.18618357487924,84.90774193548387,,87.96087674480731,88.05918367346938,66.62357142857142,,,90.4665622934567,102.12908737240214,89.34228490857016
186,Nabil Crismatt,ARI,26.0,67.34481481481481,72.23388235294118,88.86,,76.684,84.39118644067797,83.4979104477612,,,78.14994475138121,110.32342541436465,94.2711049723757
187,Javier Assad,CHC,34.2,86.88552631578946,95.85256038647343,80.31254545454546,,104.4093427230047,89.40399999999998,100.90545454545455,,,92.10453652478266,97.47362086485266,92.83318956757367
188,Jack Dreyer,LAD,8.1,96.06291666666668,,,,101.1082142857143,102.279,,,,99.34403225806453,108.0316129032258,105.72661290322581
189,José Suarez,ATL,7.0,106.04,110.76,,,89.74,146.42000000000002,110.52,,,106.26545454545453,103.87474747474747,111.32424242424241
190,Tyler Wells,BAL,21.2,88.29328,,106.6504347826087,,103.9316129032258,107.43266666666666,104.78202531645569,,,99.07066786283892,105.62369085592769,100.3148956671983
191,Ryan Yarbrough,NYY,40.0,94.33645833333333,82.57841584158416,85.14298342541437,,111.31670103092785,,97.98969696969698,,,93.11651872073878,106.95760545287341,96.55974912537943
192,Germán Márquez,COL,126.1,71.22525222551928,78.04151898734176,,,90.30535087719298,,70.1845283018868,105.76692073170733,,85.57982561404016,97.73769919541458,85.18281718406777
193,Shane Bieber,TOR,40.1,93.52330434782608,,83.70543209876544,,89.83709923664122,,101.27036144578314,88.91766666666666,,91.67017054263566,106.41475968992249,101.36384496124032
194,Miles Mikolas,STL,156.1,84.27373219373222,92.61235294117647,,,89.34888095740088,99.24530232558136,79.75,,,89.07738088965964,107.40067658256658,93.67277845912467
195,Tyler Alexander,2 Tms,17.1,85.94804878048781,83.1534375,89.20870588235294,,110.64969696969699,,83.56297872340424,,,88.52869372990354,95.17309726688104,80.19574356913184
196,Valente Bellozo,MIA,25.0,83.2256,,96.94000000000001,80.23333333333333,118.01041095890412,84.88846153846154,84.955625,,,93.73339089876525,96.03835604714556,89.03542697262283
197,Joe Boyle,TBR,38.0,91.88128048780489,,,114.37228070175439,120.56713235294116,,,,,106.80200231816866,87.29134518175086,95.95127499275573
198,Kumar Rocker,TEX,64.1,89.88394366197184,97.99701298701298,97.07846153846154,,100.46177777777777,92.91323943661972,75.04,,,94.69304348443275,99.15232283915938,92.7133796783947
199,DL Hall,MIL,9.0,92.70299999999999,109.77142857142857,74.76666666666667,,94.39379310344827,94.07555555555555,89.58260869565218,,,90.20097264437689,86.72864181730924,82.36627419612861
200,Kai-Wei Teng,SFG,24.2,92.18893939393939,93.26482758620689,,,97.87362318840579,108.73735294117647,82.23454545454547,,,95.97583535010713,88.53941839690371,83.94773219294537
201,Johan Oviedo,PIT,40.1,121.13617886178862,100.16852459016394,,,103.1437558685446,99.26716981132077,79.64153846153846,,,107.54621776247585,86.21334087445533,96.62929304850078
202,Jack Perkins,ATH,19.0,90.56070921985815,,87.2509433962264,,113.45408163265306,152.96,97.25652173913042,,,97.66808849557523,100.06446411012783,97.7158564405113
203,Colton Gordon,HOU,70.0,90.04444897959183,92.74789915966389,,,114.66723756906076,95.66,79.27301204819277,,,97.73812957167897,108.19274370563276,101.98486975378478
204,Sean Burke,CHW,104.0,99.59069306930692,84.68048192771084,,,84.87189814814812,83.24595744680849,86.0158490566038,,,90.90066728075689,99.0052568520178,93.30924089880567
205,Jonah Tong,NYM,18.2,101.97671361502346,,,,95.29400000000001,97.22782608695651,94.1721568627451,,,99.05441820276499,96.90452476958525,97.4878715437788
206,Ryan Weathers,MIA,38.1,100.27706293706294,92.1336,,,114.5332867132867,,103.8431914893617,,,104.185678603217,105.35240980036876,108.46378520567106
207,Hayden Wesneski,HOU,32.0,80.71494505494505,95.74566037735848,83.80931034482758,,125.35312000000002,94.60510638297873,92.55023255813953,,,95.91784909797668,110.57482457888966,104.63762832652246
208,Carson Spiers,CIN,9.1,116.51272727272726,106.78000000000002,83.84608695652175,,97.97894736842105,,64.41,,,92.80626315789473,92.10309311740892,87.15360728744939
209,Mason Barnett,ATH,22.1,87.1151304347826,,,,120.16152173913044,91.25015384615385,104.8259090909091,,,96.57546357308584,103.32050301624129,97.74528445475637
210,AJ Blubaugh,HOU,11.0,96.02477876106194,,87.46000000000001,,110.61739130434782,102.02333333333333,102.47517241379309,,,100.41715686274509,98.19598039215688,97.31117647058825
211,Albert Suárez,BAL,3.0,80.53999999999999,,85.34,,,93.98399999999998,75.94,,,84.1977358490566,89.79320754716981,76.92528301886793
212,Mitch Farris,LAA,24.1,76.79970297029703,,,,94.47368421052632,,101.93,,,87.63218365931475,91.02563129421557,78.74983714800943
213,Tyler Gilbert,CHW,6.2,94.995,82.40666666666667,88.25272727272727,75.1775,124.43459459459459,,,,,99.74330097087378,110.69033980582523,108.34851132686083
214,JT Brubaker,SFG,4.0,,97.44,,,106.44,108.47999999999999,61.339999999999996,,,97.73205882352943,103.04911764705882,100.17617647058825
215,Andrew Heaney,PIT,117.0,91.79943127962085,98.21066666666664,,,93.76713804713805,104.25460674157306,76.88939130434782,,,90.16613994044832,103.42823551565361,92.90795864079173
216,Elvis Peguero,CHW,1.2,,95.36,,,100.42,,,,,98.50068965517241,120.25793103448278,127.57241379310345
217,David Morgan,SDP,3.1,107.43931034482758,107.45333333333333,,,132.96,126.82000000000001,,,,116.40757575757577,105.83151515151513,108.37545454545456
218,Hayden Birdsong,SFG,42.1,91.57767567567566,,,,87.32532608695651,92.34539007092198,108.66407079646018,,,93.13762706270627,87.76401650165016,84.12957095709571
219,Brant Hurter,DET,7.0,104.45,116.33729729729728,,,120.15666666666665,,94.25285714285714,,,114.4564658119658,80.81934188034188,92.92465384615386
220,Adam Mazur,MIA,30.0,100.96724137931034,97.34430379746834,,,102.02529999999999,91.90830188679244,87.7429268292683,,,98.7240490797546,97.78515337423313,95.82711656441718
221,Thomas Hatch,MIN,5.0,89.28,97.17999999999999,82.56,,84.03200000000001,,81.16,,,85.90666666666667,110.2651851851852,104.31135802469134
222,Huascar Brazobán,NYM,4.0,95.71111111111112,103.75700000000002,88.97846153846154,,,,117.5152380952381,,,103.97463942307692,90.82439903846154,95.2423798076923
223,Aaron Ashby,MIL,2.0,,117.64,,,180.9,138.62,118.66000000000001,,,128.26214285714286,112.34857142857142,128.91642857142855
224,Paul Blackburn,NYM,14.1,106.36500000000001,96.12968750000002,92.77753846153846,,97.41886363636362,94.38936170212766,75.26882352941178,,,94.39901043284975,108.68483783073208,104.9551876040696
225,Louis Varland,TOR,2.0,113.02000000000001,102.96,,,84.38,,94.38,113.9,,106.10782608695652,107.36260869565218,124.4904347826087
226,Keegan Akin,BAL,3.2,108.12933333333334,,,,107.2242857142857,,86.24666666666667,,,102.61315789473683,116.375,111.66105263157894
227,Steven Okert,HOU,1.2,91.1,,,,128.38,,,,,114.04153846153847,109.31230769230768,125.09692307692308
228,Tyler Anderson,LAA,136.1,87.72499440089585,86.78870588235296,95.236617954071,,102.57975609756099,74.62400000000001,119.05542138364781,,,100.35732252085265,97.4377452373597,94.10346606940581
229,Brent Suter,CIN,8.0,106.74538461538462,93.30051282051282,,,88.3863157894737,,100.99161290322581,,,99.28765957446808,110.03418439716312,108.3521985815603
230,José De León,BOS,6.2,114.74,,,,89.08,114.54,75.84,,,103.2054700854701,113.88820512820512,113.77059829059829
231,Chase Dollander,COL,98.0,91.22955017301038,93.93234285714286,114.04953703703703,,106.04,108.66396825396825,83.04246376811595,,,97.41223747213515,98.13944727990264,95.12585594203655
232,Brennan Bernardino,BOS,3.1,,97.91941176470588,81.2,,76.232,110.94941176470587,,,,98.81540983606557,105.10436475409836,92.6991393442623
233,Drew Pomeranz,CHC,3.1,107.16727272727272,,,,,,,118.65833333333335,,109.62964285714284,113.55357142857143,119.975
234,Tyler Phillips,MIA,2.2,89.34,80.34,,93.04,106.4,107.2,,,,95.01560975609758,116.15999999999998,110.71756097560976
235,Tanner Banks,PHI,2.0,129.54,114.08,,,103.9270588235294,,96.06,,,111.58303030303031,103.48666666666666,111.10545454545453
236,Jayden Murray,HOU,3.0,85.54,85.88,85.58,,126.58,,68.18,,,88.00550000000001,103.2405,86.42999999999999
237,Chris Devenski,NYM,2.0,72.4,,92.8,,117.44,,113.31999999999998,,,99.77538461538461,127.95846153846153,126.84769230769231
238,Anthony Veneziano,MIA,2.0,100.6,99.98,,,107.73333333333333,,95.14,,,102.09588235294119,110.39,105.62470588235294
239,Lake Bachar,MIA,2.0,103.04,,,123.92,104.72857142857144,,,,,104.4846153846154,119.44,116.7723076923077
240,Shawn Armstrong,TEX,4.0,103.38000000000002,115.72,89.55538461538461,,123.86615384615385,,,,,108.36315789473684,104.13403508771928,109.27789473684211
241,Paxton Schultz,TOR,4.2,101.71407407407406,,97.83000000000001,,89.695,,102.6,,,99.196,110.79576470588235,109.47647058823529
242,Matt Gage,SFG,2.0,98.09999999999998,109.44666666666667,,,104.80374999999998,,125.02,,,105.32740740740739,94.19851851851853,95.89555555555555
243,Kyle Leahy,STL,3.0,99.54,114.88,,,87.27454545454545,119.46,76.3,,,97.14307692307692,107.86205128205128,105.76461538461538
244,Grant Taylor,CHW,2.0,121.38285714285715,,92.512,,,111.43,,,,114.79529411764706,110.66999999999999,128.33470588235295
245,Frankie Montas,NYM,33.2,89.58924050632912,99.29962962962964,89.9210909090909,111.2742372881356,109.01738562091504,,,,,100.6711887774957,100.91996256694402,100.82972147582603
246,Luis Garcia,HOU,7.2,81.6784,,98.61384615384615,,101.06,85.27692307692307,80.28,,,87.72547169811321,102.5954716981132,89.87264150943396
247,Jonathan Cannon,CHW,82.1,107.05199999999999,92.27111801242236,89.31509333333334,,105.95307317073171,,84.89429553264605,,,94.64483817356964,97.39902408934897,94.1632460671978
248,Wandy Peralta,SDP,1.1,118.32,103.55999999999999,,,116.92,,89.88,,,104.26947368421052,118.79368421052631,125.22421052631577
249,Marcus Stroman,NYY,39.0,74.65733333333333,88.64023346303502,84.29536,75.03493333333334,87.65739130434783,89.75929824561403,,,,86.0891634077946,99.66476362969314,89.5479571856992
250,Brad Keller,CHC,1.0,76.98,135.9,,,149.73999999999998,,139.42000000000002,,,101.23882352941176,132.34470588235294,133.26117647058823
251,Rob Zastryzny,MIL,1.0,99.34,,89.26,,124.88,,,,,104.045,111.34333333333332,105.42500000000001
252,Danny Coulombe,MIN,1.0,,99.28,121.64,,119.0,,,,,112.8847619047619,111.3752380952381,110.26761904761906
253,Reed Garrett,NYM,1.0,,76.53999999999999,107.4,122.02,104.84,,,,,100.43733333333333,68.02533333333334,77.72000000000001
254,Angel Zerpa,KCR,2.0,102.896,139.01000000000002,,,140.78,,,,,133.5277419354839,99.00258064516129,123.39225806451613
255,Jackson Jobe,DET,49.0,100.51824175824174,115.10660869565217,,,106.9604551244366,105.70338028169014,107.38324324324324,,,106.95127379360808,98.2550925346038,102.69876836662145
256,Joe Ross,PHI,2.0,79.8,85.54,,,90.22,72.82,70.38,,,83.43862068965518,101.2048275862069,90.67793103448275
257,Tomoyuki Sugano,BAL,157.0,96.78049079754601,88.07534313725488,83.26729641693811,75.62887043189366,97.71414538310412,84.35558232931726,,,,87.74628136358227,106.64950189416153,98.60359167640871
258,Griffin Jax,TBR,2.0,94.516,132.552,101.9,,133.15714285714287,,109.52857142857144,,,113.62066666666668,77.018,90.93666666666667
259,Cole Sands,MIN,5.0,74.72444444444444,80.305,103.05230769230769,77.11999999999999,,101.495,,,,88.0350769230769,119.47415384615385,110.28153846153845
260,Cooper Criswell,BOS,7.0,,97.98,91.12000000000002,,113.5,,81.52,,,94.80785714285715,103.29,98.245
261,Justin Steele,CHC,22.2,96.68113636363637,100.591,,,115.71113402061856,111.92833333333333,87.01750000000001,,,103.1508056965065,100.45014815510869,99.11502572615841
262,Ryan Rolison,COL,1.0,94.12,,,,94.72,115.81999999999998,,,,101.43333333333334,100.17066666666666,94.57066666666667
263,Justin Topa,MIN,1.0,,97.9,102.36,,116.18000000000002,,122.25999999999999,,,108.47583333333334,113.68833333333335,108.32499999999999
264,Rico Garcia,BAL,1.0,129.84,,,,113.08,127.71999999999998,,,,122.40545454545455,103.51818181818182,122.43909090909091
265,Ryan Brasier,CHC,1.0,93.6,133.36,100.18,,104.62,,,,,104.02909090909093,102.70545454545457,105.69818181818182
266,Beau Brieske,DET,1.1,93.06,71.38,,,122.66,,87.86,,,93.67846153846153,122.90230769230769,110.97769230769231
267,Lou Trivino,LAD,2.0,88.52285714285713,88.86,91.575,,116.71818181818183,,91.53000000000002,,,97.62461538461538,101.36102564102563,97.84564102564102
268,Casey Legumina,SEA,1.0,114.22,98.12,,,137.66,,,,,114.50190476190475,91.10095238095239,101.79619047619049
269,Bryce Miller,SEA,90.1,104.99031645569622,95.60376470588237,85.87555555555554,106.90138408304497,98.9209836065574,,,103.49951807228916,,102.33880581364001,97.45726711664386,98.95399398143282
270,Grant Holman,ATH,2.1,76.16666666666667,,,82.72571428571428,83.41333333333334,,,,,78.8728,85.616,77.5024
271,Davis Daniel,ATL,9.0,66.48093023255815,,,95.43294117647058,93.88135265700484,,,,,79.83830569430569,95.5758414918415,85.13605328005329
272,Erick Fedde,2 Tms,120.2,,87.6167318435754,80.54517605633802,,105.65687499999999,,71.38530434782606,,,88.33909122461154,103.28661428711222,94.59075137339846
273,Jared Shuster,CHW,2.0,85.67428571428572,100.38499999999999,,,89.105,,104.17619047619047,,,95.25372549019608,107.59411764705882,102.5086274509804
274,Luis F. Castillo,SEA,7.0,86.94207792207793,92.79037037037038,,,104.95714285714286,,81.07272727272726,,,94.3025249124131,93.27245733156208,85.03225010028602
275,Shinnosuke Ogasawara,WSN,6.2,81.06400000000001,,,,89.99153846153845,,94.82545454545453,92.24571428571429,,88.70324324324325,104.39603603603602,97.6190990990991
276,Brandon Eisert,CHW,3.0,90.9890909090909,92.28,,,90.40777777777778,,93.33777777777777,,,91.2979403794038,105.03070460704606,98.6169376693767
277,Ian Hamilton,NYY,1.0,86.66,94.2,,,97.06,,,,,93.30000000000001,71.90692307692308,75.57461538461538
278,Cade Gibson,MIA,1.0,88.64,,,,93.04500000000002,94.7,,,,91.79733333333334,79.392,74.68133333333331
279,Mick Abel,2 Tms,34.0,108.43674603174604,99.95026315789472,,,111.45187165775403,121.11503759398495,95.91454545454545,,,109.47160544048624,99.02685894641169,105.05370206556701
280,Dietrich Enns,2 Tms,11.2,106.0451948051948,98.36625000000001,112.63066666666667,,,96.14166666666667,107.13898305084747,,,106.11467431150167,103.77338161534084,106.22875398673955
281,Sawyer Gipson-Long,DET,13.0,91.83076923076923,96.57128205128204,88.0123076923077,,93.57758620689656,,87.76809523809524,,,92.13456221198156,103.68552995391705,95.56414746543778
282,Antonio Senzatela,COL,108.0,78.2696862745098,72.61285714285714,,,100.54214285714286,97.76501992031874,78.88243589743588,,,85.16659507273944,106.54297149836806,93.92708082882541
283,Fraser Ellard,CHW,3.2,97.40807692307693,101.772,,,112.21307692307693,,95.57,,,102.12911111111111,79.63511111111112,86.60266666666666
284,Sean Hjelle,SFG,3.2,,92.98,86.58,,,,,98.96,,94.58666666666667,79.15333333333332,73.75777777777778
285,Brady Basso,ATH,1.1,84.26,78.3,99.54,,,90.02,,,,87.1504347826087,91.27217391304347,89.98260869565217
286,Ben Casparius,LAD,9.2,95.93118644067798,,104.9475,,122.30470588235293,107.88000000000001,,,,107.21779306942904,111.38306375632014,117.72753977062523
287,Matt Sauer,LAD,4.0,108.42,91.8,97.0,92.62,97.7,114.64,,,,98.34722222222221,95.22083333333333,89.76944444444445
288,Doug Nikhazy,CLE,3.0,78.1,,,,86.2348387096774,73.47999999999999,78.7,,,80.32755555555555,83.08688888888888,65.30666666666667
289,Tobias Myers,MIL,22.1,97.31522842639595,,83.03181818181817,104.66,90.8148076923077,98.92857142857143,127.75666666666666,,,93.62817966903073,95.6165768321513,89.71443617021276
290,Blade Tidwell,NYM,7.1,107.7496875,100.488,60.14000000000001,,115.25166666666668,,100.14666666666668,,,108.3498717948718,87.07076923076923,96.9275641025641
291,Daniel Lynch IV,KCR,4.1,82.14888888888889,100.87684210526317,,,102.6325,,99.41,93.915,,94.67048780487805,90.79707317073171,87.82219512195122
292,Connor Gillispie,MIA,26.0,91.63868613138688,,89.21384615384616,,88.19669064748201,68.032,81.34630136986303,,,88.41957448481743,97.28578791372931,86.67267631410097
293,Robert Gasser,MIL,5.2,99.584,102.67052631578947,88.58,,116.87823529411764,,87.05636363636363,,,104.45333333333333,69.81588235294117,74.67
294,Jalen Beeks,ARI,2.0,83.8978947368421,,113.18,,,,77.61,,,86.63586206896551,96.70827586206896,84.03586206896551
295,Jonathan Bowlan,KCR,2.0,104.3,66.80000000000001,,,87.74,97.28,97.21999999999998,,,94.185,113.44666666666666,110.58666666666664
296,Tristan Beck,SFG,3.0,87.53999999999999,,,,91.044,76.7,,,,88.59333333333332,113.87142857142858,110.28857142857144
297,Brandon Waddell,NYM,3.0,87.96000000000001,104.84,,,109.98,,83.56000000000002,,,101.99614035087718,97.66105263157895,99.92666666666668
298,Brandon Young,BAL,57.2,92.46116504854369,,86.22860465116278,101.89341317365268,94.57833333333333,103.9245945945946,71.14697674418603,,,94.5455662143151,102.28052416369728,98.67717620646353
299,Jordan Leasure,CHW,1.0,99.94,,,81.78,95.43999999999998,,,,,95.64099999999999,88.301,81.63399999999999
300,Logan Evans,SEA,78.1,74.03827338129496,94.73308056872037,89.50775862068966,,101.14356435643565,98.83953488372094,81.28364779874214,,,91.37247086834122,100.03087570442146,91.7197533141645
301,Wade Miley,CIN,10.0,106.67794871794874,104.84818181818181,91.96836363636363,,111.87249999999999,,83.37255813953489,,,95.84047904191617,86.18742514970062,81.8917365269461
302,Justin Sterner,ATH,1.0,93.86,,99.12,,138.38,,,,,102.60133333333333,115.17866666666666,106.65466666666664
303,Ryan Zeferjahn,LAA,1.0,126.14000000000001,,94.62,,113.50399999999999,,,,,114.99882352941177,102.50117647058823,118.30588235294118
304,Reynaldo López,ATL,5.0,95.36000000000001,,,,104.54,89.94,89.06,,,97.48645161290322,95.90516129032258,92.09956989247313
305,Allan Winans,NYY,4.1,63.660000000000004,77.62000000000002,,,87.71,83.26,80.52,,,79.00767123287672,96.11835616438356,77.02438356164383
306,Justin Wrobleski,LAD,11.0,101.84769230769231,86.4225,96.49285714285715,,112.46344827586208,88.71799999999999,108.72,,,97.83087522650604,94.6492075451878,93.27238218701582
307,Bobby Miller,LAD,3.0,93.6,104.52,,,122.92,101.86,97.12,,,100.57904761904761,119.24738095238096,115.97785714285713
308,Sean Reynolds,SDP,2.2,69.54,,,,115.80896551724138,,91.22,,,95.74280701754387,110.05157894736841,107.61543859649123
309,Brock Burke,LAA,1.0,105.28,104.54,,,91.16000000000001,,,,,101.96461538461539,102.43846153846152,111.02
310,Chayce McDermott,BAL,3.0,88.58,,,91.3,91.64374999999998,116.62,,,,90.22515151515152,56.66787878787878,56.11181818181819
311,Spencer Arrighetti,HOU,35.1,105.94561224489794,106.80181818181818,92.15581395348836,,102.0959523809524,113.76503597122303,74.44448275862068,,,102.37815089224368,93.92948099455926,96.80918166118879
312,Sam Aldegheri,LAA,9.1,88.41379310344827,,,,107.015,88.87111111111112,93.41020408163266,,,93.27010526315789,90.39884210526316,84.39147368421054
313,Chris Flexen,CHC,4.0,75.0,,90.38,,84.9,108.42,91.06,,,86.64470588235294,71.96235294117648,64.35058823529413
314,Bryse Wilson,CHW,21.2,101.39272727272727,106.41810344827586,87.16371681415929,,,97.60925925925925,79.2959375,,,95.00180788945214,98.3390220053827,94.60574421198683
315,Spencer Turnbull,TOR,2.0,81.36,94.26,,,100.11066666666667,96.34,74.52,,,90.04044444444446,109.28399999999999,107.90088888888889
316,Anthony DeSclafani,ARI,13.2,87.69574468085106,100.22857142857143,,89.14964285714287,90.91614545454546,,,104.81795918367347,,93.78207726631533,113.7126857008828,112.73361972461372
317,Caleb Boushley,TEX,3.0,73.16,78.9,77.24000000000001,,86.02,81.52,78.67999999999999,,,77.71382352941177,98.04529411764705,81.87647058823529
318,Easton Lucas,TOR,19.2,99.99980198019801,,91.33333333333333,,115.42361445783132,,89.83915492957746,,,101.63406766421984,87.2013399915302,87.77881140598534
319,Thomas Harrington,PIT,4.0,79.86,,92.68,100.34,109.46,,,,,92.26622222222224,83.34666666666668,75.11244444444445
320,Tyler Holton,DET,8.1,92.172,111.02833333333334,96.03696969696969,,111.92583333333334,149.45,79.839,,,101.35888,111.55104000000001,111.32911999999999
321,Tony Gonsolin,LAD,36.0,79.3208163265306,,,109.95730061349691,102.98040816326531,99.08621359223301,,,,94.70516219558034,97.60228174768037,90.98310159851228
322,Matt Waldron,SDP,4.2,73.28,86.58,,,77.68,,,,,86.30576923076923,86.41499999999999,74.3921153846154
323,Yariel Rodríguez,TOR,1.0,77.5,106.6,,96.82,103.6,,,,,90.27172413793105,75.40758620689655,70.32896551724139
324,Carlos Carrasco,2 Tms,40.2,68.19471428571427,83.33885350318471,,,82.36294913419914,80.7709090909091,84.77006993006994,,,80.02661858802826,101.50571310706077,88.56122325290231
325,Bruce Zimmermann,MIL,6.0,80.62,90.84,80.14,94.53999999999999,98.2,85.86,,,,90.42131868131868,97.9142857142857,89.19934065934065
326,Travis Adams,MIN,7.1,106.46,96.264,93.14470588235294,,99.77,91.88857142857144,83.35935483870969,,,95.94781954887219,88.86902255639099,86.24661654135338
327,Mike Vasil,CHW,11.0,92.5945945945946,94.80944444444445,,,110.88060606060607,96.25307692307692,81.0632,,,95.61503436607804,95.31024637834408,89.37371047901026
328,Scott Barlow,CIN,1.0,92.58,82.17999999999999,,,79.53714285714285,99.12,,,,85.95117647058824,60.40529411764707,55.381764705882354
329,Justin Hagenman,NYM,4.1,,104.14,111.0,,108.24,,68.34,,,98.97863013698631,108.37150684931508,109.65808219178082
330,Scott Blewett,2 Tms,5.2,73.3,,,88.18823529411765,86.08682926829268,,,,,82.33906976744186,116.36883720930234,103.44953488372093
331,Emerson Hancock,SEA,81.1,90.72970414201183,85.50425101214574,,,103.64581280788175,,84.7642748091603,,,89.69896741667542,99.3742827944516,87.13581462685192
332,Lance McCullers Jr.,HOU,51.1,88.86061538461537,84.17226890756302,93.57877551020408,,110.86086206896552,,82.92417112299465,105.43017751479289,,96.9369637508809,93.43871652572234,93.38329523431993
333,Rich Hill,KCR,9.0,74.04666666666668,95.64363636363636,95.67407407407407,,100.77127272727273,102.2528813559322,93.0,,,90.02409356725146,92.7935166745693,80.70168168168169
334,Caden Dana,LAA,26.1,88.06663157894737,,,,100.22503703703704,89.46578947368421,84.36025,,,91.2363152303811,93.58304076483866,86.91310582923914
335,José Ureña,3 Tms,22.1,88.16513157894737,85.42871794871796,,95.90545454545455,94.65020833333334,,72.09,,,84.63088413346867,95.86839512490202,86.74268593627811
336,Roki Sasaki,LAD,34.1,82.65705685618728,,,99.92530612244899,92.74356435643564,,,,,90.09412633693518,90.18298332996996,82.46754844765697
337,Braydon Fisher,TOR,1.1,64.66,,95.96,,133.84,108.3,,,,108.82628571428572,125.52628571428572,136.76228571428572
338,Osvaldo Bido,ATH,46.1,93.61845238095236,90.92485436893205,99.87882352941178,,104.74923076923078,,75.60329896907218,,,94.12333688427435,95.73387717745203,90.3030317034014
339,Richard Fitts,BOS,41.0,102.00083969465648,94.91963636363634,,,103.74834114885522,102.55150684931506,88.56307692307693,,,101.96228464180074,105.89729342862353,107.3690121677337
340,Payton Tolle,BOS,10.1,118.15296296296295,98.08,88.3625,,106.10000000000001,119.45411764705881,111.47294117647058,,,110.47842813826561,89.09448878107943,99.9434675560946
341,Carson Seymour,SFG,9.1,101.21090909090911,104.81569230769232,87.12705882352941,,108.74571428571429,119.55199999999999,,,,103.53385096078738,94.9312576159975,97.7474113419778
342,Aaron Bummer,ATL,4.1,91.99428571428572,107.67499999999998,,,109.87,110.25333333333334,,,,107.87192647058824,104.26219117647058,110.648
343,Zach Eflin,BAL,71.1,86.74847222222223,95.86396226415096,89.812,,101.65044025157233,97.70384615384617,79.48875675675674,,,91.7293443982223,105.77326809107461,97.35073887017012
344,Landon Knack,LAD,31.2,90.54676470588237,,,,107.00153846153847,,105.74635761589404,77.52370370370372,,94.88052781357388,97.6467160652921,92.1379295532646
345,Victor Mederos,LAA,13.0,,97.66540540540541,,,104.67982142857143,,85.88333333333333,,,100.40680851063829,89.00451063829787,88.72927659574468
346,Pierson Ohl,MIN,8.0,87.06749999999998,100.13,94.50000000000001,,,85.30444444444444,102.606,,,92.92222559449681,120.75493665025995,111.42363350135405
347,Chase Petty,CIN,5.1,99.90032258064517,85.00750000000001,,,101.06449823943662,,85.52666666666669,,,96.18641509433962,99.70641509433962,96.32339622641508
348,McCade Brown,COL,25.2,,88.61289198606272,,,96.48969072164948,106.96666666666667,82.7957142857143,,,90.89637302609633,92.88411759267818,84.0499378750106
349,Kyle Hart,SDP,25.2,91.75823529411765,86.47108108108108,,90.55333333333333,105.16355555555555,,83.5872972972973,,,95.32176762158562,101.62393960692869,98.84207759826782
350,Tanner Houck,BOS,43.2,89.50772727272727,96.5423489932886,,85.08661971830985,101.0439245283019,,,,,95.63974781189737,101.91576234979973,99.66295119418487
351,Walker Buehler,2 Tms,120.0,94.48634980988595,98.85339130434787,92.17512747875355,,97.46411572052402,,77.34887323943661,109.90402985074626,,96.29677590467317,93.2711444147079,91.5390098324801
352,Austin Gomber,COL,57.2,70.43655976676384,,84.81349999999999,99.48666666666668,97.55358490566037,,95.49914634146342,107.56629032258066,,90.1752524612241,100.92679591963098,88.71720868290973
353,Anthony Molina,COL,5.0,74.5,,89.74,,93.78000000000002,111.76,89.98,,,86.1722891566265,92.96192771084337,82.9055421686747
354,Elvin Rodríguez,MIL,9.0,101.95636363636363,,80.44756756756757,,117.14,93.28,89.42,,,94.95469714285713,103.19047619047618,100.09198857142857
355,Joey Estes,ATH,7.0,73.08151898734178,60.58,,,97.03130434782608,,81.86,,,79.83958904109588,92.37890410958904,80.93191780821918
356,Jake Irvin,WSN,180.0,92.10025343189015,95.0473374613003,91.16842975206612,,95.55969465648853,96.03605504587155,74.18815789473686,,,92.5838423983763,102.75606434285027,94.0975641763759
357,Mitch Spence,ATH,39.0,,86.56911764705882,91.78936507936508,,102.46924855491328,102.82361904761905,73.71166666666666,,,95.74175283361869,103.77783972867374,100.86660141481211
358,Carson Palmquist,COL,30.2,87.57430962343098,104.94,74.29447368421052,,106.59340782122905,,71.55760000000001,,,92.76692078038145,94.14699774863224,87.15017057688495
359,Carson Whisenhunt,SFG,23.1,,79.26512820512819,,,95.85122807017545,92.33000000000001,107.56973684210526,,,91.32750135976589,86.71708031123237,76.47373490461418
360,Gunnar Hoglund,ATH,32.1,93.24673469387756,94.08461538461539,,,96.73313432835822,,96.47761904761902,,,94.93367002973224,105.19165559973486,101.40179468049827
361,Didier Fuentes,ATL,13.0,109.24059171597634,,,99.21555555555557,111.23902439024391,104.1260606060606,,,,108.91590443686006,94.82873720136519,101.29583617747441
362,Jack Kochanowicz,LAA,111.0,89.43774647887324,96.81238204833143,,,90.20913699753115,,85.50061302681992,,,92.51313449914741,90.7839876699231,85.53821571309405
363,Kyle Gibson,BAL,12.1,62.75307692307692,86.87,59.65586206896551,,96.9293103448276,89.83225806451614,67.11277777777778,,,81.68342857142858,100.77478571428571,91.12264285714285
364,Bowden Francis,TOR,64.0,96.53527386541471,76.60099999999998,,92.502578125,87.27909090909091,90.63249999999998,,,,93.86348991386961,98.46742791214024,93.91831836212097
365,Bradley Blalock,COL,55.2,85.24087527352297,,91.49755102040818,97.13627586206896,99.5181699346405,93.40861788617887,,,,90.86848000608995,97.32631212349398,90.8488692817719
366,Nestor Cortes,2 Tms,34.1,93.35591111111111,116.53200000000001,100.11223300970875,,105.34124999999999,,93.74313253012049,,,97.52157296761963,97.26066052657126,94.85868608846154
