rank,Name,Team,O-Swing%,Z-Swing%,Swing%,O-Contact%,Z-Contact%,Contact%,Zone%,F-Strike%,SwStr%,CStr%,CSW%
1,Chris Sale,ATL,0.36895035,0.64624183,0.48952043,0.5758092,0.81163085,0.71117562,0.4348135,0.69373219,0.14123492,0.18168914,0.32292406
2,Tarik Skubal,DET,0.35192563,0.69779412,0.51605024,0.56603774,0.80084299,0.71670047,0.47452896,0.68658699,0.14609484,0.17468619,0.32078103
3,Zack Wheeler,PHI,0.36448598,0.71330798,0.51084876,0.64102564,0.82196162,0.7470331,0.41959158,0.64167726,0.12914541,0.14381378,0.27295918
4,Cole Ragans,KCR,0.3308026,0.71585557,0.48813342,0.57704918,0.79057018,0.70499343,0.40859525,0.58661417,0.14400257,0.14528544,0.28928801
5,Dylan Cease,SDP,0.33538778,0.70588235,0.47961104,0.53139357,0.81278539,0.69260955,0.38927227,0.59580052,0.14742785,0.14523212,0.29265997
6,Seth Lugo,KCR,0.31397971,0.66143498,0.46336761,0.63375224,0.89717514,0.79542302,0.42994859,0.64354067,0.09479434,0.18669666,0.281491
7,Cristopher Sánchez,PHI,0.39290162,0.67338371,0.51233464,0.67194929,0.86533666,0.78018144,0.42581337,0.65782493,0.11258041,0.16261615,0.27519657
8,Garrett Crochet,CHW,0.35978428,0.72926162,0.52901879,0.5267666,0.79125,0.6937648,0.45803758,0.64033613,0.16200418,0.14530271,0.30730689
9,Logan Webb,SFG,0.3458922,0.6283941,0.4596875,0.69742814,0.90987654,0.81441196,0.4028125,0.69678954,0.08525921,0.19862586,0.28388507
10,Paul Skenes,PIT,0.34482759,0.70011025,0.49647059,0.58809524,0.83307087,0.73554502,0.42682353,0.62256809,0.13117066,0.16267043,0.29384109
11,George Kirby,SEA,0.35888078,0.74527589,0.53117627,0.65762712,0.86308316,0.78616751,0.44590495,0.66066838,0.11350623,0.15055574,0.26406197
12,Logan Gilbert,SEA,0.34274194,0.71669219,0.50328731,0.50588235,0.83119658,0.70476813,0.42932281,0.67745953,0.14858646,0.1522025,0.30078895
13,Michael King,SDP,0.32746051,0.63287905,0.45460993,0.60667904,0.82907133,0.73556942,0.41631206,0.65867419,0.12021277,0.19255319,0.31276596
14,Tyler Glasnow,LAD,0.31396439,0.67372881,0.48284436,0.47462687,0.84119497,0.71472709,0.4694182,0.63984674,0.13767396,0.16650099,0.30417495
15,Tanner Houck,BOS,0.33842239,0.63714531,0.4654479,0.65225564,0.88663968,0.78868814,0.42522852,0.6487214,0.09831871,0.19298246,0.29130117
16,Corbin Burnes,BAL,0.35964425,0.67892977,0.48714524,0.56414219,0.87068966,0.73474983,0.39933222,0.63903061,0.12912913,0.15648982,0.28561895
17,Sonny Gray,STL,0.33870968,0.67833491,0.48328635,0.51966874,0.85913529,0.7225,0.42569472,0.63636364,0.13395012,0.17779566,0.31174578
18,Hunter Greene,CIN,0.32740943,0.73703367,0.50312256,0.59916493,0.82469136,0.74088441,0.42896175,0.62193126,0.13031604,0.13655872,0.26687476
19,Framber Valdez,HOU,0.31237458,0.63100635,0.44765204,0.5267666,0.88936782,0.74376612,0.42455735,0.61877667,0.11439539,0.1831094,0.2975048
20,Yusei Kikuchi,2 Tms,0.30915796,0.70092736,0.4827114,0.56262425,0.82910695,0.73404255,0.44299897,0.65353261,0.12816131,0.16848941,0.29665072
21,Reynaldo López,ATL,0.32540357,0.70152505,0.4902148,0.5613577,0.86180124,0.74975657,0.43818616,0.64259259,0.12226451,0.16317793,0.28544244
22,Ranger Suarez,PHI,0.34082923,0.66595059,0.46941376,0.66597938,0.90322581,0.79909502,0.39549703,0.64536741,0.09426752,0.17452229,0.26878981
23,Erick Fedde,2 Tms,0.29032258,0.69844021,0.4532872,0.69047619,0.87965261,0.80687023,0.39930796,0.64738292,0.08739206,0.16062176,0.24801382
24,Max Fried,ATL,0.32098765,0.64886165,0.45655322,0.64423077,0.86774629,0.77557494,0.4134685,0.64985994,0.10231381,0.17606652,0.27838033
25,Jack Flaherty,2 Tms,0.3293601,0.68102564,0.462826,0.54666667,0.84337349,0.71236333,0.37952511,0.61171032,0.13303099,0.17951625,0.31254724
26,Michael Wacha,KCR,0.31561009,0.69339207,0.48039969,0.65226782,0.86149936,0.784,0.43620292,0.64525547,0.10372647,0.15866308,0.26238955
27,Tanner Bibee,CLE,0.31499051,0.7503937,0.50894423,0.65060241,0.81741868,0.7601654,0.44545773,0.65915493,0.12197687,0.15247108,0.27444795
28,Pablo López,MIN,0.35752212,0.72269558,0.51540522,0.62541254,0.82958199,0.74918778,0.43235097,0.67487047,0.12926993,0.14835901,0.27762894
29,MacKenzie Gore,WSN,0.31526223,0.74710871,0.50233801,0.58130841,0.84623323,0.75199468,0.43319973,0.58139535,0.1245409,0.13656093,0.26110184
30,Joe Ryan,MIN,0.32387923,0.70681145,0.50807217,0.62146893,0.81703911,0.75233645,0.48100665,0.70446097,0.12571157,0.16982922,0.2955408
31,Hunter Brown,HOU,0.30514706,0.67918089,0.46148359,0.67269076,0.84045226,0.77588872,0.41797432,0.60202605,0.10338681,0.16506239,0.2684492
32,Brandon Pfaadt,ARI,0.32618583,0.6937799,0.49122807,0.59960159,0.86551724,0.76822157,0.44897959,0.70789474,0.11369324,0.17590275,0.289596
33,Aaron Nola,PHI,0.34673629,0.68602826,0.48228285,0.62650602,0.88215103,0.77178153,0.39949828,0.66463415,0.10992797,0.16974632,0.27967429
34,Shota Imanaga,CHC,0.38942308,0.76719577,0.55482625,0.59964727,0.82988506,0.73903967,0.43783784,0.68011527,0.14456438,0.12914418,0.27370856
35,Blake Snell,SFG,0.34588441,0.65134707,0.45459673,0.49367089,0.78345499,0.64143921,0.35589397,0.64832536,0.16290868,0.16516347,0.32807215
36,Justin Steele,CHC,0.30792377,0.70543375,0.51173021,0.61563518,0.86486486,0.79178606,0.51270772,0.68108108,0.10649731,0.17098192,0.27747924
37,Kevin Gausman,TOR,0.33034648,0.72468619,0.49459742,0.67088608,0.86836028,0.7914024,0.41652144,0.64285714,0.10544103,0.15241636,0.25785738
38,Bailey Ober,MIN,0.37079365,0.73684211,0.52299703,0.63184932,0.79661017,0.72836879,0.41580119,0.674189,0.14200964,0.15164998,0.29365962
39,Yoshinobu Yamamoto,LAD,0.34296029,0.6645768,0.48264125,0.58596491,0.86084906,0.75035261,0.43430905,0.62228261,0.12008141,0.18385346,0.30393487
40,Zac Gallen,ARI,0.32966361,0.652124,0.44173982,0.62337662,0.89084507,0.76061427,0.34756584,0.58937198,0.10570403,0.17750299,0.28320702
41,Nestor Cortes,NYY,0.3079824,0.75619835,0.50160657,0.7122449,0.83169399,0.79003559,0.43198858,0.58477011,0.10524438,0.14662861,0.25187299
42,Zach Eflin,2 Tms,0.35464684,0.67513612,0.49897834,0.67505241,0.89247312,0.80753481,0.45034736,0.66520468,0.09603596,0.18022068,0.27625664
43,Sean Manaea,NYM,0.32227488,0.70084162,0.48747913,0.61397059,0.84716157,0.76027397,0.43639399,0.59756098,0.11678345,0.15915916,0.27594261
44,Bryce Miller,SEA,0.30443286,0.71769547,0.48708621,0.63811563,0.84747706,0.77445855,0.4419789,0.62215909,0.10985813,0.16224081,0.27209895
45,Spencer Schwellenbach,ATL,0.38226601,0.6983945,0.52835188,0.59020619,0.84236453,0.7442327,0.46210917,0.672,0.13513514,0.16163222,0.29676736
46,Nathan Eovaldi,TEX,0.34764251,0.72522898,0.52059497,0.6194332,0.82548794,0.75091575,0.45804729,0.65517241,0.12962257,0.15592833,0.2855509
47,Reese Olson,DET,0.34834325,0.68343195,0.47058824,0.54878049,0.88961039,0.7293578,0.36481382,0.63655914,0.12722372,0.15525606,0.28247978
48,Ryan Feltner,COL,0.29603399,0.70042918,0.47885138,0.64114833,0.85294118,0.78119935,0.45207606,0.62572254,0.10465116,0.1624031,0.26705426
49,Brady Singer,KCR,0.29015544,0.66639544,0.44605529,0.56944444,0.89255189,0.76946334,0.41436278,0.58530184,0.10272819,0.18086898,0.28359717
50,Mitchell Parker,WSN,0.33830104,0.73301887,0.51248959,0.64317181,0.89317889,0.80097482,0.44129892,0.64860681,0.10191348,0.15391015,0.25582363
51,Jameson Taillon,CHC,0.31013616,0.67269595,0.4796617,0.68292683,0.89628681,0.82283795,0.46757954,0.6562963,0.08497785,0.1824406,0.26741845
52,Chris Bassitt,TOR,0.27927928,0.66615147,0.44846232,0.69677419,0.86310905,0.80482291,0.4373099,0.62401055,0.08726415,0.18497305,0.2722372
53,Luis Castillo,SEA,0.34864547,0.73643411,0.50612102,0.64189189,0.85497076,0.76779544,0.40608604,0.64673157,0.11752361,0.15145156,0.26897517
54,Freddy Peralta,MIL,0.3196252,0.71441048,0.46705806,0.59609121,0.81051345,0.71857542,0.37345075,0.6137931,0.13127036,0.13908795,0.27035831
55,Zack Littell,TBR,0.34019104,0.728,0.51568785,0.62203024,0.87667888,0.78471139,0.45253419,0.66310976,0.11093248,0.15675241,0.26768489
56,Bryan Woo,SEA,0.34186047,0.72079439,0.53088578,0.60204082,0.8719611,0.78485181,0.4988345,0.72881356,0.11415259,0.17763541,0.291788
57,Nick Martinez,CIN,0.34718499,0.6789916,0.49440716,0.69111969,0.86881188,0.79939668,0.44369873,0.68306011,0.09917972,0.17225951,0.27143922
58,Mitch Keller,PIT,0.3190686,0.66984127,0.47420147,0.67061144,0.88507109,0.80458919,0.44226044,0.61578266,0.09256662,0.1868864,0.27945302
59,Andrew Heaney,TEX,0.35045514,0.70399306,0.50185874,0.61038961,0.85819975,0.75925926,0.42825279,0.6398243,0.12063846,0.15181886,0.27245731
60,Gavin Stone,LAD,0.34933124,0.72077185,0.50139405,0.67342342,0.83464567,0.76830399,0.40938662,0.62068966,0.11611705,0.14862982,0.26474686
61,Ronel Blanco,HOU,0.33663366,0.70265325,0.48431155,0.5625,0.85677083,0.7347561,0.40346992,0.60329341,0.12836592,0.15234231,0.28070823
62,Luis Severino,NYM,0.33109346,0.72785315,0.50311419,0.67896679,0.89144737,0.81224209,0.43356401,0.63337714,0.09439834,0.14661134,0.24100968
63,Luis Gil,NYY,0.28990025,0.7,0.45307808,0.60860215,0.82614555,0.74233637,0.3978979,0.54788069,0.11665416,0.15378845,0.27044261
64,Grayson Rodriguez,BAL,0.34271845,0.69022379,0.4997339,0.55240793,0.83447099,0.7284345,0.45183608,0.67820774,0.13571048,0.16072379,0.29643427
65,Nick Lodolo,CIN,0.33020638,0.6348808,0.4605475,0.59659091,0.84387352,0.74242424,0.42780462,0.6653144,0.11849866,0.17319035,0.29168901
66,Brayan Bello,BOS,0.32114073,0.66909754,0.46199262,0.62162162,0.84604905,0.75319489,0.40479705,0.64387464,0.11389606,0.16734243,0.28123848
67,Trevor Williams,WSN,0.31306991,0.70197044,0.46146617,0.70873786,0.85964912,0.79633401,0.38157895,0.6,0.09398496,0.15977444,0.2537594
68,José Soriano,LAA,0.32024169,0.65315315,0.45388788,0.61949686,0.88965517,0.77556441,0.40144665,0.5530474,0.10174594,0.16977724,0.27152318
69,Ryne Nelson,ARI,0.33899745,0.72081712,0.5170068,0.75438596,0.88529015,0.83947368,0.46621315,0.67937608,0.08295558,0.16364461,0.24660018
70,Miles Mikolas,STL,0.31304985,0.68483943,0.49722531,0.7587822,0.90621592,0.859375,0.49537551,0.72361111,0.06987061,0.19001848,0.25988909
71,Tobias Myers,MIL,0.31165541,0.73102679,0.49230769,0.70460705,0.88091603,0.81738281,0.43076923,0.66787659,0.08990385,0.16346154,0.25336538
72,Matt Waldron,SDP,0.27912254,0.66247582,0.44736842,0.7100271,0.8540146,0.80360531,0.43887946,0.62023217,0.0878235,0.18837505,0.27619856
73,Ryan Pepiot,TBR,0.32180209,0.69205298,0.4778967,0.595,0.81658692,0.73028238,0.42159144,0.66233766,0.12883721,0.16,0.28883721
74,David Peterson,NYM,0.32393085,0.69090909,0.47512039,0.63483146,0.86090226,0.77027027,0.41198502,0.6372549,0.1088,0.1664,0.2752
75,Andre Pallante,STL,0.28711898,0.69779507,0.46420582,0.67808219,0.89591078,0.81927711,0.43120805,0.60217391,0.08365867,0.15504741,0.23870608
76,Simeon Woods Richardson,MIN,0.32638889,0.714,0.49520906,0.70449173,0.86694678,0.80650836,0.43554007,0.6572935,0.09573542,0.15491732,0.25065274
77,Kutter Crawford,BOS,0.36724248,0.70634921,0.51859724,0.62195122,0.85955056,0.76639344,0.44633369,0.63504611,0.12114772,0.15692526,0.27807297
78,Nick Pivetta,BOS,0.34206349,0.69796709,0.5023986,0.5800464,0.89042996,0.77430556,0.45050153,0.6958042,0.11328976,0.16078431,0.27407407
79,Jake Irvin,WSN,0.30426829,0.68990043,0.48227183,0.6492986,0.8814433,0.80258679,0.46158897,0.61508453,0.09520683,0.1671044,0.26231123
80,Gerrit Cole,NYY,0.32410611,0.68365817,0.48044329,0.63345196,0.86622807,0.77747626,0.43481095,0.67179487,0.10670137,0.16785947,0.27456083
81,Jared Jones,PIT,0.33461909,0.73142857,0.51621339,0.56195965,0.815625,0.72644377,0.45763598,0.625,0.14121339,0.15115063,0.29236402
82,Patrick Corbin,WSN,0.34136546,0.69257642,0.48060942,0.64033613,0.89911728,0.78818444,0.39646814,0.65183246,0.10180055,0.15200831,0.25380886
83,Spencer Arrighetti,HOU,0.30022075,0.68921389,0.47370567,0.55637255,0.83952255,0.74010327,0.44598451,0.6215781,0.12291412,0.17094017,0.29385429
84,Bailey Falter,PIT,0.31099196,0.6889107,0.49111319,0.68103448,0.89458689,0.82380952,0.47661366,0.58743633,0.0864486,0.16542056,0.25186916
85,Clarke Schmidt,NYY,0.29850746,0.65463918,0.44115623,0.58461538,0.81889764,0.72386895,0.40055058,0.62322946,0.12156593,0.18269231,0.30425824
86,DJ Herz,WSN,0.32560706,0.7,0.48612863,0.63050847,0.79831933,0.73411154,0.42875158,0.60732984,0.12917454,0.15374921,0.28292376
87,Carlos Rodón,NYY,0.33653846,0.73127036,0.49290323,0.55714286,0.82739421,0.71596859,0.39612903,0.58288043,0.13990974,0.14474533,0.28465506
88,Cody Bradford,TEX,0.34722222,0.68399168,0.49069973,0.69777778,0.86322188,0.79602888,0.42604074,0.69932432,0.1,0.18938053,0.28938053
89,Jon Gray,TEX,0.33900365,0.72133527,0.51322751,0.60573477,0.87726358,0.77963918,0.45568783,0.62378641,0.1122784,0.15036113,0.26263953
90,Tyler Anderson,LAA,0.33806818,0.72270364,0.49039121,0.62184874,0.82613909,0.74107768,0.39601922,0.5869281,0.12692967,0.1457976,0.27272727
91,Taj Bradley,TBR,0.32953683,0.7430911,0.50566696,0.58986175,0.84297521,0.74827586,0.42589364,0.62456747,0.1271777,0.13850174,0.26567944
92,Albert Suárez,BAL,0.32684509,0.77777778,0.50442478,0.67741935,0.84109149,0.77680312,0.39380531,0.58574181,0.11230996,0.12064738,0.23295733
93,Dean Kremer,BAL,0.3043131,0.67138194,0.45969599,0.67979003,0.87034036,0.79759519,0.42330723,0.62567812,0.09304468,0.17503455,0.26807923
94,Kyle Gibson,STL,0.29514673,0.66229839,0.42691751,0.59655832,0.88280061,0.7559322,0.35890014,0.57617729,0.10419682,0.16823444,0.27243126
95,Joe Musgrove,SDP,0.30389908,0.68169014,0.47345133,0.56226415,0.83057851,0.73564753,0.44879899,0.68292683,0.12515803,0.18078382,0.30594185
96,Kyle Bradish,BAL,0.26370757,0.62199313,0.41839763,0.56435644,0.84530387,0.74468085,0.43175074,0.57668712,0.10682493,0.20474777,0.3115727
97,Tylor Megill,NYM,0.31859558,0.71530249,0.48610068,0.55510204,0.84577114,0.73570325,0.42223892,0.58536585,0.12828207,0.14778695,0.27606902
98,Alec Marsh,KCR,0.30655738,0.69683751,0.47402901,0.61764706,0.88732394,0.78775913,0.42910622,0.61510129,0.10051426,0.16830295,0.2688172
99,Lance Lynn,STL,0.3022113,0.75061125,0.48209907,0.72086721,0.83876221,0.79450661,0.40117705,0.62622309,0.09901961,0.14068627,0.23970588
100,Casey Mize,DET,0.31709845,0.71715818,0.49152542,0.67320261,0.88224299,0.80618312,0.43600234,0.6797235,0.09521028,0.15771028,0.25292056
101,Frankie Montas,2 Tms,0.3072407,0.73090909,0.48423851,0.63481953,0.86069652,0.7772549,0.4177744,0.62748092,0.10765732,0.14518575,0.25284306
102,Austin Gomber,COL,0.30578512,0.69888794,0.48111408,0.70495495,0.88372093,0.82077716,0.44601297,0.62068966,0.08619375,0.17467582,0.26086957
103,Gavin Williams,CLE,0.32912989,0.71304348,0.49049708,0.68582375,0.85365854,0.78837556,0.42032164,0.62650602,0.10380117,0.15131579,0.25511696
104,Chris Flexen,CHW,0.31291692,0.70320579,0.45718654,0.66860465,0.87941176,0.78846154,0.36964832,0.58447489,0.09671254,0.15443425,0.25114679
105,Patrick Sandoval,LAA,0.30861244,0.66447368,0.45844875,0.60852713,0.83663366,0.74773414,0.42105263,0.55524079,0.1154112,0.16655149,0.28196268
106,JP Sears,OAK,0.31218593,0.70411392,0.48564426,0.69617706,0.85842697,0.80028839,0.44257703,0.64775726,0.09692092,0.16550035,0.26242127
107,Bowden Francis,TOR,0.32307692,0.75733855,0.52554745,0.64550265,0.84237726,0.77777778,0.46624088,0.63448276,0.11668186,0.1586144,0.27529626
108,José Berríos,TOR,0.32669789,0.6641791,0.46636925,0.68996416,0.89013733,0.80794702,0.4138641,0.64631043,0.08950617,0.18792867,0.27743484
109,Osvaldo Bido,OAK,0.31042654,0.6978852,0.48074369,0.58015267,0.86147186,0.75966851,0.43957503,0.6344086,0.11553785,0.15139442,0.26693227
110,Charlie Morton,ATL,0.31155475,0.67926186,0.46148334,0.56116505,0.88098318,0.75310559,0.40773916,0.59343795,0.1137746,0.16565295,0.27942755
111,Shane Baz,TBR,0.28658537,0.75454545,0.5,0.58510638,0.86746988,0.77943615,0.45605307,0.63009404,0.11019056,0.14995857,0.26014913
112,Yariel Rodríguez,TOR,0.30921053,0.67741935,0.45369753,0.62411348,0.86466165,0.7650514,0.39240506,0.55978261,0.10652463,0.16511318,0.27163782
113,David Festa,MIN,0.33878887,0.7060241,0.48732943,0.57004831,0.84982935,0.734,0.40448343,0.63953488,0.12962963,0.15984405,0.28947368
114,Mitch Spence,OAK,0.35550277,0.71647059,0.50070989,0.65701559,0.91133005,0.80340265,0.40227165,0.61413043,0.09834515,0.13853428,0.23687943
115,Ryan Weathers,MIA,0.30252101,0.69137931,0.4621373,0.62698413,0.84538653,0.7611026,0.41047417,0.60490463,0.11024735,0.16325088,0.27349823
116,Yu Darvish,SDP,0.33482143,0.7147708,0.51229183,0.61333333,0.83135392,0.75541796,0.46708961,0.66465257,0.125,0.15585443,0.28085443
117,Chris Paddack,MIN,0.33452381,0.70322581,0.49109589,0.6405694,0.87155963,0.78103208,0.42465753,0.63541667,0.10738714,0.1627907,0.27017784
118,Jose Quintana,NYM,0.3012306,0.6743941,0.42689851,0.68383659,0.9046875,0.80133001,0.33676366,0.63040446,0.08457183,0.16348195,0.24805379
119,Javier Assad,CHC,0.26193724,0.64085821,0.42198582,0.72395833,0.90975255,0.84313725,0.42237983,0.58777429,0.06619385,0.18833727,0.25453113
120,Cooper Criswell,BOS,0.31278539,0.63711002,0.44579125,0.76642336,0.8943299,0.84138973,0.41010101,0.64589235,0.07065949,0.19179004,0.26244953
121,Andrew Abbott,CIN,0.31109445,0.68768769,0.47235319,0.68915663,0.87481805,0.80490018,0.42820403,0.61604096,0.09215602,0.16288041,0.25503643
122,Ross Stripling,OAK,0.33491311,0.66599598,0.48053097,0.77358491,0.89728097,0.84898711,0.43982301,0.65,0.07256637,0.17610619,0.24867257
123,Cole Irvin,BAL,0.2894356,0.68322981,0.47940075,0.79,0.88636364,0.85625,0.482397,0.67307692,0.06886228,0.18263473,0.25149701
124,Marcus Stroman,NYY,0.30203349,0.68494624,0.43889316,0.68712871,0.92307692,0.81873905,0.35741737,0.59001513,0.07949309,0.16897081,0.2484639
125,Kyle Freeland,COL,0.32532533,0.72337662,0.49858677,0.71076923,0.91741472,0.84126984,0.43527417,0.65714286,0.07914076,0.16676088,0.24590164
126,Trevor Rogers,2 Tms,0.31451613,0.6894198,0.46143558,0.7016317,0.88778878,0.81062802,0.39188587,0.58718861,0.08738297,0.15737851,0.24476148
127,Jakob Junis,2 Tms,0.33157895,0.625,0.47593583,0.6984127,0.84347826,0.79213483,0.49197861,0.66336634,0.09893048,0.21122995,0.31016043
128,Aaron Civale,2 Tms,0.31091919,0.65862709,0.44979622,0.66468254,0.89859155,0.8014827,0.39940719,0.6371553,0.08925926,0.18851852,0.27777778
129,Matthew Boyd,CLE,0.3248731,0.72,0.48729447,0.5703125,0.80808081,0.71472393,0.41106129,0.64457831,0.13901345,0.15994021,0.29895366
130,Ben Brown,CHC,0.28828829,0.65827338,0.45662848,0.51041667,0.85245902,0.73476703,0.45499182,0.63157895,0.12111293,0.18330606,0.30441899
131,Rhett Lowder,CIN,0.29577465,0.69626168,0.46787149,0.73809524,0.8590604,0.81545064,0.42971888,0.6171875,0.08634538,0.15261044,0.23895582
132,Jonathan Cannon,CHW,0.3178634,0.69618529,0.46588486,0.70247934,0.88258317,0.80778032,0.391258,0.5942029,0.08950453,0.15929675,0.24880128
133,Kyle Harrison,SFG,0.30456853,0.66629464,0.46053898,0.66666667,0.86934673,0.79310345,0.43118383,0.56766917,0.09528393,0.17853705,0.27382098
134,Ben Lively,CLE,0.27639296,0.70633397,0.46259352,0.71618037,0.88858696,0.83018868,0.43308396,0.65664557,0.07845579,0.18845994,0.26691573
135,James Paxton,2 Tms,0.28992879,0.71448276,0.47014052,0.63859649,0.90733591,0.81195517,0.42447307,0.63615561,0.08840749,0.14519906,0.23360656
136,Shane Bieber,CLE,0.30392157,0.75,0.47590361,0.38709677,0.8125,0.64556962,0.38554217,0.46666667,0.1686747,0.18674699,0.35542169
137,Randy Vásquez,SDP,0.31132075,0.73124147,0.49377593,0.73063973,0.89552239,0.83673469,0.43449911,0.60324826,0.08056872,0.14988152,0.23045024
138,Joey Estes,OAK,0.35555556,0.76705142,0.5528169,0.72282609,0.8878249,0.83257507,0.47937626,0.65913371,0.09255533,0.13631791,0.22887324
139,Jesús Luzardo,MIA,0.33230769,0.72286374,0.48845799,0.55555556,0.83067093,0.71833648,0.39981533,0.62408759,0.13745387,0.150369,0.28782288
140,Justin Verlander,HOU,0.31914894,0.70305677,0.48607595,0.72280702,0.86128364,0.80989583,0.43481013,0.58333333,0.09240506,0.16708861,0.25949367
141,Robert Gasser,MIL,0.34210526,0.68421053,0.52130326,0.67692308,0.84615385,0.79326923,0.52380952,0.73684211,0.10776942,0.18796992,0.29573935
142,Slade Cecconi,ARI,0.28370221,0.69117647,0.48304214,0.70212766,0.8662614,0.81702128,0.48920863,0.70769231,0.08811475,0.18237705,0.2704918
143,Clayton Kershaw,LAD,0.31365314,0.71982759,0.50099404,0.57647059,0.89820359,0.78968254,0.4612326,0.69924812,0.10515873,0.16071429,0.26587302
144,Jordan Montgomery,ARI,0.3556797,0.70387597,0.48632926,0.62041885,0.85242291,0.74641148,0.37521815,0.62736842,0.12296984,0.13341067,0.25638051
145,Merrill Kelly,ARI,0.33380481,0.71264368,0.47810858,0.65677966,0.91935484,0.80586081,0.38091068,0.63,0.09273841,0.167979,0.26071741
146,Reid Detmers,LAA,0.32608696,0.69692533,0.48876044,0.59649123,0.81722689,0.73455979,0.4386641,0.62915601,0.12957024,0.1654907,0.29506094
147,Spencer Turnbull,PHI,0.27887324,0.63849765,0.41373239,0.60606061,0.83823529,0.74042553,0.375,0.59124088,0.10683012,0.18914186,0.29597198
148,Davis Martin,CHW,0.33401222,0.70381232,0.48557692,0.55487805,0.88333333,0.75,0.40985577,0.63592233,0.12139423,0.14663462,0.26802885
149,Max Scherzer,TEX,0.41602067,0.72340426,0.54559043,0.57142857,0.85784314,0.73150685,0.42152466,0.65536723,0.14626866,0.14029851,0.28656716
150,Joe Ross,MIL,0.30913349,0.69732938,0.48036649,0.5530303,0.84680851,0.74114441,0.44109948,0.63636364,0.12418301,0.15294118,0.27712418
151,Braxton Garrett,MIA,0.32844575,0.67206478,0.47278912,0.59821429,0.93975904,0.80215827,0.42006803,0.70186335,0.09337861,0.18845501,0.28183362
152,Jordan Hicks,SFG,0.27619048,0.68838527,0.44191344,0.58965517,0.86213992,0.76030928,0.40205011,0.61448598,0.10580205,0.16723549,0.27303754
153,Luis Ortiz,PIT,0.27175368,0.7172524,0.47487254,0.66995074,0.87750557,0.81288344,0.45593591,0.6057971,0.08872727,0.17163636,0.26036364
154,Jack Kochanowicz,LAA,0.32296651,0.73696145,0.5355064,0.77037037,0.90769231,0.8673913,0.51338766,0.61278195,0.07101281,0.14668219,0.21769499
155,Edward Cabrera,MIA,0.30959164,0.67694567,0.4538639,0.54601227,0.87418655,0.73824651,0.39273356,0.6076555,0.11880046,0.15859285,0.27739331
156,Shawn Armstrong,TBR,0.33944954,0.65934066,0.485,0.67567568,0.83333333,0.77319588,0.455,0.66,0.11,0.2,0.31
157,Cal Quantrill,COL,0.27377154,0.72,0.45533687,0.69230769,0.87596899,0.81047382,0.40688872,0.62652439,0.08620038,0.15236295,0.23856333
158,Graham Ashcraft,CIN,0.30588235,0.73483536,0.49031297,0.63675214,0.88207547,0.79483283,0.42995529,0.56,0.10059613,0.13561848,0.23621461
159,Michael Lorenzen,2 Tms,0.2684166,0.69781553,0.44488778,0.65930599,0.86782609,0.79372197,0.41097257,0.6042885,0.09172483,0.16400798,0.2557328
160,Colin Rea,MIL,0.27816092,0.70056497,0.46768061,0.71349862,0.88306452,0.82746161,0.4486692,0.64296998,0.08062474,0.18024483,0.26086957
161,Cade Povich,BAL,0.29907773,0.68095238,0.47228222,0.66079295,0.85547786,0.78810976,0.45356371,0.61931818,0.10007199,0.17422606,0.27429806
162,Martín Pérez,2 Tms,0.31417625,0.66518354,0.45735027,0.70243902,0.88294314,0.80952381,0.40789474,0.63728814,0.08695652,0.18523551,0.27219203
163,Michael McGreevy,STL,0.32467532,0.64705882,0.46520147,0.68,0.87012987,0.79527559,0.43589744,0.68421053,0.0952381,0.18315018,0.27838828
164,Hayden Wesneski,CHC,0.3,0.63095238,0.44329897,0.52525253,0.91194969,0.76356589,0.43298969,0.69230769,0.104811,0.18728522,0.29209622
165,Tyler Holton,DET,0.33333333,0.66346154,0.46850394,0.54,0.88405797,0.7394958,0.40944882,0.68181818,0.12204724,0.19685039,0.31889764
166,John Means,BAL,0.31182796,0.71641791,0.48125,0.67241379,0.8125,0.75974026,0.41875,0.675,0.115625,0.165625,0.28125
167,José Buttó,NYM,0.30523918,0.6745283,0.42549923,0.61940299,0.86013986,0.74368231,0.32565284,0.58333333,0.10906298,0.13671275,0.24577573
168,Grant Holmes,ATL,0.41368078,0.69863014,0.53231939,0.48031496,0.85620915,0.68571429,0.41634981,0.66901408,0.16730038,0.15019011,0.31749049
169,Richard Fitts,BOS,0.37142857,0.65467626,0.49681529,0.8,0.92307692,0.87179487,0.44267516,0.62352941,0.06369427,0.17197452,0.23566879
170,Paul Blackburn,2 Tms,0.31830601,0.71666667,0.47607261,0.68669528,0.86046512,0.79029463,0.3960396,0.58860759,0.09983498,0.14521452,0.2450495
171,Christian Scott,NYM,0.30607477,0.75487465,0.51080051,0.67175573,0.85239852,0.79353234,0.45616264,0.57360406,0.10532995,0.13324873,0.23857868
172,Davis Daniel,LAA,0.3554007,0.66968326,0.49212598,0.70588235,0.87837838,0.808,0.43503937,0.70149254,0.09448819,0.18503937,0.27952756
173,Garrett Whitlock,BOS,0.31073446,0.63888889,0.45794393,0.69090909,0.92391304,0.83673469,0.44859813,0.6,0.07476636,0.18068536,0.25545171
174,River Ryan,LAD,0.27810651,0.72222222,0.46779661,0.4893617,0.91208791,0.76811594,0.42711864,0.58024691,0.10810811,0.15202703,0.26013514
175,Landon Knack,LAD,0.26802218,0.69876543,0.45243129,0.64827586,0.83745583,0.77336449,0.42811839,0.5751073,0.102537,0.17019027,0.27272727
176,Keider Montero,DET,0.28468208,0.68241042,0.47166922,0.66497462,0.90214797,0.8262987,0.47013783,0.67605634,0.08180428,0.18042813,0.26223242
177,Luis Medina,OAK,0.28395062,0.73968254,0.48333333,0.63478261,0.89699571,0.81034483,0.4375,0.47222222,0.09166667,0.14166667,0.23333333
178,Kyle Hendricks,CHC,0.32590051,0.65714286,0.45764463,0.73421053,0.8972332,0.82731377,0.39772727,0.6888454,0.07902893,0.18698347,0.2660124
179,J.T. Ginn,OAK,0.27413127,0.75510204,0.48131868,0.50704225,0.85810811,0.74429224,0.43076923,0.55905512,0.12280702,0.14254386,0.26535088
180,Jeffrey Springs,TBR,0.37704918,0.68181818,0.48404255,0.5942029,0.87407407,0.73260073,0.35106383,0.65492958,0.12920354,0.1539823,0.28318584
181,Jacob deGrom,TEX,0.35483871,0.63291139,0.48255814,0.48484848,0.86,0.71084337,0.45930233,0.68181818,0.13953488,0.19186047,0.33139535
182,Landen Roupp,SFG,0.29943503,0.62416107,0.44785276,0.67924528,0.91397849,0.82876712,0.45705521,0.7,0.07668712,0.23312883,0.30981595
183,Brady Basso,OAK,0.26315789,0.7173913,0.46601942,0.68888889,0.82828283,0.78472222,0.44660194,0.51851852,0.10032362,0.1618123,0.26213592
184,Sean Burke,CHW,0.35333333,0.74528302,0.515625,0.50943396,0.89873418,0.74242424,0.4140625,0.61290323,0.1328125,0.125,0.2578125
185,Joey Cantillo,CLE,0.27088608,0.6442953,0.43145743,0.56074766,0.80729167,0.71906355,0.43001443,0.5,0.12121212,0.17604618,0.2972583
186,Joe Boyle,OAK,0.24404762,0.63081395,0.4009434,0.53658537,0.85714286,0.74117647,0.40566038,0.545,0.10377358,0.17099057,0.27476415
187,Drew Rasmussen,TBR,0.40677966,0.67391304,0.52380952,0.54166667,0.80645161,0.69090909,0.43809524,0.66666667,0.16190476,0.17142857,0.33333333
188,Carson Fulmer,LAA,0.33933162,0.696,0.47887324,0.61363636,0.8908046,0.77124183,0.39123631,0.65644172,0.10954617,0.17370892,0.28325509
189,Eduardo Rodriguez,ARI,0.31067961,0.68376068,0.46189376,0.75625,0.84166667,0.8075,0.40531178,0.62053571,0.08850575,0.17126437,0.25977011
190,Jared Koenig,MIL,0.37142857,0.65,0.52,0.69230769,0.73076923,0.71794872,0.53333333,0.60869565,0.14473684,0.21052632,0.35526316
191,Alex Cobb,CLE,0.30344828,0.62886598,0.4338843,0.75,0.95081967,0.86666667,0.40082645,0.72580645,0.05785124,0.19008264,0.24793388
192,Zack Kelly,BOS,0.31428571,0.52272727,0.39473684,0.68181818,0.65217391,0.66666667,0.38596491,0.64285714,0.13157895,0.21929825,0.35087719
193,Cristian Javier,HOU,0.28242075,0.66816143,0.43333333,0.63265306,0.85234899,0.76518219,0.39122807,0.56666667,0.10157618,0.15761821,0.2591944
194,Ray Kerr,ATL,0.34782609,0.55357143,0.42567568,0.40625,0.70967742,0.55555556,0.37837838,0.65,0.18918919,0.18918919,0.37837838
195,Ryan Burr,TOR,0.32467532,0.8,0.48717949,0.4,0.84375,0.64912281,0.34188034,0.5,0.17094017,0.14529915,0.31623932
196,Bryce Elder,ATL,0.30943396,0.64071856,0.4375,0.57926829,0.89719626,0.75925926,0.38657407,0.57079646,0.10532407,0.18055556,0.28587963
197,Matt Manning,DET,0.29955947,0.69668246,0.49086758,0.63235294,0.86394558,0.79069767,0.48173516,0.58536585,0.10273973,0.16666667,0.26940639
198,Beau Brieske,DET,0.3317757,0.70714286,0.48022599,0.73239437,0.84848485,0.8,0.39548023,0.52,0.0960452,0.14689266,0.24293785
199,Sixto Sánchez,MIA,0.27862595,0.68444444,0.4661191,0.79452055,0.90909091,0.8722467,0.46201232,0.5703125,0.05942623,0.17827869,0.23770492
200,Tyler Alexander,TBR,0.33578431,0.67278287,0.48571429,0.78832117,0.81818182,0.80672269,0.44489796,0.67195767,0.09387755,0.19863946,0.29251701
201,Trevor Richards,TOR,0.37837838,0.85294118,0.6056338,0.42857143,0.89655172,0.74418605,0.47887324,0.5,0.15492958,0.07042254,0.22535211
202,Marco Gonzales,PIT,0.3659306,0.71615721,0.51282051,0.72413793,0.92682927,0.84285714,0.41941392,0.73509934,0.08058608,0.16849817,0.24908425
203,Tanner Banks,2 Tms,0.3030303,0.63333333,0.46031746,0.5,0.78947368,0.68965517,0.47619048,0.88888889,0.14285714,0.20634921,0.34920635
204,Jared Shuster,CHW,0.40789474,0.84722222,0.62162162,0.5483871,0.90163934,0.7826087,0.48648649,0.625,0.13513514,0.09459459,0.22972973
205,Tyler Mahle,TEX,0.34042553,0.71590909,0.48471616,0.72916667,0.79365079,0.76576577,0.38427948,0.66071429,0.11353712,0.17030568,0.28384279
206,Cody Poteet,NYY,0.28571429,0.66935484,0.43119266,0.79310345,0.90361446,0.85815603,0.37920489,0.63414634,0.06097561,0.17682927,0.23780488
207,Carmen Mlodzinski,PIT,0.37096774,0.68085106,0.50458716,0.7826087,0.84375,0.81818182,0.43119266,0.73076923,0.09174312,0.14678899,0.23853211
208,Jackson Rutledge,WSN,0.23529412,0.55263158,0.37078652,0.41666667,0.95238095,0.75757576,0.42696629,0.55,0.08988764,0.23595506,0.3258427
209,Kumar Rocker,TEX,0.30952381,0.72826087,0.48623853,0.51282051,0.85074627,0.72641509,0.42201835,0.65454545,0.13302752,0.14678899,0.27981651
210,Yilber Díaz,ARI,0.25698324,0.63120567,0.421875,0.63043478,0.92134831,0.82222222,0.440625,0.55421687,0.075,0.18125,0.25625
211,Jake Woodford,2 Tms,0.2484472,0.67489712,0.43185841,0.8,0.92682927,0.8852459,0.4300885,0.60927152,0.04955752,0.18053097,0.2300885
212,Tyler Wells,BAL,0.38216561,0.7254902,0.51737452,0.66666667,0.85135135,0.76865672,0.39382239,0.64179104,0.11969112,0.13899614,0.25868726
213,Tayler Scott,HOU,0.45454545,0.46153846,0.45714286,0.5,0.66666667,0.5625,0.37142857,0.55555556,0.2,0.17142857,0.37142857
214,AJ Smith-Shawver,ATL,0.24489796,0.78947368,0.48275862,0.75,0.8,0.78571429,0.43678161,0.61111111,0.10344828,0.13793103,0.24137931
215,Caleb Kilian,CHC,0.34,0.75,0.5,0.64705882,1.0,0.85365854,0.3902439,0.75,0.07317073,0.13414634,0.20731707
216,Dane Dunning,TEX,0.26835781,0.68441815,0.43630573,0.58208955,0.85014409,0.75182482,0.40366242,0.51779935,0.10828025,0.17515924,0.28343949
217,Will Warren,NYY,0.29889299,0.63636364,0.4266055,0.55555556,0.91428571,0.75806452,0.37844037,0.625,0.10321101,0.18348624,0.28669725
218,Kodai Senga,NYM,0.35,0.78787879,0.54794521,0.5,0.88461538,0.75,0.45205479,0.6,0.1369863,0.16438356,0.30136986
219,Rob Zastryzny,MIL,0.45833333,0.86666667,0.68518519,0.90909091,0.80769231,0.83783784,0.55555556,0.85714286,0.10714286,0.10714286,0.21428571
220,Anthony Maldonado,MIA,0.35,0.6875,0.5,0.42857143,0.72727273,0.61111111,0.44444444,0.63636364,0.19444444,0.13888889,0.33333333
221,Hogan Harris,OAK,0.29069767,0.62771739,0.44611529,0.696,0.87445887,0.81179775,0.46115288,0.58461538,0.0839599,0.17418546,0.25814536
222,Carlos Carrasco,CLE,0.33236152,0.71686747,0.48316598,0.63450292,0.9012605,0.78973105,0.39220319,0.62416107,0.1015948,0.16125222,0.26284702
223,Fernando Cruz,CIN,0.35384615,0.58974359,0.44230769,0.52173913,0.69565217,0.60869565,0.375,0.64,0.17307692,0.19230769,0.36538462
224,Brenan Hanifee,DET,0.33333333,0.70967742,0.53448276,0.88888889,0.86363636,0.87096774,0.53448276,0.52941176,0.06896552,0.17241379,0.24137931
225,Brant Hurter,DET,0.2826087,0.76470588,0.4875,0.76923077,0.96153846,0.8974359,0.425,0.80952381,0.05,0.2,0.25
226,Buck Farmer,CIN,0.21428571,0.84615385,0.51851852,0.66666667,0.72727273,0.71428571,0.48148148,0.5,0.14814815,0.14814815,0.2962963
227,Brent Honeywell,LAD,0.38095238,0.6,0.47222222,0.625,0.88888889,0.76470588,0.41666667,0.7,0.11111111,0.19444444,0.30555556
228,Elieser Hernández,LAD,0.33333333,0.6744186,0.49450549,0.8125,0.86206897,0.84444444,0.47252747,0.58333333,0.07692308,0.1978022,0.27472527
229,Ty Madden,DET,0.25531915,0.775,0.49425287,0.58333333,0.96774194,0.86046512,0.45977011,0.59090909,0.06896552,0.10344828,0.17241379
230,Ryan Brasier,LAD,0.44117647,0.72413793,0.57142857,0.66666667,0.95238095,0.83333333,0.46031746,0.75,0.0952381,0.14285714,0.23809524
231,Hayden Birdsong,SFG,0.29137529,0.63207547,0.42146974,0.544,0.86567164,0.72820513,0.38184438,0.55238095,0.11455331,0.16498559,0.2795389
232,Erik Miller,SFG,0.34234234,0.7,0.46783626,0.71052632,0.78571429,0.75,0.35087719,0.6097561,0.11627907,0.13372093,0.25
233,Jacob Waguespack,TBR,0.29268293,0.63333333,0.43661972,0.58333333,0.68421053,0.64516129,0.42253521,0.58823529,0.15492958,0.1971831,0.35211268
234,Randy Rodríguez,SFG,0.375,0.47619048,0.41509434,0.33333333,0.8,0.54545455,0.39622642,0.45454545,0.18867925,0.22641509,0.41509434
235,Josh Fleming,PIT,0.29333333,0.65,0.4173913,0.68181818,0.96153846,0.83333333,0.34782609,0.5,0.06956522,0.14782609,0.2173913
236,Tristan Beck,SFG,0.28205128,0.72727273,0.48611111,0.63636364,0.91666667,0.82857143,0.45833333,0.5,0.08333333,0.13888889,0.22222222
237,Emilio Pagán,CIN,0.6,0.66666667,0.63636364,0.83333333,0.875,0.85714286,0.54545455,0.66666667,0.09090909,0.13636364,0.22727273
238,Brennan Bernardino,BOS,0.25,0.57692308,0.43478261,0.8,0.73333333,0.75,0.56521739,0.64285714,0.10869565,0.2173913,0.32608696
239,Hoby Milner,MIL,0.18181818,0.76470588,0.53571429,1.0,1.0,1.0,0.60714286,0.71428571,0.0,0.10714286,0.10714286
240,Steven Matz,STL,0.29153605,0.72307692,0.48531952,0.70967742,0.87234043,0.81850534,0.44905009,0.6137931,0.0880829,0.15198618,0.24006908
241,Brandon Hughes,ARI,0.35714286,0.63636364,0.48,0.8,0.85714286,0.83333333,0.44,0.57142857,0.08,0.16,0.24
242,Alex Faedo,DET,0.288,0.69230769,0.42631579,0.61111111,0.73333333,0.67901235,0.34210526,0.625,0.13684211,0.15789474,0.29473684
243,Matt Bowman,BAL,0.30769231,0.5,0.36842105,0.75,0.66666667,0.71428571,0.31578947,0.2,0.10526316,0.21052632,0.31578947
244,Chad Kuhl,CHW,0.26470588,0.53333333,0.34693878,0.55555556,0.75,0.64705882,0.30612245,0.45454545,0.12244898,0.20408163,0.32653061
245,Kyle Hurt,LAD,0.46153846,0.81818182,0.625,1.0,0.88888889,0.93333333,0.45833333,0.75,0.04166667,0.08333333,0.125
246,Shaun Anderson,MIA,0.2173913,0.75409836,0.52336449,0.7,0.93478261,0.89285714,0.57009346,0.68571429,0.05607477,0.17757009,0.23364486
247,Blake Walston,ARI,0.30337079,0.671875,0.45751634,0.66666667,0.90697674,0.81428571,0.41830065,0.69230769,0.08496732,0.1503268,0.23529412
248,Andrew Walters,CLE,0.38461538,0.85714286,0.55,0.8,0.83333333,0.81818182,0.35,,0.1,0.1,0.2
249,Gerson Garabito,TEX,0.25,0.61818182,0.4,0.65,1.0,0.87037037,0.40740741,0.66666667,0.05185185,0.18518519,0.23703704
250,Mason Englert,DET,0.31578947,0.78571429,0.51515152,0.5,0.81818182,0.70588235,0.42424242,0.75,0.15151515,0.12121212,0.27272727
251,Robbie Ray,SFG,0.33427762,0.73831776,0.48677249,0.45762712,0.82278481,0.66666667,0.37742504,0.62015504,0.16197183,0.13908451,0.30105634
252,Luke Little,CHC,0.16666667,0.5,0.35714286,0.0,1.0,0.8,0.57142857,0.66666667,0.07142857,0.28571429,0.35714286
253,Brock Burke,LAA,0.36363636,0.76470588,0.60714286,1.0,0.84615385,0.88235294,0.60714286,0.66666667,0.07142857,0.17857143,0.25
254,Ben Joyce,LAA,0.15384615,0.75,0.38095238,0.75,0.91666667,0.875,0.38095238,0.33333333,0.04761905,0.14285714,0.19047619
255,Brent Suter,CIN,0.30434783,0.8,0.5,0.57142857,1.0,0.84210526,0.39473684,0.7,0.07894737,0.10526316,0.18421053
256,Peter Lambert,COL,0.31707317,0.76623377,0.49,0.48717949,0.86440678,0.71428571,0.385,0.64814815,0.14,0.14,0.28
257,Alek Manoah,TOR,0.3,0.71341463,0.47208122,0.56521739,0.83760684,0.73655914,0.41624365,0.62135922,0.12436548,0.15989848,0.28426396
258,DL Hall,MIL,0.28448276,0.63829787,0.4271012,0.64646465,0.89333333,0.79518072,0.40308748,0.56081081,0.08732877,0.17979452,0.26712329
259,Cole Sulser,TBR,0.4047619,0.86956522,0.56923077,0.82352941,0.8,0.81081081,0.35384615,0.75,0.10769231,0.06153846,0.16923077
260,Matt Foster,CHW,0.3,0.90909091,0.61904762,0.66666667,0.9,0.84615385,0.52380952,0.55555556,0.0952381,0.04761905,0.14285714
261,Joan Adon,WSN,0.13157895,0.61764706,0.36111111,0.8,0.95238095,0.92307692,0.47222222,0.5,0.02777778,0.20833333,0.23611111
262,Joe Mantiply,ARI,0.41666667,1.0,0.61111111,1.0,1.0,1.0,0.33333333,0.83333333,0.0,0.11111111,0.11111111
263,Ryan Walker,SFG,0.375,0.71428571,0.59090909,0.66666667,0.6,0.61538462,0.63636364,0.8,0.22727273,0.13636364,0.36363636
264,Dakota Hudson,COL,0.25283447,0.64864865,0.41760424,0.67264574,0.91911765,0.83201268,0.41628061,0.60643564,0.07010582,0.1739418,0.24404762
265,Bryan Hoeing,MIA,0.27586207,0.6,0.42592593,0.8125,0.9,0.86956522,0.46296296,0.61290323,0.05555556,0.22222222,0.27777778
266,Kolby Allard,PHI,0.30215827,0.71755725,0.5037037,0.66666667,0.90425532,0.83088235,0.48518519,0.69333333,0.08518519,0.17407407,0.25925926
267,Ronny Henriquez,MIN,0.0,0.83333333,0.41666667,,0.8,0.8,0.5,0.25,0.08333333,0.16666667,0.25
268,Spencer Bivens,SFG,0.35714286,0.66037736,0.48780488,0.64,0.88571429,0.78333333,0.43089431,0.62162162,0.10569106,0.18699187,0.29268293
269,Walter Pennington,TEX,0.09090909,1.0,0.5,1.0,0.66666667,0.7,0.45,0.83333333,0.15,0.1,0.25
270,Jacob Lopez,TBR,0.3902439,0.5483871,0.45833333,0.5625,0.88235294,0.72727273,0.43055556,0.78947368,0.125,0.19444444,0.31944444
271,Adam Oller,MIA,0.28841608,0.63763066,0.42957746,0.68032787,0.8852459,0.80327869,0.40422535,0.5978836,0.08438819,0.1673699,0.25175809
272,Spencer Strider,ATL,0.35849057,0.73611111,0.51123596,0.44736842,0.83018868,0.67032967,0.40449438,0.69047619,0.16853933,0.13483146,0.30337079
273,Orion Kerkering,PHI,0.25,0.41666667,0.33333333,0.66666667,1.0,0.875,0.5,0.28571429,0.04166667,0.25,0.29166667
274,Matthew Liberatore,STL,0.29906542,0.74404762,0.4947644,0.5625,0.872,0.76719577,0.43979058,0.59375,0.11518325,0.13874346,0.2539267
275,Keaton Winn,SFG,0.34309623,0.74185464,0.52451539,0.58536585,0.875,0.77173913,0.45496009,0.65546218,0.11972634,0.14253136,0.2622577
276,Nick Sandlin,CLE,0.21428571,0.75,0.40909091,0.66666667,0.66666667,0.66666667,0.36363636,0.4,0.13636364,0.09090909,0.22727273
277,Bradley Blalock,COL,0.27722772,0.73333333,0.47159091,0.67857143,0.88484848,0.81526104,0.42613636,0.62237762,0.086629,0.14500942,0.23163842
278,Tony Santillan,CIN,0.36363636,0.66666667,0.52173913,1.0,0.75,0.83333333,0.52173913,0.75,0.08695652,0.17391304,0.26086957
279,Nate Pearson,CHC,0.14285714,0.8,0.41666667,1.0,1.0,1.0,0.41666667,0.75,0.0,0.16666667,0.16666667
280,Darius Vines,ATL,0.21686747,0.73239437,0.45454545,0.5,0.90384615,0.8,0.46103896,0.58536585,0.09090909,0.16233766,0.25324675
281,Adrian Houser,NYM,0.25519288,0.71721311,0.44922547,0.6744186,0.88571429,0.81609195,0.41996558,0.60625,0.08261618,0.16179002,0.2444062
282,Michael Grove,LAD,0.33333333,0.7037037,0.50877193,0.6,0.94736842,0.82758621,0.47368421,0.625,0.0877193,0.14035088,0.22807018
283,Carlos Rodriguez,MIL,0.31617647,0.72164948,0.48497854,0.69767442,0.88571429,0.81415929,0.41630901,0.57894737,0.09012876,0.13304721,0.22317597
284,Darren McCaughan,MIA,0.27956989,0.66285714,0.46537396,0.78846154,0.87931034,0.85119048,0.48476454,0.67010309,0.06925208,0.19113573,0.26038781
285,Gordon Graceffo,STL,0.36842105,0.84210526,0.60526316,0.71428571,0.9375,0.86956522,0.5,0.38461538,0.07894737,0.07894737,0.15789474
286,Kyle Tyler,MIA,0.31321839,0.6492891,0.44007156,0.58715596,0.89051095,0.75609756,0.37745975,0.54814815,0.10714286,0.15,0.25714286
287,Joey Lucchesi,NYM,0.21649485,0.70731707,0.44134078,0.66666667,0.94827586,0.87341772,0.45810056,0.54347826,0.05555556,0.12777778,0.18333333
288,Josh Winckowski,BOS,0.29310345,0.66906475,0.4600639,0.76470588,0.94623656,0.88194444,0.44408946,0.52272727,0.0543131,0.16932907,0.22364217
289,Jack Leiter,TEX,0.31954887,0.75,0.5,0.62352941,0.84027778,0.75982533,0.41921397,0.66666667,0.12008734,0.13973799,0.25982533
290,Josiah Gray,WSN,0.32692308,0.69444444,0.47727273,0.52941176,0.82,0.70238095,0.40909091,0.65909091,0.14204545,0.14204545,0.28409091
291,José Ureña,TEX,0.31481481,0.71785714,0.46214099,0.7124183,0.91044776,0.82485876,0.36553525,0.52307692,0.08083442,0.14863103,0.22946545
292,Anthony Banda,LAD,0.42105263,1.0,0.66666667,0.5,0.85714286,0.72727273,0.42424242,0.44444444,0.18181818,0.06060606,0.24242424
293,Chayce McDermott,BAL,0.35416667,0.76470588,0.52439024,0.64705882,0.84615385,0.76744186,0.41463415,0.55555556,0.12195122,0.1097561,0.23170732
294,Scott McGough,ARI,0.34615385,0.73684211,0.51111111,0.77777778,0.64285714,0.69565217,0.42222222,0.66666667,0.15555556,0.17777778,0.33333333
295,José Suarez,LAA,0.33566434,0.81914894,0.52742616,0.58333333,0.85714286,0.752,0.39662447,0.54385965,0.12970711,0.08786611,0.21757322
296,J.P. France,HOU,0.26643599,0.67231638,0.42060086,0.68831169,0.82352941,0.77040816,0.37982833,0.57024793,0.09656652,0.15665236,0.25321888
297,Xzavion Curry,2 Tms,0.27071823,0.71698113,0.47941176,0.83673469,0.86842105,0.85889571,0.46764706,0.61538462,0.06764706,0.17941176,0.24705882
298,Roansy Contreras,LAA,0.23529412,0.66666667,0.42384106,0.75,0.90909091,0.859375,0.43708609,0.5,0.05960265,0.16556291,0.22516556
299,Alex Wood,OAK,0.23167849,0.65765766,0.41931217,0.70408163,0.8630137,0.81388013,0.44047619,0.58602151,0.07804233,0.19444444,0.27248677
300,Mason Black,SFG,0.31988473,0.70566038,0.4869281,0.72972973,0.93048128,0.8557047,0.43300654,0.57419355,0.07026144,0.17810458,0.24836601
301,Dallas Keuchel,MIL,0.23300971,0.6372549,0.36688312,0.66666667,0.92307692,0.81415929,0.33116883,0.55696203,0.06818182,0.17857143,0.24675325
302,Domingo Germán,PIT,0.38666667,0.73684211,0.53787879,0.65517241,0.85714286,0.77464789,0.43181818,0.6097561,0.12121212,0.12121212,0.24242424
303,Shawn Dubin,HOU,0.1969697,0.65,0.36792453,0.69230769,0.96153846,0.87179487,0.37735849,0.39285714,0.04716981,0.17924528,0.22641509
304,Germán Márquez,COL,0.25641026,0.70967742,0.45714286,0.4,0.86363636,0.71875,0.44285714,0.75,0.12857143,0.12857143,0.25714286
305,Austin Kitchen,MIA,0.2962963,0.67857143,0.49090909,0.875,0.94736842,0.92592593,0.50909091,0.75,0.03636364,0.2,0.23636364
306,Quinn Priester,2 Tms,0.32957746,0.74509804,0.50327869,0.66666667,0.86842105,0.79153094,0.41803279,0.53333333,0.10491803,0.15245902,0.25737705
307,Griffin Canning,LAA,0.32717521,0.71415771,0.4817466,0.62295082,0.8770389,0.77340267,0.39942734,0.57997218,0.10900643,0.14295926,0.25196569
308,Anthony Molina,COL,0.21875,0.84615385,0.4,1.0,1.0,1.0,0.28888889,0.6,0.0,0.13333333,0.13333333
309,Julio Teheran,NYM,0.23809524,0.80769231,0.45588235,0.7,0.80952381,0.77419355,0.38235294,0.375,0.10294118,0.08823529,0.19117647
310,Valente Bellozo,MIA,0.25358852,0.71948608,0.45246801,0.72327044,0.86309524,0.81818182,0.42687386,0.54915254,0.08219178,0.1652968,0.24748858
311,Drew Thorpe,CHW,0.26845638,0.76277372,0.45631068,0.68333333,0.82296651,0.77203647,0.38002774,0.56842105,0.10402219,0.14285714,0.24687933
312,Walker Buehler,LAD,0.29403974,0.65576592,0.45134731,0.66666667,0.90813648,0.81923715,0.43488024,0.60465116,0.08158683,0.17889222,0.26047904
313,Paolo Espino,TOR,0.27272727,0.74193548,0.46666667,0.83333333,1.0,0.94285714,0.41333333,0.52380952,0.02666667,0.13333333,0.16
314,Sam Aldegheri,LAA,0.21804511,0.71910112,0.41891892,0.55172414,0.921875,0.80645161,0.4009009,0.58208955,0.08108108,0.15765766,0.23873874
315,Tyler Phillips,PHI,0.36513158,0.75113122,0.52761905,0.71171171,0.87951807,0.81227437,0.42095238,0.64827586,0.09904762,0.12952381,0.22857143
316,Chase Silseth,LAA,0.29292929,0.57352941,0.40718563,0.72413793,0.64102564,0.67647059,0.40718563,0.47368421,0.13173653,0.20958084,0.34131737
317,Jhonathan Díaz,SEA,0.3902439,0.70731707,0.54878049,0.6875,0.96551724,0.86666667,0.5,0.76923077,0.07317073,0.18292683,0.25609756
318,Wade Miley,MIL,0.28571429,0.66666667,0.44067797,0.9,0.90625,0.90384615,0.40677966,0.56666667,0.04237288,0.16101695,0.20338983
319,Spencer Howard,2 Tms,0.25,0.77272727,0.47115385,0.9,0.85294118,0.86734694,0.42307692,0.66071429,0.0625,0.16826923,0.23076923
320,Mike Clevinger,CHW,0.31395349,0.67175573,0.46864686,0.74074074,0.76136364,0.75352113,0.43234323,0.6025641,0.11551155,0.16171617,0.27722772
321,Antonio Senzatela,COL,0.23255814,0.68539326,0.41743119,0.7,0.93442623,0.85714286,0.40825688,0.66666667,0.05963303,0.16513761,0.22477064
322,Aaron Brooks,OAK,0.33823529,0.7238806,0.49112426,0.63768116,0.93814433,0.81325301,0.3964497,0.67,0.09171598,0.15384615,0.24556213
323,Ky Bush,CHW,0.27,0.63779528,0.41284404,0.62962963,0.90123457,0.79259259,0.3883792,0.48275862,0.08536585,0.16768293,0.25304878
324,A.J. Puk,MIA,0.25128205,0.6124031,0.39506173,0.71428571,0.83544304,0.7890625,0.39814815,0.57142857,0.08333333,0.17283951,0.25617284
325,Seth Johnson,PHI,0.1875,0.69230769,0.4137931,0.66666667,0.77777778,0.75,0.44827586,0.61111111,0.10344828,0.20689655,0.31034483
326,Jordan Wicks,CHC,0.36072144,0.74418605,0.505,0.66111111,0.87053571,0.77722772,0.37625,0.6281407,0.1125,0.12125,0.23375
327,Daniel Lynch IV,KCR,0.25899281,0.76,0.46861925,0.61111111,0.89473684,0.80357143,0.41841004,0.61538462,0.09205021,0.15481172,0.24686192
328,Jonathan Bermúdez,MIA,0.15384615,0.8,0.43478261,1.0,0.9375,0.95,0.43478261,0.33333333,0.0212766,0.08510638,0.10638298
329,Brandon Williamson,CIN,0.21818182,0.64705882,0.40512821,0.58333333,0.90909091,0.81012658,0.43589744,0.66666667,0.07653061,0.19897959,0.2755102
330,Yonny Chirinos,MIA,0.30313589,0.6754386,0.46796117,0.67816092,0.87012987,0.80082988,0.44271845,0.68055556,0.09302326,0.1879845,0.28100775
331,Bryse Wilson,MIL,0.28277635,0.67961165,0.45845272,0.67272727,0.85714286,0.79375,0.44269341,0.65591398,0.09455587,0.16762178,0.26217765
332,Zebby Matthews,MIN,0.30147059,0.75080906,0.49511855,0.61788618,0.85344828,0.77183099,0.43096234,0.5819209,0.11297071,0.14923291,0.26220363
333,Tommy Henry,ARI,0.3190184,0.69111969,0.48376068,0.70192308,0.91061453,0.83392226,0.44273504,0.65100671,0.08034188,0.16410256,0.24444444
334,Aaron Ashby,MIL,0.2254902,0.69014085,0.41618497,0.73913043,0.81632653,0.79166667,0.41040462,0.62790698,0.0867052,0.1734104,0.26011561
335,Daulton Jefferies,SFG,0.38709677,0.75,0.54545455,1.0,0.94444444,0.96666667,0.43636364,0.5625,0.01818182,0.12727273,0.14545455
336,Brad Keller,CHW,0.29357798,0.63636364,0.43548387,0.65625,0.83673469,0.7654321,0.41397849,0.60465116,0.10215054,0.20967742,0.31182796
337,Jonathan Hernández,TEX,0.35,0.875,0.58333333,0.85714286,1.0,0.95238095,0.44444444,0.46153846,0.02777778,0.05555556,0.08333333
338,Johnny Cueto,LAA,0.25773196,0.75714286,0.46706587,0.64,0.96226415,0.85897436,0.41916168,0.56,0.06508876,0.17751479,0.24260355
339,Tanner Gordon,COL,0.33227848,0.75945017,0.53706755,0.77142857,0.86425339,0.83435583,0.47940692,0.6875,0.08896211,0.14662273,0.23558484
340,Cristian Mena,ARI,0.35555556,0.72,0.48571429,0.625,0.83333333,0.73529412,0.35714286,0.4,0.12857143,0.08571429,0.21428571
341,Kenta Maeda,DET,0.31153846,0.67617108,0.45239969,0.65432099,0.90060241,0.79652174,0.38630999,0.57188498,0.09198113,0.16509434,0.25707547
342,Jake Bloss,HOU,0.36111111,0.73404255,0.50840336,0.63461538,0.88405797,0.7768595,0.39495798,0.6,0.11297071,0.13807531,0.25104603
343,Michael Mercado,PHI,0.22077922,0.75862069,0.45185185,0.70588235,0.79545455,0.7704918,0.42962963,0.59375,0.1037037,0.14074074,0.24444444
344,Zack Thompson,STL,0.32038835,0.69736842,0.48044693,0.63636364,0.90566038,0.80232558,0.42458101,0.65957447,0.09497207,0.1452514,0.24022346
345,Kenny Rosenberg,LAA,0.36585366,0.70833333,0.49230769,0.73333333,0.88235294,0.8125,0.36923077,0.75,0.09230769,0.13846154,0.23076923
346,Carson Spiers,CIN,0.31337325,0.68766404,0.47505669,0.61146497,0.89694656,0.78997613,0.43197279,0.56896552,0.09977324,0.15419501,0.25396825
347,Zach Plesac,LAA,0.19642857,0.75,0.45192308,0.77272727,0.86111111,0.84042553,0.46153846,0.68518519,0.07177033,0.13875598,0.21052632
348,Allan Winans,ATL,0.2972973,0.73972603,0.5170068,0.59090909,0.7962963,0.73684211,0.49659864,0.63414634,0.13605442,0.14285714,0.27891156
349,Adam Mazur,SDP,0.23753666,0.71604938,0.43664384,0.7037037,0.90229885,0.83921569,0.41609589,0.61392405,0.07008547,0.16239316,0.23247863
350,Jonathan Bowlan,KCR,0.30769231,0.68965517,0.47058824,0.58333333,0.75,0.6875,0.42647059,0.58823529,0.14705882,0.16176471,0.30882353
351,Chase Anderson,BOS,0.21875,0.61904762,0.37735849,1.0,0.92307692,0.95,0.39622642,0.41666667,0.01851852,0.18518519,0.2037037
352,Max Meyer,MIA,0.29676259,0.71359223,0.47417355,0.57575758,0.89795918,0.78213508,0.42561983,0.60080645,0.10330579,0.14152893,0.24483471
353,Julian Aguiar,CIN,0.29109589,0.74369748,0.49433962,0.74117647,0.88135593,0.83587786,0.4490566,0.58571429,0.08097928,0.14124294,0.22222222
354,Justin Wrobleski,LAD,0.2761194,0.67659574,0.46322068,0.67567568,0.88050314,0.81545064,0.46719682,0.59689922,0.08531746,0.16865079,0.25396825
355,Emerson Hancock,SEA,0.31348511,0.74208145,0.50049358,0.72067039,0.85670732,0.8086785,0.43632774,0.64285714,0.0955665,0.1546798,0.25024631
356,Louis Varland,MIN,0.25925926,0.76086957,0.49,0.6547619,0.88571429,0.81972789,0.46,0.63225806,0.08833333,0.15,0.23833333
357,Hurston Waldrep,ATL,0.27631579,0.56140351,0.39849624,0.71428571,0.84375,0.79245283,0.42857143,0.75,0.08270677,0.20300752,0.28571429
358,Caden Dana,LAA,0.25210084,0.72413793,0.45145631,0.56666667,0.84126984,0.75268817,0.4223301,0.55769231,0.11165049,0.1407767,0.25242718
359,Michael Soroka,CHW,0.28153153,0.63576159,0.42493298,0.648,0.95833333,0.83596215,0.40482574,0.57512953,0.06970509,0.17024129,0.23994638
360,Nick Nastrini,CHW,0.25592417,0.65145228,0.39969834,0.57407407,0.84076433,0.73207547,0.36349925,0.525,0.10692771,0.14006024,0.24698795
361,Ty Blach,COL,0.34110169,0.68948655,0.50283768,0.74534161,0.94680851,0.87358916,0.46424518,0.73846154,0.06356413,0.17366629,0.23723042
362,Logan Allen,CLE,0.26639758,0.71661721,0.44864865,0.625,0.90062112,0.80321285,0.4048048,0.63425926,0.08828829,0.17477477,0.26306306
363,Bobby Miller,LAD,0.27009646,0.72853828,0.45773979,0.66666667,0.84713376,0.78423237,0.40930674,0.54263566,0.09867173,0.14516129,0.24383302
364,Taijuan Walker,PHI,0.27647868,0.63333333,0.42857143,0.72636816,0.92982456,0.85451197,0.42620363,0.62275449,0.06235201,0.18863457,0.25098658
365,Triston McKenzie,CLE,0.25322997,0.66981132,0.42254601,0.57653061,0.89859155,0.78402904,0.40644172,0.52941176,0.09097859,0.16819572,0.25917431
366,Roddery Muñoz,MIA,0.29334917,0.69964029,0.45493562,0.6194332,0.88431877,0.78144654,0.39771102,0.58774373,0.09935668,0.15153681,0.2508935
