rank,Name,Team,W,L,SV,G,GS,IP,K/9,BB/9,HR/9,BABIP,LOB%,GB%,HR/FB,vFA (pi),ERA,xERA,FIP,xFIP,WAR
1,Aaron Nola,PHI,11.0,13.0,0.0,32.0,32.0,205.0,10.31707336271469,1.273170755398834,0.834146356985443,0.28932038834951457,0.73021182,0.43560606,0.098445595,92.92222078763521,3.248780548259094,2.7408344699664515,2.580723674695879,2.769559263399813,6.296250006872964
2,Carlos Rodón,SFG,14.0,8.0,0.0,31.0,31.0,178.0,11.983146195820435,2.629213511319252,0.6067415795352119,0.29310344827586204,0.75059102,0.341404358,0.065217391,95.45985731812192,2.882022502792257,2.6313069788882864,2.2528804306549914,2.906745439506,6.230336932119888
3,Justin Verlander,HOU,18.0,4.0,0.0,28.0,28.0,175.0,9.5142858179832,1.4914285876838531,0.6171428638691806,0.23963133640552994,0.804769,0.379232505,0.062176165,95.09869575065352,1.748571447629345,2.6541804518261873,2.489573852017461,3.2307812598900143,6.054431693135018
4,Sandy Alcantara,MIA,14.0,9.0,0.0,32.0,32.0,228.2,8.14723044528841,1.967930059248408,0.6297376189594905,0.26158940397350994,0.78822412,0.534201954,0.085106382,97.95842800732726,2.282798868728153,2.920551377856161,2.985608842289422,3.2930845668638264,5.916477886845763
5,Shohei Ohtani,LAA,15.0,9.0,0.0,28.0,28.0,166.0,11.873494180544213,2.3855422097897048,0.7590361576603606,0.2887139107611549,0.83111702,0.418781725,0.092715231,97.35780559051807,2.3313253413853934,2.6076251626103226,2.401587615917791,2.6518031623851335,5.59352219134577
6,Kevin Gausman,TOR,12.0,10.0,0.0,31.0,31.0,174.2,10.5629773683797,1.4427481283640566,0.7729007830521732,0.3634453781512605,0.73979592,0.392197125,0.085227272,94.94009772456623,3.3492367265594174,3.3334489922949393,2.3796065555100365,2.7548642850906178,5.5444348842883535
7,Max Fried,ATL,14.0,7.0,0.0,30.0,30.0,185.1,8.255395782573224,1.553956853190254,0.5827338199463452,0.2796116504854369,0.78196347,0.511538461,0.077922077,93.98086483639604,2.476618734771967,2.8423393965486974,2.7023590542935576,3.0907235636844876,4.910667577400456
8,Shane Bieber,CLE,13.0,8.0,0.0,31.0,31.0,200.0,8.910000212430958,1.6200000386238107,0.8100000193119054,0.28677839851024206,0.75757576,0.481818181,0.104046242,91.51548864093246,2.8800000686645526,3.486280857180934,2.872430995941162,2.9829505330001007,4.767212269854236
9,Corbin Burnes,MIL,12.0,8.0,0.0,33.0,33.0,202.0,10.826732979955757,2.27227729208948,1.0247525042756478,0.25910064239828695,0.76791809,0.470225872,0.141104294,96.15615653991699,2.940594142704033,3.0174621715529626,3.137183477611895,2.8515409588532155,4.588660030280629
10,Max Scherzer,NYM,11.0,5.0,0.0,23.0,23.0,145.1,10.713302986628484,1.4862385646189804,0.8050458891686144,0.2761627906976744,0.83333333,0.31054131,0.074712643,94.09630639822292,2.2912844537875947,2.86776751476107,2.6170181467902145,3.2265429969716948,4.480373907236859
11,Framber Valdez,HOU,17.0,6.0,0.0,31.0,31.0,201.1,8.67218560846975,2.9950331740591403,0.4917218643977693,0.2849264705882353,0.7567804,0.665454545,0.125,94.02300763130188,2.8162252233690426,3.265702047757,3.0577952389523455,2.994579215543834,4.391621564206956
12,Dylan Cease,CHW,14.0,8.0,0.0,32.0,32.0,184.0,11.103261099758585,3.8152174704016284,0.7826087118772571,0.26004728132387706,0.82340195,0.387614678,0.083769633,96.91620156372935,2.2010870021547855,2.7265609226366974,3.0961266534990988,3.5023796845087265,4.373884597901776
13,Logan Webb,SFG,15.0,9.0,0.0,32.0,32.0,192.1,7.627383217304388,2.2928943413982514,0.5147313827628728,0.2926391382405745,0.71761417,0.567084078,0.082706766,92.37638805758569,2.9012132482998285,3.633295071813798,3.0344413982142884,3.3146275272518464,4.240403122016776
14,Zac Gallen,ARI,12.0,4.0,0.0,31.0,31.0,184.0,9.391304542527086,2.298913091139443,0.7336956673849285,0.23660714285714285,0.77987421,0.459518599,0.09090909,93.94119167598043,2.543478313601086,3.118007917331534,3.04721360900677,3.3149361778893978,4.172012675213128
15,Yu Darvish,SDP,16.0,8.0,0.0,30.0,30.0,194.2,9.107876875933957,1.7106164690840426,1.0171233059418632,0.2504970178926441,0.78219013,0.368522072,0.096491228,94.9997727575381,3.0976027953684016,3.477985300948407,3.3127734710153933,3.577452709173077,4.169771951965008
16,Zack Wheeler,PHI,12.0,7.0,0.0,26.0,26.0,153.0,9.588235533177881,2.0000000498653248,0.7647059014190949,0.28717948717948716,0.77131258,0.458852867,0.098484848,96.10364881483045,2.8235294821628116,3.0820942809784015,2.8902087739003943,3.0628150613575125,4.154235193869513
17,Spencer Strider,ATL,10.0,4.0,0.0,20.0,20.0,107.1,13.835404259404056,2.8509317867862904,0.5869565443383539,0.29017857142857145,0.7358871,0.419913419,0.085365853,98.00223742556494,2.767080851880811,2.245050165479568,1.9198843718963938,2.203023741101495,4.117379380261293
18,Jose Quintana,2 Tms,6.0,7.0,0.0,32.0,32.0,165.2,7.442656221242257,2.5533200175064676,0.4346076625542924,0.30165289256198347,0.74170124,0.464212678,0.052631578,91.28503430361675,2.9336017222414736,3.8219347586347094,2.9917066509536823,3.7221864540478284,3.966515848435786
19,Alek Manoah,TOR,16.0,7.0,0.0,31.0,31.0,196.2,8.237288321999431,2.3338983578998387,0.7322034063999494,0.24427480916030533,0.82622601,0.374531835,0.071428571,93.87740947126777,2.2423729320998453,3.2936302818588916,3.3463293120409703,3.9748178677210024,3.9161642733110775
20,Martín Pérez,TEX,12.0,8.0,0.0,32.0,32.0,196.1,7.747028912652921,3.162988135935216,0.5042444854389475,0.2950530035335689,0.77020202,0.514184397,0.06547619,92.91138692696889,2.887945689332154,3.622883973746765,3.265232360887132,3.803612974891805,3.8715199390377624
21,Clayton Kershaw,LAD,12.0,3.0,0.0,22.0,22.0,126.1,9.759894557337844,1.638522443932631,0.7124010625794047,0.26791277258566976,0.79439252,0.47112462,0.09090909,90.75988587829838,2.279683400254095,2.4905893603446363,2.5662568536856645,2.8262091077697935,3.859175987803718
22,Tyler Anderson,LAD,14.0,5.0,0.0,28.0,28.0,170.2,6.855468813846529,1.792968766698323,0.7382812568757801,0.258130081300813,0.7820197,0.393213572,0.06542056,90.73516845703125,2.5839843990652303,3.185858709441366,3.3761028791188443,4.165941084406899,3.7706605158927577
23,Nestor Cortes,NYY,12.0,4.0,0.0,28.0,28.0,158.1,9.26526334391671,2.1600000433670856,0.9094737024703519,0.23232323232323232,0.82802548,0.334951456,0.082051282,91.71860800849066,2.4442105753890706,2.7077184574037356,3.1250625808641854,3.634570172810839,3.742773447849301
24,Patrick Sandoval,LAA,6.0,9.0,0.0,27.0,27.0,148.2,9.141255879033483,3.632287104251715,0.484304947233562,0.3164251207729469,0.76763485,0.473557692,0.0625,93.22841991574961,2.905829683401372,3.842446977248814,3.09225162886181,3.667278218093712,3.7060608867165947
25,Alex Cobb,SFG,7.0,8.0,0.0,28.0,28.0,149.2,9.080178447343261,2.5857461803692727,0.541202688914499,0.33647058823529413,0.67961165,0.615023474,0.102272727,95.2946990966797,3.7282851902998817,3.1339077170107363,2.7983998117992397,2.8870802657967136,3.698700247015364
26,Luis Castillo,2 Tms,8.0,6.0,0.0,25.0,25.0,150.1,9.997782916510616,2.6940133607363936,0.7782705264349582,0.27486910994764396,0.7526178,0.469072164,0.1,97.11200865584082,2.993348178595993,3.3363683604965377,3.072519692615262,3.228493238139041,3.696687816000636
27,Blake Snell,SDP,8.0,10.0,0.0,24.0,24.0,128.0,12.023437858326371,3.5859376068692685,0.7734375230502344,0.30666666666666664,0.74679943,0.365695792,0.083333333,95.73403658353365,3.375000100582841,3.251382426129556,2.799930992349982,3.2093744523843664,3.6224859233268263
28,Shane McClanahan,TBR,12.0,8.0,0.0,28.0,28.0,166.1,10.496994128406806,2.0561122519559722,1.0280561259779861,0.25064599483204136,0.80521472,0.502487562,0.157024793,97.03663612635405,2.5430862063665973,2.747157220359339,3.0042145673497362,2.596146613267017,3.619203413640623
29,Brandon Woodruff,MIL,13.0,4.0,0.0,27.0,27.0,153.1,11.152174213613147,2.465217457746064,1.056521767605456,0.28493150684931506,0.78581363,0.375661375,0.109756097,96.3688082738933,3.0521739953046505,3.1734318807135837,3.0798223051321756,3.1370869735179316,3.561287126729122
30,Triston McKenzie,CLE,11.0,10.0,0.0,30.0,30.0,188.1,9.031858605265258,2.007079690058946,1.1946902917017537,0.23717948717948717,0.81081081,0.327868852,0.105042016,92.66881608030477,2.915044311752279,3.614232980666914,3.5796876490843386,3.7247916424032876,3.434133658598268
31,Gerrit Cole,NYY,13.0,8.0,0.0,33.0,33.0,200.2,11.5265783287316,2.2425249666792997,1.480066478008338,0.2682926829268293,0.78222778,0.424430641,0.168367346,97.77129860957744,3.4983389480197076,3.377741952459158,3.4662516075170533,2.774320046535674,3.4233352105367607
32,Joe Musgrove,SDP,10.0,7.0,0.0,30.0,30.0,181.0,9.149171463543201,2.0883978340696436,1.093922674988861,0.27615062761506276,0.79799107,0.446464646,0.122905027,92.90693518677683,2.933701719288309,3.3074273570597437,3.5875691332240263,3.4714703645260028,3.4188009966823976
33,Julio Urías,LAD,17.0,7.0,0.0,31.0,31.0,175.0,8.537142903666593,2.108571440062231,1.1828571493032027,0.2290748898678414,0.86647727,0.3970276,0.10798122,93.10009670996851,2.160000011771066,2.821120981991981,3.7124310049329488,3.8056806228303888,3.226326959274006
34,Merrill Kelly,ARI,13.0,8.0,0.0,33.0,33.0,200.1,7.951747176511879,2.7404326427526815,0.9434276311115789,0.26887661141804786,0.76271186,0.427549194,0.099056603,92.3722556785301,3.3693843968270674,3.6236695810623676,3.651532505155539,3.855384322590397,3.1782525138767137
35,Corey Kluber,TBR,10.0,10.0,0.0,31.0,31.0,164.0,7.628048916333476,1.1524390449136908,1.097560995155896,0.3166332665330661,0.70165746,0.360784313,0.093457943,89.1231760485419,4.335365930865789,4.06171894227756,3.569748082978165,3.9160837747988855,3.1039873485777685
36,Cristian Javier,HOU,11.0,8.0,0.0,25.0,25.0,134.1,11.590570993886598,3.282878489597938,1.0719603231340205,0.22491349480968859,0.82437276,0.26,0.093567251,93.9573126560271,2.6799008078350512,2.4990565951577226,3.2687585487869195,3.6048119171131554,3.0652197044478977
37,Logan Gilbert,SEA,13.0,6.0,0.0,32.0,32.0,185.2,8.434470535872741,2.3752244612515194,0.9210054033424259,0.2915057915057915,0.77620968,0.366729678,0.091787439,96.1496790259966,3.1992819274000053,4.124843451845123,3.4571347783527706,3.7772593801774708,3.0413115530164956
38,Ross Stripling,TOR,9.0,4.0,0.0,24.0,24.0,123.1,7.297297428958692,1.0216216400542169,0.802702717185456,0.26740947075208915,0.74349442,0.427792915,0.076923076,91.91390878182871,2.918918971583477,3.6000706471205515,3.0394580273736214,3.5964268868771017,2.9975084470987885
39,Pablo López,MIA,10.0,10.0,0.0,32.0,32.0,180.0,8.70000027656556,2.650000084241234,1.0500000333786021,0.2833333333333333,0.74231177,0.460921843,0.126506024,93.54571603607475,3.7500001192092935,3.677087814734168,3.712431020736695,3.5609939106842012,2.9934997537929284
40,Drew Rasmussen,TBR,11.0,7.0,0.0,28.0,28.0,146.0,7.705479653384056,1.9109589540392458,0.8013698839519419,0.2621359223300971,0.76023392,0.465558194,0.090277777,95.73544089716479,2.8356165124453327,3.503175345759878,3.2562666218597105,3.558822754216959,2.969187740309485
41,Brady Singer,KCR,10.0,5.0,0.0,24.0,24.0,147.2,8.776523909863204,2.0722348120510343,1.0361174060255172,0.29743589743589743,0.80287206,0.485,0.136,92.35774993896484,3.108352218076552,3.919628707072451,3.5526115989943103,3.3091319690398344,2.948410683356303
42,George Kirby,SEA,8.0,5.0,0.0,25.0,25.0,130.0,9.207692442786765,1.5230769454233748,0.9000000132047214,0.33062330623306235,0.75104312,0.455026455,0.090277777,95.36608630806145,3.392307742079335,3.3073059586906814,2.9893540767805113,3.3291478830736145,2.937644610561264
43,Adam Wainwright,STL,11.0,12.0,0.0,32.0,32.0,191.2,6.714782764612212,2.5356522327906257,0.7513043652712965,0.3018867924528302,0.75021683,0.432387312,0.081218274,88.11704308038307,3.709565303527026,4.538036322013626,3.6602571013401946,4.09660201188837,2.888012466460361
44,Tarik Skubal,DET,7.0,8.0,0.0,21.0,21.0,117.2,8.949008691998635,2.4475921208885154,0.688385283999895,0.29874213836477986,0.67524116,0.456790123,0.078947368,94.24076812865725,3.518413673777241,3.350153449105189,2.959456494107676,3.3993611386117886,2.873664717288568
45,Chris Bassitt,NYM,15.0,9.0,0.0,30.0,30.0,181.2,8.273394698094929,2.42752299524941,0.9412844267293632,0.28169014084507044,0.77160494,0.48828125,0.109195402,93.32805024440673,3.4183487075961083,3.4599951998892466,3.6573851434538915,3.715647216195407,2.836806565828643
46,Kyle Wright,ATL,21.0,5.0,0.0,30.0,30.0,180.1,8.683918822211282,2.645101710213781,0.9482440093219215,0.2836438923395445,0.78892372,0.556224899,0.143939393,95.0559552340389,3.1940850840317356,3.883453368641507,3.5837803630220577,3.2976921582884997,2.8113680205237324
47,Jordan Montgomery,2 Tms,9.0,6.0,0.0,32.0,32.0,178.1,7.973832003123403,1.8168224817243197,1.0598131143391865,0.2754491017964072,0.75460829,0.475633528,0.129629629,93.09114238194057,3.482243089971613,3.9221982835444917,3.6114964364578515,3.4254394784854028,2.7999300264593163
48,Miles Mikolas,STL,12.0,13.0,0.0,32.0,32.0,199.1,6.908026998221027,1.7608696269975168,1.1287625814086646,0.24912280701754386,0.74576271,0.451013513,0.121951219,93.57687269063759,3.2959867377133008,3.898102940442392,3.8850062796051392,3.777024977211877,2.7881236333171495
49,Tony Gonsolin,LAD,16.0,1.0,0.0,24.0,24.0,130.1,8.217391444647074,2.4168798366609043,0.7595908058077128,0.2066869300911854,0.83820663,0.430678466,0.082706766,93.18583708282044,2.1406649981853723,3.0935766724712352,3.2812289585093666,3.69470055682034,2.720081545980546
50,Jeffrey Springs,TBR,8.0,5.0,0.0,25.0,25.0,125.0,9.576000365295425,2.0160000769043,1.00800003845215,0.28486646884273,0.81239531,0.403458213,0.100719424,91.66651910859471,2.664000101623539,3.37538557777881,3.1364310025787354,3.3266017870348277,2.6908403826633323
51,Taijuan Walker,NYM,12.0,5.0,0.0,29.0,29.0,157.1,7.550847610191726,2.5741525943835426,0.8580508647945142,0.2838137472283814,0.75722543,0.462365591,0.095541401,93.83921936361547,3.489406850164358,4.003192169664677,3.6463293175353506,3.884155570782081,2.6720429010594913
52,Justin Steele,CHC,4.0,7.0,0.0,24.0,24.0,119.0,9.52941207018338,3.7815127262632457,0.6050420362021194,0.3169230769230769,0.72643979,0.512121212,0.086956521,92.41002490318706,3.1764706900611266,3.597620840656603,3.20486797941631,3.4754056785439142,2.5348978650409464
53,Carlos Carrasco,NYM,15.0,7.0,0.0,29.0,29.0,152.0,9.000000508208053,2.4276317160298038,1.0065790042074796,0.3372365339578454,0.74650913,0.46031746,0.120567375,93.26887702719334,3.9671054871706546,4.080826980881332,3.533483657017971,3.4527736916586553,2.506972014008367
54,Kyle Freeland,COL,9.0,11.0,0.0,31.0,31.0,174.2,6.750000282553328,2.73091614484982,0.9790076745688033,0.3180987202925046,0.70518267,0.419642857,0.095477386,90.40522786702351,4.534351334844984,5.205352796936253,4.2116676888983555,4.484149635730178,2.4824196484704952
55,Johnny Cueto,CHW,8.0,10.0,0.0,24.0,24.0,153.1,5.75217403229784,1.8782609085054172,0.82173914747112,0.29375,0.74971165,0.425357873,0.074468085,91.55399280894886,3.28695658988448,4.1071997088480305,3.7646049282275893,4.392710036537524,2.4224656671679514
56,Sonny Gray,MIN,8.0,5.0,0.0,24.0,24.0,119.2,8.799443154066385,2.7075209704819647,0.8272980743139337,0.27672955974842767,0.77229299,0.445121951,0.094017094,92.11533880777685,3.083565549715571,3.619791359703647,3.404910118844902,3.6573047245192623,2.4172164279552346
57,Jameson Taillon,NYY,14.0,5.0,0.0,32.0,32.0,177.1,7.663534054391446,1.6240601969571278,1.3195489100276663,0.27626459143968873,0.75326216,0.400749063,0.123809523,94.05187346443297,3.9078948489280885,4.2044919248700605,3.941378393860075,3.788432382882577,2.407186405756847
58,Ranger Suarez,PHI,10.0,7.0,0.0,29.0,29.0,155.1,7.474249217665216,3.360515152128547,0.8690987462401414,0.2925764192139738,0.71808511,0.554371002,0.118110236,93.30855036909863,3.650214734208594,3.766969144227498,3.8656499150713306,3.8206300483167572,2.3298414564484284
59,Jesús Luzardo,MIA,4.0,7.0,0.0,18.0,18.0,100.1,10.764119840060639,3.1395349533510197,0.8970099866717199,0.2532188841201717,0.7173913,0.400826446,0.114942528,96.43464779425524,3.3189369506853637,3.4091167854029885,3.122397779292894,3.1103592887704887,2.2596148666818836
60,Jacob deGrom,NYM,5.0,4.0,0.0,11.0,11.0,64.1,14.269430333852627,1.1191710065766767,1.259067382398761,0.25833333333333336,0.73446328,0.393700787,0.16981132,98.90497815931165,3.0777202680858604,2.2921438640881227,2.1331563709086163,1.5340824483391204,2.2317937260286382
61,Reid Detmers,LAA,7.0,6.0,0.0,25.0,25.0,129.0,8.511628158676626,3.209302420484629,0.9069767710065256,0.27714285714285714,0.74074074,0.360110803,0.086666666,93.29218705203554,3.7674419718732604,4.106374907569887,3.786849626257804,4.1981318910846674,2.2126241733443663
62,Tyler Mahle,2 Tms,6.0,8.0,0.0,23.0,23.0,120.2,9.39779032758769,3.2071824133831006,1.1933702003285955,0.27848101265822783,0.69510269,0.3556231,0.103896103,93.34225912655101,4.400552613711696,3.645233384389771,3.866574669926418,4.032128996902877,2.180106568000846
63,Joe Ryan,MIN,13.0,8.0,0.0,27.0,27.0,147.0,9.244898259068776,2.877551113749884,1.2244898356382485,0.2526595744680851,0.77777778,0.276923076,0.094786729,92.03396361879355,3.5510205233509207,3.573346309916781,3.9899820505372863,4.346158553486862,2.1647388295295906
64,Noah Syndergaard,2 Tms,10.0,10.0,0.0,24.0,24.0,132.2,6.309045485963101,2.1030151619877,0.949748782833155,0.29156626506024097,0.71808511,0.424528301,0.08588957,94.4621387621097,4.00251272765401,4.453654102345953,3.873737565680261,4.3207241130729725,2.1385829797454177
65,Freddy Peralta,MIL,4.0,3.0,0.0,17.0,17.0,76.1,9.786026363889642,3.065502234471454,0.5895196604752796,0.24083769633507854,0.7260274,0.41025641,0.060975609,92.7897100475026,3.18340616656651,2.5602109491963496,2.929024885070899,3.6677623356901417,2.069404364410206
66,Cal Quantrill,CLE,15.0,5.0,0.0,32.0,32.0,186.1,6.182468767929216,2.270125250724009,1.014311282238387,0.2783687943262411,0.76361868,0.421143847,0.096330275,93.881101578001,3.38103760746129,4.311768355061335,4.121375557540546,4.388212036914548,2.0571905535503987
67,Luis Garcia,HOU,15.0,8.0,0.0,28.0,28.0,157.1,8.980932330411422,2.6885593600594704,1.3156779847099536,0.26024096385542167,0.74250681,0.376146788,0.121052631,94.09428179378914,3.718220391571608,3.637190245387208,3.932346267496947,3.81965677492059,2.0348409132407426
68,Mitch Keller,PIT,4.0,12.0,0.0,29.0,29.0,153.0,7.764706075947732,3.352941260068339,0.8235294322974868,0.31390134529147984,0.72628458,0.489035087,0.108527131,95.65882823388901,3.941176568852258,4.166327222981006,3.9098166424591874,3.968428755754683,2.030351322958473
69,Frankie Montas,2 Tms,5.0,12.0,0.0,27.0,27.0,144.1,8.854503659222003,2.681293361595395,1.122401872295747,0.2982456140350877,0.70895522,0.45609756,0.127659574,96.20923801203149,4.053117872179086,3.9403178575119235,3.784486443716834,3.609420060818004,2.0237644395120897
70,Marcus Stroman,CHC,6.0,7.0,0.0,25.0,25.0,138.2,7.723557833956899,2.3365385043903224,1.03846155750681,0.2715736040609137,0.7254623,0.517241379,0.139130434,92.89508134772979,3.5048077565854836,3.9205948749012096,3.761469475104964,3.489179672913172,1.9541192226627009
71,Zack Greinke,KCR,4.0,9.0,0.0,26.0,26.0,137.0,4.79562060487081,1.7737226894727653,0.9197080612081006,0.3055555555555556,0.72879331,0.4125,0.082352941,89.24946404795077,3.6788322448324022,4.7788459600151825,4.032139062871309,4.540626662123661,1.9359415440192005
72,Nick Lodolo,CIN,4.0,7.0,0.0,19.0,19.0,103.1,11.409677770358602,3.3967742980456905,1.1322580993485636,0.32217573221757323,0.80123267,0.46031746,0.15116279,94.52429766987645,3.6580646286645897,3.816688505597581,3.896301993519906,3.4928674850482784,1.8896554855529626
73,JT Brubaker,PIT,3.0,12.0,0.0,28.0,28.0,144.0,9.187500243385639,3.3750000894069694,1.0625000281466386,0.3341288782816229,0.68807339,0.440366972,0.117241379,92.98584567478724,4.6875001241763465,4.635561883586555,3.9179865785586987,3.8739141022103194,1.8857079419215657
74,Kyle Gibson,PHI,10.0,8.0,0.0,31.0,31.0,167.2,7.729622515539209,2.5765408385130697,1.2882704192565348,0.30831643002028397,0.67703109,0.458984375,0.138728323,92.27115265082719,5.045725808754761,4.358174362864978,4.275452907936469,3.9420765963052897,1.843836739392598
75,Lance Lynn,CHW,8.0,7.0,0.0,21.0,21.0,121.2,9.17260293145591,1.4054794814327602,1.4054794814327602,0.29411764705882354,0.68369028,0.422969187,0.139705882,93.02330038721715,3.9945206314404764,3.6572166213191526,3.819280331506585,3.443912424523475,1.833971859360795
76,Jon Gray,TEX,7.0,7.0,0.0,24.0,24.0,127.1,9.471204495868529,2.756544592081139,1.201570719625112,0.27076923076923076,0.70522979,0.44117647,0.141666666,95.9673486515565,3.958115311706251,3.5905400299125088,3.8035305005325535,3.4630409225317296,1.8175113246883576
77,Rich Hill,BOS,8.0,7.0,0.0,26.0,26.0,124.1,7.890080630685449,2.678284250783134,1.085790912479649,0.3047091412742382,0.68275862,0.40161725,0.10067114,88.71036846984089,4.270777589086619,4.0388073057431715,3.9167205664629483,4.1224179539456625,1.785651293936297
78,Lucas Giolito,CHW,11.0,9.0,0.0,30.0,30.0,161.2,9.85360846055354,3.3958763621116717,1.3360825031259036,0.3402777777777778,0.71146245,0.385462555,0.143712574,92.73930708688357,4.898969178128313,4.272946418153866,4.058822774710723,3.6581321915760987,1.7567156613019532
79,Alex Wood,SFG,8.0,12.0,0.0,26.0,26.0,130.2,9.022959622702288,2.0663266311531956,1.1709184243201443,0.3150684931506849,0.6391478,0.481578947,0.144067796,90.55919647216797,5.096939023511216,3.8985285901660296,3.7629412373966216,3.408478896173185,1.7302426489120135
80,Dean Kremer,BAL,8.0,6.0,0.0,21.0,21.0,120.0,6.300000250339518,2.4000000953674356,0.825000032782556,0.29775280898876405,0.78643579,0.389502762,0.076388888,93.58129786995929,3.225000128149991,4.334034792818381,3.8290976968076507,4.413874338127905,1.7031136253557935
81,David Peterson,NYM,6.0,5.0,0.0,19.0,19.0,91.0,10.879121566758858,4.054945311246483,0.791208841218826,0.31877729257641924,0.72156197,0.504237288,0.13559322,93.58336084759425,3.857143100941777,3.858121778383551,3.4201233288038626,3.2370661176019246,1.6560947427212005
82,Hunter Greene,CIN,5.0,13.0,0.0,24.0,24.0,125.2,11.745358417012502,3.4376658781500007,1.7188329390750003,0.2807017543859649,0.76323988,0.293159609,0.161073825,99.02576776452966,4.440318425943751,3.9254080621232643,4.369725466356958,3.6422058799839747,1.6387947582039342
83,Robbie Ray,SEA,12.0,12.0,0.0,32.0,32.0,189.0,10.095238400875225,2.952381041765396,1.5238095699434302,0.28354978354978355,0.81196581,0.392276422,0.155339805,93.57424289913527,3.714285826737111,3.6042087700578502,4.165341086450509,3.5778071914955785,1.6296435661819133
84,Braxton Garrett,MIA,3.0,7.0,0.0,17.0,17.0,88.0,9.204546053054942,2.454545614147985,0.9204546053054943,0.32083333333333336,0.76350093,0.477732793,0.118421052,91.45311665331197,3.5795456872991447,4.1272717530957825,3.55561284866215,3.504568239670704,1.5357816087402454
85,Michael Wacha,BOS,11.0,2.0,0.0,23.0,23.0,127.1,7.350785578883038,2.1910995475516746,1.2722513501912949,0.25977653631284914,0.80298013,0.409574468,0.124137931,93.24686189131303,3.3219896366106036,4.5752604742946685,4.141226846570984,3.989291477037503,1.5310404842579262
86,Nick Pivetta,BOS,10.0,12.0,0.0,33.0,33.0,179.2,8.766233983380058,3.6567718902099666,1.3525046717214946,0.3002028397565923,0.7527881,0.384615384,0.123853211,93.60759260270979,4.55844167135763,4.670593631097812,4.420408770611979,4.263009119567878,1.5082488705430188
87,Jordan Lyles,BAL,12.0,11.0,0.0,32.0,32.0,179.0,7.240223772282255,2.6145252511019255,1.3072626255509627,0.3125,0.73770492,0.402116402,0.114035087,91.93292597556601,4.4245811941724895,4.904022832848485,4.397347257546633,4.394689291525507,1.5006742397336352
88,Luis Severino,NYY,7.0,3.0,0.0,19.0,19.0,102.0,9.882353033573983,2.6470588482787454,1.2352941291967479,0.23673469387755103,0.79861111,0.443137254,0.138613861,96.32720105928885,3.1764706179344944,3.0425582338964134,3.7006663012807075,3.3822085512423294,1.470651697536908
89,José Suarez,LAA,7.0,8.0,0.0,20.0,20.0,102.1,8.267101388097577,2.814332387437473,1.1433225323964735,0.2842465753424658,0.73813708,0.412541254,0.115044247,92.83837567742773,4.133550694048789,3.705542513533352,3.9821378852810385,3.9653470959835255,1.4378778827359822
90,Bailey Ober,MIN,2.0,3.0,0.0,11.0,11.0,56.0,8.19642871101292,1.767857172963571,0.6428571538049349,0.27672955974842767,0.70397112,0.277777777,0.048192771,91.76666390867392,3.214285769024675,4.688702280983123,2.916002426889478,4.181549957879849,1.4327779290887797
91,Charlie Morton,ATL,9.0,6.0,0.0,31.0,31.0,172.0,10.72674460237643,3.2965117558522685,1.4651163359343415,0.2922705314009662,0.75995807,0.397727272,0.164705882,94.90524523811459,4.343023424376798,4.127329112281276,4.257779883326165,3.604656594447364,1.407129228888588
92,Antonio Senzatela,COL,3.0,7.0,0.0,19.0,19.0,92.1,5.2635380873538296,2.2418773335025572,0.877256347892305,0.38271604938271603,0.70355191,0.49386503,0.1125,94.3243953028404,5.068592232266651,5.168664468130485,4.05466930125124,4.070151817849253,1.3835511105354343
93,Graham Ashcraft,CIN,5.0,6.0,0.0,19.0,19.0,105.0,6.085714617359413,2.571428711560315,0.9428571942387823,0.313953488372093,0.6779661,0.54519774,0.125,97.29268232803771,4.8857145519645995,3.995052323763724,4.2076691565870465,4.086454936155988,1.3799773225104817
94,Cole Irvin,OAK,9.0,13.0,0.0,30.0,30.0,181.0,6.3646410516517875,1.7900552957770652,1.2430939554007396,0.27339449541284405,0.71428571,0.376554174,0.105485232,90.9026039561217,3.977900657282367,4.461845829556927,4.206353682415859,4.349157822852684,1.3741578635314144
95,Germán Márquez,COL,9.0,13.0,0.0,31.0,31.0,181.2,7.431192764578902,3.1211009611231386,1.4862385529157804,0.29135338345864664,0.68095238,0.475849731,0.168539325,95.7124133243739,4.9541285097192675,4.485790682413189,4.714265886472438,4.017967274364927,1.2999043891764586
96,Adrian Sampson,CHC,4.0,5.0,0.0,19.0,19.0,98.2,6.2027029225302135,2.4628379251222907,0.9121621944897372,0.292358803986711,0.78761062,0.4,0.08,92.54188138118629,3.283783900163054,4.417897472735628,3.933376976703972,4.491277423788359,1.2970123932423598
97,Aaron Civale,CLE,5.0,6.0,0.0,20.0,20.0,97.0,9.092783773347042,2.0412371736085198,1.298969110478149,0.29699248120300753,0.625,0.412186379,0.130841121,90.89229094406654,4.917525918238706,3.8843367439742216,3.8650083434481672,3.6217044829063365,1.2526024545556391
98,José Urquidy,HOU,13.0,8.0,0.0,28.0,28.0,162.1,7.373716820159377,1.9958932746296059,1.4969199559722044,0.2670940170940171,0.78244275,0.361054766,0.122727272,93.59323352122168,3.8809035895575668,4.4947453307214404,4.430706189227207,4.274738642366514,1.2524286884852829
99,Jake Odorizzi,2 Tms,6.0,6.0,0.0,22.0,22.0,106.1,7.278997217461659,2.962382588501838,1.1849530354007352,0.2920634920634921,0.69131833,0.31707317,0.091503267,92.19317840748587,4.401254131488445,4.262596625666605,4.278575258724249,4.697037838275749,1.2314517103281297
100,Brayan Bello,BOS,2.0,7.0,0.0,11.0,11.0,52.1,8.4267516435438,4.1273885601030855,0.17197452333762858,0.4,0.66954644,0.529411764,0.024390243,96.9413387522978,4.8152866534536,3.9127552513033725,2.9213481979547318,3.83272041168738,1.2239383589530566
101,Drew Smyly,CHC,7.0,8.0,0.0,22.0,22.0,106.1,7.702194656708489,2.200627044773854,1.354232027553141,0.2750809061488673,0.78467153,0.401234567,0.116788321,,3.4702195706049235,4.217882929344546,4.231553302210595,4.182750243971789,1.2153623328743883
102,Austin Voth,BAL,4.0,4.0,0.0,17.0,17.0,76.1,7.899563549062341,2.4759826049299876,1.0611354021128518,0.28440366972477066,0.8131068,0.315555555,0.08737864,93.38159964075051,3.065502272770461,4.075263646448537,3.8329550401348977,4.2977329830425335,1.121815677808414
103,Mitch White,2 Tms,0.0,6.0,0.0,18.0,18.0,79.2,6.891213774090503,3.502092245849272,0.7907950232562873,0.3151750972762646,0.65647482,0.436781609,0.075268817,93.78165042172571,5.309623727577929,4.296735437170829,3.9659875347017404,4.551858126863196,1.0955251262070913
104,Zach Eflin,PHI,3.0,5.0,0.0,13.0,13.0,68.0,7.411764809829555,1.9852941454900594,1.058823544261365,0.2871287128712871,0.66395664,0.435406698,0.102564102,93.26400680541992,4.36764712007813,3.3579214658314607,3.8330192470633038,4.001678271616168,1.087250904620878
105,Eric Lauer,MIL,11.0,7.0,0.0,29.0,29.0,158.2,8.905462381138694,3.3466387292177258,1.5315126387945524,0.25961538461538464,0.79013906,0.336405529,0.140625,93.34454888237848,3.6869748711720707,4.132946247678529,4.498985654069799,4.078172150425856,1.0825698598389157
106,Dakota Hudson,STL,8.0,7.0,0.0,26.0,26.0,136.2,5.136585568967575,3.9512196684365954,0.5926829502654893,0.30303030303030304,0.7011259,0.533333333,0.074380165,91.59999718100337,4.543902618702085,4.919590304717406,4.341699342954593,4.796270321019437,1.0680317173417928
107,Matt Manning,DET,2.0,3.0,0.0,12.0,12.0,63.0,6.857142960944145,2.714285755373724,0.8571428701180182,0.25925925925925924,0.72072072,0.41025641,0.076923076,93.47589908473441,3.4285714804720726,3.9842437860658215,3.7790976784216666,4.373840758992146,1.0421240987664784
108,Nathan Eovaldi,BOS,6.0,3.0,0.0,20.0,20.0,109.1,8.478658857062285,1.6463415256431622,1.7286586019253203,0.2984126984126984,0.75984991,0.47005988,0.172131147,95.91600633308069,3.868902585261431,4.272272412675068,4.3014554368499365,3.4563798007880315,1.0325704960138102
109,Michael Kopech,CHW,5.0,9.0,0.0,25.0,25.0,119.1,7.918994628316884,4.298882798229165,1.131284946902412,0.2229299363057325,0.74193548,0.356707317,0.094339622,95.06400351412745,3.5446928336275576,3.9520768402089432,4.495112603432823,4.833481902247251,1.0123460459364542
110,Michael Lorenzen,LAA,8.0,6.0,0.0,18.0,18.0,97.2,7.832764785559633,4.054607653701457,1.0136519134253643,0.26217228464419473,0.71302817,0.501805054,0.123595505,95.04755247179475,4.238908001596978,3.8680789066977437,4.310383262984093,4.195225002399838,0.993107390664265
111,Adrian Houser,MIL,6.0,10.0,0.0,21.0,21.0,100.2,5.990066433239396,4.201986900929128,0.715231812924107,0.29012345679012347,0.60801144,0.465045592,0.08080808,94.3917231633113,4.8278147372377225,4.999649140918611,4.274682697664882,4.6974301063086505,0.9913293341043806
112,Walker Buehler,LAD,6.0,3.0,0.0,12.0,12.0,65.0,8.030769348595976,2.353846188381579,1.1076923239442726,0.31216931216931215,0.7486631,0.479591836,0.126984126,95.35381281010619,4.015384674297988,4.318222352724267,3.8047387041283787,3.6395582778490843,0.9904005938511876
113,Spenser Watkins,BAL,4.0,6.0,0.0,20.0,20.0,95.0,5.4947371179047195,2.463158018371081,0.9473684686042619,0.284789644012945,0.70175439,0.430379746,0.086956521,91.59094619070994,4.168421261858753,4.863515067974284,4.207167898717022,4.630772987928742,0.9896340065127336
114,Sean Manaea,SDP,8.0,9.0,0.0,28.0,28.0,153.0,8.882353107272001,2.941176525586755,1.705882384840318,0.29285714285714287,0.67319461,0.379232505,0.153439153,,5.058823624009219,4.103759136474666,4.622234951464409,3.986874268656181,0.9744955088847294
115,Tyler Wells,BAL,7.0,7.0,0.0,23.0,23.0,103.2,6.598070901412496,2.4308682268361825,1.3890675581921044,0.24584717607973422,0.72745902,0.366242038,0.109589041,93.69099679841244,4.2540193969633195,3.823031000348357,4.520791164830204,4.599253542747775,0.9512057959526959
116,Chris Paddack,MIN,1.0,2.0,0.0,5.0,5.0,22.1,8.059701951422731,0.8059701951422731,0.0,0.35714285714285715,0.64285714,0.44117647,0.0,93.4786441200658,4.029850975711366,3.369485926448257,1.7243712211404045,3.1826456423959955,0.9297206161173807
117,Austin Gomber,COL,5.0,7.0,0.0,17.0,17.0,87.2,6.9809888716102195,2.5665400263272864,1.334600813690189,0.3271375464684015,0.6284153,0.410071942,0.125,91.18766541260185,5.749049658973122,4.68724070712606,4.4128112816690335,4.2412342939697245,0.9172581639308701
118,Trevor Rogers,MIA,4.0,11.0,0.0,23.0,23.0,107.0,8.915888247796898,3.7850468976496265,1.2616822992165422,0.3300653594771242,0.66896552,0.420062695,0.131578947,94.57017275218628,5.467289963271683,4.841075327089989,4.3554217112617275,4.110207794270863,0.891645836274977
119,Dane Dunning,TEX,4.0,8.0,0.0,29.0,29.0,153.1,8.04130466458028,3.6391305781312218,1.173913089719749,0.3129251700680272,0.74384236,0.533039647,0.151515151,88.96929931640625,4.4608697409350455,4.451472753843564,4.449387576066256,4.028140350706635,0.8909514289151116
120,MacKenzie Gore,SDP,4.0,4.0,0.0,13.0,13.0,65.1,9.091837044360002,4.545918522180001,0.8265306403963638,0.3107344632768362,0.74776786,0.368131868,0.083333333,94.82979935206724,4.270408308714546,5.1662282666839285,3.984880010970481,4.422429981255983,0.8865260388406346
121,José Berríos,TOR,12.0,7.0,0.0,32.0,32.0,172.0,7.796511931858642,2.3546512545881804,1.517441919623494,0.32755298651252407,0.70895522,0.402957486,0.13488372,93.99330351368481,5.23255834352929,5.145097958160137,4.548477569276247,4.207078845798236,0.8834870522633254
122,Ian Anderson,ATL,10.0,6.0,0.0,22.0,22.0,111.2,7.817910759344388,4.352238979428834,0.967164217650852,0.3130699088145897,0.69843342,0.479411764,0.116504854,93.9263740904366,4.997015124529402,4.338360044555684,4.24974447982671,4.218204615355123,0.8786685033439423
123,Andrew Heaney,LAD,3.0,3.0,0.0,14.0,14.0,64.2,13.500000530911496,2.505154737694917,1.809278421668551,0.2785714285714286,0.78947368,0.348993288,0.19117647,92.94701758096384,3.0618557905160095,3.5569330602352927,3.9784104171626855,2.921685418942714,0.8627718240216486
124,Jakob Junis,SFG,3.0,5.0,0.0,17.0,17.0,84.0,7.607143202606529,2.0357143781623104,1.2857143441025118,0.3127413127413127,0.69556452,0.416356877,0.129032258,92.38989639282227,4.821428790384419,4.282973498899343,4.100526284630879,3.8823638291058806,0.8281880114087179
125,José Ureña,COL,3.0,8.0,0.0,17.0,17.0,89.1,6.04477633450552,3.8283583451868295,1.0074627224175867,0.3205574912891986,0.66141732,0.503378378,0.120481927,96.01550955300803,5.138059884329692,4.868885741426022,4.534072843296913,4.454266801597406,0.8239439486294766
126,Roansy Contreras,PIT,4.0,5.0,0.0,18.0,18.0,87.1,7.8320613537876245,3.709923799162559,1.2366412663875197,0.2619047619047619,0.74338086,0.349809885,0.103448275,95.66703305001987,3.8129772380281857,4.660423064878899,4.429224942723993,4.609257592702698,0.8137719827036376
127,Daniel Lynch IV,KCR,4.0,13.0,0.0,27.0,27.0,131.2,8.339240909008602,3.5544305513807153,1.4354431072883658,0.335,0.72836802,0.414868105,0.13548387,94.15439676126903,5.126582526029877,5.058734433269773,4.631418416783172,4.300714028258953,0.804613660827273
128,Lance McCullers Jr.,HOU,4.0,2.0,0.0,8.0,8.0,47.2,9.44055956647859,4.153846209250579,0.7552447653182872,0.2773109243697479,0.88014981,0.5,0.105263157,93.33606896033653,2.2657342959548616,3.5739391776604768,3.490053384322352,3.5792989243326376,0.8037883882741392
129,Paul Blackburn,OAK,7.0,6.0,0.0,21.0,21.0,111.1,7.194611045500315,2.4251497906180837,1.2125748953090418,0.2896341463414634,0.74193548,0.473529411,0.138888888,91.66069061587555,4.284431296758614,4.0512438813068306,4.2082394255721205,3.892789374588946,0.7848581373874335
130,Zach Plesac,CLE,3.0,12.0,0.0,24.0,24.0,130.2,6.887755386906842,2.6173470470246,1.3086735235123,0.2903225806451613,0.68897638,0.398568019,0.118012422,92.16769072318989,4.339285893751311,5.300199904289188,4.4593698328805464,4.393090294710429,0.7811336428636312
131,Kyle Bradish,BAL,4.0,7.0,0.0,23.0,23.0,117.2,8.490085444576568,3.5184137878425417,1.3002833563765916,0.31097560975609756,0.70175439,0.45614035,0.149122807,,4.89518440047658,4.568632906314149,4.455207278182826,4.0112591979735,0.7635934756119647
132,Dylan Bundy,MIN,8.0,8.0,0.0,29.0,29.0,140.0,6.042857348675637,1.8000000613076368,1.5428571954065458,0.28475336322869954,0.69407008,0.340471092,0.112149532,89.06146486564602,4.8857144521207285,4.3691209293427855,4.662431054455896,4.696710001674005,0.7547674703491396
133,Bailey Falter,PHI,6.0,3.0,0.0,16.0,16.0,76.2,8.334782885171073,1.7608696236276917,1.6434783153858454,0.2971698113207547,0.80357143,0.323008849,0.142857142,91.57181962508729,3.7565218637390756,4.411717168118683,4.455909307097669,3.974294529225135,0.7505336521799495
134,Garrett Whitlock,BOS,1.0,1.0,0.0,9.0,9.0,39.0,8.76923076923077,2.076923076923077,1.1538461538461537,0.3153153153153153,0.69767442,0.448275862,0.111111111,,4.153846153846154,3.9213133294916855,3.5996104888426954,3.64106236520486,0.7490916864473319
135,Bryce Elder,ATL,2.0,4.0,0.0,9.0,9.0,51.2,7.838710063255559,4.006451810108397,0.6967742278449386,0.25,0.82191781,0.507042253,0.088888888,91.28810516775471,2.7870969113797543,4.067504999577954,3.828560069170506,4.111462467188231,0.7174624570775319
136,Patrick Corbin,WSN,6.0,19.0,0.0,31.0,31.0,152.2,7.545851851470769,2.888646411891154,1.5917031249196154,0.3645418326693227,0.64417178,0.441904761,0.156069364,92.08137000498145,6.307860532088847,6.288460615829814,4.8351384990041915,4.213548342814301,0.7169395457637358
137,Tylor Megill,NYM,4.0,2.0,0.0,9.0,9.0,41.1,10.233871518697281,2.3951614192695767,1.306451683237951,0.30275229357798167,0.657277,0.428571428,0.162162162,95.83865783375163,5.0080647857454785,4.206631600053334,3.596301995455042,3.034374576810714,0.690920309058096
138,Connor Overton,CIN,1.0,0.0,0.0,4.0,4.0,24.2,3.6486488837582924,2.554054218630805,0.0,0.20833333333333334,0.77272727,0.430555555,0.0,91.55714198521206,1.8243244418791462,4.051053205911859,3.152971544816078,4.713361017103454,0.6869580516838151
139,Domingo Germán,NYY,2.0,5.0,0.0,14.0,14.0,70.2,7.1320758246153435,2.2924529436263605,1.4009434655494426,0.2623762376237624,0.77903683,0.405660377,0.125,92.71657314958243,3.693396409175803,3.781659522804289,4.485072579019732,4.304966544848078,0.6842476339579041
140,Brad Keller,KCR,6.0,13.0,0.0,22.0,22.0,122.1,6.10626723625088,3.4577657843830285,1.1771117563857119,0.2924281984334204,0.67270375,0.507537688,0.134453781,94.42499281939338,4.929155479865169,4.358039033965796,4.657390181919455,4.3971500565426815,0.6724612352779913
141,Ryan Yarbrough,TBR,0.0,4.0,0.0,9.0,9.0,40.1,7.363636944009209,2.45454564800307,0.6694215403644735,0.30327868852459017,0.65055762,0.314516129,0.056603773,86.76614654541015,4.46281026909649,4.455669288890122,3.7818525420276816,4.760189273924534,0.6718020660910109
142,Hayden Wesneski,CHC,2.0,1.0,0.0,4.0,4.0,24.1,8.136986407671712,1.8493150926526618,0.36986301853053233,0.2537313432835821,0.81300813,0.484848484,0.038461538,93.27516660585508,1.8493150926526618,2.019774830600823,2.8247597650283502,3.872277771983693,0.6640965444263183
143,Eduardo Rodriguez,DET,5.0,5.0,0.0,17.0,17.0,91.0,7.1208794217166815,3.362637504699544,1.1868132369527802,0.2767527675276753,0.69679849,0.433691756,0.115384615,92.03950256010445,4.054945226255333,4.128393923370178,4.431112376055186,4.4086774082025935,0.6365502472073042
144,Kris Bubic,KCR,3.0,13.0,0.0,27.0,27.0,128.0,7.593750457926972,4.429687767124067,1.1953125720810975,0.35294117647058826,0.68617558,0.40942928,0.126865671,91.90874001927313,5.5546878349651,5.708696933037558,4.721806098713575,4.5450053078208,0.6339966789528417
145,Davis Martin,CHW,2.0,6.0,0.0,9.0,9.0,44.1,6.902255985545337,3.0451129347994135,1.0150376449331378,0.31386861313868614,0.62068966,0.354609929,0.094339622,94.19200412998258,5.481203282638944,5.030803917013269,4.195137822925222,4.498737351166714,0.5743934730140688
146,Steven Matz,STL,4.0,3.0,0.0,10.0,10.0,42.2,10.75781290075976,1.8984375707223107,1.6875000628642762,0.33620689655172414,0.66239316,0.370967741,0.181818181,,5.695312712166932,3.794773815597538,3.932743532222232,3.0218744461217324,0.5545496237430746
147,Andre Pallante,STL,3.0,3.0,0.0,10.0,10.0,54.1,6.625767142526182,2.650306857010473,0.9938650713789273,0.3333333333333333,0.77586207,0.614035087,0.193548387,95.26718607436132,3.9754602855157093,3.9846577076164666,4.014271529395939,3.42331662524302,0.5536346682612862
148,Ryan Feltner,COL,4.0,9.0,0.0,19.0,19.0,94.0,7.851064228050974,3.1595746283619772,1.5319149713270193,0.2996389891696751,0.62827225,0.407534246,0.136752136,94.47557323529817,6.031915199600139,4.844879301629341,4.793282150758133,4.423103624140842,0.551529634072487
149,Chris Archer,MIN,2.0,8.0,0.0,25.0,25.0,102.2,7.363636477638165,4.207792272936095,1.0519480682340236,0.25862068965517243,0.67656766,0.436666666,0.108108108,93.1502739288522,4.558441629014102,4.902014397273124,4.485807646302073,4.566856386252044,0.5427975871006745
150,Johan Oviedo,2 Tms,2.0,3.0,0.0,8.0,8.0,35.2,8.32710295217466,4.794392608827834,0.5046729061924036,0.2815533980582524,0.75697211,0.533333333,0.058823529,96.51907610212054,3.5327103433468245,3.5796446062824914,3.841402977274458,4.523624290405136,0.5389232044404331
151,Joey Wentz,DET,2.0,2.0,0.0,7.0,7.0,32.2,7.438776089319975,3.581632931894803,0.5510204510607389,0.22826086956521738,0.70175439,0.365591397,0.05,92.58210441266287,3.030612480834064,3.5920237844023335,3.5410024635993382,4.55778140474634,0.5347951381136512
152,Drey Jameson,ARI,3.0,0.0,0.0,4.0,4.0,24.1,8.876712444732776,2.5890411297137264,0.7397260370610647,0.28125,0.95238095,0.56060606,0.142857142,95.59940748948317,1.4794520741221293,4.521649872201257,3.1946227835588825,2.977849013141319,0.5244193467010428
153,Aaron Ashby,MIL,2.0,8.0,0.0,19.0,19.0,88.0,10.534091479891618,4.193182045393751,1.5340909922172261,0.3130434782608696,0.68468468,0.547717842,0.211267605,95.87441218983044,4.806818442280641,3.8248712684924233,4.521521987107179,3.500001791766871,0.4867856664221266
154,Wade Miley,CHC,1.0,2.0,0.0,8.0,8.0,35.0,7.2,3.6,0.7714285714285715,0.26666666666666666,0.63084112,0.542056074,0.09090909,89.19085354275174,3.342857142857143,3.7041307127007372,3.998145287377494,4.279636439681053,0.4820581061929736
155,Clarke Schmidt,NYY,0.0,2.0,0.0,3.0,3.0,11.2,10.800000588553324,1.5428572269361893,0.0,0.40625,0.625,0.466666666,0.0,94.81996113545186,4.628571680808568,2.8494746037036505,1.483859484341675,2.752747614026294,0.4665449493636321
156,Daulton Jefferies,OAK,1.0,7.0,0.0,8.0,8.0,39.1,6.406779712796451,1.8305084893704147,0.9152542446852073,0.3230769230769231,0.5952381,0.466165413,0.08,92.77804737359705,5.720339029282546,3.871045485116872,3.7734479561580803,4.333239575883563,0.45838506265256584
157,Chad Kuhl,COL,6.0,11.0,0.0,27.0,27.0,137.0,7.226277724384002,3.81021916376611,1.6423358464509095,0.31026252983293556,0.69398907,0.36590909,0.142857142,93.55915104657754,5.715328745649165,5.301278434123287,5.258416507692397,4.7771365257932406,0.44821432968358466
158,Zach Davies,ARI,2.0,5.0,0.0,27.0,27.0,134.1,6.833747205524106,3.483871124384838,1.4069479540784924,0.25699745547073793,0.75034106,0.428571428,0.130434782,,4.086848818989907,4.575366214074537,4.832034056648032,4.574015241354276,0.4437046176466569
159,Hunter Brown,HOU,2.0,0.0,0.0,2.0,2.0,12.0,8.25,2.25,0.0,0.26666666666666666,0.81818182,0.633333333,0.0,96.62496145148026,1.5,3.3968807228712476,2.029097668329875,2.892646487305562,0.44102068620161594
160,Kutter Crawford,BOS,1.0,5.0,0.0,12.0,12.0,61.1,8.070652466725097,2.9347827151727626,1.4673913575863813,0.313953488372093,0.66666667,0.322222222,0.12345679,94.17324612971406,5.42934802306961,4.633557888947046,4.514604965579084,4.3500928137510115,0.4252466787432847
161,Josh Winder,MIN,4.0,5.0,0.0,11.0,11.0,53.0,6.962264401499349,2.207547249255891,1.3584906149267022,0.2848101265822785,0.71428571,0.325301204,0.103896103,94.27471724800442,4.415094498511782,4.936063635564695,4.489789541797226,4.678250758103866,0.41774083937079104
162,Edward Cabrera,MIA,6.0,4.0,0.0,14.0,14.0,71.2,9.418605110721394,4.144186248717413,1.2558140147628525,0.2073170731707317,0.86111111,0.452941176,0.153846153,96.0405636216742,3.013953635430846,3.9724857797920397,4.59150084127279,4.120207952099829,0.3793438462976715
163,JP Sears,2 Tms,5.0,3.0,0.0,11.0,11.0,52.2,6.15189891983886,3.246835541026065,1.1962025677464452,0.30864197530864196,0.75892857,0.383233532,0.1,93.1559648357454,4.272152027665875,4.938021256248327,4.61243104693256,4.85216254044127,0.37330090933631477
164,Chris Flexen,SEA,7.0,9.0,0.0,22.0,22.0,121.0,6.173553913638341,3.2727273759046627,1.2644628497813468,0.27925531914893614,0.79056865,0.332474226,0.096045197,91.79981279434068,4.016529052246631,4.959371519447603,4.707472374263208,5.046525149420286,0.3702204175504468
165,Madison Bumgarner,ARI,7.0,15.0,0.0,30.0,30.0,158.2,6.352941278296419,2.7794118092546833,1.4180672496197364,0.3061630218687873,0.69306931,0.369230769,0.114678899,90.95715977460489,4.878151338691893,5.639983330829401,4.845624306753997,4.8312578993572215,0.3637338898341699
166,Mike Clevinger,SDP,7.0,7.0,0.0,22.0,22.0,112.1,7.130564000006996,2.804154382025223,1.6023739325858417,0.2398753894080997,0.77192982,0.348082595,0.126582278,93.53768546811996,4.246290921352481,4.608531812066379,5.044181798169473,4.811823030395876,0.3571823431985444
167,Tanner Houck,BOS,1.0,2.0,0.0,4.0,4.0,16.2,7.020000669479434,3.780000360488926,0.0,0.3191489361702128,0.66666667,0.456521739,0.0,95.34837239583334,4.320000411987344,5.1232174630679985,3.1724310073852546,4.149474907175914,0.34990961208768157
168,Javier Assad,CHC,2.0,2.0,0.0,8.0,8.0,36.2,6.872727391897157,4.909090994212255,0.9818181988424509,0.26605504587155965,0.84388186,0.380530973,0.086956521,93.02406225737577,2.9454545965273526,4.657074923521335,4.6397037554181315,5.078712651632598,0.3463442834825995
169,Alex Faedo,DET,1.0,5.0,0.0,12.0,12.0,53.2,7.3788823372447485,4.192546782525425,1.1739130991071192,0.33532934131736525,0.69444444,0.312138728,0.092105263,92.80758015219561,5.534161752933562,5.801766033272745,4.621747843372361,5.022519440640322,0.34046047321791645
170,John Brebbia,SFG,0.0,0.0,0.0,11.0,11.0,11.0,5.7272727272727275,0.8181818181818182,0.0,0.29411764705882354,0.91666667,0.411764705,0.0,94.45232363100405,0.8181818181818182,2.9088524498362736,2.3851582743904807,4.4038438252427365,0.3379846774810697
171,John Means,BAL,0.0,0.0,0.0,2.0,2.0,8.0,7.875,2.25,0.0,0.32,0.7,0.4,0.0,92.27661561129386,3.375,3.8259221328989073,2.112431001663208,3.777846581116319,0.3351121078441126
172,Luis Ortiz,PIT,0.0,2.0,0.0,4.0,4.0,16.0,9.562501175562064,5.625000691507097,0.5625000691507097,0.17073170731707318,0.54216867,0.43902439,0.058823529,98.4774510838964,4.500000553205678,2.9498829592687863,3.674931070813918,4.435323655998177,0.3154096435850891
173,James Kaprielian,OAK,5.0,9.0,0.0,26.0,26.0,134.0,6.582089786461566,3.962686708175841,1.0746269039120924,0.2631578947368421,0.7195572,0.377128953,0.089385474,94.02814064166643,4.231343434153864,4.641562916676974,4.634819115538672,5.060088707601231,0.3128681352194369
174,Kyle Hendricks,CHC,4.0,6.0,0.0,16.0,16.0,84.1,7.0434786060213455,2.5612649476441254,1.6007905922775785,0.28225806451612906,0.73626374,0.361538461,0.135135135,87.06549556397177,4.802371776832736,5.0665093813426685,4.819940966759292,4.456158385763361,0.30119144671055487
175,Ryne Nelson,ARI,1.0,1.0,0.0,3.0,3.0,18.1,7.854545590739607,2.9454545965273526,0.9818181988424509,0.15555555555555556,0.90163934,0.234042553,0.068965517,94.4515047940341,1.4727272982636763,2.331834398258579,3.7669764675581754,4.6904699043779186,0.3006887723909595
176,Erick Fedde,WSN,6.0,13.0,0.0,27.0,27.0,127.0,6.6614176729902415,4.110236436525893,1.4881890546042027,0.32,0.69256757,0.418660287,0.140939597,,5.811023927502125,5.48076114012453,5.151801187602301,4.739006214642348,0.2956681340284206
177,J.P. Feyereisen,TBR,0.0,0.0,0.0,2.0,2.0,4.0,11.25,0.0,0.0,0.0,1.0,0.142857142,0.0,93.001923828125,0.0,1.588821240628771,0.6124310016632082,2.832985107600689,0.28812945971426346
178,Dustin May,LAD,2.0,3.0,0.0,6.0,6.0,30.0,8.7,4.2,0.9,0.23684210526315788,0.6424581,0.512820512,0.130434782,98.099853515625,4.5,3.702843826300492,4.379097668329875,4.21404754469792,0.2762054723611914
179,Ken Waldichuk,OAK,2.0,2.0,0.0,7.0,7.0,34.2,8.567308085116426,2.596153965186796,1.298076982593398,0.2872340425531915,0.69230769,0.353535353,0.116279069,94.09234563821752,4.932692533854913,4.541959781391013,4.295123363581638,4.25635079555992,0.275787154221388
180,Chase Anderson,CIN,2.0,3.0,0.0,7.0,7.0,22.1,9.268657256504538,5.238806275415608,0.8059701962177859,0.24528301886792453,0.56737589,0.509090909,0.125,92.00479684749119,6.044776471633394,3.6161369051864063,4.366162418001986,4.262546462561268,0.27277739909273435
181,Austin Davis,BOS,0.0,0.0,0.0,3.0,3.0,6.1,11.368421623251143,2.8421054058127857,0.0,0.08333333333333333,1.0,0.666666666,0.0,94.25264308763587,0.0,1.3395118261603367,1.5334835539894387,2.468453750787171,0.24959122614912796
182,Luis Cessa,CIN,1.0,3.0,0.0,10.0,10.0,44.0,6.340909365780109,2.659091024359401,1.6363637072980928,0.2578125,0.75342466,0.437037037,0.153846153,93.27390973592541,4.295454731657493,4.199336767107174,5.021521993510983,4.407413080659003,0.24291624440369403
183,Cole Ragans,TEX,0.0,3.0,0.0,9.0,9.0,40.0,6.07500014483929,3.6000000858306906,1.3500000321865089,0.296,0.6916996,0.361538461,0.117647058,92.08811066256966,4.9500001180172,4.778275730502385,4.912431044578554,4.8499020331346046,0.2305616852511944
184,Dillon Peters,PIT,0.0,1.0,0.0,4.0,4.0,9.0,6.0000006755193835,3.0000003377596918,0.0,0.25,0.5,0.392857142,0.0,93.28997463650174,5.0000005629328195,7.086315506123673,2.7790976308010205,4.259467201429045,0.22629116648842898
185,Aaron Sanchez,2 Tms,3.0,4.0,0.0,10.0,10.0,44.0,6.1363640353699624,2.454545614147985,1.2272728070739924,0.3825503355704698,0.60906516,0.513333333,0.139534883,92.59985374681878,7.159091374598289,4.898901424155026,4.612431099198088,4.286428450050513,0.22460815347126112
186,Louis Varland,MIN,1.0,2.0,0.0,5.0,5.0,26.0,7.269231035864575,2.0769231531041643,1.3846154354027762,0.2972972972972973,0.80291971,0.358974358,0.125,93.79178274706535,3.8076924473576343,4.515789397404934,4.304738737704488,4.126731843739321,0.2241519254216228
187,Trevor Richards,TOR,0.0,1.0,0.0,4.0,4.0,4.1,14.538462704984488,2.0769232435692127,0.0,0.45454545454545453,0.83333333,0.181818181,0.0,93.34375305175782,2.0769232435692127,9.083745789513738,0.5739692595230594,1.9404642035896094,0.21943967729139585
188,Jalen Beeks,TBR,0.0,0.0,0.0,7.0,7.0,12.2,9.94736892034475,3.5526317572659822,0.7105263514531964,0.35294117647058826,0.86021505,0.342857142,0.083333333,95.4701639811198,2.8421054058127857,4.1920267725041205,3.5861152359653397,3.9622546901739875,0.2186064452160792
189,Mike Baumann,BAL,0.0,1.0,0.0,4.0,4.0,18.1,4.909090994212255,1.4727272982636763,0.9818181988424509,0.375,0.6870229,0.56060606,0.105263157,95.69929370545505,5.40000009363348,4.239446186246757,3.9306128340319173,4.046632036509532,0.211311318949628
190,Konnor Pilkington,CLE,1.0,2.0,0.0,11.0,11.0,51.0,7.764706317941235,4.941176747780785,1.0588235888101685,0.2980132450331126,0.70247934,0.391025641,0.098360655,92.16268431367321,4.411764953375702,4.852299094583088,4.681058540641236,4.92228470400616,0.20542104303093842
191,Austin Pruitt,OAK,0.0,0.0,0.0,1.0,1.0,5.0,3.6,0.0,0.0,0.0,1.0,0.6,0.0,91.4498046875,0.0,0.8855377712028638,2.3124310016632084,4.088874286413193,0.17379826743189924
192,Chris Sale,BOS,0.0,1.0,0.0,2.0,2.0,5.2,7.94117744509336,1.588235489018672,0.0,0.2777777777777778,0.57142857,0.5,0.0,94.94682023331926,3.176470978037344,4.069020414832123,2.406548562099354,3.190273636840695,0.1610653073132875
193,Luis Gil,NYY,0.0,0.0,0.0,1.0,1.0,4.0,11.25,4.5,0.0,0.4166666666666667,0.42857143,0.416666666,0.0,97.17956792091837,9.0,3.5379509170551833,2.112431001663208,3.2227080546319486,0.15995126357875442
194,Touki Toussaint,LAA,0.0,1.0,0.0,2.0,2.0,7.2,10.565218267458896,7.043478844972598,0.0,0.29411764705882354,0.66666667,0.5,0.0,93.12132380558894,4.695652563315065,2.9139695357789317,3.5037353819394634,4.662285446331144,0.15819384613392798
195,Jake Woodford,STL,1.0,0.0,0.0,1.0,1.0,5.1,1.687500100582844,1.687500100582844,0.0,0.21052631578947367,0.8,0.47368421,0.0,92.42808131167763,1.687500100582844,3.4197236613370228,3.29993101283908,4.9653466915587,0.14902791060157997
196,Bryan Baker,BAL,0.0,1.0,0.0,2.0,2.0,3.2,9.818183520608992,2.454545880152248,0.0,0.3333333333333333,0.4,0.111111111,0.0,96.1456549228766,7.363637640456744,3.1074274733106635,2.5669763616293753,4.989399442688931,0.14896785904832838
197,Taylor Hearn,TEX,4.0,5.0,0.0,13.0,13.0,59.0,8.23728853503511,4.271186647795983,1.3728814225058519,0.358695652173913,0.68522484,0.37696335,0.126760563,94.45437622070312,6.2542375914155475,5.993825574533757,4.841244644818725,4.639655273704978,0.14690672299844687
198,Sam Long,SFG,0.0,2.0,0.0,6.0,6.0,12.1,5.837837988308004,0.0,1.459459497077001,0.2926829268292683,0.71428571,0.38095238,0.1,94.59941263401763,2.918918994154002,2.868353484898952,3.9232418333726535,4.2157327662494195,0.14687555809782346
199,Janson Junk,LAA,1.0,1.0,0.0,2.0,2.0,7.1,12.272727804735695,3.681818341420709,1.2272727804735695,0.42105263157894735,0.56603774,0.55,0.2,92.62882874503968,7.363636682841418,3.533337498012071,3.3851582862128904,2.621773755819917,0.14504185017658683
200,Jimmy Herget,LAA,0.0,0.0,0.0,1.0,1.0,3.0,6.0,0.0,0.0,0.125,0.0,0.75,0.0,91.27279663085938,3.0,1.3484955415159672,1.7790976683298754,2.272554136315982,0.1406859481016363
201,Nick Nelson,PHI,0.0,1.0,0.0,2.0,2.0,4.0,15.75,6.75,0.0,0.5555555555555556,0.66666667,0.666666666,0.0,96.60436542217548,6.75,1.6967851880881981,2.612431001663208,3.7227080546319486,0.1376740813756912
202,Fernando Cruz,CIN,0.0,0.0,0.0,2.0,2.0,3.1,8.100003089905965,0.0,0.0,0.0,1.0,0.142857142,0.0,94.1075439453125,0.0,1.7704271755824266,2.212430658340323,3.9888746207499004,0.1373804994126238
203,Jhonathan Díaz,LAA,1.0,1.0,0.0,3.0,3.0,11.1,7.147059625407906,7.94117736156434,0.0,0.2903225806451613,0.84210526,0.548387096,0.0,91.36354848500845,2.382353208469302,5.774024484266163,4.171254649871787,4.954979716369541,0.13514267202856883
204,Tyler Glasnow,TBR,0.0,0.0,0.0,2.0,2.0,6.2,13.50000128746045,2.70000025749209,1.350000128746045,0.23076923076923078,1.0,0.357142857,0.142857142,97.60316742443648,1.350000128746045,5.862088524107915,2.9624309873580925,2.5668188237858134,0.13489803095750566
205,Scott Alexander,SFG,0.0,0.0,0.0,4.0,4.0,4.1,4.153846458570514,0.0,0.0,0.2,1.0,0.714285714,0.0,,0.0,2.5967860205027877,2.189354010869761,2.530977744536895,0.13435634642544408
206,Cooper Criswell,TBR,0.0,0.0,0.0,1.0,1.0,3.1,10.80000102996836,2.70000025749209,0.0,0.25,0.66666667,0.625,0.0,,2.70000025749209,1.2028813514846624,1.6124308586120475,2.9447634492356736,0.13211735040585465
207,Beau Brieske,DET,3.0,6.0,0.0,15.0,15.0,81.2,5.951020593480343,2.75510212661127,1.542857190902311,0.24081632653061225,0.75566751,0.375,0.125,94.39280377012311,4.18775523244913,5.599808204949305,4.973655549418377,4.775305011527362,0.1240783724128462
208,Shane Baz,TBR,1.0,2.0,0.0,6.0,6.0,27.0,10.00000070642547,3.0000002119276408,1.6666667844042449,0.3055555555555556,0.73333333,0.428571428,0.192307692,96.044670190704,5.000000353212735,4.072494222479477,4.408727389533176,3.4268608202796385,0.11700186365436237
209,Reynaldo López,CHW,0.0,0.0,0.0,1.0,1.0,2.0,13.5,0.0,0.0,0.25,1.0,0.25,0.0,97.39369710286458,0.0,1.4117072931436636,0.11243100166320819,0.8526157036423685,0.11540971137426674
210,Humberto Castellanos,ARI,3.0,2.0,0.0,9.0,9.0,41.1,6.532258416189754,2.3951614192695767,1.524193630444276,0.29457364341085274,0.67073171,0.325925925,0.129629629,89.38533848353795,5.661290627364454,5.2151329823064625,4.878560129003401,4.610978206865868,0.113040828267519
211,DL Hall,BAL,0.0,1.0,0.0,1.0,1.0,3.2,14.727275280913489,7.363637640456744,0.0,0.5,0.375,0.4,0.0,95.71690784801136,12.272729400761241,3.748186576019837,2.294249041612459,3.5054605821422373,0.11192523392227097
212,Keegan Akin,BAL,0.0,1.0,0.0,1.0,1.0,2.1,15.428573530547759,3.8571433826369397,0.0,0.4,0.33333333,0.2,0.0,94.22815472146739,7.714286765273879,1.7496619007049015,0.9695735668649084,2.8729059169769173,0.11191103820440952
213,Matt Wisler,TBR,0.0,0.0,0.0,5.0,5.0,7.2,7.043478844972598,2.3478262816575324,1.1739131408287662,0.15789473684210525,0.86956522,0.35,0.111111111,90.44137064615886,2.3478262816575324,3.697603569837403,4.0254745556411375,4.067647337698218,0.11043551280347554
214,Denyi Reyes,BAL,0.0,0.0,0.0,1.0,1.0,3.2,2.454545880152248,2.454545880152248,0.0,0.2857142857142857,0.8,0.357142857,0.0,92.53772911658653,2.454545880152248,2.348800023800282,3.385158321680125,5.807581402739681,0.10853940391487474
215,Rony García,DET,3.0,3.0,0.0,8.0,8.0,37.0,7.540540734897839,2.432432495128335,1.7027027465898346,0.2524271844660194,0.64516129,0.3,0.137254901,92.63547828729205,5.1081082397695035,7.471758155295434,5.031349970042228,4.612399678213369,0.09681777742170647
216,Shawn Armstrong,TBR,0.0,1.0,0.0,3.0,3.0,7.2,7.043478844972598,1.1739131408287662,1.1739131408287662,0.21052631578947367,1.0,0.75,0.25,95.03729820251465,1.1739131408287662,2.39624338418613,3.634170175364882,2.7108845704288957,0.09673792859550603
217,Casey Mize,DET,0.0,1.0,0.0,2.0,2.0,10.0,3.6,1.8,0.9,0.3157894736842105,0.66176471,0.368421052,0.055555555,94.01763695406626,5.4,5.62048742422694,4.212431001663209,5.577095928788186,0.0965515433527435
218,Caleb Ferguson,LAD,0.0,0.0,0.0,1.0,1.0,1.0,27.0,0.0,0.0,0.0,1.0,0.0,0.0,95.70486450195312,0.0,0.0,-2.887568998336792,-2.887568998336792,0.09443921823149949
219,Yonny Chirinos,TBR,0.0,0.0,0.0,1.0,1.0,4.0,4.5,0.0,0.0,0.23076923076923078,1.0,0.846153846,0.0,91.19879913330078,0.0,2.6646235372039273,2.862431001663208,3.6026157036423685,0.09131604278975548
220,Drew Hutchison,DET,3.0,6.0,0.0,18.0,18.0,89.2,5.319702809687373,3.0111525337853053,1.4052045157664759,0.3003412969283277,0.74300699,0.407894736,0.125,92.53744619466718,4.516728800677958,5.45617705641287,5.030646689852365,4.849992852807241,0.08242388215725575
221,Joan Adon,WSN,1.0,12.0,0.0,14.0,14.0,64.2,7.654639589177139,5.4278353450528805,1.1134021220621293,0.33663366336633666,0.61930783,0.478260869,0.117647058,95.03566554214015,7.0979385281460745,5.9641133481334805,5.107276470357856,5.0557061500821,0.07446262068257452
222,Jeff Hoffman,CIN,0.0,0.0,0.0,1.0,1.0,1.2,16.20000617981193,0.0,0.0,0.3333333333333333,1.0,0.333333333,0.0,92.71871744791666,0.0,2.1503735118500513,1.3124303150174383,2.200652296222227,0.07404566809500658
223,Steven Wilson,SDP,0.0,0.0,0.0,1.0,1.0,1.0,18.0,0.0,0.0,0.0,1.0,1.0,0.0,94.43282318115234,0.0,0.17875158091834462,-0.8875689983367918,-0.8875689983367918,0.07055891559157618
224,Gabe Speier,KCR,0.0,0.0,0.0,1.0,1.0,2.0,4.5,0.0,0.0,0.0,1.0,0.4,0.0,93.30453055245536,0.0,0.09981671072278389,2.112431001663208,4.332985107600689,0.06996876892136164
225,Julian Merryweather,TOR,0.0,1.0,0.0,1.0,1.0,1.0,9.0,0.0,0.0,0.5,0.5,0.75,0.0,97.30762396918402,9.0,0.7457386616122356,1.1124310016632082,2.592800405621529,0.06921276954243957
226,Vince Velasquez,CHW,2.0,3.0,0.0,9.0,9.0,39.1,8.008475029341852,3.432203584003651,1.8305085781352806,0.2807017543859649,0.71428571,0.347107438,0.142857142,93.6314709272541,5.262712162138932,5.78041086713333,5.197176882317278,4.660753630486654,0.0690513205439395
227,Erik Swanson,SEA,0.0,0.0,0.0,1.0,1.0,2.0,4.5,0.0,0.0,0.0,1.0,0.6,0.0,93.41109619140624,0.0,2.0332985548717906,2.112431001663208,3.592800405621529,0.0615862573008141
228,Ty Blach,COL,0.0,0.0,0.0,1.0,1.0,3.0,0.0,3.0,0.0,0.42857142857142855,0.71428571,0.357142857,0.0,90.154658203125,6.0,8.246954518433753,4.112431001663209,6.579713341593743,0.0612095887599593
229,Cade Cavalli,WSN,0.0,1.0,0.0,1.0,1.0,4.1,12.461539375711542,4.153846458570514,0.0,0.5,0.36363636,0.5,0.0,95.46150716145833,14.538462604996798,3.940217992229419,3.8047387447582937,5.512857413093965,0.05904597808768145
230,Hyun Jin Ryu,TOR,2.0,0.0,0.0,6.0,6.0,27.0,5.333333521713452,1.333333380428363,1.6666667255354537,0.3068181818181818,0.65517241,0.456521739,0.147058823,89.41326502749794,5.666666866820543,5.24370743506955,4.779097727198662,4.235859179662004,0.0549780141498016
231,Nabil Crismatt,SDP,0.0,0.0,0.0,1.0,1.0,3.0,12.0,9.0,0.0,0.2,1.0,0.8,0.0,89.92578125,0.0,3.2568288379671984,3.445764334996542,3.939220802982649,0.05271036583593376
232,Chris Stratton,PIT,0.0,0.0,0.0,1.0,1.0,2.1,0.0,0.0,0.0,0.2222222222222222,0.5,0.111111111,0.0,93.57237141927084,3.8571433826369397,18.822291107507468,3.112431001663208,6.919095701887226,0.04916563139829063
233,Penn Murfee,SEA,0.0,0.0,0.0,1.0,1.0,2.0,9.0,4.5,0.0,0.2,1.0,0.4,0.0,88.6881103515625,0.0,2.7311446197251334,2.612431001663208,4.832985107600689,0.049020964679689194
234,Jimmy Lambert,CHW,0.0,2.0,0.0,2.0,2.0,6.2,8.10000077247627,4.050000386238135,1.350000128746045,0.2857142857142857,0.69767442,0.454545454,0.125,93.462890625,5.40000051498418,3.5329623045489997,4.612431144714369,4.4388744129126945,0.048764801289480096
235,Brusdar Graterol,LAD,0.0,0.0,0.0,1.0,1.0,1.0,9.0,0.0,0.0,0.6,0.33333333,0.6,0.0,99.11090087890625,18.0,3.77337573287353,1.1124310016632082,2.592800405621529,0.04498395006286731
236,Mauricio Llovera,SFG,0.0,0.0,0.0,1.0,1.0,1.0,9.0,0.0,0.0,0.0,1.0,0.0,0.0,,0.0,1.6816096302198622,1.1124310016632082,4.073169809579849,0.04455640861404027
237,Duane Underwood Jr.,PIT,0.0,1.0,0.0,1.0,1.0,1.0,9.0,0.0,0.0,0.5,0.5,0.75,0.0,95.25052642822266,9.0,1.260151345327833,1.1124310016632082,2.592800405621529,0.044246242635716734
238,Dennis Santana,TEX,0.0,1.0,0.0,1.0,1.0,2.0,13.5,9.0,0.0,0.25,0.66666667,0.5,0.0,98.00634765625,4.5,3.1282125684989084,3.112431001663208,3.8526157036423685,0.03998980477135525
239,Andrew Bellatti,PHI,0.0,0.0,0.0,1.0,1.0,1.0,18.0,9.0,0.0,1.0,0.33333333,0.0,0.0,95.6690673828125,18.0,8.855929120397278,2.112431001663208,3.592800405621529,0.03375590428011463
240,Andrew Wantz,LAA,0.0,0.0,0.0,1.0,1.0,1.0,18.0,0.0,0.0,0.0,1.0,0.0,0.0,93.05711146763393,0.0,4.301002080937848,2.112431001663208,2.112431001663208,0.033358276251236475
241,Ryan Weathers,SDP,0.0,0.0,0.0,1.0,1.0,3.2,7.363637640456744,9.818183520608992,0.0,0.42857142857142855,0.6,0.5,0.0,93.86733940972222,9.818183520608992,3.850208065770819,4.748794921764707,6.3637436424710785,0.03326410432484615
242,Matthew Liberatore,STL,2.0,2.0,0.0,7.0,7.0,29.2,7.5842700692653695,5.460674449871066,1.2134832110824592,0.34065934065934067,0.74380165,0.376344086,0.111111111,93.61569019074136,5.460674449871066,5.650329639727479,5.101195153159461,5.1447894883883665,0.03244768330993603
243,Keegan Thompson,CHC,6.0,5.0,0.0,17.0,17.0,78.1,7.5829791292252935,3.331915071932326,1.608510724381123,0.30434782608695654,0.71428571,0.353909465,0.13592233,93.57337106109425,4.825532173143369,5.458723093109039,5.091154511814589,4.714278516424419,0.031336887187966185
244,Cody Morris,CLE,1.0,2.0,0.0,5.0,5.0,20.2,8.709677687296642,4.7903227280131535,1.3064516530944963,0.2909090909090909,0.89147287,0.362068965,0.136363636,94.70326675907258,2.1774194218241605,4.521770216758741,4.660818146071501,4.3495984697431895,0.030737504846572686
245,Matt Bush,2 Tms,0.0,0.0,0.0,6.0,6.0,5.1,10.125000660074917,3.3750002200249725,1.6875001100124862,0.25,0.65217391,0.538461538,0.2,97.15270124162946,5.062500330037459,2.322753631500165,4.424931087228475,3.375277335009764,0.028149153527805396
246,Scott Effross,CHC,0.0,1.0,0.0,1.0,1.0,1.1,0.0,0.0,0.0,0.2857142857142857,0.0,0.428571428,0.0,88.96260070800781,0.0,7.396876638008171,3.112431001663208,6.443262954701651,0.027150254555283054
247,Luke Weaver,ARI,0.0,1.0,0.0,1.0,1.0,3.2,12.272729400761241,2.454545880152248,2.454545880152248,0.6,0.20833333,0.375,0.25,92.96156976161859,22.090912921370233,6.760032466005147,4.748794921764707,2.8182884822511642,0.02436313861535127
248,Nick Neidert,MIA,0.0,1.0,0.0,1.0,1.0,5.0,5.4,0.0,1.8,0.25,0.83333333,0.411764705,0.166666666,91.99946899414063,3.6,4.158965603796305,4.512431001663208,3.688874286413193,0.02268695737261948
249,Daniel Castano,MIA,1.0,2.0,0.0,7.0,7.0,31.2,5.11578974009222,2.55789487004611,1.4210527055811721,0.3047619047619048,0.70731707,0.453703703,0.15625,91.52404145271548,4.547368657859751,4.9121457132547794,5.070325840463934,4.513646472316594,0.0223799851921302
250,Kenny Rosenberg,LAA,0.0,0.0,0.0,1.0,1.0,4.2,1.9285716913184698,5.7857150739554095,0.0,0.13333333333333333,1.0,0.333333333,0.0,90.519189453125,0.0,3.8461226722441135,4.612431206022018,7.150207672838031,0.020834669718407674
251,Josh Sborz,TEX,0.0,0.0,0.0,1.0,1.0,1.0,0.0,0.0,0.0,0.25,1.0,0.25,0.0,96.13248697916667,0.0,3.576995484598116,3.112431001663208,6.073169809579849,0.020140612368533234
252,Mychal Givens,NYM,0.0,0.0,0.0,1.0,1.0,1.0,0.0,0.0,0.0,0.25,1.0,0.5,0.0,92.48136080228366,0.0,2.511917487706264,3.112431001663208,4.592800405621529,0.020013262991554356
253,Jesse Chavez,ATL,0.0,0.0,0.0,1.0,1.0,1.0,0.0,0.0,0.0,0.5,0.33333333,0.166666666,0.0,,18.0,23.794854251007212,3.112431001663208,9.03390861749649,0.019558441437963234
254,Mike Mayers,LAA,0.0,1.0,0.0,3.0,3.0,14.2,7.363636682841418,3.681818341420709,1.8409091707103544,0.2619047619047619,0.69620253,0.488888888,0.1875,94.01689543547454,4.295454731657493,5.789809321343384,5.362431099198085,4.318288585526622,0.01952154418602184
255,Trevor Williams,NYM,2.0,4.0,0.0,9.0,9.0,38.2,6.750000110987961,1.86206899613461,1.86206899613461,0.2743362831858407,0.81521739,0.375,0.148148148,90.75162632861482,4.189655241302872,4.926421107269597,5.0003620671885765,4.378119328002491,0.016616493018074892
256,Evan Lee,WSN,0.0,1.0,0.0,1.0,1.0,3.2,4.909091760304496,7.363637640456744,0.0,0.3076923076923077,0.75,0.461538461,0.0,91.79346923828125,4.909091760304496,6.563674925742242,5.29424956179854,7.312935462681503,0.015672346522504717
257,Tommy Nance,MIA,0.0,1.0,0.0,2.0,2.0,5.0,12.6,5.4,1.8,0.2727272727272727,1.0,0.25,0.142857142,93.2568201135706,1.8,4.869582181102726,4.712431001663209,4.1849481672048565,0.014082367630371607
258,Anthony DeSclafani,SFG,0.0,2.0,0.0,5.0,5.0,19.0,8.052632387325126,1.894737032311794,1.894737032311794,0.4411764705882353,0.53892216,0.436619718,0.153846153,92.97347135801573,6.631579613091279,5.685623219834904,4.849273281282352,4.1381997626850495,0.011855151053467808
259,Richard Bleier,MIA,0.0,1.0,0.0,1.0,1.0,1.0,9.0,9.0,0.0,0.3333333333333333,0.5,0.333333333,0.0,90.22709655761719,9.0,16.975594828462565,4.112431001663208,5.592800405621529,0.009445555948046013
260,Glenn Otto Jr.,TEX,7.0,10.0,0.0,27.0,27.0,135.2,7.0982802313404925,4.113022190122528,1.39312041923505,0.2552083333333333,0.7290401,0.431077694,0.140939597,92.45316564386542,4.6437347307835,4.96560359178096,5.205797134270373,4.8193723692118535,0.00941644570863441
261,Wily Peralta,DET,0.0,0.0,0.0,1.0,1.0,2.0,13.5,13.5,0.0,0.3333333333333333,1.0,0.333333333,0.0,96.2164306640625,0.0,5.039809814238289,4.612431001663208,5.3526157036423685,0.005521008666030974
262,Miguel Yajure,PIT,0.0,0.0,0.0,1.0,1.0,4.0,0.0,6.75,0.0,0.26666666666666666,1.0,0.466666666,0.0,92.57670665922619,0.0,12.453785894710661,5.362431001663208,6.842800405621529,0.004513476055366869
263,Stephen Strasburg,WSN,0.0,1.0,0.0,1.0,1.0,4.2,9.64285845659235,3.8571433826369397,1.9285716913184698,0.5,0.41666667,0.384615384,0.2,90.2350543478261,13.50000183922929,4.6793499080466745,5.683859923421168,4.484255549943386,0.0026034114397759625
264,Packy Naughton,STL,0.0,2.0,0.0,3.0,3.0,7.0,7.714286765273879,0.0,2.57142892175796,0.4,0.43478261,0.481481481,0.2,92.30737915039063,10.28571568703184,4.15489514628671,5.112431274141622,3.5129587761712453,0.0023032484572671815
265,Max Castillo,2 Tms,0.0,2.0,0.0,6.0,6.0,26.0,7.269231035864575,3.1153847296562462,1.73076929425347,0.31645569620253167,0.55882353,0.419753086,0.161290322,92.70380108173077,6.92307717701388,4.841220867393959,5.266277234511971,4.531333035350838,0.001033474775119489
266,Joe Kelly,CHW,0.0,0.0,0.0,1.0,1.0,1.0,18.0,18.0,0.0,0.6666666666666666,0.5,0.666666666,0.0,,18.0,4.7729811991441675,5.112431001663208,6.592800405621529,-0.002275694147201042
267,Cristopher Sánchez,PHI,2.0,1.0,0.0,3.0,3.0,13.1,7.425000177025799,2.025000048279763,2.025000048279763,0.2,0.91836735,0.447368421,0.23076923,,3.3750000804662723,3.9473954326397838,5.287431053519251,3.8057911870535657,-0.0036302152938633312
268,Cody Poteet,MIA,0.0,1.0,0.0,2.0,2.0,7.2,5.869565704143831,4.695652563315065,1.1739131408287662,0.19047619047619047,0.52631579,0.59090909,0.166666666,94.78175236628606,5.869565704143831,4.4638003506547514,5.068952903044485,4.531850652905725,-0.0061060505944798334
269,JT Chargois,TBR,0.0,0.0,0.0,3.0,3.0,4.0,6.75,0.0,2.25,0.3076923076923077,0.55555556,0.357142857,0.125,95.34002685546875,6.75,2.4624765768408303,4.862431001663208,4.573169809579849,-0.006535668472882006
270,Caleb Kilian,CHC,0.0,2.0,0.0,3.0,3.0,11.1,7.147059023999018,9.52941203199869,0.0,0.3235294117647059,0.375,0.5,0.0,94.76951329848346,10.323529701331916,4.391850225601819,4.965372230107398,6.794063898055214,-0.007566435252355218
271,Jackson Stephens,ATL,0.0,0.0,0.0,1.0,1.0,3.0,0.0,6.0,0.0,0.38461538461538464,0.57142857,0.23076923,0.0,94.2698974609375,9.0,12.002892043005284,5.112431001663209,6.59280040562153,-0.009817929725623693
272,Michael Grove,LAD,1.0,0.0,0.0,6.0,6.0,28.1,7.623529753899507,2.8588236577123154,1.9058824384748767,0.26436781609195403,0.67567568,0.397849462,0.136363636,94.14617839963155,3.8117648769497534,3.4369475118610398,5.124195797831134,4.670181204779017,-0.011905969294480808
273,Nick Martinez,SDP,2.0,3.0,0.0,10.0,10.0,52.1,8.082802744162073,4.643312214731404,1.5477707382438013,0.3082191780821918,0.82132565,0.458064516,0.176470588,92.98187650383198,4.299363161788337,5.290113253077139,5.15701703860255,4.36400121554846,-0.012135888632787889
274,Reiss Knehr,SDP,0.0,0.0,0.0,1.0,1.0,3.2,2.454545880152248,4.909091760304496,0.0,0.2857142857142857,0.75,0.214285714,0.0,92.81178588867188,4.909091760304496,5.53776002846966,5.839704201832372,8.665864463068523,-0.012400266808483364
275,Luke Farrell,CHC,0.0,0.0,0.0,2.0,2.0,6.1,7.1052635145319645,0.0,2.8421054058127857,0.3,0.96153846,0.181818181,0.2,90.56447588387182,4.263158108719178,5.139652970669732,5.638746917941241,3.870909045983769,-0.012608047160575392
276,David Phelps,TOR,0.0,0.0,0.0,1.0,1.0,1.0,0.0,0.0,0.0,0.3333333333333333,1.0,0.666666666,0.0,,0.0,9.07020188649432,6.112431001663208,6.112431001663208,-0.015156330751921451
277,Kyle Nelson,ARI,0.0,0.0,0.0,1.0,1.0,1.0,0.0,9.0,0.0,0.0,1.0,0.5,0.0,91.62636108398438,0.0,19.311751650884617,6.112431001663208,7.592800405621529,-0.015572652227435325
278,Jimmy Yacabonis,TBR,0.0,0.0,0.0,1.0,1.0,1.0,0.0,9.0,0.0,0.25,0.5,0.0,0.0,,0.0,15.532575441700203,6.112431001663208,10.55353921353817,-0.016809065019466916
279,Daniel Norris,2 Tms,0.0,1.0,0.0,3.0,3.0,11.0,4.909091334697666,5.727273223813944,0.0,0.24242424242424243,0.78947368,0.53125,0.0,90.59172547538326,3.2727275564651106,6.888875522837475,5.021522076267856,5.963575415006067,-0.016980342346459093
280,Bryan Shaw,CLE,0.0,0.0,0.0,2.0,2.0,4.1,6.230769687855771,8.307692917141027,0.0,0.3333333333333333,0.6,0.266666666,0.0,94.43071025126689,8.307692917141027,7.374577873795741,5.1893542309484655,6.897472899284136,-0.021169793328805784
281,Kyle Muller,ATL,1.0,1.0,0.0,3.0,3.0,12.1,8.756757659577824,5.837838439718549,1.4594596099296373,0.2972972972972973,0.54945055,0.394736842,0.181818181,94.2820249784977,8.027027854613006,5.256105657126613,5.2205393271171285,4.432760606184352,-0.021896707503778555
282,Simeon Woods Richardson,MIN,0.0,1.0,0.0,1.0,1.0,5.0,5.4,3.6,1.8,0.14285714285714285,0.55555556,0.2,0.166666666,91.1130859375,3.6,8.831003738929077,5.712431001663209,4.888874286413193,-0.02447312238997445
283,Jack Flaherty,STL,2.0,1.0,0.0,8.0,8.0,35.0,8.228571428571428,5.6571428571428575,1.0285714285714285,0.3069306930693069,0.78014184,0.415841584,0.117647058,93.3546640496505,4.371428571428571,5.151824792124351,5.08385957309178,5.036218422651292,-0.03054148960354384
284,Sean Newcomb,CHC,0.0,0.0,0.0,1.0,1.0,3.0,3.0,0.0,3.0,0.36363636363636365,0.83333333,0.333333333,0.2,93.812255859375,6.0,8.695349495139475,6.779097668329875,4.9130466749270765,-0.03967670645288596
285,Jesus Tinoco,TEX,0.0,0.0,0.0,2.0,2.0,3.0,12.0,6.0,3.0,0.2857142857142857,1.0,0.142857142,0.2,96.29741821289062,3.0,3.7880170269646185,6.779097668329875,4.9130466749270765,-0.04143651464914294
286,Josh Winckowski,BOS,5.0,7.0,0.0,14.0,14.0,67.1,5.480198200912227,3.475247639602876,1.3366337075395676,0.3108108108108108,0.67741935,0.513043478,0.144927536,93.70990943908691,5.7475249424201404,4.8809780254141115,5.072827106054574,4.65914623406326,-0.04214045860054983
287,Eli Morgan,CLE,0.0,1.0,0.0,1.0,1.0,3.0,15.0,6.0,3.0,0.0,0.625,0.2,0.25,91.05467224121094,6.0,5.097378886373401,6.112431001663209,3.7529235402743026,-0.04329825111401435
288,Zach Thompson,PIT,2.0,10.0,0.0,22.0,22.0,102.1,6.684039420163999,3.6058633714042623,1.6710098550409997,0.29874213836477986,0.71319018,0.450746268,0.169642857,92.43341273477633,5.188925339337841,5.008274082637578,5.301356191892354,4.5078842297509025,-0.04489657992445544
289,Brett Martin,TEX,0.0,0.0,0.0,1.0,1.0,1.0,0.0,18.0,0.0,0.3333333333333333,1.0,1.0,0.0,,0.0,4.89928496190499,9.112431001663207,9.112431001663207,-0.04638853234186578
290,Max Meyer,MIA,0.0,1.0,0.0,2.0,2.0,6.0,9.0000015199187,3.0000005066395663,3.0000005066395663,0.3125,0.64516129,0.444444444,0.25,94.86490652901786,7.5000012665989155,5.264408805187815,6.445764897929393,4.086257038067208,-0.05138980329699407
291,Jason Alexander,MIL,2.0,3.0,0.0,11.0,11.0,56.0,5.464286086510664,3.535714526565724,1.285714373296627,0.3333333333333333,0.7398568,0.50802139,0.166666666,93.20215549468995,4.821428899862351,5.508048702354371,5.148145426049534,4.559890589370699,-0.058174623934465916
292,José Buttó,NYM,0.0,0.0,0.0,1.0,1.0,4.0,11.25,4.5,4.5,0.5,0.48780488,0.1875,0.25,94.73853515625,15.75,6.240781427381442,8.612431001663207,5.073169809579849,-0.06534349457635444
293,Wil Crowe,PIT,0.0,0.0,0.0,1.0,1.0,2.0,13.5,4.5,4.5,0.0,1.0,0.5,0.5,94.69041224888393,4.5,5.339787971060922,8.112431001663207,3.092800405621529,-0.0676941579048239
294,Bryan Garcia,DET,2.0,0.0,0.0,4.0,4.0,20.1,7.524590634492382,4.426229784995519,1.3278689354986557,0.21568627450980393,0.83333333,0.407407407,0.136363636,93.08489677233574,3.540983827996415,5.062570496244839,5.276365563216573,4.960043914930964,-0.07080157202807338
295,Josh Rogers,WSN,1.0,2.0,0.0,3.0,3.0,14.0,4.500000306538194,3.214285933241567,1.9285715599449402,0.24444444444444444,0.74324324,0.395833333,0.136363636,90.54187455610796,5.142857493186508,5.27179409303835,5.96957405343349,5.510154514072521,-0.07143830564634536
296,Chi Chi González,3 Tms,0.0,1.0,0.0,5.0,5.0,19.2,5.49152560125854,2.74576280062927,1.8305085337528466,0.3225806451612903,0.69672131,0.454545454,0.173913043,92.21991382945667,5.949152734696751,6.736838224847291,5.451414128125179,4.538625774432273,-0.07216663969534023
297,Marco Gonzales,SEA,10.0,15.0,0.0,32.0,32.0,183.0,5.065573929707171,2.459016470731637,1.475409882438982,0.2765598650927487,0.73684211,0.42003231,0.122950819,88.7399938763905,4.13114767082915,4.527437352941323,5.052321773018166,4.89500009903423,-0.07298277301023076
298,Daniel Mengden,KCR,0.0,1.0,0.0,1.0,1.0,2.2,6.750001609325793,3.3750008046628963,3.3750008046628963,0.4,0.65217391,0.272727272,0.333333333,92.43133185891544,10.125002413988689,13.293196380139841,7.61243207454707,4.402846888775441,-0.07519951891078695
299,Garrett Richards,TEX,0.0,1.0,0.0,2.0,2.0,3.0,9.0,6.0,3.0,0.375,0.86956522,0.555555555,0.5,94.2775390625,6.0,8.199713110649348,7.445764334996541,4.099343937635423,-0.08394720554144859
300,Chris Ellis,BAL,0.0,0.0,0.0,2.0,2.0,4.1,4.153846458570514,12.461539375711542,0.0,0.3125,0.58333333,0.5,0.0,92.99849500154194,10.384616146426286,7.257563398853742,7.03550821253536,8.74362688087103,-0.08901016028961707
301,Josh Fleming,TBR,0.0,3.0,0.0,3.0,3.0,11.2,8.485715441801268,3.085714706109552,2.314286029582164,0.425,0.45454545,0.674418604,0.3,92.5948486328125,9.257144118328656,5.058793492335593,5.598145626029236,3.524176261151894,-0.08995939901679052
302,Jaime Barria,LAA,0.0,1.0,0.0,1.0,1.0,4.2,5.7857150739554095,7.714286765273879,1.9285716913184698,0.15384615384615385,0.89285714,0.307692307,0.142857142,92.09850056966145,3.8571433826369397,4.676848085057319,7.183860127779978,6.618699871006198,-0.09542462347547702
303,Angel Zerpa,KCR,1.0,1.0,0.0,2.0,2.0,9.0,3.0,3.0,2.0,0.20689655172413793,0.97560976,0.5,0.2,94.1517562866211,2.0,7.400261177687889,6.3346532238854305,5.090619228283565,-0.10324671494913432
304,Garrett Hill,DET,3.0,3.0,0.0,8.0,8.0,42.2,4.429687566007488,3.7968750565778473,1.2656250188592824,0.23357664233576642,0.7312253,0.38028169,0.09375,91.5467867564006,4.218750062864275,5.630269906195338,5.43274353623856,5.82517264802369,-0.10324767127477594
305,Xzavion Curry,CLE,0.0,1.0,0.0,2.0,2.0,9.1,2.892857241387273,5.785714482774546,0.9642857471290911,0.3333333333333333,0.69892473,0.297297297,0.071428571,92.24806701030928,5.785714482774546,6.575560692859093,6.112431103842603,6.940128095114132,-0.10372327810342447
306,Craig Stammen,SDP,0.0,1.0,0.0,1.0,1.0,3.0,9.0,9.0,3.0,0.45454545454545453,0.52631579,0.333333333,0.25,,15.0,6.03174499487911,8.445764334996541,6.086256873607637,-0.10456198342370594
307,Ethan Small,MIL,0.0,0.0,0.0,2.0,2.0,6.1,9.947370418221407,11.36842333511018,1.4210529168887724,0.4117647058823529,0.75342466,0.333333333,0.166666666,91.06082938058036,7.105264584443862,9.134693100159115,6.744010678156737,6.093834193473754,-0.1046062314430176
308,Ryan Pepiot,LAD,2.0,0.0,0.0,7.0,7.0,31.1,10.340425951548879,6.319149192613204,1.7234043252581464,0.22857142857142856,0.85492228,0.213333333,0.127659574,94.0568712418003,4.0212767589356755,4.501048211202553,5.697537489550427,5.428729882451529,-0.10843507752142319
309,Justus Sheffield,SEA,1.0,0.0,0.0,1.0,1.0,5.0,7.2,7.2,1.8,0.3333333333333333,0.66037736,0.526315789,0.2,91.74008324032738,9.0,7.009889456158402,7.112431001663208,5.992800405621528,-0.11752934320506701
310,Jackson Tetreault,WSN,2.0,2.0,0.0,4.0,4.0,21.0,3.857142857142857,4.285714285714286,1.7142857142857142,0.2602739726027397,0.65693431,0.402597402,0.133333333,94.48092347637737,5.142857142857143,7.461294474034764,6.160050049282256,5.7986730073179515,-0.13852185301966305
311,Bryse Wilson,PIT,3.0,8.0,0.0,20.0,20.0,93.1,6.075000268987258,2.6035715438516824,1.6392857868695778,0.31543624161073824,0.65466448,0.419871794,0.150442477,92.87460928390276,5.978571693289048,5.735875095011452,5.255288239401218,4.679735456566583,-0.1497992864873636
312,Tyson Miller,TEX,0.0,2.0,0.0,2.0,2.0,4.2,9.642858579755044,9.642858579755044,1.9285717159510087,0.631578947368421,0.37634409,0.3,0.166666666,,25.071432307363114,10.584226898225356,8.255288910865898,7.372906584469955,-0.1637211718194936
313,Will Vest,DET,0.0,0.0,0.0,2.0,2.0,1.2,10.800004506113025,10.800004506113025,5.400002253056512,0.5,0.89285714,0.285714285,0.5,95.13089481476814,10.800004506113025,11.999188176044566,13.912435507776234,7.888876279301462,-0.16547558294319595
314,Tyler Beede,PIT,0.0,3.0,0.0,5.0,5.0,15.0,7.800000495910676,6.000000381469751,1.8000001144409252,0.36,0.55555556,0.452830188,0.142857142,95.46598894168169,9.600000610351602,5.75613444452487,6.379097876018962,5.851615008024153,-0.1709191088408034
315,Zack Thompson,STL,0.0,0.0,0.0,1.0,1.0,5.0,3.6,3.6,3.6,0.2777777777777778,0.64516129,0.35,0.222222222,93.7653057391827,9.0,8.464115394718046,8.712431001663209,6.1770959287881855,-0.172776780855745
316,Huascar Ynoa,ATL,0.0,2.0,0.0,2.0,2.0,6.2,10.80000102996836,8.10000077247627,2.70000025749209,0.42857142857142855,0.49295775,0.52173913,0.333333333,96.74804061498398,13.50000128746045,9.282394763949506,7.31243140220646,4.744763620897067,-0.17605841922604976
317,Carlos Hernández,KCR,0.0,3.0,0.0,7.0,7.0,29.2,4.853932844329837,6.067416055412296,1.2134832110824592,0.37037037037037035,0.57239057,0.427272727,0.095238095,95.64753798187756,9.101124083118442,6.14193524715824,5.910183960547767,6.253178865427268,-0.17824660507898538
318,Jerad Eickhoff,PIT,0.0,1.0,0.0,1.0,1.0,4.1,8.307692917141027,2.076923229285257,4.153846458570514,0.47058823529411764,0.35714286,0.421052631,0.285714285,89.58627319335938,20.76923229285257,8.686748191522334,10.035508432614066,6.4268741281265935,-0.18028705601663866
319,Bryan Hoeing,MIA,0.0,1.0,0.0,1.0,1.0,3.0,6.0,3.0,6.0,0.5,0.32258065,0.642857142,0.666666666,,21.0,8.447418781841769,11.445764334996543,4.259467072288196,-0.1838975270609422
320,Cole Sands,MIN,0.0,3.0,0.0,3.0,3.0,12.1,8.756757659577824,5.108108634753731,2.189189414894456,0.36585365853658536,0.61403509,0.477272727,0.166666666,91.61757390962231,9.486487464542643,5.238238708899347,6.5178367581656955,5.516213622837595,-0.19377774241506973
321,Jordan Hicks,STL,0.0,4.0,0.0,8.0,8.0,26.1,8.544304210049797,7.177215536441829,1.0253165052059756,0.25757575757575757,0.71770335,0.565217391,0.176470588,97.99169921875,5.46835469443187,6.113644720661628,5.656734921989147,5.131403752342249,-0.19665889971798503
322,Robert Dugger,CIN,0.0,1.0,0.0,1.0,1.0,4.0,4.5,9.0,4.5,0.16666666666666666,0.57692308,0.071428571,0.166666666,88.55745755709134,11.25,11.134346727381564,11.612431001663207,9.55353921353817,-0.19741726507185195
323,Devin Smeltzer,MIN,4.0,2.0,0.0,12.0,12.0,62.2,5.313829922012317,2.4414894236272806,1.8670213239502735,0.24468085106382978,0.81632653,0.388888888,0.141304347,89.35833875868056,4.021276697739051,4.561408342483228,5.490090636437488,4.966590386417556,-0.2043628612942644
324,Erasmo Ramírez,WSN,0.0,1.0,0.0,2.0,2.0,6.0,9.0,3.0,4.5,0.25,0.68965517,0.368421052,0.3,93.99049758911133,9.0,5.603613150573869,9.112431001663209,5.079713341593743,-0.20477285970282336
325,Connor Seabold,BOS,0.0,4.0,0.0,5.0,5.0,18.1,9.327273374194986,3.9272729996610467,2.454545624788154,0.47619047619047616,0.56410256,0.294117647,0.151515151,92.17760424928616,11.290909874025509,5.681544721923061,6.385158501380747,5.504368821961252,-0.21011634877947294
326,Matt Brash,SEA,1.0,3.0,0.0,5.0,5.0,20.0,8.550000407695789,7.6500003647804435,1.3500000643730194,0.38181818181818183,0.66137566,0.568965517,0.25,96.25371587844123,7.6500003647804435,7.877956061855642,5.862431132793433,4.800652724538885,-0.22695284178688818
327,Aníbal Sánchez,WSN,4.0,6.0,0.0,14.0,14.0,69.1,6.230769345040859,4.283653924715591,1.6875000309485662,0.21649484536082475,0.78590786,0.379310344,0.142857142,89.41224372529413,4.283653924715591,4.545582154268985,5.766277204180611,5.271762037806553,-0.24391414860469343
328,Chase Silseth,LAA,1.0,3.0,0.0,7.0,7.0,28.2,7.534884138710784,3.767442069355392,2.197674540457312,0.3058823529411765,0.69060773,0.461538461,0.25,95.63517005997475,6.593023621371936,6.516133820998023,5.972896276544153,4.244419784573,-0.2448281100290139
329,Adrián Martinez,OAK,4.0,6.0,0.0,12.0,12.0,57.2,8.271676802158051,2.965318098886849,2.028901857133107,0.32748538011695905,0.67307692,0.413043478,0.196969696,,6.242774945024944,5.343017702293096,5.349425356963813,4.113085062247175,-0.26689097425864805
330,Thomas Hatch,TOR,0.0,1.0,0.0,1.0,1.0,4.2,7.714286765273879,3.8571433826369397,5.7857150739554095,0.5625,0.46296296,0.526315789,0.75,94.46070397418478,19.2857169131847,9.402969110725005,11.683860740856407,4.595604978551044,-0.2705871356345824
331,Caleb Smith,ARI,0.0,1.0,0.0,1.0,1.0,1.0,18.0,27.0,18.0,0.0,0.0,0.5,1.0,91.09470533288044,36.0,26.002853142303184,34.11243100166321,11.073169809579849,-0.27332474659984735
332,Zach Logue,OAK,2.0,8.0,0.0,10.0,10.0,49.1,6.750000304466983,2.918919050580317,2.006756847273968,0.28187919463087246,0.64748201,0.278481012,0.13253012,90.21880692702074,6.202702982483173,5.6954410710651695,5.605674357367229,5.197647187514166,-0.27925915062220663
333,Corbin Martin,ARI,0.0,1.0,0.0,2.0,2.0,8.0,7.875,6.75,3.375,0.3181818181818182,0.93220339,0.208333333,0.25,93.23871901939656,5.625,14.23444450019777,8.487431001663207,5.832985107600689,-0.2894077676453926
334,Tyler Gilbert,ARI,0.0,3.0,0.0,7.0,7.0,31.1,4.882979218805518,2.5851066452499802,2.0106385018610955,0.24,0.67307692,0.333333333,0.14893617,89.29814529418945,5.457447362194403,7.074813013098726,5.8890270280428165,5.205325745466643,-0.29373061147395757
335,Jared Koenig,OAK,1.0,3.0,0.0,5.0,5.0,25.1,4.618421284445777,4.618421284445777,1.4210527029063929,0.26744186046511625,0.6684492,0.471910112,0.137931034,88.83492348410867,6.394737163078768,6.386834488775288,6.033483779859683,5.6754855795796715,-0.3075050528751297
336,Tyler Alexander,DET,2.0,11.0,0.0,17.0,17.0,80.0,5.85000020921231,2.4750000885129007,1.9125000683963322,0.2874015748031496,0.65022422,0.333333333,0.146551724,90.07986661323211,5.737500205188997,5.812956784190145,5.43743108481169,4.821466698522652,-0.3094763915087534
337,Kirk McCarty,CLE,0.0,2.0,0.0,2.0,2.0,9.0,5.0,4.0,4.0,0.3333333333333333,0.72580645,0.44117647,0.285714285,92.06124054439483,8.0,8.58627533596003,9.112431001663207,5.637450074487262,-0.31271283677569495
338,Kohei Arihara,TEX,1.0,3.0,0.0,4.0,4.0,18.0,6.500000344382411,5.000000264909547,2.0000001059638186,0.42424242424242425,0.63451777,0.485294117,0.210526315,91.97734891451321,10.000000529819093,7.333409903949353,6.723542304097881,5.39726549356299,-0.32305375750716914
339,Tucker Davidson,2 Tms,2.0,7.0,0.0,11.0,11.0,49.1,5.655405551173379,6.02027042544263,1.2770270599423759,0.2727272727272727,0.67385445,0.452830188,0.122807017,92.95915389799735,6.2027028625772545,4.612145036650405,5.828647287889849,5.694479501167304,-0.3248763598999483
340,Vladimir Gutierrez,CIN,1.0,6.0,0.0,8.0,8.0,35.0,7.200000392368883,5.657143165432694,1.8000000980922208,0.3333333333333333,0.66445183,0.333333333,0.132075471,93.05026870632764,7.714286134680946,5.791875656463957,6.512431186948514,6.154133407702577,-0.33210860312849605
341,Alec Mills,CHC,0.0,0.0,0.0,2.0,2.0,3.0,6.000001966953922,3.000000983476961,9.000002950430884,0.4,0.83333333,0.307692307,0.428571428,89.26068793402777,15.000004917384807,14.339812044160562,16.77910214861381,7.233294295156883,-0.33900352326553657
342,Dallas Keuchel,3 Tms,2.0,9.0,0.0,14.0,14.0,60.2,6.675824350729731,4.598901219391593,1.6318681746228232,0.38425925925925924,0.51094891,0.502202643,0.171875,87.82567596435547,9.197802438783185,5.450349198235884,5.519024471308988,4.72358997552366,-0.343010661092952
343,Reiver Sanmartin,CIN,0.0,4.0,0.0,4.0,4.0,11.1,6.35294192266308,7.147059662995965,3.17647096133154,0.4782608695652174,0.34013605,0.42,0.307692307,89.40546320134943,19.852943508322124,9.136431923558431,8.671255183993402,5.781090337301309,-0.34634545695930175
344,Mike Minor,CIN,4.0,12.0,0.0,19.0,19.0,98.0,6.979592108418683,3.6734695307466754,2.204081718448005,0.3116883116883117,0.71214393,0.343465045,0.164383561,90.3639228367047,6.061224725732014,4.505576285667991,6.183859692648623,5.205634480875988,-0.3557880179136244
345,Tommy Henry,ARI,3.0,4.0,0.0,9.0,9.0,47.0,6.893617301032585,4.0212767589356755,1.9148936947312738,0.2740740740740741,0.75438596,0.394366197,0.169491525,91.4576180938225,5.361702345247567,4.811255585424619,5.878388560719493,4.9707671373660975,-0.3990516170911757
346,Jonathan Heasley,KCR,4.0,10.0,0.0,21.0,21.0,104.0,6.057692529887145,4.067307841495655,1.6442308295407966,0.2755417956656347,0.69940476,0.372434017,0.123376623,93.30249406287696,5.278846347473084,5.303442317416266,5.6701234031711145,5.4872088600155156,-0.4101493596444328
347,Elieser Hernández,MIA,2.0,5.0,0.0,10.0,10.0,46.2,7.907143126458547,2.5071429425356366,2.700000091961455,0.2647058823529412,0.66810345,0.31081081,0.168674698,91.51558816221339,5.978571632200365,4.705033168783397,6.2838596811099965,5.016802363565866,-0.4215187888240548
348,Thomas Szapucki,NYM,0.0,1.0,0.0,1.0,1.0,1.1,13.500003218651585,20.250004827977378,27.00000643730317,0.75,0.22727273,0.125,0.8,94.62938581194196,60.750014483932134,41.330367333178835,45.8624411940599,12.413818484130498,-0.42197393125739346
349,Mark Leiter Jr.,CHC,0.0,2.0,0.0,4.0,4.0,14.1,6.906976897372243,4.395348934691428,3.1395349533510197,0.25,0.64705882,0.4,0.294117647,91.19352794828869,8.162790878712652,8.065897918844017,7.996152040209239,5.217055225128334,-0.4340469674947306
350,Michael Pineda,DET,2.0,7.0,0.0,11.0,11.0,46.2,5.014285885071273,1.5428571954065458,2.5071429425356366,0.29411764705882354,0.73221757,0.391566265,0.180555555,90.11641617349885,5.785714482774546,6.478468754915629,6.133859676001027,4.796429567984124,-0.43942724417912427
351,Bruce Zimmermann,BAL,2.0,5.0,0.0,13.0,13.0,66.2,6.210000236892709,1.4850000566482566,2.430000092697147,0.32547169811320753,0.70855615,0.383259911,0.191489361,90.86221587352263,5.9400002265930265,6.604980695004118,5.827431105232243,4.40475191054257,-0.4465399065918996
352,Paolo Espino,WSN,0.0,9.0,0.0,19.0,19.0,83.2,7.207171700679263,2.043824810640388,2.3665339912678176,0.313953488372093,0.71888412,0.405109489,0.198198198,88.33513502038043,5.808765251293734,5.346865232820364,5.682152254807556,4.22782154552741,-0.45033416577762575
353,Cory Abbott,WSN,0.0,5.0,0.0,9.0,9.0,39.0,8.307692510841871,5.307692437482307,2.307692364122742,0.2777777777777778,0.74074074,0.299145299,0.151515151,91.19177009392313,6.000000146719129,5.465946595000788,6.753456731723535,5.925363907916312,-0.49549761365834544
354,T.J. Zeuch,CIN,0.0,3.0,0.0,3.0,3.0,10.2,4.21875025145711,5.9062503520399545,4.21875025145711,0.4318181818181818,0.59259259,0.489795918,0.3125,92.52130126953125,15.187500905245596,8.883333587024026,11.081181476637749,7.207985351714751,-0.5193330865390808
355,Spencer Howard,TEX,2.0,3.0,0.0,8.0,8.0,34.0,6.6176472444435355,3.4411765671106385,2.647058897777414,0.3185840707964602,0.65217391,0.401639344,0.196078431,94.1872314453125,7.41176491377676,5.374482184151484,6.700666396428147,5.097691045638674,-0.5402690882016594
356,Luis Patiño,TBR,1.0,2.0,0.0,6.0,6.0,20.0,4.950000486820984,5.85000057533389,2.7000002655387187,0.29850746268656714,0.69620253,0.375,0.162162162,94.93843671013327,8.100000796616156,5.008546912805419,8.012431483566807,6.851114766676916,-0.6218037940607722
357,Hunter Gaddis,CLE,0.0,2.0,0.0,2.0,2.0,7.1,6.136363902367847,3.681818341420709,8.590909463314986,0.32,0.36585366,0.1875,0.318181818,93.48897342891483,18.409091707103542,11.589160542887882,15.385158806398902,7.417175763780193,-0.6310637518636204
358,Elvin Rodríguez,DET,0.0,3.0,0.0,5.0,5.0,23.1,6.942857521212852,4.242857374074521,3.471428760606426,0.323943661971831,0.60509554,0.367088607,0.25,92.88772396165497,9.642857668351182,6.534527715415982,8.126716989205823,5.396429635095522,-0.6365108945270144
359,Tommy Romero,2 Tms,0.0,1.0,0.0,2.0,2.0,5.1,5.0625012069943445,15.187503620983033,10.125002413988689,0.25,0.75471698,0.227272727,0.5,90.90620659722222,15.187503620983033,23.348565565783346,21.674935427309137,10.38076389347503,-0.6585774703140035
360,Matt Swarmer,CHC,1.0,3.0,0.0,5.0,5.0,24.2,8.756756982462006,3.6486487426925027,4.0135136169617525,0.1935483870967742,0.73863636,0.301369863,0.282051282,90.63111255787037,5.837837988308004,5.085855188236193,8.17999869984724,4.723285371062998,-0.6971722516494683
361,Justin Dunn,CIN,1.0,3.0,0.0,7.0,7.0,31.0,6.096774568666924,4.935484174635129,3.1935485835874364,0.2441860465116279,0.84699454,0.294736842,0.229166666,92.28449697887406,6.096774568666924,8.574151553600592,8.305979708305403,5.985261223259601,-0.7162454337458382
362,Josiah Gray,WSN,7.0,10.0,0.0,28.0,28.0,148.2,9.322870114636444,3.995515763415619,2.3004484698453562,0.2558746736292428,0.80357143,0.330120481,0.186274509,94.43505726031064,5.024663763083279,4.296291852508111,5.856825667443633,4.565314603248666,-0.7293825456881778
363,Yusei Kikuchi,TOR,4.0,7.0,0.0,20.0,20.0,82.1,9.94736892754608,5.356275576370966,2.0769231826744563,0.2780487804878049,0.71157495,0.448430493,0.223529411,94.83359748715888,5.2469638299144155,6.099543669229801,5.9423906599272325,4.470707176124102,-0.8492722613265045
364,Adam Oller,OAK,2.0,8.0,0.0,14.0,14.0,66.0,5.7272728927864565,4.363636489742062,2.3181818851754703,0.27941176470588236,0.67307692,0.292237442,0.145299145,93.40481757238713,6.681818374917532,6.072058308051379,6.688188680757397,5.9639950274518485,-1.0957302698479996
