rank,Name,Team,IP,Events,EV,EV90,maxEV,LA,Barrels,Barrel%,HardHit,HardHit%,ERA,xERA
1,Tarik Skubal,DET,195.1,469.0,86.1135480983283,104.1,114.2,12.70752688172043,38.0,0.08102345,155.0,0.33049041,2.2116041531508555,2.7103470203196207
2,Paul Skenes,PIT,187.2,469.0,87.57025830499057,104.9,115.8,12.217672413793103,27.0,0.0575693,188.0,0.40085288,1.966252246893986,2.6524270992384613
3,Cristopher Sánchez,PHI,202.0,545.0,88.97018545645254,105.9,115.2,2.9630314232902033,31.0,0.05688073,217.0,0.39816514,2.495049563848136,3.023915119762593
4,Garrett Crochet,BOS,205.1,510.0,87.65358524398499,104.8,115.5,10.46414342629482,37.0,0.07254902,190.0,0.37254902,2.586038989064404,2.880125975875545
5,Logan Webb,SFG,207.0,580.0,89.71232411559198,106.2,116.8,5.64323374340949,48.0,0.08275862,233.0,0.40172414,3.217391348816572,3.583178982595623
6,Jesús Luzardo,PHI,183.2,482.0,88.46097097919963,104.7,112.0,13.130801687763713,32.0,0.06639004,179.0,0.37136929,3.92014526519775,3.3274024693787734
7,Yoshinobu Yamamoto,LAD,173.2,421.0,88.27620256864108,105.5,117.6,7.7235576923076925,24.0,0.05700713,167.0,0.39667458,2.4875240569229047,2.7235826497932476
8,Max Fried,NYY,195.1,551.0,87.20830251545924,104.5,113.8,6.898710865561695,38.0,0.06896552,205.0,0.37205082,2.8566553505394965,3.3720537065594014
9,Hunter Brown,HOU,185.1,459.0,86.12434199818394,104.7,114.3,10.078947368421053,27.0,0.05882353,148.0,0.32244009,2.428057595603888,3.1520612194173805
10,Kevin Gausman,TOR,193.0,533.0,89.3327004320268,105.3,116.5,16.47148288973384,45.0,0.08442777,220.0,0.41275797,3.5906736638428303,3.733030663964997
11,Zack Wheeler,PHI,149.2,349.0,87.41642633707448,102.8,113.9,13.209770114942529,25.0,0.07163324,119.0,0.34097421,2.706013409009452,2.481573591120308
12,Ranger Suarez,PHI,157.1,456.0,86.48750019073486,103.4,112.3,12.908482142857142,25.0,0.05482456,142.0,0.31140351,3.2033899340674816,3.1526436262481337
13,Framber Valdez,HOU,192.0,540.0,90.7878045803163,105.6,115.9,2.7354596622889304,36.0,0.06666667,250.0,0.46296296,3.656250036321581,3.773689269484406
14,Andrew Abbott,CIN,166.1,489.0,87.7546975408566,104.1,111.1,19.248434237995824,39.0,0.0797546,165.0,0.33742331,2.8677355750758107,3.5527833855203013
15,Nathan Eovaldi,TEX,130.0,339.0,88.61988021666745,103.7,111.7,9.478915662650602,25.0,0.07374631,130.0,0.38348083,1.730769256162926,3.0195137245446046
16,Nick Pivetta,SDP,181.2,478.0,90.28432193044888,104.7,115.5,19.067653276955603,52.0,0.10878661,215.0,0.44979079,2.8733945658054245,3.9671299072499524
17,Michael Wacha,KCR,172.2,541.0,87.51875027743253,103.9,113.9,17.704545454545453,40.0,0.07393715,187.0,0.34565619,3.857142999168271,4.168070066559574
18,Freddy Peralta,MIL,176.2,444.0,87.97437672171733,104.0,117.9,18.05442176870748,41.0,0.09234234,153.0,0.34459459,2.7000000242917044,3.417243363120194
19,Bryan Woo,SEA,186.2,493.0,89.12695463204089,105.2,120.4,13.809034907597535,45.0,0.09127789,206.0,0.4178499,2.9410714686403474,3.0700218071522407
20,Sonny Gray,STL,180.2,511.0,88.89387276992497,106.4,114.3,11.011857707509881,50.0,0.09784736,207.0,0.40508806,4.284132901633469,3.866910236071909
21,Matthew Boyd,CHC,179.2,513.0,88.53029724725403,104.3,114.7,17.98811881188119,46.0,0.08966862,195.0,0.38011696,3.2059369485845988,3.7466590103615918
22,Chris Sale,ATL,120.0,291.0,86.99273428207451,104.7,116.7,11.95847750865052,19.0,0.0652921,100.0,0.34364261,2.6250000834465053,2.848107645792431
23,Dylan Cease,SDP,168.0,431.0,88.87294088924632,104.8,112.9,16.56,37.0,0.08584687,161.0,0.37354988,4.5535715836651525,3.450474037687754
24,Jacob deGrom,TEX,172.2,444.0,90.05090859153054,104.8,112.5,16.03181818181818,41.0,0.09234234,186.0,0.41891892,2.9710425148016517,3.356782037213084
25,Kris Bubic,KCR,116.1,318.0,87.55173490024892,104.6,114.4,11.561514195583596,21.0,0.06603774,125.0,0.39308176,2.553008665751828,3.1683298074128388
26,Trevor Rogers,BAL,109.2,289.0,89.73403448807566,105.6,115.2,13.108771929824561,22.0,0.07612457,140.0,0.48442907,1.8054711664883034,3.3982787228512437
27,Carlos Rodón,NYY,195.1,504.0,88.56545471807922,104.8,115.5,12.806060606060607,38.0,0.07539683,196.0,0.38888889,3.087030766962832,3.3404808097971315
28,Joe Ryan,MIN,166.0,431.0,90.32354295281542,105.2,115.3,18.916083916083917,48.0,0.11136891,183.0,0.42459397,3.361445802444124,3.4046873289322006
29,David Peterson,NYM,168.2,501.0,90.62174776899136,105.8,113.3,4.262195121951219,32.0,0.06387226,230.0,0.45908184,4.215415154826609,4.594171895245567
30,Merrill Kelly,2 Tms,184.0,531.0,90.16564824926944,106.3,116.9,13.744274809160306,49.0,0.09227872,231.0,0.43502825,3.521739221700876,4.147483470914037
31,José Soriano,LAA,169.0,489.0,91.35543989237382,106.6,115.4,-2.762993762993763,35.0,0.07157464,235.0,0.4805726,4.260355173834011,4.026284360783864
32,Hunter Greene,CIN,107.2,260.0,90.35252932537391,104.1,115.3,20.171206225680933,25.0,0.09615385,117.0,0.45,2.7585139726118255,3.0333518275853883
33,MacKenzie Gore,WSN,159.2,426.0,90.41995275501966,105.1,113.1,16.014251781472684,45.0,0.1056338,188.0,0.44131455,4.171190070475,4.323833238054763
34,Brady Singer,CIN,169.2,479.0,90.2827377158717,105.8,116.5,14.16421052631579,45.0,0.09394572,195.0,0.40709812,4.031434267763121,4.261006024557165
35,Nick Lodolo,CIN,155.2,437.0,88.81717701631433,104.8,115.0,12.703529411764706,36.0,0.08237986,178.0,0.40732265,3.295503346588304,3.4346098038026573
36,Luis Castillo,SEA,180.2,530.0,90.32865289040264,105.7,115.2,14.54079696394687,55.0,0.10377358,246.0,0.46415094,3.5369004001203974,4.044377434886172
37,Dean Kremer,BAL,163.1,500.0,87.89979402518567,104.6,113.0,14.858024691358025,42.0,0.084,175.0,0.35,4.18775525690069,3.845448196827347
38,Logan Gilbert,SEA,131.0,324.0,90.84143313589126,105.3,112.7,15.018691588785046,28.0,0.08641975,135.0,0.41666667,3.435114628854221,3.0842063716541985
39,Drew Rasmussen,TBR,150.0,416.0,90.63810744794827,104.9,115.6,10.12135922330097,26.0,0.0625,180.0,0.43269231,2.7600000350952154,3.4764131652498995
40,Chad Patrick,MIL,115.2,324.0,89.5587495803833,104.2,117.7,18.484375,26.0,0.08024691,137.0,0.42283951,3.5014410857838194,3.879536892047561
41,Jack Flaherty,DET,161.0,429.0,89.71811710133272,105.1,113.8,16.254117647058823,44.0,0.1025641,188.0,0.43822844,4.639751772661471,3.9721324124649997
42,Luis Severino,ATH,162.2,515.0,88.25984251968504,105.1,112.4,14.025590551181102,31.0,0.06019417,216.0,0.41941748,4.536885370028596,4.593593006960606
43,Mitch Keller,PIT,176.1,538.0,90.09250849463074,104.6,115.4,11.780898876404494,42.0,0.07806691,235.0,0.43680297,4.185255319209694,4.44446190890832
44,Clayton Kershaw,LAD,111.2,339.0,89.65595227196103,105.2,112.7,11.62797619047619,14.0,0.04129794,142.0,0.41887906,3.3850747328682003,3.7970230727296777
45,Yusei Kikuchi,LAA,178.1,521.0,90.97262152514412,106.4,112.2,14.532038834951456,49.0,0.0940499,220.0,0.42226488,3.9869160228825584,4.471070260680219
46,Kyle Freeland,COL,162.2,541.0,91.07644818742699,104.7,115.4,12.732710280373832,51.0,0.09426987,256.0,0.47319778,4.979508362151838,4.95594809357425
47,Chris Bassitt,TOR,169.1,503.0,87.72264548628507,104.9,116.7,10.58682634730539,43.0,0.08548708,184.0,0.36580517,3.98622063707527,4.181050695040454
48,George Kirby,SEA,126.0,351.0,90.61925287356321,104.2,113.3,11.721264367816092,30.0,0.08547009,154.0,0.43874644,4.214285778080256,3.875273790578274
49,Spencer Schwellenbach,ATL,110.2,306.0,88.77868812435963,105.3,112.5,8.327868852459016,23.0,0.0751634,127.0,0.41503268,3.0903614901686502,3.559085030163572
50,Casey Mize,DET,149.0,449.0,89.96103661339562,104.9,114.0,14.027027027027026,41.0,0.09131403,191.0,0.42538976,3.8657719852806185,3.6587048661010497
51,Adrian Houser,2 Tms,125.0,380.0,90.2254638671875,105.6,113.4,9.281167108753316,23.0,0.06052632,181.0,0.47631579,3.3120000758056656,4.041611193240643
52,Jack Leiter,TEX,151.2,426.0,90.4792451678582,105.3,112.3,16.145882352941175,46.0,0.10798122,187.0,0.43896714,3.857143018833329,4.453724941922472
53,Justin Verlander,SFG,152.0,467.0,88.5529279398556,103.9,112.1,18.20173535791757,38.0,0.08137045,173.0,0.37044968,3.8486843071155623,4.2365867949174225
54,Quinn Priester,MIL,130.2,381.0,88.8409578039291,104.8,114.1,6.23936170212766,27.0,0.07086614,147.0,0.38582677,2.9617347731373322,3.5432362573664875
55,Shane Smith,CHW,146.1,401.0,90.32202581091772,105.4,116.3,13.250632911392405,27.0,0.06733167,182.0,0.45386534,3.8132119776423625,3.9836909385187473
56,Robbie Ray,SFG,182.1,492.0,90.98574337289352,105.1,114.6,17.65702479338843,47.0,0.09552846,220.0,0.44715447,3.652650905456511,3.704886579841321
57,Cade Horton,CHC,114.0,328.0,89.61042982230157,104.5,116.0,13.97239263803681,33.0,0.10060976,134.0,0.40853659,2.526315916278032,3.9136041877239003
58,Will Warren,NYY,162.1,471.0,90.98336983139005,106.2,114.4,12.163440860215054,51.0,0.10828025,213.0,0.4522293,4.43531849229206,4.5716141481553105
59,Cole Ragans,KCR,61.2,137.0,88.44044000962201,105.3,117.2,16.61764705882353,13.0,0.09489051,54.0,0.39416058,4.670270390646404,2.6683616032349926
60,Brayan Bello,BOS,161.2,493.0,88.84195549182154,104.9,113.7,9.083503054989817,36.0,0.07302231,194.0,0.39350913,3.340206297222623,4.560419456568778
61,Ryan Pepiot,TBR,167.2,445.0,90.11818181818182,106.5,115.7,15.881818181818181,43.0,0.09662921,189.0,0.4247191,3.8648112357868727,3.998775252769814
62,Edward Cabrera,MIA,137.2,373.0,90.3264866184544,106.0,116.7,9.405405405405405,32.0,0.08579088,173.0,0.46380697,3.5302664579519183,4.04655709401613
63,Nick Martinez,CIN,145.0,453.0,88.31121059811169,103.3,111.4,16.367713004484305,34.0,0.07505519,159.0,0.35099338,4.71724156546395,4.187374218010255
64,Shane Baz,TBR,166.1,462.0,89.00652120838994,104.7,113.9,10.73913043478261,44.0,0.0952381,182.0,0.39393939,4.869739627868396,3.8618742347590063
65,Lucas Giolito,BOS,145.0,435.0,90.30231518215604,106.1,113.7,16.775462962962962,39.0,0.08965517,178.0,0.4091954,3.4137932606174393,5.013314667046182
66,Tyler Mahle,TEX,86.2,251.0,88.50800012207031,104.2,111.5,14.444,20.0,0.07968127,93.0,0.37051793,2.1807692947613435,4.226315187465896
67,Shohei Ohtani,LAD,47.0,117.0,86.41826118800951,103.4,113.9,13.643478260869566,4.0,0.03418803,36.0,0.30769231,2.8723404838144115,2.5335036703066476
68,Blake Snell,LAD,61.1,156.0,86.15234825595114,104.9,113.5,5.62,9.0,0.05769231,53.0,0.33974359,2.347826099125334,3.2706252907570263
69,Eury Pérez,MIA,95.1,245.0,90.45942575423445,105.3,114.5,22.2827868852459,22.0,0.08979592,114.0,0.46530612,4.248251892566902,3.2376400119237774
70,Tanner Bibee,CLE,182.1,536.0,88.5323864329945,105.0,115.8,13.790170132325143,43.0,0.08022388,196.0,0.36567164,4.2449727405175,3.623820231206923
71,Noah Cameron,KCR,138.1,396.0,87.84961624340633,104.3,117.9,12.976982097186701,25.0,0.06313131,148.0,0.37373737,2.9927712356405767,4.079739463963716
72,Kyle Hendricks,LAA,164.2,533.0,86.14981148197965,104.2,112.5,16.2811320754717,44.0,0.08255159,183.0,0.34333959,4.755060857260955,3.9157385673879417
73,Pablo López,MIN,75.2,215.0,88.64882663493985,105.7,116.5,14.408450704225352,13.0,0.06046512,76.0,0.35348837,2.73568287684913,3.941554923287244
74,Patrick Corbin,TEX,154.1,472.0,89.27652150029722,104.7,113.0,14.58695652173913,40.0,0.08474576,190.0,0.40254237,4.315334968767453,4.752402660834326
75,Clay Holmes,NYM,161.0,485.0,89.77432180894442,105.7,114.0,4.713987473903966,34.0,0.07010309,204.0,0.42061856,3.633540501809227,4.427704025904874
76,Janson Junk,MIA,87.1,286.0,91.30812660459917,106.0,116.0,15.63250883392226,24.0,0.08391608,130.0,0.45454545,4.534351260572749,4.314111848488298
77,Matthew Liberatore,STL,151.2,482.0,90.61543386834369,105.3,114.5,15.253699788583509,51.0,0.10580913,198.0,0.41078838,4.21318688383311,4.872611381174911
78,Taj Bradley,2 Tms,142.2,418.0,89.16014809183555,105.1,113.0,12.022277227722773,30.0,0.07177033,162.0,0.38755981,5.046729095659568,4.089863547849467
79,Brandon Woodruff,MIL,64.2,157.0,87.93397404597356,105.6,109.4,24.641025641025642,11.0,0.07006369,56.0,0.3566879,3.201031006513945,2.204293661873992
80,Sandy Alcantara,MIA,174.2,537.0,90.680112226819,106.1,117.9,9.341463414634147,46.0,0.08566108,241.0,0.44878957,5.358778733236309,4.627613018036882
81,Ryne Nelson,ARI,128.0,368.0,91.40163006989852,105.5,115.0,14.592391304347826,30.0,0.08152174,169.0,0.45923913,3.1640625942964133,3.9983138086641574
82,Stephen Kolek,2 Tms,112.2,346.0,91.13625688162463,106.6,111.9,7.431486880466473,21.0,0.06069364,166.0,0.47976879,3.5147930679983843,4.296156092358752
83,Emmet Sheehan,LAD,59.2,148.0,89.50405388909417,105.3,114.9,18.16891891891892,16.0,0.10810811,61.0,0.41216216,3.167597799115717,3.213777924490505
84,Logan Allen,CLE,155.2,485.0,88.50977133514975,105.1,117.5,13.029106029106028,44.0,0.09072165,181.0,0.37319588,4.278372765746219,4.46658506037401
85,Brandon Pfaadt,ARI,176.2,571.0,90.81798907352292,106.4,114.8,12.47442680776014,62.0,0.10858144,261.0,0.45709282,5.247169971829342,5.278570007049714
86,Tyler Glasnow,LAD,90.1,214.0,88.21737069143376,103.5,111.9,11.164319248826292,17.0,0.07943925,80.0,0.37383178,3.1881919267970003,3.3294544304810776
87,Colin Rea,CHC,143.1,435.0,89.46177150486233,105.3,115.7,13.125874125874127,46.0,0.10574713,173.0,0.39770115,4.3325583509318415,4.429949310134038
88,Jeffrey Springs,ATH,158.1,484.0,88.12125027974447,104.5,115.3,19.389583333333334,39.0,0.08057851,180.0,0.37190083,4.092631685767349,4.329419289313834
89,Joey Cantillo,CLE,67.0,178.0,89.42994370972369,105.5,111.7,12.728813559322035,11.0,0.06179775,74.0,0.41573034,2.955224006790503,3.5094384980867193
90,Tylor Megill,NYM,68.1,176.0,90.27543916758042,105.1,114.7,14.824561403508772,11.0,0.0625,77.0,0.4375,3.9512197511526748,3.8753248161920917
91,Zack Littell,2 Tms,186.2,590.0,90.16872843843964,104.9,114.5,14.603092783505154,58.0,0.09830508,240.0,0.40677966,3.8089286427808067,4.363696619677726
92,Gavin Williams,CLE,167.2,445.0,90.44434394663816,104.6,115.0,9.778280542986426,40.0,0.08988764,197.0,0.44269663,3.059642228331274,4.2935561920473155
93,Kodai Senga,NYM,113.1,315.0,88.76794903094952,106.0,114.7,12.397435897435898,25.0,0.07936508,127.0,0.4031746,3.01764716885907,3.9596876744571627
94,Reese Olson,DET,68.2,190.0,91.5361711218002,106.5,112.7,12.00531914893617,14.0,0.07368421,85.0,0.44736842,3.1456312281504117,4.072028071068381
95,José Berríos,TOR,164.0,492.0,90.32299767088841,105.6,118.1,15.213552361396303,55.0,0.11178862,209.0,0.42479675,4.060975775060598,4.789516540059947
96,Zebby Matthews,MIN,79.1,242.0,89.19083353678386,104.8,113.5,16.5375,24.0,0.09917355,94.0,0.38842975,5.55882368533257,4.669486737825425
97,Jacob Lopez,ATH,84.0,218.0,87.107476350303,103.6,110.9,21.27102803738318,13.0,0.05963303,75.0,0.3440367,3.9642858493084856,3.630957398007065
98,Mike Burrows,PIT,86.2,239.0,88.74201721704307,105.6,113.1,13.373949579831933,24.0,0.10041841,99.0,0.41422594,4.153846321444546,4.17011955106618
99,Cam Schlittler,NYY,73.0,184.0,89.03114694063781,103.4,114.0,14.497267759562842,15.0,0.08152174,74.0,0.40217391,2.958904225554697,4.107644851517481
100,Clarke Schmidt,NYY,78.2,212.0,88.13554548652252,104.3,112.5,19.66824644549763,14.0,0.06603774,75.0,0.35377358,3.3177967174270346,3.0170182002051615
101,Chase Burns,CIN,34.1,81.0,89.8949379257009,105.3,110.7,15.430379746835444,6.0,0.07407407,36.0,0.44444444,5.24271879094815,3.218689313682265
102,Eduardo Rodriguez,ARI,154.1,490.0,88.21544824014875,105.6,113.6,16.244258872651358,40.0,0.08163265,172.0,0.35102041,5.015118986766767,4.511896820051547
103,Jacob Misiorowski,MIL,63.2,145.0,89.21319346957736,102.9,109.3,16.337931034482757,12.0,0.08275862,55.0,0.37931034,4.3821991279242205,3.312832801436778
104,Simeon Woods Richardson,MIN,107.0,299.0,90.09496681162175,104.2,115.3,19.600671140939596,33.0,0.11036789,123.0,0.41137124,3.9532712042118323,3.5722610663548884
105,Nolan McLean,NYM,48.0,113.0,89.54601834727599,105.8,112.4,2.831858407079646,9.0,0.07964602,49.0,0.43362832,2.062500040978194,3.5610651771876283
106,Michael Lorenzen,KCR,140.2,432.0,89.38953445789426,104.7,117.2,15.602325581395348,38.0,0.08796296,169.0,0.3912037,4.6706163565110845,4.631396354753609
107,Trevor Williams,WSN,82.2,285.0,90.02481935350157,104.8,115.8,18.151079136690647,24.0,0.08421053,116.0,0.40701754,6.205645423789561,4.559052002821823
108,Bailey Ober,MIN,146.1,468.0,89.64331922859981,105.8,116.6,22.55387931034483,51.0,0.10897436,183.0,0.39102564,5.104783809789802,4.34455450307865
109,Davis Martin,CHW,136.2,430.0,90.59789224307487,106.2,114.7,11.262295081967213,43.0,0.1,192.0,0.44651163,4.280487914400257,5.127020726269546
110,Braxton Ashcraft,PIT,33.1,89.0,86.85113664106889,105.3,108.9,9.806818181818182,3.0,0.03370787,33.0,0.37078652,2.160000082397464,3.117887101346754
111,Kyle Bradish,BAL,32.0,68.0,89.8102928610409,104.9,113.4,20.25,6.0,0.08823529,26.0,0.38235294,2.53125,3.084566508627509
112,Landen Roupp,SFG,106.2,326.0,88.44984412267571,105.8,115.4,9.813084112149532,29.0,0.08895706,119.0,0.36503067,3.7968750905245563,4.250205124975975
113,Joey Wentz,ATL,61.0,188.0,89.64193561512937,104.1,112.0,14.75268817204301,16.0,0.08510638,75.0,0.39893617,5.163934668428452,4.347434103607699
114,Connelly Early,BOS,19.1,45.0,87.86000162760416,105.1,108.4,16.866666666666667,2.0,0.04444444,18.0,0.4,2.3275862451682623,2.3441172927255365
115,Jameson Taillon,CHC,129.2,394.0,88.31179512219552,104.8,117.4,19.692307692307693,32.0,0.08121827,151.0,0.38324873,3.6786633112235827,3.8403339630765174
116,Michael Soroka,2 Tms,83.1,222.0,89.82045440673828,104.8,111.6,16.077272727272728,15.0,0.06756757,91.0,0.40990991,4.8600001297760045,3.5195986143209006
117,Hurston Waldrep,ATL,50.2,133.0,88.78106134588069,102.8,114.3,6.356060606060606,6.0,0.04511278,52.0,0.39097744,3.019736936837025,3.9639235476044115
118,Zac Gallen,ARI,192.0,568.0,90.11367586450932,105.1,112.0,12.41563055062167,55.0,0.09683099,244.0,0.42957746,4.828125119907784,4.278822754028214
119,Cade Povich,BAL,103.2,307.0,91.06973668148643,106.2,112.1,13.127868852459017,35.0,0.11400651,142.0,0.46254072,5.382637035580392,5.705392821925017
120,Ian Seymour,TBR,25.2,67.0,89.09206232948908,105.0,107.9,17.61904761904762,6.0,0.08955224,28.0,0.41791045,3.1558442340168207,3.829114542684352
121,Bubba Chandler,PIT,19.1,51.0,87.87058871400123,104.3,109.5,8.431372549019608,4.0,0.07843137,21.0,0.41176471,5.120689991963484,2.4805034829454886
122,Parker Messick,CLE,39.2,121.0,88.1074385209517,105.7,113.0,9.760330578512397,7.0,0.05785124,36.0,0.29752066,2.7226891847293593,3.0612094487367565
123,Hunter Dobbins,BOS,53.0,167.0,88.91515151515152,105.5,111.3,8.157575757575758,11.0,0.06586826,69.0,0.41317365,4.245283171645944,3.630961456680581
124,Ryan Bergert,2 Tms,72.1,203.0,90.09303488660214,103.7,110.9,19.766169154228855,14.0,0.06896552,74.0,0.36453202,3.857143077511326,4.35927049408834
125,Griffin Canning,NYM,76.1,223.0,91.20825727270284,105.3,113.8,7.743119266055046,21.0,0.0941704,102.0,0.4573991,3.7729259213162685,4.697292597250573
126,Aaron Civale,2 Tms,89.0,274.0,88.16333392107929,103.7,113.1,19.35925925925926,27.0,0.09854015,105.0,0.38321168,5.258427135331244,4.208246751638091
127,Aaron Nola,PHI,94.1,275.0,89.37582453353937,104.9,109.8,12.743589743589743,25.0,0.09090909,119.0,0.43272727,6.01060084849855,4.118197435729627
128,Luis Ortiz,CLE,88.2,243.0,91.76750030517579,106.7,114.6,9.445833333333333,25.0,0.10288066,116.0,0.47736626,4.364661826267386,4.757212726606127
129,Spencer Strider,ATL,125.1,349.0,91.26569774538972,106.2,114.2,14.761627906976743,37.0,0.10601719,149.0,0.4269341,4.452127738620104,4.906354583103631
130,Shota Imanaga,CHC,144.2,423.0,90.68939767860505,105.8,113.2,21.75,49.0,0.11583924,184.0,0.43498818,3.732718984234517,4.0625734191040905
131,Bryce Elder,ATL,156.1,491.0,89.99670032619201,105.1,117.6,8.51958762886598,38.0,0.07739308,215.0,0.43788187,5.296375406531394,4.724004278670222
132,Jacob Latz,TEX,39.2,102.0,91.13168395391786,105.3,119.6,18.96039603960396,6.0,0.05882353,47.0,0.46078431,2.7226892501888273,4.5147117733081314
133,Cristian Javier,HOU,37.0,107.0,88.89719626168224,104.5,112.8,23.897196261682243,7.0,0.06542056,41.0,0.38317757,4.621621740743836,3.2772360922197414
134,Jose Quintana,MIL,131.2,412.0,88.70440091830302,104.5,114.1,13.058679706601467,40.0,0.09708738,172.0,0.41747573,3.9645570960317666,5.187186545214516
135,Brad Lord,WSN,92.0,282.0,88.80392783028739,105.2,115.3,11.0,24.0,0.08510638,124.0,0.43971631,4.989130589934969,5.007829091669718
136,Grant Holmes,ATL,114.0,307.0,90.06567684966738,105.1,115.4,9.353135313531354,31.0,0.1009772,128.0,0.41693811,4.026315957885707,4.587890994792698
137,Michael King,SDP,73.1,202.0,87.80696447571712,106.0,113.0,15.766169154228855,23.0,0.11386139,77.0,0.38118812,3.4363638300147046,4.260714266987002
138,Brandon Walter,HOU,53.2,153.0,86.18410547521731,103.6,112.0,12.039735099337749,11.0,0.07189542,59.0,0.38562092,3.3540373068156426,3.2531602288088113
139,Chris Paddack,2 Tms,145.1,476.0,90.46858958708934,106.1,113.9,16.752136752136753,47.0,0.0987395,213.0,0.44747899,5.13990840303528,5.0779192070820365
140,Logan Henderson,MIL,25.1,58.0,89.52105284573739,103.3,122.9,28.19298245614035,5.0,0.0862069,19.0,0.32758621,1.77631581176351,3.683591121702441
141,Ryan Gusto,2 Tms,81.2,254.0,90.32936483716207,105.5,113.8,15.505928853754941,25.0,0.0984252,111.0,0.43700787,6.281632922028375,4.582881334146996
142,Eric Lauer,TOR,74.0,220.0,90.99128485163418,104.2,113.7,21.84931506849315,20.0,0.09090909,95.0,0.43181818,3.7702703674489193,4.313284326637959
143,Corbin Burnes,ARI,64.1,173.0,89.52631614640443,107.3,113.4,6.578947368421052,14.0,0.08092486,72.0,0.41618497,2.658031140619607,3.856388314053686
144,Andre Pallante,STL,162.2,537.0,89.19885660807292,106.1,119.4,1.4345351043643264,35.0,0.06517691,214.0,0.39851024,5.311475586295294,4.302261606326999
145,Slade Cecconi,CLE,132.0,401.0,91.72166216103196,105.9,114.5,13.81360201511335,49.0,0.12219451,197.0,0.49127182,4.295454638556017,4.999245989796402
146,Martín Pérez,CHW,52.2,151.0,87.75066731770833,105.1,112.6,15.4,23.0,0.15231788,59.0,0.39072848,3.5886077682209145,5.377334881721959
147,Randy Vásquez,SDP,129.0,420.0,89.09474914113775,105.1,118.4,17.41527446300716,47.0,0.11190476,165.0,0.39285714,3.697674582622199,5.454307818634823
148,Carmen Mlodzinski,PIT,48.2,162.0,90.70617299021026,105.8,113.0,11.12962962962963,13.0,0.08024691,70.0,0.43209877,4.993150945854237,5.688946611618515
149,Dustin May,2 Tms,124.2,369.0,90.34054841342038,106.6,117.8,12.397260273972602,36.0,0.09756098,165.0,0.44715447,5.197861108362923,5.186420575710963
150,Jordan Hicks,SFG,45.1,141.0,89.41914919589428,104.9,115.2,3.950354609929078,7.0,0.04964539,64.0,0.45390071,6.551470634176245,3.9676126822545865
151,Mitchell Parker,WSN,158.1,540.0,92.31557214103542,106.1,115.4,14.75422138836773,52.0,0.0962963,271.0,0.50185185,5.854737065445758,6.021307893831827
152,Ben Brown,CHC,75.2,233.0,92.58253259117426,106.1,113.3,13.208695652173914,28.0,0.12017167,114.0,0.48927039,6.303964969583418,4.958765518764132
153,Sean Newcomb,BOS,22.1,66.0,91.39206271701389,106.2,113.0,11.714285714285714,5.0,0.07575758,34.0,0.51515152,4.432836073282502,4.009724017818679
154,Michael McGreevy,STL,90.0,306.0,90.59403941173427,105.5,115.4,8.98019801980198,27.0,0.08823529,123.0,0.40196078,4.700000099605986,4.744522770253416
155,Brandon Sproat,NYM,20.2,58.0,87.86551850417564,106.0,111.3,6.448275862068965,2.0,0.03448276,22.0,0.37931034,4.7903227280131535,4.104939129054932
156,Taijuan Walker,PHI,103.2,352.0,89.31844292456547,104.2,113.2,12.628242074927954,27.0,0.07670455,140.0,0.39772727,4.2540193969633195,4.6241050502711945
157,Ronel Blanco,HOU,48.1,131.0,85.94960610697589,102.9,110.8,17.69291338582677,11.0,0.08396947,40.0,0.30534351,4.09655183191107,3.1814329128479226
158,Keider Montero,DET,58.0,175.0,90.09239758943257,104.8,112.4,14.75438596491228,11.0,0.06285714,77.0,0.44,3.724138053503959,4.908834519993555
159,Andrew Alvarez,WSN,23.1,67.0,88.23939282966383,106.4,113.0,7.696969696969697,2.0,0.02985075,25.0,0.37313433,2.314285840404284,2.8658126717046435
160,AJ Smith-Shawver,ATL,44.1,128.0,91.38253881060888,105.1,116.2,15.396825396825397,16.0,0.125,65.0,0.5078125,3.8571430507459237,6.283600989927133
161,Tanner Gordon,COL,75.1,255.0,90.07880029296875,106.2,112.7,17.056,29.0,0.11372549,105.0,0.41176471,6.331858674271283,5.88772706191568
162,Luis Gil,NYY,57.0,169.0,90.46686332747781,106.0,115.0,21.272189349112427,14.0,0.08284024,72.0,0.4260355,3.3157895846380128,4.938019033280939
163,Troy Melton,DET,20.2,56.0,92.08571406773159,104.3,109.0,15.25,7.0,0.125,31.0,0.55357143,3.0483871905538247,2.9458751154475618
164,David Festa,MIN,48.2,131.0,90.62923067533053,106.3,113.4,21.823076923076922,16.0,0.1221374,53.0,0.40458015,4.438356483289127,4.938348215624348
165,Max Meyer,MIA,64.2,195.0,91.93212447882934,105.7,112.7,8.678756476683938,18.0,0.09230769,94.0,0.48205128,4.731958879194527,4.781854474307256
166,Seth Lugo,KCR,145.1,425.0,90.72004761616199,105.6,115.6,14.209523809523809,47.0,0.11058824,192.0,0.45176471,4.149082768466103,5.173013045060574
167,Steven Matz,STL,9.0,23.0,88.47391410495923,104.7,110.0,6.695652173913044,0.0,0.0,9.0,0.39130435,1.0,1.9050981849130808
168,JP Sears,2 Tms,135.2,424.0,89.22285737537203,104.5,113.3,21.245238095238093,40.0,0.09433962,167.0,0.39386792,5.041769242603192,4.2273819489801685
169,Jason Alexander,HOU,68.1,207.0,89.00975550209604,106.6,112.5,10.014634146341463,15.0,0.07246377,90.0,0.43478261,3.819512372808334,4.559762942353972
170,Luis Morales,ATH,46.2,129.0,88.91953182220459,105.6,113.8,19.28125,15.0,0.11627907,54.0,0.41860465,3.0857144538723786,4.322643746804474
171,Kyle Harrison,2 Tms,27.1,82.0,89.60000108163568,105.0,110.9,11.784810126582279,6.0,0.07317073,33.0,0.40243902,4.6097561511732446,4.63928149800812
172,Cade Cavalli,WSN,48.2,160.0,87.71730706630609,104.6,109.7,3.8333333333333335,7.0,0.04375,66.0,0.4125,4.253424713101122,4.139990246249286
173,Trey Yesavage,TOR,14.0,39.0,93.96153689653445,105.7,113.8,5.512820512820513,3.0,0.07692308,24.0,0.61538462,3.2142857142857144,4.086842239720013
174,Bailey Falter,2 Tms,121.1,374.0,90.48026964342272,105.8,114.7,18.345945945945946,36.0,0.09625668,171.0,0.45721925,4.153846327974354,4.887749922775103
175,J.T. Ginn,ATH,75.0,218.0,88.60691334245392,107.2,113.7,6.921658986175115,23.0,0.10550459,98.0,0.44954128,5.280000268554701,4.170343552862371
176,Trevor McDonald,SFG,13.0,36.0,88.89722357855902,102.1,109.3,7.944444444444445,1.0,0.02777778,15.0,0.41666667,0.6923076923076923,2.760704970812865
177,Charlie Morton,3 Tms,125.2,374.0,91.34850142892115,105.3,115.5,10.733695652173912,33.0,0.08823529,166.0,0.44385027,6.087533372088433,4.702012056820435
178,Max Scherzer,TOR,85.0,251.0,88.34741113670319,104.6,112.5,21.50597609561753,31.0,0.12350598,96.0,0.38247012,5.188235355966232,4.618074230853795
179,Ryan Feltner,COL,30.1,98.0,89.98333231608073,104.3,112.1,11.145833333333334,4.0,0.04081633,35.0,0.35714286,4.747252946256404,3.2991996029525077
180,Kolby Allard,CLE,7.1,19.0,89.09999807257401,101.7,110.0,25.894736842105264,2.0,0.10526316,7.0,0.36842105,2.454545560947139,2.0394726481653382
181,Yoendrys Gómez,CHW,45.0,129.0,89.49212598425197,104.7,116.7,19.299212598425196,13.0,0.10077519,47.0,0.36434109,4.60000009748671,4.117274600086866
182,Sean Manaea,NYM,51.1,142.0,91.2251804269475,106.0,115.0,17.705035971223023,14.0,0.09859155,64.0,0.45070423,5.96103933018767,4.340037843176782
183,Yu Darvish,SDP,72.0,203.0,87.3089551024176,103.9,115.0,15.308457711442786,18.0,0.08866995,67.0,0.33004926,5.375000213583319,3.6248635362560724
184,Cal Quantrill,2 Tms,117.2,388.0,90.38372738655471,105.5,113.7,16.902887139107612,48.0,0.12371134,172.0,0.44329897,6.042493195364588,5.758728608407674
185,Ben Lively,CLE,44.2,134.0,92.12612049615205,106.2,118.0,20.432835820895523,14.0,0.10447761,60.0,0.44776119,3.2238807117362773,4.615965254375669
186,Nabil Crismatt,ARI,26.0,87.0,86.14404878162202,101.3,109.5,12.357142857142858,3.0,0.03448276,20.0,0.22988506,3.1153847296562462,4.055293167381843
187,Javier Assad,CHC,34.2,107.0,88.92336380147488,104.6,111.0,9.869158878504672,4.0,0.03738318,43.0,0.40186916,3.894230840650537,4.793170213107455
188,Jack Dreyer,LAD,8.1,28.0,88.10714285714286,102.0,107.7,9.714285714285714,0.0,0.0,9.0,0.32142857,6.480000247192392,2.755627312881987
189,José Suarez,ATL,7.0,18.0,91.32222493489583,106.0,106.5,3.6666666666666665,1.0,0.05555556,12.0,0.66666667,2.5714285714285716,2.214627419729135
190,Tyler Wells,BAL,21.2,62.0,90.53225806451613,103.7,107.9,23.85483870967742,9.0,0.14516129,30.0,0.48387097,2.907692393015125,3.6103396339901503
191,Ryan Yarbrough,NYY,40.0,116.0,86.77565228006114,104.2,112.9,16.391304347826086,7.0,0.06034483,40.0,0.34482759,3.8250000911951085,3.9633948078370973
192,Germán Márquez,COL,126.1,454.0,91.63830729529163,106.2,112.7,15.54120267260579,50.0,0.11013216,219.0,0.48237885,6.696570143060555,5.7669900466388295
193,Shane Bieber,TOR,40.1,114.0,93.22631621779057,105.8,112.4,9.614035087719298,14.0,0.12280702,55.0,0.48245614,3.57024804644145,4.492425954716633
194,Miles Mikolas,STL,156.1,529.0,89.2868312224177,105.4,113.8,13.751908396946565,67.0,0.12665406,221.0,0.41776938,4.83582102335475,5.266842137956883
195,Tyler Alexander,2 Tms,17.1,57.0,91.166668927228,106.7,108.4,22.75925925925926,3.0,0.05263158,24.0,0.42105263,5.192308376747213,5.539803580786981
196,Valente Bellozo,MIA,25.0,75.0,88.55000016495988,106.5,109.3,26.33783783783784,8.0,0.10666667,26.0,0.34666667,3.6000002746582243,4.511510878239128
197,Joe Boyle,TBR,38.0,100.0,90.94400146484375,104.8,113.4,13.26,13.0,0.13,48.0,0.48,5.684210668970677,4.85974578270332
198,Kumar Rocker,TEX,64.1,204.0,91.18811850972695,106.7,114.1,8.366336633663366,24.0,0.11764706,97.0,0.4754902,5.735751578758496,5.736598251025133
199,DL Hall,MIL,9.0,21.0,87.4952378045945,103.8,110.4,14.333333333333334,0.0,0.0,6.0,0.28571429,1.0,3.0795675359233483
200,Kai-Wei Teng,SFG,24.2,63.0,89.99516197942918,105.7,109.4,15.564516129032258,3.0,0.04761905,21.0,0.33333333,7.6621626558924145,4.616462472332666
201,Johan Oviedo,PIT,40.1,102.0,87.60882358925015,105.2,113.2,22.676470588235293,7.0,0.06862745,36.0,0.35294118,3.57024804644145,4.162816700962668
202,Jack Perkins,ATH,19.0,54.0,84.35925971137152,103.6,109.6,18.037037037037038,8.0,0.14814815,20.0,0.37037037,5.684210526315789,4.616271303395287
203,Colton Gordon,HOU,70.0,235.0,88.72198223245555,105.1,113.5,19.426724137931036,26.0,0.1106383,91.0,0.38723404,5.4000002207074935,4.46347099253687
204,Sean Burke,CHW,104.0,314.0,89.80519440886262,106.2,113.2,17.06168831168831,36.0,0.11464968,137.0,0.43630573,4.586538629771696,5.513328017246445
205,Jonah Tong,NYM,18.2,56.0,89.30178615025112,104.9,113.4,14.732142857142858,8.0,0.14285714,24.0,0.42857143,7.714286001665262,4.959554242449393
206,Ryan Weathers,MIA,38.1,116.0,89.62719298245614,105.0,113.5,12.236842105263158,11.0,0.09482759,49.0,0.42241379,3.9913044802227677,3.9578837280734827
207,Hayden Wesneski,HOU,32.0,95.0,89.66195678710938,104.7,111.5,16.304347826086957,10.0,0.10526316,40.0,0.42105263,4.5,4.286758155380483
208,Carson Spiers,CIN,9.1,27.0,95.67692213792067,107.6,110.2,18.692307692307693,3.0,0.11111111,13.0,0.48148148,4.821428735645456,6.339025834143802
209,Mason Barnett,ATH,22.1,74.0,88.48918935414908,103.6,113.5,16.824324324324323,8.0,0.10810811,32.0,0.43243243,6.850746658709322,3.89558952727717
210,AJ Blubaugh,HOU,11.0,26.0,90.66538414588341,106.8,109.6,26.846153846153847,2.0,0.07692308,13.0,0.5,1.6363636363636365,3.7081077793105224
211,Albert Suárez,BAL,3.0,6.0,86.81667073567708,105.0,105.0,31.5,1.0,0.16666667,1.0,0.16666667,3.0,3.630253425448255
212,Mitch Farris,LAA,24.1,71.0,90.44927624688633,105.1,110.6,20.594202898550726,8.0,0.11267606,31.0,0.43661972,6.657534333549583,5.616476039849566
213,Tyler Gilbert,CHW,6.2,14.0,90.1000006539481,106.0,111.9,17.857142857142858,2.0,0.14285714,7.0,0.5,1.350000128746045,3.436320248367689
214,JT Brubaker,SFG,4.0,12.0,89.08333333333333,105.3,105.6,9.583333333333334,1.0,0.08333333,6.0,0.5,4.5,4.926281733379469
215,Andrew Heaney,PIT,117.0,375.0,90.26657668403958,105.4,115.5,15.01086956521739,37.0,0.09866667,166.0,0.44266667,4.846154004159064,5.423225721369866
216,Elvis Peguero,CHW,1.2,4.0,92.17500305175781,101.0,101.0,24.25,0.0,0.0,1.0,0.25,5.400002059937309,2.9848906816211653
217,David Morgan,SDP,3.1,12.0,88.60833231608073,100.2,108.6,16.416666666666668,1.0,0.08333333,5.0,0.41666667,2.70000025749209,4.572237877311197
218,Hayden Birdsong,SFG,42.1,124.0,90.52258116199124,103.7,113.0,20.008064516129032,11.0,0.08870968,58.0,0.46774194,6.165354515897331,4.768232620678572
219,Brant Hurter,DET,7.0,21.0,90.25999908447265,101.9,107.2,15.4,0.0,0.0,9.0,0.42857143,1.285714657939318,4.57208730573214
220,Adam Mazur,MIA,30.0,107.0,87.50747709185164,104.1,109.1,12.121495327102803,9.0,0.08411215,34.0,0.31775701,4.800000152587896,5.0969615514258795
221,Thomas Hatch,MIN,5.0,13.0,86.83077298677884,101.0,104.5,22.923076923076923,0.0,0.0,5.0,0.38461538,1.8,2.9177974114796656
222,Huascar Brazobán,NYM,4.0,7.0,85.78571428571429,109.0,109.0,28.0,1.0,0.14285714,3.0,0.42857143,0.0,2.4967702984746847
223,Aaron Ashby,MIL,2.0,3.0,77.76666259765625,88.2,88.2,10.666666666666666,0.0,0.0,0.0,0.0,0.0,0.49890408153974164
224,Paul Blackburn,NYM,14.1,50.0,88.27400024414062,106.4,112.0,14.46,5.0,0.1,17.0,0.34,5.651163292034353,5.2821123185278065
225,Louis Varland,TOR,2.0,3.0,78.96666463216145,96.7,96.7,33.666666666666664,0.0,0.0,1.0,0.33333333,0.0,0.5266907355648514
226,Keegan Akin,BAL,3.2,7.0,91.05714416503906,109.6,109.6,19.571428571428573,1.0,0.14285714,4.0,0.57142857,0.0,3.9209252132275045
227,Steven Okert,HOU,1.2,4.0,97.7750015258789,105.8,105.8,20.5,0.0,0.0,3.0,0.75,5.400002059937309,2.370440694491696
228,Tyler Anderson,LAA,136.1,435.0,87.98640603623632,104.8,116.1,20.976958525345623,48.0,0.11034483,159.0,0.36551724,4.555012363012171,5.059725476570468
229,Brent Suter,CIN,8.0,27.0,85.25769277719351,99.4,107.2,14.192307692307692,1.0,0.03703704,11.0,0.40740741,2.25,3.7154547612631306
230,José De León,BOS,6.2,17.0,82.0529426125919,97.3,99.9,26.470588235294116,0.0,0.0,4.0,0.23529412,4.050000386238135,3.2637771221639937
231,Chase Dollander,COL,98.0,304.0,88.7221859559318,105.4,114.5,12.47019867549669,35.0,0.11513158,123.0,0.40460526,6.520408543980377,5.103258195692747
232,Brennan Bernardino,BOS,3.1,9.0,96.73333740234375,104.3,104.3,0.4444444444444444,0.0,0.0,5.0,0.55555556,2.7000010782484547,2.4155273819592105
233,Drew Pomeranz,CHC,3.1,7.0,86.94285692487445,111.5,111.5,28.857142857142858,1.0,0.14285714,3.0,0.42857143,5.400000563263952,6.865998797112963
234,Tyler Phillips,MIA,2.2,6.0,92.81667073567708,100.9,100.9,15.166666666666666,0.0,0.0,3.0,0.5,3.3750008046628963,1.0637126072641938
235,Tanner Banks,PHI,2.0,6.0,86.0499979654948,108.3,108.3,3.5,0.0,0.0,2.0,0.33333333,0.0,3.371089250666096
236,Jayden Murray,HOU,3.0,9.0,85.15555826822917,108.8,108.8,2.888888888888889,1.0,0.11111111,3.0,0.33333333,0.0,3.1244357581665647
237,Chris Devenski,NYM,2.0,5.0,87.75999755859375,97.0,97.0,22.8,0.0,0.0,2.0,0.4,0.0,0.49870816504164867
238,Anthony Veneziano,MIA,2.0,7.0,92.98333740234375,104.5,104.5,8.0,0.0,0.0,3.0,0.42857143,0.0,5.7160273121548055
239,Lake Bachar,MIA,2.0,6.0,90.16666666666667,102.5,102.5,19.666666666666668,1.0,0.16666667,3.0,0.5,9.0,5.489876796521786
240,Shawn Armstrong,TEX,4.0,7.0,90.18571254185268,103.6,103.6,38.0,1.0,0.14285714,2.0,0.28571429,4.5,2.0191272195236833
241,Paxton Schultz,TOR,4.2,14.0,95.83571515764508,108.8,109.6,28.428571428571427,3.0,0.21428571,7.0,0.5,5.7857150739554095,4.34052074655874
242,Matt Gage,SFG,2.0,4.0,90.82499694824219,96.6,96.6,15.25,0.0,0.0,1.0,0.25,0.0,0.34456724507209835
243,Kyle Leahy,STL,3.0,8.0,90.7125015258789,108.0,108.0,5.0,1.0,0.125,4.0,0.5,0.0,1.7718076033382988
244,Grant Taylor,CHW,2.0,5.0,87.23999938964843,105.7,105.7,9.8,0.0,0.0,2.0,0.4,9.0,1.4598854780597625
245,Frankie Montas,NYM,33.2,112.0,88.54504614477759,105.6,112.1,14.225225225225225,12.0,0.10714286,44.0,0.39285714,6.683168632354766,5.20998172949365
246,Luis Garcia,HOU,7.2,19.0,85.69999935752467,109.1,110.1,33.05263157894737,3.0,0.15789474,5.0,0.26315789,3.521739422486299,2.1328906116964257
247,Jonathan Cannon,CHW,82.1,273.0,90.54646953596945,106.1,114.9,17.585185185185185,29.0,0.10622711,125.0,0.45787546,5.902834236007345,5.958183508804722
248,Wandy Peralta,SDP,1.1,2.0,90.60000610351562,107.3,107.3,25.0,1.0,0.5,1.0,0.5,0.0,6.490220295409106
249,Marcus Stroman,NYY,39.0,131.0,90.83281326293945,105.9,110.7,11.9921875,14.0,0.10687023,65.0,0.49618321,6.23076954501622,5.854845618055366
250,Brad Keller,CHC,1.0,1.0,101.0,101.0,101.0,24.0,1.0,1.0,1.0,1.0,0.0,3.268462251327127
251,Rob Zastryzny,MIL,1.0,1.0,98.80000305175781,98.8,98.8,0.0,0.0,0.0,1.0,1.0,0.0,0.6875471622370433
252,Danny Coulombe,MIN,1.0,3.0,96.06667073567708,99.8,99.8,5.666666666666667,0.0,0.0,2.0,0.66666667,9.0,7.7877175344563625
253,Reed Garrett,NYM,1.0,1.0,104.0999984741211,104.1,104.1,-3.0,0.0,0.0,1.0,1.0,0.0,0.7101416828943039
254,Angel Zerpa,KCR,2.0,6.0,83.93333435058594,99.8,99.8,-9.833333333333334,0.0,0.0,2.0,0.33333333,0.0,0.6072137259311208
255,Jackson Jobe,DET,49.0,150.0,89.14729762721706,104.1,111.9,13.013513513513514,13.0,0.08666667,65.0,0.43333333,4.224489960358676,4.912403264728524
256,Joe Ross,PHI,2.0,6.0,86.59999593098958,107.3,107.3,20.833333333333332,2.0,0.33333333,3.0,0.5,4.5,9.125241788808491
257,Tomoyuki Sugano,BAL,157.0,525.0,89.96807650052584,104.9,116.3,14.571976967370441,62.0,0.11809524,209.0,0.39809524,4.643312271141694,5.787252302648148
258,Griffin Jax,TBR,2.0,6.0,84.98333231608073,98.2,98.2,-6.5,0.0,0.0,2.0,0.33333333,0.0,3.1502002678003813
259,Cole Sands,MIN,5.0,14.0,91.51428386143276,102.9,109.4,14.214285714285714,1.0,0.07142857,7.0,0.5,1.8,2.4957319489319016
260,Cooper Criswell,BOS,7.0,21.0,87.37619163876488,107.0,109.8,5.428571428571429,3.0,0.14285714,9.0,0.42857143,1.2857142857142858,4.753535242908775
261,Justin Steele,CHC,22.2,65.0,91.9953829251803,105.6,111.7,10.061538461538461,6.0,0.09230769,31.0,0.47692308,4.764706015999345,4.975320175807622
262,Ryan Rolison,COL,1.0,3.0,86.90000406901042,92.3,92.3,16.0,0.0,0.0,0.0,0.0,0.0,3.4741600065400235
263,Justin Topa,MIN,1.0,5.0,86.52000122070312,104.0,104.0,20.4,0.0,0.0,3.0,0.6,9.0,5.396362870248973
264,Rico Garcia,BAL,1.0,4.0,81.67499542236328,97.7,97.7,-0.25,0.0,0.0,1.0,0.25,0.0,2.4982252420052062
265,Ryan Brasier,CHC,1.0,2.0,76.80000305175781,112.3,112.3,-21.0,0.0,0.0,1.0,0.5,0.0,2.70896513068312
266,Beau Brieske,DET,1.1,2.0,93.44999694824219,95.0,95.0,12.0,0.0,0.0,1.0,0.5,0.0,1.015526498034931
267,Lou Trivino,LAD,2.0,6.0,85.7000020345052,99.0,99.0,12.666666666666666,0.0,0.0,3.0,0.5,4.5,5.356517925638112
268,Casey Legumina,SEA,1.0,3.0,87.86666870117188,102.9,102.9,44.666666666666664,0.0,0.0,1.0,0.33333333,0.0,2.668825554313652
269,Bryce Miller,SEA,90.1,281.0,92.40363591974432,106.1,117.0,16.84,26.0,0.09252669,136.0,0.48398577,5.67896698951605,5.2971500982551545
270,Grant Holman,ATH,2.1,8.0,93.13750076293945,104.4,104.4,19.25,1.0,0.125,6.0,0.75,0.0,7.036028819936865
271,Davis Daniel,ATL,9.0,27.0,92.49629720052083,105.2,109.1,14.518518518518519,4.0,0.14814815,13.0,0.48148148,6.0,7.218105594837884
272,Erick Fedde,2 Tms,120.2,396.0,90.2419688170438,104.4,113.2,15.038860103626943,33.0,0.08333333,170.0,0.42929293,5.519337220141166,5.462479086629862
273,Jared Shuster,CHW,2.0,11.0,87.88181651722302,106.5,110.7,0.18181818181818182,0.0,0.0,5.0,0.45454545,18.0,4.8466016882214715
274,Luis F. Castillo,SEA,7.0,29.0,86.22222222222223,103.3,108.6,15.666666666666666,1.0,0.03448276,8.0,0.27586207,7.714285714285714,6.78466328825289
275,Shinnosuke Ogasawara,WSN,6.2,25.0,90.02,104.6,108.0,4.48,1.0,0.04,9.0,0.36,9.450000901222316,5.773106167739088
276,Brandon Eisert,CHW,3.0,11.0,87.61818348277698,100.5,106.7,11.727272727272727,1.0,0.09090909,4.0,0.36363636,6.0,3.212496994069312
277,Ian Hamilton,NYY,1.0,6.0,92.03333536783855,106.9,106.9,13.833333333333334,0.0,0.0,3.0,0.5,27.0,4.4080846142853485
278,Cade Gibson,MIA,1.0,3.0,76.13333129882812,90.1,90.1,7.0,0.0,0.0,0.0,0.0,9.0,6.685389427880907
279,Mick Abel,2 Tms,34.0,101.0,91.02475187093904,104.5,110.3,17.93069306930693,10.0,0.0990099,51.0,0.5049505,5.294117795554828,5.264684121887489
280,Dietrich Enns,2 Tms,11.2,35.0,87.76285574776786,105.5,108.4,9.485714285714286,3.0,0.08571429,12.0,0.34285714,6.171428907744757,3.7996478776704743
281,Sawyer Gipson-Long,DET,13.0,41.0,91.64877989233995,109.8,113.3,15.341463414634147,6.0,0.14634146,18.0,0.43902439,8.307692917141027,7.45236929298455
282,Antonio Senzatela,COL,108.0,415.0,91.2274070457176,106.6,114.7,9.538271604938272,38.0,0.09156627,196.0,0.47228916,7.416666998217518,7.190599793185556
283,Fraser Ellard,CHW,3.2,8.0,84.99999713897705,108.3,108.3,1.875,0.0,0.0,2.0,0.25,0.0,5.07327418041519
284,Sean Hjelle,SFG,3.2,9.0,91.5111083984375,104.8,104.8,18.0,1.0,0.11111111,4.0,0.44444444,4.909091760304496,4.374169602520499
285,Brady Basso,ATH,1.1,7.0,100.65713936941964,108.8,108.8,9.0,1.0,0.14285714,5.0,0.71428571,6.750001609325793,13.591163894828211
286,Ben Casparius,LAD,9.2,32.0,90.15625190734863,105.3,107.5,26.28125,8.0,0.25,17.0,0.53125,6.517241807953526,8.894026600111301
287,Matt Sauer,LAD,4.0,12.0,89.5,101.8,105.7,20.916666666666668,1.0,0.08333333,5.0,0.41666667,4.5,3.945164489259251
288,Doug Nikhazy,CLE,3.0,11.0,97.4090909090909,108.2,109.7,24.181818181818183,2.0,0.18181818,7.0,0.63636364,18.0,11.889752757584361
289,Tobias Myers,MIL,22.1,79.0,90.99090734704748,105.1,110.1,14.636363636363637,5.0,0.06329114,37.0,0.46835443,5.641791365995912,5.602194214835891
290,Blade Tidwell,NYM,7.1,27.0,87.93077204777644,103.9,106.5,22.115384615384617,1.0,0.03703704,7.0,0.25925926,9.818183520608992,6.317730047238874
291,Daniel Lynch IV,KCR,4.1,9.0,85.1875,106.4,106.4,11.75,1.0,0.11111111,3.0,0.33333333,2.076923686371931,4.348175408621303
292,Connor Gillispie,MIA,26.0,88.0,91.36046582599019,105.5,115.0,16.46511627906977,11.0,0.125,44.0,0.5,8.653846153846153,5.374201556538959
293,Robert Gasser,MIL,5.2,18.0,92.37646843405331,108.2,108.6,25.235294117647058,2.0,0.11111111,8.0,0.44444444,3.176470944625736,4.97135130668979
294,Jalen Beeks,ARI,2.0,5.0,96.30000305175781,108.6,108.6,41.2,3.0,0.6,4.0,0.8,4.5,12.760802327840361
295,Jonathan Bowlan,KCR,2.0,5.0,90.7,111.3,111.3,15.6,1.0,0.2,1.0,0.2,9.0,7.391514015645356
296,Tristan Beck,SFG,3.0,12.0,97.33333333333333,106.8,109.8,12.166666666666666,2.0,0.16666667,8.0,0.66666667,9.0,11.049557511438925
297,Brandon Waddell,NYM,3.0,12.0,88.53333536783855,104.3,110.0,8.0,4.0,0.33333333,6.0,0.5,9.0,14.742177988365992
298,Brandon Young,BAL,57.2,187.0,89.444021805473,104.6,113.7,13.293478260869565,19.0,0.10160428,79.0,0.42245989,6.2427748417837705,4.276290311872736
299,Jordan Leasure,CHW,1.0,3.0,93.5,106.7,106.7,35.333333333333336,1.0,0.33333333,2.0,0.66666667,9.0,12.492966156063767
300,Logan Evans,SEA,78.1,246.0,90.32612229950574,105.6,113.3,13.714285714285714,27.0,0.1097561,108.0,0.43902439,4.365957570833665,5.383606215635637
301,Wade Miley,CIN,10.0,28.0,92.08928571428571,106.6,109.3,15.678571428571429,5.0,0.17857143,12.0,0.42857143,4.5,7.524890015913021
302,Justin Sterner,ATH,1.0,3.0,97.2999979654948,104.0,104.0,26.0,1.0,0.33333333,2.0,0.66666667,9.0,4.0098758520339866
303,Ryan Zeferjahn,LAA,1.0,2.0,101.44999694824219,102.4,102.4,11.5,1.0,0.5,2.0,1.0,9.0,4.583921479948123
304,Reynaldo López,ATL,5.0,22.0,90.58636474609375,109.4,112.2,5.7727272727272725,1.0,0.04545455,11.0,0.5,5.4,10.728844869166675
305,Allan Winans,NYY,4.1,16.0,89.5,104.1,109.8,14.0625,1.0,0.0625,8.0,0.5,8.307692917141027,4.505714217817444
306,Justin Wrobleski,LAD,11.0,37.0,91.005712890625,106.6,111.2,14.114285714285714,3.0,0.08108108,19.0,0.51351351,9.818181818181818,7.026350692030225
307,Bobby Miller,LAD,3.0,10.0,95.24000244140625,102.3,103.0,15.9,2.0,0.2,4.0,0.4,18.0,5.682894701732239
308,Sean Reynolds,SDP,2.2,12.0,85.55832926432292,107.2,109.7,-10.75,2.0,0.16666667,4.0,0.33333333,10.125002413988689,14.45855211568048
309,Brock Burke,LAA,1.0,3.0,85.5,104.7,104.7,24.333333333333332,1.0,0.33333333,2.0,0.66666667,9.0,15.29929664947492
310,Chayce McDermott,BAL,3.0,7.0,90.72856794084821,108.0,108.0,12.142857142857142,1.0,0.14285714,4.0,0.57142857,12.0,8.714797050726077
311,Spencer Arrighetti,HOU,35.1,102.0,89.05643576442606,104.9,112.3,13.871287128712872,9.0,0.08823529,46.0,0.45098039,5.3490569406491275,5.430872712960202
312,Sam Aldegheri,LAA,9.1,32.0,90.8125,101.3,108.9,14.0625,4.0,0.125,11.0,0.34375,6.750000919614645,6.968087710493168
313,Chris Flexen,CHC,4.0,13.0,91.6846172626202,100.2,101.7,23.46153846153846,1.0,0.07692308,7.0,0.53846154,6.75,4.6730210787284285
314,Bryse Wilson,CHW,21.2,83.0,92.13717964367989,106.0,111.5,16.166666666666668,9.0,0.10843373,37.0,0.44578313,6.230769687855771,8.827004125742137
315,Spencer Turnbull,TOR,2.0,8.0,94.5625,108.3,108.3,13.875,2.0,0.25,4.0,0.5,18.0,11.029243335490428
316,Anthony DeSclafani,ARI,13.2,43.0,89.44651049236919,106.0,107.7,17.232558139534884,3.0,0.06976744,19.0,0.44186047,6.585366160014369,4.678188255563452
317,Caleb Boushley,TEX,3.0,12.0,97.5750020345052,106.2,112.4,15.416666666666666,3.0,0.25,7.0,0.58333333,9.0,14.417660276671166
318,Easton Lucas,TOR,19.2,59.0,92.35084869902013,109.8,111.7,19.423728813559322,7.0,0.11864407,28.0,0.47457627,8.237288801329726,6.418042750047649
319,Thomas Harrington,PIT,4.0,17.0,89.91874694824219,108.8,111.7,4.470588235294118,1.0,0.05882353,6.0,0.35294118,13.5,8.925138893747263
320,Tyler Holton,DET,8.1,22.0,87.7045468417081,106.1,110.1,10.954545454545455,5.0,0.22727273,10.0,0.45454545,7.560001153564629,4.310801548029695
321,Tony Gonsolin,LAD,36.0,98.0,91.1999994913737,106.9,113.0,16.3125,11.0,0.1122449,44.0,0.44897959,5.0,5.251687580126553
322,Matt Waldron,SDP,4.2,16.0,89.98124694824219,102.9,105.8,-2.5625,2.0,0.125,8.0,0.5,7.714286765273879,11.153541655923096
323,Yariel Rodríguez,TOR,1.0,3.0,97.63333129882812,106.9,106.9,14.666666666666666,1.0,0.33333333,2.0,0.66666667,18.0,25.103070387378384
324,Carlos Carrasco,2 Tms,40.2,141.0,90.76350391694228,106.8,110.4,16.773722627737225,15.0,0.10638298,64.0,0.45390071,6.860656005853747,5.726030555362856
325,Bruce Zimmermann,MIL,6.0,25.0,90.1875,103.6,105.9,3.3333333333333335,1.0,0.04,9.0,0.36,7.5,4.3557006921562635
326,Travis Adams,MIN,7.1,19.0,91.33157830489309,110.2,114.7,13.947368421052632,4.0,0.21052632,9.0,0.47368421,7.363636682841418,7.06944151093286
327,Mike Vasil,CHW,11.0,33.0,91.55757834694602,102.8,109.9,8.818181818181818,1.0,0.03030303,15.0,0.45454545,6.545455112930221,4.1844397476756
328,Scott Barlow,CIN,1.0,3.0,100.76666259765625,105.8,105.8,29.666666666666668,1.0,0.33333333,3.0,1.0,36.0,30.364762319905935
329,Justin Hagenman,NYM,4.1,13.0,95.28461162860577,103.8,109.1,22.23076923076923,3.0,0.23076923,9.0,0.69230769,8.307692917141027,5.108889146376959
330,Scott Blewett,2 Tms,5.2,21.0,89.09524100167411,104.5,113.7,-1.0,3.0,0.14285714,10.0,0.47619048,6.352941889251472,5.308735309687604
331,Emerson Hancock,SEA,81.1,254.0,89.15098819054163,104.9,112.3,13.968379446640316,21.0,0.08267717,106.0,0.41732283,5.2008198182344145,5.578187518021506
332,Lance McCullers Jr.,HOU,51.1,151.0,90.48600199381511,105.6,111.0,12.233333333333333,18.0,0.1192053,74.0,0.49006623,6.662337955010154,5.2384435660756035
333,Rich Hill,KCR,9.0,31.0,88.5516121156754,105.1,110.0,10.516129032258064,2.0,0.06451613,12.0,0.38709677,5.0,6.815971967047876
334,Caden Dana,LAA,26.1,71.0,88.3565231544384,104.0,108.3,11.36231884057971,9.0,0.12676056,28.0,0.3943662,6.151899031235853,4.8707735347911045
335,José Ureña,3 Tms,22.1,78.0,91.30908995789368,105.3,107.7,20.155844155844157,13.0,0.16666667,38.0,0.48717949,5.238806044718131,10.123875836205679
336,Roki Sasaki,LAD,34.1,105.0,90.43173041710487,103.2,113.1,13.533333333333333,11.0,0.1047619,47.0,0.44761905,4.718446776693651,6.040227746670978
337,Braydon Fisher,TOR,1.1,7.0,88.31428745814732,106.5,106.5,15.0,2.0,0.28571429,3.0,0.42857143,33.75000804662896,15.21626195800805
338,Osvaldo Bido,ATH,46.1,156.0,90.68781965206831,105.6,114.7,19.596153846153847,18.0,0.11538462,64.0,0.41025641,6.215827636655584,5.427829814419589
339,Richard Fitts,BOS,41.0,128.0,90.63629051946825,104.4,112.1,11.64516129032258,16.0,0.125,62.0,0.484375,4.829268405013396,5.703427061314029
340,Payton Tolle,BOS,10.1,29.0,87.5172434839709,103.1,111.9,18.655172413793103,3.0,0.10344828,11.0,0.37931034,7.838709918566978,5.5418210724080765
341,Carson Seymour,SFG,9.1,36.0,89.35142996651786,102.9,110.0,13.2,5.0,0.13888889,12.0,0.33333333,8.67857172416182,6.9351286743557
342,Aaron Bummer,ATL,4.1,13.0,93.5250015258789,107.0,108.7,13.833333333333334,4.0,0.30769231,6.0,0.46153846,12.461539375711542,15.616786198405324
343,Zach Eflin,BAL,71.1,244.0,89.55690340816227,104.4,112.3,11.456066945606695,23.0,0.0942623,99.0,0.4057377,5.929906647760742,4.487306649067644
344,Landon Knack,LAD,31.2,95.0,91.72631578947369,106.3,112.9,16.105263157894736,16.0,0.16842105,47.0,0.49473684,5.115789730463014,6.775412885996794
345,Victor Mederos,LAA,13.0,43.0,90.47209131994913,103.0,105.3,20.627906976744185,5.0,0.11627907,18.0,0.41860465,8.307692307692308,5.937730036956499
346,Pierson Ohl,MIN,8.0,33.0,94.24242609197444,105.3,109.4,16.454545454545453,7.0,0.21212121,18.0,0.54545455,12.375001475215134,9.695895190184963
347,Chase Petty,CIN,5.1,21.0,91.62857200985863,110.2,113.1,18.0,3.0,0.14285714,10.0,0.47619048,21.937501307576973,11.52425155743164
348,McCade Brown,COL,25.2,81.0,91.74444580078125,104.8,111.6,16.17283950617284,8.0,0.09876543,37.0,0.45679012,7.363636819643592,6.506708981876681
349,Kyle Hart,SDP,25.2,87.0,89.39411692899816,105.4,111.7,20.96470588235294,8.0,0.09195402,36.0,0.4137931,6.662338090387305,4.968887587398642
350,Tanner Houck,BOS,43.2,149.0,90.96174488451656,106.9,112.2,6.825503355704698,12.0,0.08053691,69.0,0.46308725,8.038168407071435,6.1861759586536875
351,Walker Buehler,2 Tms,120.0,384.0,87.98105296084755,105.3,113.7,11.255263157894737,36.0,0.09375,147.0,0.3828125,5.0250001198053384,5.364043460175052
352,Austin Gomber,COL,57.2,220.0,88.11382409724223,105.2,115.9,18.18433179723502,32.0,0.14545455,87.0,0.39545455,7.491329810140524,6.041769106968815
353,Anthony Molina,COL,5.0,21.0,95.05237978980655,108.3,109.9,12.523809523809524,4.0,0.19047619,12.0,0.57142857,12.6,16.84900762966107
354,Elvin Rodríguez,MIL,9.0,34.0,89.49411908318015,104.6,111.4,27.352941176470587,7.0,0.20588235,18.0,0.52941176,11.0,10.148113039168388
355,Joey Estes,ATH,7.0,30.0,89.2,102.2,109.5,24.433333333333334,5.0,0.16666667,11.0,0.36666667,15.428571428571429,8.513164450292084
356,Jake Irvin,WSN,180.0,595.0,90.40799386160714,104.8,112.6,12.791171477079796,71.0,0.11932773,280.0,0.47058824,5.700000120798749,5.567165288610918
357,Mitch Spence,ATH,39.0,135.0,90.24848614316998,105.9,113.1,14.068181818181818,20.0,0.14814815,55.0,0.40740741,6.000000146719129,7.002739379281735
358,Carson Palmquist,COL,30.2,104.0,89.21485039739325,105.0,110.8,21.801980198019802,16.0,0.15384615,41.0,0.39423077,7.630435178095111,6.333891799985991
359,Carson Whisenhunt,SFG,23.1,72.0,92.36056475572182,106.0,117.5,13.408450704225352,9.0,0.125,35.0,0.48611111,5.014285782599937,6.6008213891618945
360,Gunnar Hoglund,ATH,32.1,105.0,92.41904645647321,108.2,112.5,14.40952380952381,17.0,0.16190476,48.0,0.45714286,6.402062107442565,7.715348297559144
361,Didier Fuentes,ATL,13.0,49.0,93.49999875438456,106.7,112.2,20.93877551020408,7.0,0.14285714,28.0,0.57142857,13.846154861901713,7.726552205444024
362,Jack Kochanowicz,LAA,111.0,375.0,92.08306474583124,105.9,116.6,6.855227882037534,35.0,0.09333333,186.0,0.496,6.810811220424055,5.88652014536404
363,Kyle Gibson,BAL,12.1,56.0,93.80714089529855,104.6,107.9,10.535714285714286,8.0,0.14285714,34.0,0.60714286,16.78378559530367,9.244945559789183
364,Bowden Francis,TOR,64.0,201.0,91.55400024414062,105.2,113.1,20.715,25.0,0.12437811,105.0,0.52238806,6.046875450527329,6.081622147569866
365,Bradley Blalock,COL,55.2,211.0,91.38755980861244,106.1,113.7,12.995238095238095,25.0,0.11848341,96.0,0.4549763,9.53892291831354,7.668063060750156
366,Nestor Cortes,2 Tms,34.1,106.0,92.50762009393601,108.1,115.0,18.36190476190476,16.0,0.1509434,49.0,0.46226415,6.2912625436767815,6.961027479254573
