rank,Name,Team,BABIP,GB/FB,LD%,GB%,FB%,IFFB%,HR/FB,RS,RS/9,Balls,Strikes,Pitches,Pull%,Cent%,Oppo%,Soft%,Med%,Hard%
1,Aaron Nola,PHI,0.28932038834951457,1.191709844,0.198863636,0.43560606,0.365530303,0.062176165,0.098445595,104.0,4.565853743499267,935.0,2104.0,3039.0,0.42696629,0.31835206,0.25468165,0.1741573,0.52808989,0.29775281
2,Carlos Rodón,SFG,0.29310344827586204,0.766304347,0.21307506,0.341404358,0.445520581,0.130434782,0.065217391,87.0,4.3988764516302865,1006.0,1979.0,2985.0,0.34532374,0.36690647,0.28776978,0.17745803,0.52997602,0.29256595
3,Justin Verlander,HOU,0.23963133640552994,0.870466321,0.18510158,0.379232505,0.435665914,0.196891191,0.062176165,89.0,4.577142907029756,820.0,1787.0,2607.0,0.33408072,0.38565022,0.28026906,0.21300448,0.49327354,0.29372197
4,Sandy Alcantara,MIA,0.26158940397350994,1.744680851,0.15960912,0.534201954,0.306188925,0.117021276,0.085106382,81.0,3.188046695982421,1017.0,2231.0,3248.0,0.40806452,0.36290323,0.22903226,0.21451613,0.52096774,0.26451613
5,Shohei Ohtani,LAA,0.2887139107611549,1.092715231,0.197969543,0.418781725,0.38324873,0.119205298,0.092715231,79.0,4.283132603940606,905.0,1724.0,2629.0,0.39847716,0.32994924,0.2715736,0.20304569,0.55076142,0.24619289
6,Kevin Gausman,TOR,0.3634453781512605,1.085227272,0.24640657,0.392197125,0.361396303,0.073863636,0.085227272,111.0,5.719465794586082,830.0,1953.0,2783.0,0.36659878,0.34215886,0.29124236,0.15885947,0.53767821,0.30346232
7,Max Fried,ATL,0.2796116504854369,1.727272727,0.192307692,0.511538461,0.296153846,0.09090909,0.077922077,86.0,4.176259042948807,981.0,1837.0,2818.0,0.39658444,0.34724858,0.25616698,0.19924099,0.55597723,0.24478178
8,Shane Bieber,CLE,0.28677839851024206,1.531791907,0.203636363,0.481818181,0.314545454,0.063583815,0.104046242,98.0,4.410000105142596,941.0,1934.0,2875.0,0.43063063,0.34054054,0.22882883,0.12072072,0.54414414,0.33513514
9,Corbin Burnes,MIL,0.25910064239828695,1.404907975,0.195071868,0.470225872,0.334702258,0.110429447,0.141104294,99.0,4.41089121405605,1202.0,2072.0,3274.0,0.45510204,0.34081633,0.20408163,0.18163265,0.50204082,0.31632653
10,Max Scherzer,NYM,0.2761627906976744,0.626436781,0.193732193,0.31054131,0.495726495,0.132183908,0.074712643,74.0,4.582568907575189,687.0,1480.0,2167.0,0.37815126,0.34733894,0.2745098,0.22689076,0.50420168,0.26890756
11,Framber Valdez,HOU,0.2849264705882353,4.159090909,0.174545454,0.665454545,0.16,0.09090909,0.125,130.0,5.811258397428182,1071.0,1947.0,3018.0,0.43243243,0.36576577,0.2018018,0.16216216,0.53693694,0.3009009
12,Dylan Cease,CHW,0.26004728132387706,0.884816753,0.174311926,0.387614678,0.438073394,0.104712041,0.083769633,103.0,5.038043582709843,1179.0,1941.0,3120.0,0.42596811,0.33485194,0.23917995,0.18451025,0.55808656,0.25740319
13,Logan Webb,SFG,0.2926391382405745,2.383458646,0.194991055,0.567084078,0.237924865,0.067669172,0.082706766,114.0,5.334488875906136,1021.0,1985.0,3006.0,0.42756184,0.36749117,0.204947,0.15547703,0.57243816,0.27208481
14,Zac Gallen,ARI,0.23660714285714285,1.272727272,0.179431072,0.459518599,0.361050328,0.084848484,0.09090909,93.0,4.548913137786557,1024.0,1911.0,2935.0,0.40388769,0.32397408,0.27213823,0.14470842,0.5637149,0.29157667
15,Yu Darvish,SDP,0.2504970178926441,0.842105263,0.193857965,0.368522072,0.437619961,0.065789473,0.096491228,102.0,4.71575350936682,955.0,2016.0,2971.0,0.43047619,0.31809524,0.25142857,0.18095238,0.52190476,0.29714286
16,Zack Wheeler,PHI,0.28717948717948716,1.393939393,0.211970074,0.458852867,0.329177057,0.09090909,0.098484848,77.0,4.529411877636178,785.0,1573.0,2358.0,0.42431762,0.32009926,0.25558313,0.21836228,0.50868486,0.27295285
17,Spencer Strider,ATL,0.29017857142857145,1.182926829,0.225108225,0.419913419,0.354978354,0.134146341,0.085365853,59.0,4.947205159423269,649.0,1223.0,1872.0,0.32034632,0.37662338,0.3030303,0.1991342,0.50649351,0.29437229
18,Jose Quintana,2 Tms,0.30165289256198347,1.493421052,0.224948875,0.464212678,0.310838445,0.078947368,0.052631578,73.0,3.9657949208079177,1019.0,1705.0,2724.0,0.37881874,0.3808554,0.24032587,0.18940937,0.52138493,0.2892057
19,Alek Manoah,TOR,0.24427480916030533,0.892857142,0.205992509,0.374531835,0.419475655,0.125,0.071428571,96.0,4.3932204383996964,1006.0,1943.0,2949.0,0.45269017,0.31725417,0.23005566,0.16883117,0.59369202,0.23747681
20,Martín Pérez,TEX,0.2950530035335689,1.726190476,0.187943262,0.514184397,0.29787234,0.071428571,0.06547619,106.0,4.859083223320766,1094.0,1885.0,2979.0,0.39409722,0.375,0.23090278,0.14583333,0.59722222,0.25694444
21,Clayton Kershaw,LAD,0.26791277258566976,1.409090909,0.194528875,0.47112462,0.334346504,0.1,0.09090909,99.0,7.052770519536106,592.0,1250.0,1842.0,0.48640483,0.31722054,0.19637462,0.18731118,0.52870091,0.28398792
22,Tyler Anderson,LAD,0.258130081300813,0.920560747,0.179640718,0.393213572,0.427145708,0.116822429,0.06542056,100.0,5.273437549112715,765.0,1697.0,2462.0,0.38932806,0.33596838,0.27470356,0.20355731,0.5256917,0.27075099
23,Nestor Cortes,NYY,0.23232323232323232,0.707692307,0.191747572,0.334951456,0.47330097,0.133333333,0.082051282,94.0,5.343158002013317,795.0,1670.0,2465.0,0.38834951,0.34223301,0.26941748,0.17961165,0.54368932,0.27669903
24,Patrick Sandoval,LAA,0.3164251207729469,1.5390625,0.21875,0.473557692,0.307692307,0.1015625,0.0625,60.0,3.632287104251715,882.0,1573.0,2455.0,0.42517815,0.34679335,0.2280285,0.17102138,0.56532067,0.26365796
25,Alex Cobb,SFG,0.33647058823529413,2.977272727,0.178403755,0.615023474,0.206572769,0.045454545,0.102272727,83.0,4.991091464433713,868.0,1550.0,2418.0,0.44572748,0.31639723,0.23787529,0.16397229,0.55196305,0.28406467
26,Luis Castillo,2 Tms,0.27486910994764396,1.4,0.195876288,0.469072164,0.335051546,0.107692307,0.1,75.0,4.490022267893989,870.0,1636.0,2506.0,0.43147208,0.32741117,0.24111675,0.14467005,0.54060914,0.31472081
27,Blake Snell,SDP,0.30666666666666664,0.856060606,0.207119741,0.365695792,0.427184466,0.09090909,0.083333333,60.0,4.218750125728551,886.0,1455.0,2341.0,0.33762058,0.36012862,0.3022508,0.14790997,0.50482315,0.34726688
28,Shane McClanahan,TBR,0.25064599483204136,1.669421487,0.196517412,0.502487562,0.300995024,0.074380165,0.157024793,69.0,3.733466983814792,817.0,1646.0,2463.0,0.41728395,0.34074074,0.24197531,0.12839506,0.58765432,0.28395062
29,Brandon Woodruff,MIL,0.28493150684931506,0.865853658,0.19047619,0.375661375,0.433862433,0.079268292,0.109756097,83.0,4.87173926173627,856.0,1682.0,2538.0,0.37532808,0.31496063,0.30971129,0.18372703,0.49868766,0.3175853
30,Triston McKenzie,CLE,0.23717948717948717,0.672268907,0.184426229,0.327868852,0.487704918,0.138655462,0.105042016,98.0,4.683185943470875,894.0,1866.0,2760.0,0.39756592,0.34482759,0.25760649,0.14604462,0.51926978,0.3346856
31,Gerrit Cole,NYY,0.2682926829268293,1.045918367,0.169772256,0.424430641,0.405797101,0.076530612,0.168367346,126.0,5.6511629160318355,1123.0,2151.0,3274.0,0.36853002,0.3436853,0.28778468,0.15113872,0.53416149,0.31469979
32,Joe Musgrove,SDP,0.27615062761506276,1.234636871,0.191919191,0.446464646,0.361616161,0.117318435,0.122905027,85.0,4.2265194260933265,954.0,1881.0,2835.0,0.40881764,0.35270541,0.23847695,0.19839679,0.53306613,0.26853707
33,Julio Urías,LAD,0.2290748898678414,0.877934272,0.150743099,0.3970276,0.452229299,0.14084507,0.10798122,105.0,5.400000029427665,815.0,1807.0,2622.0,0.42348008,0.34171908,0.23480084,0.21383648,0.50733753,0.278826
34,Merrill Kelly,ARI,0.26887661141804786,1.12735849,0.193202146,0.427549194,0.379248658,0.103773584,0.099056603,113.0,5.076539157886115,1060.0,2011.0,3071.0,0.42907801,0.35992908,0.21099291,0.14893617,0.56560284,0.28546099
35,Corey Kluber,TBR,0.3166332665330661,0.859813084,0.219607843,0.360784313,0.419607843,0.172897196,0.093457943,84.0,4.609756179654763,748.0,1706.0,2454.0,0.40077071,0.37572254,0.22350674,0.1849711,0.54913295,0.26589595
36,Cristian Javier,HOU,0.22491349480968859,0.45614035,0.17,0.26,0.57,0.140350877,0.093567251,61.0,4.086848731948454,846.0,1481.0,2327.0,0.38032787,0.32131148,0.29836066,0.20327869,0.50491803,0.29180328
37,Logan Gilbert,SEA,0.2915057915057915,0.937198067,0.241965973,0.366729678,0.391304347,0.091787439,0.091787439,104.0,5.041292734084857,1065.0,1950.0,3015.0,0.40782123,0.33333333,0.25884544,0.1433892,0.5027933,0.3538175
38,Ross Stripling,TOR,0.26740947075208915,1.097902097,0.182561307,0.427792915,0.389645776,0.111888111,0.076923076,92.0,6.713513634641997,577.0,1252.0,1829.0,0.40540541,0.32162162,0.27297297,0.15405405,0.54594595,0.3
39,Pablo López,MIA,0.2833333333333333,1.385542168,0.206412825,0.460921843,0.33266533,0.102409638,0.126506024,75.0,3.7500001192092935,1019.0,1891.0,2910.0,0.44111776,0.32934132,0.22954092,0.1756487,0.5489022,0.2754491
40,Drew Rasmussen,TBR,0.2621359223300971,1.361111111,0.192399049,0.465558194,0.342042755,0.118055555,0.090277777,84.0,5.178082327074086,745.0,1494.0,2239.0,0.39007092,0.35460993,0.25531915,0.13711584,0.55791962,0.30496454
41,Brady Singer,KCR,0.29743589743589743,1.552,0.2025,0.485,0.3125,0.112,0.136,81.0,4.936794699298053,788.0,1485.0,2273.0,0.34889435,0.38574939,0.26535627,0.13759214,0.54545455,0.31695332
42,George Kirby,SEA,0.33062330623306235,1.194444444,0.164021164,0.455026455,0.38095238,0.097222222,0.090277777,72.0,4.984615457749227,652.0,1440.0,2092.0,0.35078534,0.37434555,0.27486911,0.16492147,0.52094241,0.31413613
43,Adam Wainwright,STL,0.3018867924528302,1.314720812,0.238731218,0.432387312,0.328881469,0.076142131,0.081218274,120.0,5.634782739534724,1109.0,2024.0,3133.0,0.44073456,0.32387312,0.23539232,0.14524207,0.5442404,0.31051753
44,Tarik Skubal,DET,0.29874213836477986,1.298245614,0.191358024,0.456790123,0.351851851,0.087719298,0.078947368,51.0,3.9008499426660714,637.0,1277.0,1914.0,0.33639144,0.3883792,0.27522936,0.13149847,0.57492355,0.29357798
45,Chris Bassitt,NYM,0.28169014084507044,1.436781609,0.171875,0.48828125,0.33984375,0.091954022,0.109195402,108.0,5.350458846672169,991.0,1895.0,2886.0,0.37864078,0.32815534,0.29320388,0.22135922,0.52621359,0.25242718
46,Kyle Wright,ATL,0.2836438923395445,2.098484848,0.178714859,0.556224899,0.26506024,0.083333333,0.143939393,126.0,6.28835500918748,900.0,1797.0,2697.0,0.44510978,0.36726547,0.18762475,0.13972056,0.55688623,0.30339321
47,Jordan Montgomery,2 Tms,0.2754491017964072,1.506172839,0.208576998,0.475633528,0.315789473,0.074074074,0.129629629,88.0,4.441121621992782,913.0,1802.0,2715.0,0.38697318,0.36206897,0.25095785,0.151341,0.56896552,0.27969349
48,Miles Mikolas,STL,0.24912280701754386,1.302439024,0.202702702,0.451013513,0.346283783,0.092682926,0.121951219,104.0,4.695652338660045,1043.0,2071.0,3114.0,0.41919192,0.32154882,0.25925926,0.18855219,0.51851852,0.29292929
49,Tony Gonsolin,LAD,0.2066869300911854,1.09774436,0.17699115,0.430678466,0.392330383,0.052631578,0.082706766,74.0,5.109974511797341,682.0,1333.0,2015.0,0.46470588,0.31176471,0.22352941,0.12647059,0.55588235,0.31764706
50,Jeffrey Springs,TBR,0.28486646884273,1.007194244,0.195965417,0.403458213,0.400576368,0.100719424,0.100719424,54.0,3.8880001483154354,670.0,1334.0,2004.0,0.41833811,0.35243553,0.22922636,0.16618911,0.5243553,0.30945559
51,Taijuan Walker,NYM,0.2838137472283814,1.369426751,0.2,0.462365591,0.337634408,0.140127388,0.095541401,82.0,4.690678060876678,902.0,1598.0,2500.0,0.43133047,0.35407725,0.21459227,0.17381974,0.527897,0.29828326
52,Justin Steele,CHC,0.3169230769230769,1.836956521,0.209090909,0.512121212,0.278787878,0.097826086,0.086956521,55.0,4.15966399888957,748.0,1284.0,2032.0,0.39156627,0.37048193,0.23795181,0.18072289,0.56024096,0.25903614
53,Carlos Carrasco,NYM,0.3372365339578454,1.439716312,0.219954648,0.46031746,0.319727891,0.063829787,0.120567375,101.0,5.980263495585614,814.0,1598.0,2412.0,0.4469526,0.31602709,0.23702032,0.16027088,0.5214447,0.31828442
54,Kyle Freeland,COL,0.3180987202925046,1.180904522,0.225,0.419642857,0.355357142,0.100502512,0.095477386,96.0,4.946565092558164,1046.0,1793.0,2839.0,0.43992933,0.36925795,0.19081272,0.15194346,0.48233216,0.36572438
55,Johnny Cueto,CHW,0.29375,1.106382978,0.190184049,0.425357873,0.384458077,0.090425531,0.074468085,71.0,4.167391390746395,790.0,1505.0,2295.0,0.39271255,0.37651822,0.23076923,0.17408907,0.52834008,0.29757085
56,Sonny Gray,MIN,0.27672955974842767,1.247863247,0.198170731,0.445121951,0.356707317,0.17094017,0.094017094,65.0,4.888579530036881,680.0,1192.0,1872.0,0.41945289,0.40121581,0.17933131,0.19756839,0.49240122,0.3100304
57,Jameson Taillon,NYY,0.27626459143968873,1.019047619,0.205992509,0.400749063,0.393258426,0.123809523,0.123809523,123.0,6.24248138205396,967.0,1838.0,2805.0,0.432282,0.34879406,0.21892393,0.17254174,0.51020408,0.31725417
58,Ranger Suarez,PHI,0.2925764192139738,2.047244094,0.174840085,0.554371002,0.270788912,0.078740157,0.118110236,91.0,5.272532393856858,968.0,1596.0,2564.0,0.42071882,0.31712474,0.26215645,0.19027484,0.55813953,0.25158562
59,Jesús Luzardo,MIA,0.2532188841201717,1.114942528,0.239669421,0.400826446,0.359504132,0.068965517,0.114942528,34.0,3.049833954683848,607.0,1037.0,1644.0,0.45679012,0.34156379,0.20164609,0.16049383,0.51028807,0.32921811
60,Jacob deGrom,NYM,0.25833333333333336,0.943396226,0.188976377,0.393700787,0.417322834,0.075471698,0.16981132,32.0,4.476684026306707,289.0,651.0,940.0,0.31782946,0.39534884,0.28682171,0.10077519,0.55813953,0.34108527
61,Reid Detmers,LAA,0.27714285714285714,0.866666666,0.224376731,0.360110803,0.415512465,0.113333333,0.086666666,69.0,4.813953630726944,781.0,1400.0,2181.0,0.37741047,0.36088154,0.26170799,0.1707989,0.51515152,0.31404959
62,Tyler Mahle,2 Tms,0.27848101265822783,0.759740259,0.176291793,0.3556231,0.468085106,0.11038961,0.103896103,72.0,5.37016590147868,783.0,1318.0,2101.0,0.39156627,0.3253012,0.28313253,0.1686747,0.53915663,0.29216867
63,Joe Ryan,MIN,0.2526595744680851,0.511848341,0.182051282,0.276923076,0.541025641,0.16113744,0.094786729,73.0,4.4693879000796075,793.0,1598.0,2391.0,0.36616162,0.3459596,0.28787879,0.2020202,0.49242424,0.30555556
64,Noah Syndergaard,2 Tms,0.29156626506024097,1.104294478,0.191037735,0.424528301,0.384433962,0.110429447,0.08588957,56.0,3.79899513133262,661.0,1337.0,1998.0,0.42890443,0.35431235,0.21678322,0.17249417,0.54312354,0.28438228
65,Freddy Peralta,MIL,0.24083769633507854,0.975609756,0.169230769,0.41025641,0.42051282,0.158536585,0.060975609,30.0,3.537117962851678,509.0,810.0,1319.0,0.46428571,0.26530612,0.27040816,0.17857143,0.55612245,0.26530612
66,Cal Quantrill,CLE,0.2783687943262411,1.114678899,0.201039861,0.421143847,0.377816291,0.133027522,0.096330275,131.0,6.327370379677557,1044.0,1876.0,2920.0,0.35213675,0.35042735,0.2974359,0.18119658,0.52991453,0.28888889
67,Luis Garcia,HOU,0.26024096385542167,0.863157894,0.188073394,0.376146788,0.435779816,0.1,0.121052631,102.0,5.834745845235447,874.0,1594.0,2468.0,0.42465753,0.30821918,0.26712329,0.16894977,0.51141553,0.3196347
68,Mitch Keller,PIT,0.31390134529147984,1.72868217,0.228070175,0.489035087,0.282894736,0.100775193,0.108527131,55.0,3.2352941983115553,944.0,1605.0,2549.0,0.34565217,0.38043478,0.27391304,0.16521739,0.55,0.28478261
69,Frankie Montas,2 Tms,0.2982456140350877,1.326241134,0.2,0.45609756,0.343902439,0.141843971,0.127659574,51.0,3.180138638171283,830.0,1497.0,2327.0,0.42650602,0.34939759,0.22409639,0.19036145,0.53012048,0.27951807
70,Marcus Stroman,CHC,0.2715736040609137,1.826086956,0.199507389,0.517241379,0.283251231,0.069565217,0.139130434,58.0,3.764423145962186,771.0,1410.0,2181.0,0.3902439,0.37073171,0.23902439,0.17804878,0.53414634,0.28780488
71,Zack Greinke,KCR,0.3055555555555556,1.164705882,0.233333333,0.4125,0.354166666,0.088235294,0.082352941,54.0,3.5474453789455307,821.0,1451.0,2272.0,0.40041494,0.34232365,0.25726141,0.16182573,0.53526971,0.30290456
72,Nick Lodolo,CIN,0.32217573221757323,1.348837209,0.198412698,0.46031746,0.341269841,0.139534883,0.15116279,52.0,4.529032397394254,663.0,1116.0,1779.0,0.36111111,0.39285714,0.24603175,0.16666667,0.53571429,0.29761905
73,JT Brubaker,PIT,0.3341288782816229,1.324137931,0.22706422,0.440366972,0.332568807,0.089655172,0.117241379,68.0,4.250000112586554,853.0,1529.0,2382.0,0.43807339,0.34862385,0.21330275,0.14678899,0.5206422,0.33256881
74,Kyle Gibson,PHI,0.30831643002028397,1.358381502,0.203125,0.458984375,0.337890625,0.080924855,0.138728323,100.0,5.3677934135688945,992.0,1747.0,2739.0,0.41586074,0.37911025,0.20502901,0.15087041,0.57253385,0.27659574
75,Lance Lynn,CHW,0.29411764705882354,1.110294117,0.196078431,0.422969187,0.38095238,0.088235294,0.139705882,67.0,4.956164487157628,693.0,1329.0,2022.0,0.41504178,0.3454039,0.23955432,0.17548747,0.49860724,0.32590529
76,Jon Gray,TEX,0.27076923076923076,1.25,0.205882352,0.44117647,0.352941176,0.1,0.141666666,76.0,5.371727923029912,690.0,1372.0,2062.0,0.3245614,0.39473684,0.28070175,0.19883041,0.48830409,0.3128655
77,Rich Hill,BOS,0.3047091412742382,1.0,0.196765498,0.40161725,0.40161725,0.134228187,0.10067114,66.0,4.777480014910456,646.0,1344.0,1990.0,0.46276596,0.34042553,0.19680851,0.16489362,0.56648936,0.26861702
78,Lucas Giolito,CHW,0.3402777777777778,1.047904191,0.246696035,0.385462555,0.367841409,0.047904191,0.143712574,93.0,5.177319699612877,984.0,1769.0,2753.0,0.37938596,0.34649123,0.27412281,0.13815789,0.57675439,0.28508772
79,Alex Wood,SFG,0.3150684931506849,1.550847457,0.207894736,0.481578947,0.310526315,0.059322033,0.144067796,70.0,4.821428806024124,764.0,1475.0,2239.0,0.39790576,0.37172775,0.23036649,0.15445026,0.58115183,0.26439791
80,Dean Kremer,BAL,0.29775280898876405,0.979166666,0.212707182,0.389502762,0.397790055,0.097222222,0.076388888,46.0,3.4500001370906883,641.0,1214.0,1855.0,0.40163934,0.32513661,0.27322404,0.13387978,0.56830601,0.29781421
81,David Peterson,NYM,0.31877729257641924,2.016949152,0.245762711,0.504237288,0.25,0.118644067,0.13559322,58.0,5.736264098836489,670.0,989.0,1659.0,0.38818565,0.36708861,0.24472574,0.16033755,0.51476793,0.32489451
82,Hunter Greene,CIN,0.2807017543859649,0.604026845,0.221498371,0.293159609,0.485342019,0.120805369,0.161073825,49.0,3.5092839172781254,803.0,1397.0,2200.0,0.39805825,0.32686084,0.27508091,0.13915858,0.53721683,0.3236246
83,Robbie Ray,SEA,0.28354978354978355,0.936893203,0.18902439,0.392276422,0.418699186,0.106796116,0.155339805,70.0,3.3333334342512533,1083.0,1964.0,3047.0,0.4291498,0.32793522,0.24291498,0.15789474,0.51012146,0.33198381
84,Braxton Garrett,MIA,0.32083333333333336,1.552631578,0.214574898,0.477732793,0.307692307,0.092105263,0.118421052,31.0,3.1704547516078136,470.0,966.0,1436.0,0.40963855,0.35341365,0.23694779,0.18473896,0.5060241,0.30923695
85,Michael Wacha,BOS,0.25977653631284914,1.062068965,0.204787234,0.409574468,0.385638297,0.144827586,0.124137931,85.0,6.00785359812556,670.0,1279.0,1949.0,0.44148936,0.34308511,0.21542553,0.18882979,0.50797872,0.30319149
86,Nick Pivetta,BOS,0.3002028397565923,0.917431192,0.196153846,0.384615384,0.419230769,0.128440366,0.123853211,108.0,5.410018686885978,1098.0,1984.0,3082.0,0.42884615,0.34230769,0.22884615,0.15769231,0.5,0.34230769
87,Jordan Lyles,BAL,0.3125,1.0,0.195767195,0.402116402,0.402116402,0.105263157,0.114035087,98.0,4.92737451169209,1095.0,1893.0,2988.0,0.44385965,0.33859649,0.21754386,0.16491228,0.53157895,0.30350877
88,Luis Severino,NYY,0.23673469387755103,1.118811881,0.160784313,0.443137254,0.396078431,0.04950495,0.138613861,48.0,4.235294157245993,574.0,1065.0,1639.0,0.42084942,0.35135135,0.22779923,0.16602317,0.50965251,0.32432432
89,José Suarez,LAA,0.2842465753424658,1.10619469,0.214521452,0.412541254,0.372937293,0.088495575,0.115044247,52.0,4.573290129585894,561.0,1112.0,1673.0,0.41311475,0.36721311,0.21967213,0.1147541,0.58360656,0.30163934
90,Bailey Ober,MIN,0.27672955974842767,0.542168674,0.209876543,0.277777777,0.512345679,0.084337349,0.048192771,26.0,4.178571499732077,283.0,571.0,854.0,0.3803681,0.36196319,0.25766871,0.14110429,0.55214724,0.30674847
91,Charlie Morton,ATL,0.2922705314009662,1.029411764,0.21590909,0.397727272,0.386363636,0.088235294,0.164705882,99.0,5.1802327591964215,1048.0,1855.0,2903.0,0.37104072,0.35294118,0.2760181,0.16289593,0.53393665,0.30316742
92,Antonio Senzatela,COL,0.38271604938271603,2.0125,0.260736196,0.49386503,0.245398773,0.075,0.1125,46.0,4.4837546670051145,572.0,949.0,1521.0,0.33933934,0.35435435,0.30630631,0.13513514,0.53153153,0.33333333
93,Graham Ashcraft,CIN,0.313953488372093,2.193181818,0.206214689,0.54519774,0.24858757,0.079545454,0.125,56.0,4.800000261579255,626.0,1130.0,1756.0,0.34084507,0.38591549,0.27323944,0.1915493,0.51549296,0.29295775
94,Cole Irvin,OAK,0.27339449541284405,0.894514767,0.202486678,0.376554174,0.420959147,0.071729957,0.105485232,72.0,3.5801105915541305,831.0,1779.0,2610.0,0.3754386,0.35964912,0.26491228,0.13157895,0.54736842,0.32105263
95,Germán Márquez,COL,0.29135338345864664,1.494382022,0.205724508,0.475849731,0.31842576,0.06741573,0.168539325,94.0,4.656880799136112,988.0,1851.0,2839.0,0.39323843,0.3683274,0.23843416,0.11032028,0.52846975,0.36120996
96,Adrian Sampson,CHC,0.292358803986711,0.992,0.196774193,0.4,0.403225806,0.08,0.08,37.0,3.375000119612028,612.0,1008.0,1620.0,0.40192926,0.36334405,0.23472669,0.15755627,0.59163987,0.25080386
97,Aaron Civale,CLE,0.29699248120300753,1.074766355,0.204301075,0.412186379,0.383512544,0.102803738,0.130841121,54.0,5.010309426130003,570.0,1018.0,1588.0,0.48214286,0.30714286,0.21071429,0.16785714,0.51785714,0.31428571
98,José Urquidy,HOU,0.2670940170940171,0.809090909,0.192697768,0.361054766,0.446247464,0.104545454,0.122727272,114.0,6.320328702993751,834.0,1762.0,2596.0,0.43838384,0.32525253,0.23636364,0.16767677,0.52525253,0.30707071
99,Jake Odorizzi,2 Tms,0.2920634920634921,0.679738562,0.216463414,0.31707317,0.466463414,0.143790849,0.091503267,46.0,3.8934171163167015,656.0,1142.0,1798.0,0.31306991,0.36778116,0.31914894,0.19452888,0.56231003,0.24316109
100,Brayan Bello,BOS,0.4,2.195121951,0.229411764,0.529411764,0.24117647,0.048780487,0.024390243,20.0,3.4394904667525714,349.0,567.0,916.0,0.38596491,0.3625731,0.25146199,0.15204678,0.56725146,0.28070175
101,Drew Smyly,CHC,0.2750809061488673,0.948905109,0.175925925,0.401234567,0.422839506,0.145985401,0.116788321,56.0,4.739812096435993,597.0,1217.0,1814.0,0.48307692,0.29846154,0.21846154,0.19384615,0.48615385,0.32
102,Austin Voth,BAL,0.28440366972477066,0.689320388,0.226666666,0.315555555,0.457777777,0.106796116,0.08737864,37.0,4.362445542019501,451.0,795.0,1246.0,0.38053097,0.31415929,0.30530973,0.17256637,0.53982301,0.28761062
103,Mitch White,2 Tms,0.3151750972762646,1.225806451,0.206896551,0.436781609,0.356321839,0.107526881,0.075268817,37.0,4.179916551497518,505.0,898.0,1403.0,0.38257576,0.35606061,0.26136364,0.16666667,0.51893939,0.31439394
104,Zach Eflin,PHI,0.2871287128712871,1.166666666,0.191387559,0.435406698,0.373205741,0.076923076,0.102564102,45.0,5.955882436470178,386.0,705.0,1091.0,0.44761905,0.30952381,0.24285714,0.23809524,0.55238095,0.20952381
105,Eric Lauer,MIL,0.25961538461538464,0.760416666,0.221198156,0.336405529,0.442396313,0.078125,0.140625,82.0,4.651260606709381,958.0,1718.0,2676.0,0.36446469,0.38041002,0.25512528,0.17767654,0.4738041,0.34851936
106,Dakota Hudson,STL,0.30303030303030304,1.917355371,0.188505747,0.533333333,0.278160919,0.066115702,0.074380165,85.0,5.597561196951844,886.0,1322.0,2208.0,0.43150685,0.35616438,0.21232877,0.15296804,0.5456621,0.30136986
107,Matt Manning,DET,0.25925925925925924,1.025641025,0.189743589,0.41025641,0.4,0.141025641,0.076923076,26.0,3.714285770511412,345.0,645.0,990.0,0.40512821,0.33333333,0.26153846,0.17948718,0.4974359,0.32307692
108,Nathan Eovaldi,BOS,0.2984126984126984,1.286885245,0.164670658,0.47005988,0.365269461,0.114754098,0.172131147,58.0,4.77439042436517,549.0,1190.0,1739.0,0.41369048,0.36309524,0.22321429,0.13690476,0.47916667,0.38392857
109,Michael Kopech,CHW,0.2229299363057325,0.735849056,0.158536585,0.356707317,0.484756097,0.106918238,0.094339622,43.0,3.2430168477869143,763.0,1248.0,2011.0,0.41337386,0.34346505,0.24316109,0.17021277,0.54103343,0.2887538
110,Michael Lorenzen,LAA,0.26217228464419473,1.561797752,0.176895306,0.501805054,0.321299638,0.11235955,0.123595505,54.0,4.976109393179061,631.0,1023.0,1654.0,0.41726619,0.32733813,0.25539568,0.17625899,0.55395683,0.26978417
111,Adrian Houser,MIL,0.29012345679012347,1.545454545,0.234042553,0.465045592,0.300911854,0.131313131,0.08080808,49.0,4.380794854160156,726.0,1093.0,1819.0,0.40963855,0.36445783,0.22590361,0.18373494,0.43975904,0.37650602
112,Walker Buehler,LAD,0.31216931216931215,1.492063492,0.198979591,0.479591836,0.321428571,0.079365079,0.126984126,50.0,6.923077024651704,374.0,672.0,1046.0,0.40609137,0.34517766,0.24873096,0.18274112,0.50761421,0.30964467
113,Spenser Watkins,BAL,0.284789644012945,1.182608695,0.205696202,0.430379746,0.36392405,0.095652173,0.086956521,33.0,3.1263159463940644,516.0,944.0,1460.0,0.43573668,0.30721003,0.25705329,0.14106583,0.53918495,0.31974922
114,Sean Manaea,SDP,0.29285714285714287,0.888888888,0.194130925,0.379232505,0.426636568,0.084656084,0.153439153,77.0,4.529411849403603,799.0,1606.0,2405.0,0.4454343,0.33853007,0.21603563,0.14699332,0.53006682,0.32293987
115,Tyler Wells,BAL,0.24584717607973422,0.787671232,0.168789808,0.366242038,0.464968152,0.157534246,0.109589041,59.0,5.122186620833385,563.0,1086.0,1649.0,0.42586751,0.29968454,0.27444795,0.1829653,0.53943218,0.27760252
116,Chris Paddack,MIN,0.35714285714285715,1.363636363,0.235294117,0.44117647,0.323529411,0.136363636,0.0,6.0,2.4179105854268195,112.0,255.0,367.0,0.4,0.32857143,0.27142857,0.15714286,0.6,0.24285714
117,Austin Gomber,COL,0.3271375464684015,1.096153846,0.215827338,0.410071942,0.374100719,0.048076923,0.125,46.0,4.722433648442207,519.0,928.0,1447.0,0.43262411,0.36524823,0.20212766,0.15248227,0.5248227,0.32269504
118,Trevor Rogers,MIA,0.3300653594771242,1.175438596,0.222570532,0.420062695,0.357366771,0.052631578,0.131578947,50.0,4.205607664055141,697.0,1243.0,1940.0,0.42056075,0.34267913,0.23676012,0.19314642,0.51713396,0.28971963
119,Dane Dunning,TEX,0.3129251700680272,1.833333333,0.176211453,0.533039647,0.290748898,0.053030303,0.151515151,78.0,4.578261049907021,962.0,1586.0,2548.0,0.45869565,0.35217391,0.18913043,0.15,0.5173913,0.3326087
120,MacKenzie Gore,SDP,0.3107344632768362,0.930555555,0.236263736,0.368131868,0.395604395,0.083333333,0.083333333,34.0,4.683673628912728,433.0,732.0,1165.0,0.34972678,0.3442623,0.30601093,0.1420765,0.50273224,0.35519126
121,José Berríos,TOR,0.32755298651252407,1.013953488,0.199630314,0.402957486,0.397412199,0.079069767,0.13488372,112.0,5.860465344752805,897.0,1824.0,2721.0,0.36263736,0.35897436,0.27838828,0.15750916,0.53479853,0.30769231
122,Ian Anderson,ATL,0.3130699088145897,1.582524271,0.217647058,0.479411764,0.302941176,0.067961165,0.116504854,97.0,7.817910759344388,797.0,1208.0,2005.0,0.47507331,0.30498534,0.21994135,0.14076246,0.57184751,0.28739003
123,Andrew Heaney,LAD,0.2785714285714286,0.764705882,0.194630872,0.348993288,0.456375838,0.088235294,0.19117647,57.0,7.93299000270057,366.0,733.0,1099.0,0.41176471,0.33986928,0.24836601,0.16993464,0.49019608,0.33986928
124,Jakob Junis,SFG,0.3127413127413127,1.204301075,0.237918215,0.416356877,0.345724907,0.075268817,0.129032258,58.0,6.214285996495474,478.0,912.0,1390.0,0.39114391,0.36900369,0.2398524,0.13284133,0.58671587,0.2804428
125,José Ureña,COL,0.3205574912891986,1.795180722,0.216216216,0.503378378,0.280405405,0.072289156,0.120481927,24.0,2.417910533802208,586.0,915.0,1501.0,0.46801347,0.31986532,0.21212121,0.16498316,0.5016835,0.33333333
126,Roansy Contreras,PIT,0.2619047619047619,0.793103448,0.209125475,0.349809885,0.441064638,0.129310344,0.103448275,37.0,3.8129772380281857,517.0,942.0,1459.0,0.46590909,0.30681818,0.22727273,0.15151515,0.49242424,0.35606061
127,Daniel Lynch IV,KCR,0.335,1.116129032,0.213429256,0.414868105,0.371702637,0.058064516,0.13548387,62.0,4.237974888184699,895.0,1540.0,2435.0,0.41805226,0.34204276,0.23990499,0.13539192,0.48456057,0.38004751
128,Lance McCullers Jr.,HOU,0.2773109243697479,1.605263157,0.18852459,0.5,0.311475409,0.078947368,0.105263157,21.0,3.9650350179210077,295.0,464.0,759.0,0.41463415,0.33333333,0.25203252,0.17073171,0.6097561,0.2195122
129,Paul Blackburn,OAK,0.2896341463414634,1.49074074,0.208823529,0.473529411,0.317647058,0.092592592,0.138888888,57.0,4.607784602174359,665.0,1097.0,1762.0,0.42565598,0.36443149,0.20991254,0.16618076,0.52769679,0.30612245
130,Zach Plesac,CLE,0.2903225806451613,1.03726708,0.21718377,0.398568019,0.38424821,0.080745341,0.118012422,42.0,2.8928572625008737,742.0,1405.0,2147.0,0.46682464,0.29383886,0.23933649,0.14218009,0.54976303,0.30805687
131,Kyle Bradish,BAL,0.31097560975609756,1.368421052,0.210526315,0.45614035,0.333333333,0.087719298,0.149122807,58.0,4.436260862931901,771.0,1222.0,1993.0,0.38081395,0.38953488,0.22965116,0.12790698,0.5494186,0.32267442
132,Dylan Bundy,MIN,0.28475336322869954,0.742990654,0.201284796,0.340471092,0.458244111,0.102803738,0.112149532,91.0,5.850000199249819,674.0,1506.0,2180.0,0.44255319,0.31489362,0.24255319,0.17446809,0.50425532,0.3212766
133,Bailey Falter,PHI,0.2971698113207547,0.744897959,0.243362831,0.323008849,0.433628318,0.091836734,0.142857142,42.0,4.930434946157536,381.0,811.0,1192.0,0.38495575,0.37168142,0.24336283,0.16371681,0.54424779,0.2920354
134,Garrett Whitlock,BOS,0.3153153153153153,1.155555555,0.163793103,0.448275862,0.387931034,0.177777777,0.111111111,27.0,6.230769230769231,220.0,425.0,645.0,0.37931034,0.30172414,0.31896552,0.18103448,0.49137931,0.32758621
135,Bryce Elder,ATL,0.25,1.6,0.176056338,0.507042253,0.316901408,0.111111111,0.088888888,23.0,4.006451810108397,319.0,504.0,823.0,0.45138889,0.36805556,0.18055556,0.15972222,0.58333333,0.25694444
136,Patrick Corbin,WSN,0.3645418326693227,1.341040462,0.228571428,0.441904761,0.329523809,0.075144508,0.156069364,48.0,2.8296944443015386,942.0,1681.0,2623.0,0.3705104,0.38185255,0.24763705,0.13610586,0.46502836,0.39886578
137,Tylor Megill,NYM,0.30275229357798167,1.297297297,0.241071428,0.428571428,0.330357142,0.108108108,0.162162162,23.0,5.0080647857454785,246.0,449.0,695.0,0.43478261,0.33913043,0.22608696,0.15652174,0.57391304,0.26956522
138,Connor Overton,CIN,0.20833333333333334,1.192307692,0.208333333,0.430555555,0.361111111,0.153846153,0.0,9.0,3.2837839953824632,126.0,215.0,341.0,0.375,0.41666667,0.20833333,0.13888889,0.59722222,0.26388889
139,Domingo Germán,NYY,0.2623762376237624,0.977272727,0.179245283,0.405660377,0.415094339,0.193181818,0.125,27.0,3.4386794154395406,341.0,703.0,1044.0,0.46948357,0.36150235,0.16901408,0.14553991,0.56807512,0.28638498
140,Brad Keller,KCR,0.2924281984334204,1.697478991,0.193467336,0.507537688,0.298994974,0.06722689,0.134453781,35.0,2.5749319670937445,728.0,1209.0,1937.0,0.38596491,0.38847118,0.22556391,0.13283208,0.57894737,0.28822055
141,Ryan Yarbrough,TBR,0.30327868852459017,0.735849056,0.258064516,0.314516129,0.427419354,0.188679245,0.056603773,9.0,2.0082646210934207,234.0,435.0,669.0,0.368,0.4,0.232,0.184,0.56,0.256
142,Hayden Wesneski,CHC,0.2537313432835821,1.23076923,0.121212121,0.484848484,0.393939393,0.115384615,0.038461538,8.0,2.9589041482442586,119.0,228.0,347.0,0.42647059,0.33823529,0.23529412,0.22058824,0.64705882,0.13235294
143,Eduardo Rodriguez,DET,0.2767527675276753,1.163461538,0.193548387,0.433691756,0.372759856,0.086538461,0.115384615,41.0,4.054945226255333,537.0,932.0,1469.0,0.39575972,0.35335689,0.25088339,0.15547703,0.55477032,0.28975265
144,Kris Bubic,KCR,0.35294117647058826,1.231343283,0.258064516,0.40942928,0.332506203,0.052238805,0.126865671,58.0,4.0781252459237445,833.0,1415.0,2248.0,0.38970588,0.3504902,0.25980392,0.15931373,0.50980392,0.33088235
145,Davis Martin,CHW,0.31386861313868614,0.943396226,0.269503546,0.354609929,0.375886524,0.150943396,0.094339622,15.0,3.0451129347994135,254.0,508.0,762.0,0.39716312,0.35460993,0.24822695,0.14184397,0.5248227,0.33333333
146,Steven Matz,STL,0.33620689655172414,1.045454545,0.274193548,0.370967741,0.354838709,0.068181818,0.181818181,30.0,6.328125235741036,250.0,517.0,767.0,0.38709677,0.34677419,0.26612903,0.18548387,0.55645161,0.25806452
147,Andre Pallante,STL,0.3333333333333333,3.387096774,0.204678362,0.614035087,0.181286549,0.032258064,0.193548387,23.0,3.8098161069525545,317.0,547.0,864.0,0.38596491,0.28070175,0.33333333,0.1754386,0.51461988,0.30994152
148,Ryan Feltner,COL,0.2996389891696751,1.017094017,0.191780821,0.407534246,0.400684931,0.076923076,0.136752136,54.0,5.17021302822869,599.0,1020.0,1619.0,0.38356164,0.36986301,0.24657534,0.14041096,0.50684932,0.35273973
149,Chris Archer,MIN,0.25862068965517243,1.18018018,0.193333333,0.436666666,0.37,0.063063063,0.108108108,48.0,4.207792272936095,704.0,1083.0,1787.0,0.38870432,0.34219269,0.26910299,0.13953488,0.48837209,0.37209302
150,Johan Oviedo,2 Tms,0.2815533980582524,1.647058823,0.142857142,0.533333333,0.323809523,0.147058823,0.058823529,18.0,4.542056155731632,237.0,404.0,641.0,0.53333333,0.22857143,0.23809524,0.15238095,0.56190476,0.28571429
151,Joey Wentz,DET,0.22826086956521738,0.85,0.204301075,0.365591397,0.430107526,0.025,0.05,17.0,4.683673834016281,217.0,338.0,555.0,0.39361702,0.36170213,0.24468085,0.18085106,0.5212766,0.29787234
152,Drey Jameson,ARI,0.28125,2.642857142,0.227272727,0.56060606,0.212121212,0.071428571,0.142857142,16.0,5.917808296488517,129.0,240.0,369.0,0.5,0.31818182,0.18181818,0.16666667,0.45454545,0.37878788
153,Aaron Ashby,MIL,0.3130434782608696,1.859154929,0.157676348,0.547717842,0.294605809,0.056338028,0.211267605,37.0,3.7840911141358244,559.0,982.0,1541.0,0.39591837,0.34693878,0.25714286,0.17142857,0.55102041,0.27755102
154,Wade Miley,CHC,0.26666666666666666,1.757575757,0.14953271,0.542056074,0.308411214,0.181818181,0.09090909,18.0,4.628571428571429,205.0,349.0,554.0,0.42592593,0.30555556,0.26851852,0.18518519,0.53703704,0.27777778
155,Clarke Schmidt,NYY,0.40625,1.4,0.2,0.466666666,0.333333333,0.0,0.0,1.0,0.7714286134680947,56.0,140.0,196.0,0.375,0.3125,0.3125,0.0,0.625,0.375
156,Daulton Jefferies,OAK,0.3230769230769231,1.24,0.157894736,0.466165413,0.375939849,0.06,0.08,8.0,1.8305084893704147,224.0,387.0,611.0,0.41044776,0.32089552,0.26865672,0.12686567,0.58208955,0.29104478
157,Chad Kuhl,COL,0.31026252983293556,0.92,0.236363636,0.36590909,0.397727272,0.097142857,0.142857142,51.0,3.3503651267598555,914.0,1461.0,2375.0,0.4481982,0.31306306,0.23873874,0.13513514,0.48423423,0.38063063
158,Zach Davies,ARI,0.25699745547073793,1.080745341,0.174876847,0.428571428,0.396551724,0.105590062,0.130434782,46.0,3.0818859946481263,907.0,1385.0,2292.0,0.41304348,0.35990338,0.22705314,0.18357488,0.51449275,0.30193237
159,Hunter Brown,HOU,0.26666666666666666,2.714285714,0.133333333,0.633333333,0.233333333,0.142857142,0.0,7.0,5.25,48.0,113.0,161.0,0.36666667,0.43333333,0.2,0.03333333,0.53333333,0.43333333
160,Kutter Crawford,BOS,0.313953488372093,0.716049382,0.227777777,0.322222222,0.45,0.098765432,0.12345679,24.0,3.521739258207315,356.0,628.0,984.0,0.42857143,0.36263736,0.20879121,0.14285714,0.48351648,0.37362637
161,Josh Winder,MIN,0.2848101265822785,0.701298701,0.210843373,0.325301204,0.463855421,0.129870129,0.103896103,30.0,5.0943398059751335,314.0,567.0,881.0,0.42771084,0.37349398,0.19879518,0.18072289,0.54216867,0.27710843
162,Edward Cabrera,MIA,0.2073170731707317,1.184615384,0.164705882,0.452941176,0.382352941,0.076923076,0.153846153,50.0,6.279070073814262,469.0,746.0,1215.0,0.42528736,0.33333333,0.24137931,0.16091954,0.56321839,0.27586207
163,JP Sears,2 Tms,0.30864197530864196,0.914285714,0.19760479,0.383233532,0.419161676,0.185714285,0.1,21.0,3.5886077032393353,300.0,551.0,851.0,0.37869822,0.36094675,0.26035503,0.17159763,0.44970414,0.37869822
164,Chris Flexen,SEA,0.27925531914893614,0.728813559,0.211340206,0.332474226,0.456185567,0.101694915,0.096045197,62.0,4.611570393320206,755.0,1203.0,1958.0,0.35114504,0.36386768,0.28498728,0.15776081,0.52926209,0.3129771
165,Madison Bumgarner,ARI,0.3061630218687873,0.880733944,0.211538461,0.369230769,0.419230769,0.082568807,0.114678899,69.0,3.9138656089504726,962.0,1753.0,2715.0,0.47727273,0.32386364,0.19886364,0.11931818,0.49621212,0.3844697
166,Mike Clevinger,SDP,0.2398753894080997,0.746835443,0.185840707,0.348082595,0.466076696,0.11392405,0.126582278,70.0,5.608308764050446,685.0,1207.0,1892.0,0.4516129,0.31085044,0.23753666,0.18475073,0.52199413,0.29325513
167,Tanner Houck,BOS,0.3191489361702128,1.909090909,0.304347826,0.456521739,0.239130434,0.09090909,0.0,7.0,3.780000360488926,110.0,167.0,277.0,0.36170213,0.38297872,0.25531915,0.17021277,0.5106383,0.31914894
168,Javier Assad,CHC,0.26605504587155965,0.934782608,0.21238938,0.380530973,0.407079646,0.239130434,0.086956521,17.0,4.172727345080417,262.0,407.0,669.0,0.4159292,0.27433628,0.30973451,0.23893805,0.46902655,0.2920354
169,Alex Faedo,DET,0.33532934131736525,0.710526315,0.248554913,0.312138728,0.439306358,0.105263157,0.092105263,15.0,2.515528069515255,365.0,602.0,967.0,0.40804598,0.37931034,0.21264368,0.10344828,0.54597701,0.35057471
170,John Brebbia,SFG,0.29411764705882354,0.933333333,0.147058823,0.411764705,0.44117647,0.066666666,0.0,11.0,9.0,51.0,113.0,164.0,0.38235294,0.32352941,0.29411765,0.17647059,0.58823529,0.23529412
171,John Means,BAL,0.32,1.111111111,0.24,0.4,0.36,0.222222222,0.0,0.0,0.0,47.0,88.0,135.0,0.56,0.28,0.16,0.28,0.48,0.24
172,Luis Ortiz,PIT,0.17073170731707318,1.058823529,0.146341463,0.43902439,0.414634146,0.235294117,0.058823529,3.0,1.687500207452129,100.0,175.0,275.0,0.33333333,0.35714286,0.30952381,0.21428571,0.54761905,0.23809524
173,James Kaprielian,OAK,0.2631578947368421,0.865921787,0.187347931,0.377128953,0.435523114,0.072625698,0.089385474,50.0,3.358209074725289,820.0,1410.0,2230.0,0.4,0.33493976,0.26506024,0.14698795,0.5373494,0.31566265
174,Kyle Hendricks,CHC,0.28225806451612906,0.846846846,0.211538461,0.361538461,0.426923076,0.099099099,0.135135135,60.0,6.403162369110314,491.0,856.0,1347.0,0.40076336,0.32824427,0.27099237,0.1870229,0.49618321,0.31679389
175,Ryne Nelson,ARI,0.15555555555555556,0.379310344,0.14893617,0.234042553,0.617021276,0.103448275,0.068965517,4.0,1.9636363976849018,94.0,159.0,253.0,0.31914894,0.38297872,0.29787234,0.14893617,0.57446809,0.27659574
176,Erick Fedde,WSN,0.32,1.174496644,0.224880382,0.418660287,0.35645933,0.114093959,0.140939597,64.0,4.535433309269951,962.0,1458.0,2420.0,0.39904988,0.3824228,0.21852732,0.17339667,0.5368171,0.28978622
177,J.P. Feyereisen,TBR,0.0,0.166666666,0.0,0.142857142,0.857142857,0.5,0.0,4.0,9.0,19.0,33.0,52.0,0.14285714,0.28571429,0.57142857,0.57142857,0.14285714,0.28571429
178,Dustin May,LAD,0.23684210526315788,1.739130434,0.192307692,0.512820512,0.294871794,0.130434782,0.130434782,17.0,5.1,177.0,297.0,474.0,0.43037975,0.3164557,0.25316456,0.24050633,0.53164557,0.2278481
179,Ken Waldichuk,OAK,0.2872340425531915,0.813953488,0.212121212,0.353535353,0.434343434,0.093023255,0.116279069,20.0,5.192307930373592,209.0,377.0,586.0,0.4040404,0.33333333,0.26262626,0.13131313,0.53535354,0.33333333
180,Chase Anderson,CIN,0.24528301886792453,1.75,0.2,0.509090909,0.29090909,0.125,0.125,10.0,4.02985098108893,189.0,272.0,461.0,0.49090909,0.34545455,0.16363636,0.21818182,0.52727273,0.25454545
181,Austin Davis,BOS,0.08333333333333333,2.0,0.0,0.666666666,0.333333333,0.0,0.0,0.0,0.0,35.0,61.0,96.0,0.58333333,0.08333333,0.33333333,0.08333333,0.75,0.16666667
182,Luis Cessa,CIN,0.2578125,1.134615384,0.177777777,0.437037037,0.385185185,0.096153846,0.153846153,7.0,1.4318182438858311,242.0,425.0,667.0,0.44117647,0.39705882,0.16176471,0.125,0.55147059,0.32352941
183,Cole Ragans,TEX,0.296,0.921568627,0.246153846,0.361538461,0.392307692,0.215686274,0.117647058,11.0,2.4750000590086,270.0,436.0,706.0,0.46564885,0.26717557,0.26717557,0.17557252,0.46564885,0.35877863
184,Dillon Peters,PIT,0.25,1.222222222,0.285714285,0.392857142,0.321428571,0.0,0.0,0.0,0.0,51.0,83.0,134.0,0.46428571,0.32142857,0.21428571,0.03571429,0.64285714,0.32142857
185,Aaron Sanchez,2 Tms,0.3825503355704698,1.790697674,0.2,0.513333333,0.286666666,0.0,0.139534883,38.0,7.772727778135285,274.0,495.0,769.0,0.38064516,0.41290323,0.20645161,0.07741935,0.55483871,0.36774194
186,Louis Varland,MIN,0.2972972972972973,0.875,0.23076923,0.358974358,0.41025641,0.09375,0.125,16.0,5.538461741611105,131.0,280.0,411.0,0.44871795,0.29487179,0.25641026,0.15384615,0.47435897,0.37179487
187,Trevor Richards,TOR,0.45454545454545453,0.5,0.454545454,0.181818181,0.363636363,0.0,0.0,1.0,2.0769232435692127,29.0,51.0,80.0,0.36363636,0.45454545,0.18181818,0.0,0.45454545,0.54545455
188,Jalen Beeks,TBR,0.35294117647058826,1.0,0.314285714,0.342857142,0.342857142,0.166666666,0.083333333,2.0,1.4210527029063929,74.0,132.0,206.0,0.37142857,0.42857143,0.2,0.2,0.45714286,0.34285714
189,Mike Baumann,BAL,0.375,1.947368421,0.151515151,0.56060606,0.287878787,0.052631578,0.105263157,8.0,3.9272727953698037,104.0,190.0,294.0,0.40909091,0.37878788,0.21212121,0.10606061,0.5,0.39393939
190,Konnor Pilkington,CLE,0.2980132450331126,1.0,0.217948717,0.391025641,0.391025641,0.098360655,0.098360655,26.0,4.58823555151073,373.0,558.0,931.0,0.35031847,0.34394904,0.30573248,0.17834395,0.50318471,0.31847134
191,Austin Pruitt,OAK,0.0,1.5,0.0,0.6,0.4,0.166666666,0.0,3.0,5.4,14.0,41.0,55.0,0.33333333,0.4,0.26666667,0.13333333,0.6,0.26666667
192,Chris Sale,BOS,0.2777777777777778,3.0,0.333333333,0.5,0.166666666,0.0,0.0,2.0,3.176470978037344,34.0,68.0,102.0,0.33333333,0.44444444,0.22222222,0.16666667,0.44444444,0.38888889
193,Luis Gil,NYY,0.4166666666666667,1.666666666,0.333333333,0.416666666,0.25,0.333333333,0.0,6.0,13.5,29.0,54.0,83.0,0.33333333,0.16666667,0.5,0.16666667,0.5,0.33333333
194,Touki Toussaint,LAA,0.29411764705882354,1.333333333,0.125,0.5,0.375,0.166666666,0.0,3.0,3.521739422486299,58.0,75.0,133.0,0.47058824,0.17647059,0.35294118,0.11764706,0.58823529,0.29411765
195,Jake Woodford,STL,0.21052631578947367,1.5,0.210526315,0.47368421,0.315789473,0.333333333,0.0,7.0,11.812500704079909,29.0,47.0,76.0,0.42105263,0.26315789,0.31578947,0.21052632,0.57894737,0.21052632
196,Bryan Baker,BAL,0.3333333333333333,0.166666666,0.222222222,0.111111111,0.666666666,0.333333333,0.0,1.0,2.454545880152248,22.0,38.0,60.0,0.66666667,0.22222222,0.11111111,0.44444444,0.33333333,0.22222222
197,Taylor Hearn,TEX,0.358695652173913,1.014084507,0.2513089,0.37696335,0.371727748,0.070422535,0.126760563,36.0,5.4915256900234075,389.0,681.0,1070.0,0.40932642,0.32642487,0.2642487,0.12953368,0.49222798,0.37823834
198,Sam Long,SFG,0.2926829268292683,0.8,0.142857142,0.38095238,0.476190476,0.05,0.1,9.0,6.567567736846505,65.0,130.0,195.0,0.30232558,0.51162791,0.18604651,0.20930233,0.53488372,0.25581395
199,Janson Junk,LAA,0.42105263157894735,2.2,0.2,0.55,0.25,0.0,0.2,4.0,4.909091121894278,53.0,88.0,141.0,0.35,0.5,0.15,0.05,0.6,0.35
200,Jimmy Herget,LAA,0.125,6.0,0.125,0.75,0.125,1.0,0.0,2.0,6.0,17.0,26.0,43.0,0.25,0.5,0.25,0.5,0.25,0.25
201,Nick Nelson,PHI,0.5555555555555556,2.0,0.0,0.666666666,0.333333333,0.333333333,0.0,2.0,4.5,39.0,46.0,85.0,0.44444444,0.11111111,0.44444444,0.33333333,0.44444444,0.22222222
202,Fernando Cruz,CIN,0.0,0.25,0.285714285,0.142857142,0.571428571,0.25,0.0,0.0,0.0,15.0,28.0,43.0,0.28571429,0.71428571,0.0,0.14285714,0.57142857,0.28571429
203,Jhonathan Díaz,LAA,0.2903225806451613,2.833333333,0.258064516,0.548387096,0.193548387,0.166666666,0.0,4.0,3.176470944625736,84.0,99.0,183.0,0.5483871,0.22580645,0.22580645,0.06451613,0.58064516,0.35483871
204,Tyler Glasnow,TBR,0.23076923076923078,0.714285714,0.142857142,0.357142857,0.5,0.0,0.142857142,4.0,5.40000051498418,41.0,73.0,114.0,0.57142857,0.28571429,0.14285714,0.0,0.35714286,0.64285714
205,Scott Alexander,SFG,0.2,10.0,0.214285714,0.714285714,0.071428571,0.0,0.0,1.0,2.076923229285257,19.0,37.0,56.0,0.66666667,0.2,0.13333333,0.4,0.46666667,0.13333333
206,Cooper Criswell,TBR,0.25,1.666666666,0.0,0.625,0.375,0.0,0.0,1.0,2.70000025749209,13.0,32.0,45.0,0.375,0.5,0.125,0.125,0.625,0.25
207,Beau Brieske,DET,0.24081632653061225,0.857142857,0.1875,0.375,0.4375,0.080357142,0.125,30.0,3.3061225519335236,458.0,829.0,1287.0,0.3976834,0.37451737,0.22779923,0.16602317,0.49034749,0.34362934
208,Shane Baz,TBR,0.3055555555555556,1.269230769,0.233766233,0.428571428,0.337662337,0.038461538,0.192307692,15.0,5.000000353212735,164.0,280.0,444.0,0.4025974,0.41558442,0.18181818,0.12987013,0.44155844,0.42857143
209,Reynaldo López,CHW,0.25,1.0,0.5,0.25,0.25,0.0,0.0,1.0,4.5,5.0,19.0,24.0,0.25,0.5,0.25,0.0,0.75,0.25
210,Humberto Castellanos,ARI,0.29457364341085274,0.814814814,0.274074074,0.325925925,0.4,0.111111111,0.129629629,24.0,5.225806732951804,248.0,448.0,696.0,0.42222222,0.34074074,0.23703704,0.14814815,0.54074074,0.31111111
211,DL Hall,BAL,0.5,1.333333333,0.3,0.4,0.3,0.0,0.0,2.0,4.909091760304496,29.0,47.0,76.0,0.4,0.3,0.3,0.1,0.6,0.3
212,Keegan Akin,BAL,0.4,0.333333333,0.2,0.2,0.6,0.0,0.0,1.0,3.8571433826369397,16.0,26.0,42.0,0.4,0.0,0.6,0.2,0.6,0.2
213,Matt Wisler,TBR,0.15789473684210525,0.777777777,0.2,0.35,0.45,0.222222222,0.111111111,6.0,7.043478844972598,33.0,76.0,109.0,0.45,0.3,0.25,0.3,0.45,0.25
214,Denyi Reyes,BAL,0.2857142857142857,0.833333333,0.214285714,0.357142857,0.428571428,0.333333333,0.0,4.0,9.818183520608992,22.0,39.0,61.0,0.42857143,0.57142857,0.0,0.28571429,0.5,0.21428571
215,Rony García,DET,0.2524271844660194,0.647058823,0.236363636,0.3,0.463636363,0.137254901,0.137254901,27.0,6.567567736846505,242.0,396.0,638.0,0.39090909,0.37272727,0.23636364,0.15454545,0.50909091,0.33636364
216,Shawn Armstrong,TBR,0.21052631578947367,3.75,0.05,0.75,0.2,0.0,0.25,3.0,3.521739422486299,32.0,77.0,109.0,0.5,0.25,0.25,0.05,0.75,0.2
217,Casey Mize,DET,0.3157894736842105,0.777777777,0.157894736,0.368421052,0.47368421,0.055555555,0.055555555,2.0,1.8,65.0,104.0,169.0,0.17948718,0.48717949,0.33333333,0.07692308,0.61538462,0.30769231
218,Caleb Ferguson,LAD,0.0,0.0,0.0,0.0,0.0,0.0,0.0,0.0,0.0,2.0,9.0,11.0,,,,,,
219,Yonny Chirinos,TBR,0.23076923076923078,5.5,0.0,0.846153846,0.153846153,0.0,0.0,1.0,2.25,15.0,32.0,47.0,0.38461538,0.53846154,0.07692308,0.0,0.69230769,0.30769231
220,Drew Hutchison,DET,0.3003412969283277,1.107142857,0.22368421,0.407894736,0.368421052,0.089285714,0.125,59.0,5.921933316444434,548.0,935.0,1483.0,0.43973941,0.30944625,0.25081433,0.12052117,0.53745928,0.34201954
221,Joan Adon,WSN,0.33663366336633666,1.455882352,0.193236714,0.478260869,0.328502415,0.058823529,0.117647058,15.0,2.0876289788664923,470.0,734.0,1204.0,0.45238095,0.3047619,0.24285714,0.16666667,0.51904762,0.31428571
222,Jeff Hoffman,CIN,0.3333333333333333,1.0,0.333333333,0.333333333,0.333333333,0.0,0.0,0.0,0.0,13.0,21.0,34.0,0.66666667,0.33333333,0.0,0.0,1.0,0.0
223,Steven Wilson,SDP,0.0,1.0,0.0,1.0,0.0,0.0,0.0,2.0,18.0,3.0,9.0,12.0,0.0,0.0,1.0,0.0,1.0,0.0
224,Gabe Speier,KCR,0.0,0.666666666,0.0,0.4,0.6,0.0,0.0,1.0,4.5,6.0,11.0,17.0,0.4,0.2,0.4,0.0,1.0,0.0
225,Julian Merryweather,TOR,0.5,3.0,0.0,0.75,0.25,1.0,0.0,0.0,0.0,5.0,11.0,16.0,0.5,0.25,0.25,0.25,0.5,0.25
226,Vince Velasquez,CHW,0.2807017543859649,0.75,0.190082644,0.347107438,0.462809917,0.125,0.142857142,26.0,5.949152878939662,237.0,449.0,686.0,0.36885246,0.33606557,0.29508197,0.12295082,0.51639344,0.36065574
227,Erik Swanson,SEA,0.0,1.5,0.0,0.6,0.4,0.0,0.0,0.0,0.0,7.0,18.0,25.0,0.6,0.2,0.2,0.4,0.4,0.2
228,Ty Blach,COL,0.42857142857142855,1.0,0.285714285,0.357142857,0.357142857,0.2,0.0,4.0,12.0,15.0,31.0,46.0,0.28571429,0.35714286,0.35714286,0.28571429,0.14285714,0.57142857
229,Cade Cavalli,WSN,0.5,1.2,0.083333333,0.5,0.416666666,0.0,0.0,1.0,2.076923229285257,42.0,57.0,99.0,0.08333333,0.5,0.41666667,0.0,0.58333333,0.41666667
230,Hyun Jin Ryu,TOR,0.3068181818181818,1.235294117,0.173913043,0.456521739,0.369565217,0.029411764,0.147058823,21.0,7.000000247248906,143.0,252.0,395.0,0.47311828,0.32258065,0.20430108,0.09677419,0.52688172,0.37634409
231,Nabil Crismatt,SDP,0.2,4.0,0.0,0.8,0.2,0.0,0.0,6.0,18.0,26.0,27.0,53.0,0.4,0.6,0.0,0.2,0.4,0.4
232,Chris Stratton,PIT,0.2222222222222222,0.166666666,0.222222222,0.111111111,0.666666666,0.0,0.0,1.0,3.8571433826369397,12.0,19.0,31.0,0.11111111,0.44444444,0.44444444,0.0,0.44444444,0.55555556
233,Penn Murfee,SEA,0.2,0.666666666,0.0,0.4,0.6,0.0,0.0,0.0,0.0,12.0,22.0,34.0,0.4,0.0,0.6,0.0,0.6,0.4
234,Jimmy Lambert,CHW,0.2857142857142857,1.25,0.181818181,0.454545454,0.363636363,0.125,0.125,0.0,0.0,47.0,75.0,122.0,0.36363636,0.31818182,0.31818182,0.18181818,0.59090909,0.22727273
235,Brusdar Graterol,LAD,0.6,3.0,0.2,0.6,0.2,0.0,0.0,1.0,9.0,7.0,15.0,22.0,0.2,0.4,0.4,0.6,0.4,0.0
236,Mauricio Llovera,SFG,0.0,0.0,0.0,0.0,1.0,0.0,0.0,0.0,0.0,4.0,13.0,17.0,0.0,0.5,0.5,0.0,0.5,0.5
237,Duane Underwood Jr.,PIT,0.5,3.0,0.0,0.75,0.25,0.0,0.0,0.0,0.0,4.0,14.0,18.0,0.5,0.25,0.25,0.25,0.5,0.25
238,Dennis Santana,TEX,0.25,2.0,0.25,0.5,0.25,0.0,0.0,0.0,0.0,16.0,20.0,36.0,0.25,0.5,0.25,0.25,0.75,0.0
239,Andrew Bellatti,PHI,1.0,0.0,0.5,0.0,0.5,0.0,0.0,1.0,9.0,8.0,11.0,19.0,0.5,0.0,0.5,0.0,0.5,0.5
240,Andrew Wantz,LAA,0.0,0.0,1.0,0.0,0.0,0.0,0.0,0.0,0.0,4.0,9.0,13.0,1.0,0.0,0.0,0.0,0.0,1.0
241,Ryan Weathers,SDP,0.42857142857142855,1.75,0.214285714,0.5,0.285714285,0.25,0.0,5.0,12.272729400761241,38.0,51.0,89.0,0.42857143,0.28571429,0.28571429,0.07142857,0.64285714,0.28571429
242,Matthew Liberatore,STL,0.34065934065934067,0.972222222,0.236559139,0.376344086,0.387096774,0.138888888,0.111111111,26.0,7.887640872035984,239.0,336.0,575.0,0.37894737,0.42105263,0.2,0.11578947,0.51578947,0.36842105
243,Keegan Thompson,CHC,0.30434782608695654,0.834951456,0.222222222,0.353909465,0.423868312,0.097087378,0.13592233,48.0,5.51489391216385,508.0,826.0,1334.0,0.37704918,0.36885246,0.25409836,0.15983607,0.45901639,0.38114754
244,Cody Morris,CLE,0.2909090909090909,0.954545454,0.258620689,0.362068965,0.379310344,0.0,0.136363636,7.0,3.0483871905538247,130.0,221.0,351.0,0.37931034,0.4137931,0.20689655,0.13793103,0.48275862,0.37931034
245,Matt Bush,2 Tms,0.25,1.4,0.076923076,0.538461538,0.384615384,0.0,0.2,2.0,3.3750002200249725,24.0,46.0,70.0,0.38461538,0.23076923,0.38461538,0.07692308,0.76923077,0.15384615
246,Scott Effross,CHC,0.2857142857142857,1.0,0.142857142,0.428571428,0.428571428,0.0,0.0,0.0,0.0,5.0,13.0,18.0,0.42857143,0.42857143,0.14285714,0.14285714,0.57142857,0.28571429
247,Luke Weaver,ARI,0.6,1.5,0.375,0.375,0.25,0.25,0.25,0.0,0.0,27.0,47.0,74.0,0.4375,0.3125,0.25,0.0625,0.4375,0.5
248,Nick Neidert,MIA,0.25,1.166666666,0.235294117,0.411764705,0.352941176,0.0,0.166666666,0.0,0.0,26.0,56.0,82.0,0.35294118,0.29411765,0.35294118,0.11764706,0.58823529,0.29411765
249,Daniel Castano,MIA,0.3047619047619048,1.53125,0.25,0.453703703,0.296296296,0.09375,0.15625,9.0,2.55789487004611,168.0,346.0,514.0,0.48181818,0.32727273,0.19090909,0.19090909,0.58181818,0.22727273
250,Kenny Rosenberg,LAA,0.13333333333333333,0.625,0.133333333,0.333333333,0.533333333,0.0,0.0,2.0,3.8571433826369397,28.0,43.0,71.0,0.4,0.33333333,0.26666667,0.26666667,0.6,0.13333333
251,Josh Sborz,TEX,0.25,0.5,0.25,0.25,0.5,0.0,0.0,0.0,0.0,7.0,9.0,16.0,0.0,0.5,0.5,0.0,0.5,0.5
252,Mychal Givens,NYM,0.25,2.0,0.25,0.5,0.25,0.0,0.0,3.0,27.0,6.0,12.0,18.0,0.75,0.0,0.25,0.25,0.5,0.25
253,Jesse Chavez,ATL,0.5,0.25,0.166666666,0.166666666,0.666666666,0.0,0.0,0.0,0.0,4.0,14.0,18.0,0.16666667,0.5,0.33333333,0.0,0.33333333,0.66666667
254,Mike Mayers,LAA,0.2619047619047619,1.375,0.155555555,0.488888888,0.355555555,0.1875,0.1875,5.0,3.0681819511839237,83.0,156.0,239.0,0.42222222,0.37777778,0.2,0.06666667,0.57777778,0.35555556
255,Trevor Williams,NYM,0.2743362831858407,0.833333333,0.175,0.375,0.45,0.055555555,0.148148148,28.0,6.517241486471135,235.0,395.0,630.0,0.38842975,0.38842975,0.2231405,0.14049587,0.51239669,0.34710744
256,Evan Lee,WSN,0.3076923076923077,1.2,0.153846153,0.461538461,0.384615384,0.2,0.0,0.0,0.0,32.0,35.0,67.0,0.23076923,0.53846154,0.23076923,0.15384615,0.53846154,0.30769231
257,Tommy Nance,MIA,0.2727272727272727,0.428571428,0.166666666,0.25,0.583333333,0.0,0.142857142,0.0,0.0,45.0,59.0,104.0,0.33333333,0.41666667,0.25,0.16666667,0.5,0.33333333
258,Anthony DeSclafani,SFG,0.4411764705882353,1.192307692,0.197183098,0.436619718,0.366197183,0.038461538,0.153846153,12.0,5.684211096935383,117.0,212.0,329.0,0.41666667,0.38888889,0.19444444,0.11111111,0.59722222,0.29166667
259,Richard Bleier,MIA,0.3333333333333333,1.0,0.333333333,0.333333333,0.333333333,0.0,0.0,0.0,0.0,12.0,12.0,24.0,0.33333333,0.66666667,0.0,0.0,0.66666667,0.33333333
260,Glenn Otto Jr.,TEX,0.2552083333333333,1.154362416,0.195488721,0.431077694,0.373433583,0.140939597,0.140939597,73.0,4.842751933531364,870.0,1359.0,2229.0,0.46039604,0.31188119,0.22772277,0.14851485,0.52227723,0.32920792
261,Wily Peralta,DET,0.3333333333333333,1.0,0.333333333,0.333333333,0.333333333,0.0,0.0,0.0,0.0,20.0,24.0,44.0,0.33333333,0.33333333,0.33333333,0.33333333,0.33333333,0.33333333
262,Miguel Yajure,PIT,0.26666666666666666,1.75,0.266666666,0.466666666,0.266666666,0.25,0.0,2.0,4.5,24.0,41.0,65.0,0.46666667,0.33333333,0.2,0.2,0.26666667,0.53333333
263,Stephen Strasburg,WSN,0.5,1.0,0.23076923,0.384615384,0.384615384,0.2,0.2,2.0,3.8571433826369397,30.0,53.0,83.0,0.4,0.33333333,0.26666667,0.06666667,0.66666667,0.26666667
264,Packy Naughton,STL,0.4,1.3,0.148148148,0.481481481,0.37037037,0.1,0.2,0.0,0.0,42.0,80.0,122.0,0.59259259,0.25925926,0.14814815,0.11111111,0.62962963,0.25925926
265,Max Castillo,2 Tms,0.31645569620253167,1.096774193,0.197530864,0.419753086,0.382716049,0.096774193,0.161290322,11.0,3.8076924473576343,175.0,280.0,455.0,0.45238095,0.35714286,0.19047619,0.11904762,0.55952381,0.32142857
266,Joe Kelly,CHW,0.6666666666666666,2.0,0.0,0.666666666,0.333333333,0.0,0.0,0.0,0.0,15.0,19.0,34.0,0.33333333,0.0,0.66666667,0.33333333,0.33333333,0.33333333
267,Cristopher Sánchez,PHI,0.2,1.307692307,0.210526315,0.447368421,0.342105263,0.076923076,0.23076923,13.0,8.775000209212308,69.0,125.0,194.0,0.23684211,0.5,0.26315789,0.13157895,0.44736842,0.42105263
268,Cody Poteet,MIA,0.19047619047619047,2.166666666,0.136363636,0.59090909,0.272727272,0.0,0.166666666,3.0,3.521739422486299,37.0,69.0,106.0,0.54545455,0.31818182,0.13636364,0.09090909,0.63636364,0.27272727
269,JT Chargois,TBR,0.3076923076923077,0.625,0.071428571,0.357142857,0.571428571,0.0,0.125,9.0,20.25,16.0,44.0,60.0,0.21428571,0.57142857,0.21428571,0.21428571,0.35714286,0.42857143
270,Caleb Kilian,CHC,0.3235294117647059,1.214285714,0.088235294,0.5,0.411764705,0.0,0.0,5.0,3.9705883466661214,105.0,130.0,235.0,0.29411765,0.38235294,0.32352941,0.08823529,0.55882353,0.35294118
271,Jackson Stephens,ATL,0.38461538461538464,1.0,0.538461538,0.23076923,0.23076923,0.0,0.0,3.0,9.0,23.0,33.0,56.0,0.30769231,0.07692308,0.61538462,0.23076923,0.53846154,0.23076923
272,Michael Grove,LAD,0.26436781609195403,0.84090909,0.129032258,0.397849462,0.473118279,0.022727272,0.136363636,11.0,3.4941178038706076,155.0,295.0,450.0,0.40860215,0.34408602,0.24731183,0.08602151,0.49462366,0.41935484
273,Nick Martinez,SDP,0.3082191780821918,1.392156862,0.212903225,0.458064516,0.329032258,0.058823529,0.176470588,21.0,3.6114650559022032,323.0,584.0,907.0,0.43225806,0.4,0.16774194,0.11612903,0.56774194,0.31612903
274,Reiss Knehr,SDP,0.2857142857142857,0.428571428,0.285714285,0.214285714,0.5,0.142857142,0.0,2.0,4.909091760304496,34.0,48.0,82.0,0.35714286,0.35714286,0.28571429,0.07142857,0.5,0.42857143
275,Luke Farrell,CHC,0.3,0.4,0.363636363,0.181818181,0.454545454,0.2,0.2,8.0,11.368421623251143,39.0,63.0,102.0,0.45454545,0.18181818,0.36363636,0.13636364,0.36363636,0.5
276,David Phelps,TOR,0.3333333333333333,2.0,0.333333333,0.666666666,0.0,0.0,0.0,1.0,9.0,7.0,7.0,14.0,0.33333333,0.33333333,0.33333333,0.0,0.33333333,0.66666667
277,Kyle Nelson,ARI,0.0,1.0,0.0,0.5,0.5,0.0,0.0,3.0,27.0,8.0,7.0,15.0,0.5,0.5,0.0,0.0,0.5,0.5
278,Jimmy Yacabonis,TBR,0.25,0.0,0.25,0.0,0.75,0.0,0.0,0.0,0.0,7.0,14.0,21.0,0.25,0.75,0.0,0.25,0.25,0.5
279,Daniel Norris,2 Tms,0.24242424242424243,2.428571428,0.25,0.53125,0.21875,0.0,0.0,5.0,4.090909445581388,81.0,104.0,185.0,0.36363636,0.33333333,0.3030303,0.18181818,0.51515152,0.3030303
280,Bryan Shaw,CLE,0.3333333333333333,0.8,0.4,0.266666666,0.333333333,0.0,0.0,8.0,16.615385834282055,43.0,47.0,90.0,0.46666667,0.4,0.13333333,0.06666667,0.53333333,0.4
281,Kyle Muller,ATL,0.2972972972972973,1.363636363,0.315789473,0.394736842,0.289473684,0.09090909,0.181818181,10.0,7.2972980496481865,86.0,147.0,233.0,0.56410256,0.17948718,0.25641026,0.12820513,0.64102564,0.23076923
282,Simeon Woods Richardson,MIN,0.14285714285714285,0.5,0.4,0.2,0.4,0.166666666,0.166666666,2.0,3.6,30.0,61.0,91.0,0.46666667,0.26666667,0.26666667,0.13333333,0.4,0.46666667
283,Jack Flaherty,STL,0.3069306930693069,1.235294117,0.247524752,0.415841584,0.336633663,0.058823529,0.117647058,17.0,4.371428571428571,265.0,378.0,643.0,0.4952381,0.34285714,0.16190476,0.14285714,0.57142857,0.28571429
284,Sean Newcomb,CHC,0.36363636363636365,0.8,0.25,0.333333333,0.416666666,0.2,0.2,1.0,3.0,21.0,35.0,56.0,0.25,0.5,0.25,0.25,0.5,0.25
285,Jesus Tinoco,TEX,0.2857142857142857,0.2,0.142857142,0.142857142,0.714285714,0.2,0.2,2.0,6.0,20.0,39.0,59.0,0.25,0.375,0.375,0.25,0.25,0.5
286,Josh Winckowski,BOS,0.3108108108108108,1.710144927,0.186956521,0.513043478,0.3,0.057971014,0.144927536,42.0,5.613861571666184,420.0,718.0,1138.0,0.39655172,0.3362069,0.26724138,0.15517241,0.54310345,0.30172414
287,Eli Morgan,CLE,0.0,0.25,0.0,0.2,0.8,0.0,0.25,1.0,3.0,23.0,28.0,51.0,0.2,0.6,0.2,0.2,0.4,0.4
288,Zach Thompson,PIT,0.29874213836477986,1.348214285,0.214925373,0.450746268,0.334328358,0.133928571,0.169642857,33.0,2.902280274544894,652.0,1104.0,1756.0,0.46587537,0.30267062,0.23145401,0.17804154,0.50445104,0.31750742
289,Brett Martin,TEX,0.3333333333333333,3.0,0.0,1.0,0.0,0.0,0.0,0.0,0.0,11.0,6.0,17.0,0.0,0.33333333,0.66666667,0.0,1.0,0.0
290,Max Meyer,MIA,0.3125,1.0,0.111111111,0.444444444,0.444444444,0.25,0.25,0.0,0.0,31.0,58.0,89.0,0.33333333,0.44444444,0.22222222,0.27777778,0.44444444,0.27777778
291,Jason Alexander,MIL,0.3333333333333333,1.979166666,0.235294117,0.50802139,0.256684491,0.0625,0.166666666,34.0,5.464286086510664,342.0,563.0,905.0,0.42931937,0.31937173,0.2513089,0.18324607,0.48167539,0.33507853
292,José Buttó,NYM,0.5,0.375,0.3125,0.1875,0.5,0.5,0.25,4.0,9.0,31.0,67.0,98.0,0.375,0.25,0.375,0.375,0.1875,0.4375
293,Wil Crowe,PIT,0.0,1.0,0.0,0.5,0.5,0.0,0.5,2.0,9.0,15.0,18.0,33.0,0.5,0.25,0.25,0.0,0.25,0.75
294,Bryan Garcia,DET,0.21568627450980393,1.0,0.185185185,0.407407407,0.407407407,0.045454545,0.136363636,13.0,5.7540987204941745,122.0,195.0,317.0,0.44444444,0.37037037,0.18518519,0.14814815,0.59259259,0.25925926
295,Josh Rogers,WSN,0.24444444444444444,0.863636363,0.145833333,0.395833333,0.458333333,0.136363636,0.136363636,9.0,5.785714679834821,79.0,142.0,221.0,0.4375,0.25,0.3125,0.16666667,0.52083333,0.3125
296,Chi Chi González,3 Tms,0.3225806451612903,1.304347826,0.196969696,0.454545454,0.348484848,0.086956521,0.173913043,19.0,8.694915535326022,112.0,206.0,318.0,0.48484848,0.25757576,0.25757576,0.18181818,0.46969697,0.34848485
297,Marco Gonzales,SEA,0.2765598650927487,1.06557377,0.185783521,0.42003231,0.394184168,0.118852459,0.122950819,102.0,5.016393600292539,963.0,1875.0,2838.0,0.46548957,0.30979133,0.2247191,0.18138042,0.55377207,0.26484751
298,Daniel Mengden,KCR,0.4,1.0,0.454545454,0.272727272,0.272727272,0.0,0.333333333,1.0,3.3750008046628963,16.0,38.0,54.0,0.54545455,0.09090909,0.36363636,0.45454545,0.09090909,0.45454545
299,Garrett Richards,TEX,0.375,2.5,0.222222222,0.555555555,0.222222222,0.0,0.5,0.0,0.0,22.0,34.0,56.0,0.22222222,0.33333333,0.44444444,0.0,0.55555556,0.44444444
300,Chris Ellis,BAL,0.3125,1.6,0.1875,0.5,0.3125,0.0,0.0,1.0,2.076923229285257,40.0,43.0,83.0,0.375,0.375,0.25,0.1875,0.625,0.1875
301,Josh Fleming,TBR,0.425,2.9,0.093023255,0.674418604,0.232558139,0.1,0.3,3.0,2.314286029582164,77.0,160.0,237.0,0.37209302,0.37209302,0.25581395,0.1627907,0.41860465,0.41860465
302,Jaime Barria,LAA,0.15384615384615385,0.571428571,0.153846153,0.307692307,0.538461538,0.0,0.142857142,1.0,1.9285716913184698,33.0,43.0,76.0,0.42857143,0.35714286,0.21428571,0.21428571,0.64285714,0.14285714
303,Angel Zerpa,KCR,0.20689655172413793,1.5,0.166666666,0.5,0.333333333,0.1,0.2,2.0,2.0,52.0,80.0,132.0,0.38709677,0.41935484,0.19354839,0.06451613,0.41935484,0.51612903
304,Garrett Hill,DET,0.23357664233576642,0.84375,0.169014084,0.38028169,0.450704225,0.109375,0.09375,9.0,1.8984375282889236,264.0,446.0,710.0,0.3986014,0.31468531,0.28671329,0.1958042,0.53846154,0.26573427
305,Xzavion Curry,CLE,0.3333333333333333,0.785714285,0.324324324,0.297297297,0.378378378,0.071428571,0.071428571,3.0,2.892857241387273,72.0,93.0,165.0,0.40540541,0.43243243,0.16216216,0.13513514,0.64864865,0.21621622
306,Craig Stammen,SDP,0.45454545454545453,1.0,0.333333333,0.333333333,0.333333333,0.0,0.25,1.0,3.0,24.0,45.0,69.0,0.58333333,0.33333333,0.08333333,0.08333333,0.75,0.16666667
307,Ethan Small,MIL,0.4117647058823529,1.0,0.333333333,0.333333333,0.333333333,0.166666666,0.166666666,6.0,8.526317501332635,61.0,71.0,132.0,0.72222222,0.16666667,0.11111111,0.11111111,0.27777778,0.61111111
308,Ryan Pepiot,LAD,0.22857142857142856,0.340425531,0.16,0.213333333,0.626666666,0.106382978,0.127659574,19.0,5.457447029984131,244.0,361.0,605.0,0.26315789,0.43421053,0.30263158,0.19736842,0.47368421,0.32894737
309,Justus Sheffield,SEA,0.3333333333333333,2.0,0.210526315,0.526315789,0.263157894,0.0,0.2,7.0,12.6,43.0,56.0,99.0,0.52631579,0.21052632,0.26315789,0.10526316,0.63157895,0.26315789
310,Jackson Tetreault,WSN,0.2602739726027397,1.033333333,0.207792207,0.402597402,0.389610389,0.133333333,0.133333333,20.0,8.571428571428571,152.0,213.0,365.0,0.36363636,0.32467532,0.31168831,0.09090909,0.50649351,0.4025974
311,Bryse Wilson,PIT,0.31543624161073824,1.159292035,0.217948717,0.419871794,0.362179487,0.061946902,0.150442477,47.0,4.532143057815891,529.0,962.0,1491.0,0.46496815,0.29299363,0.24203822,0.10828025,0.48089172,0.41082803
312,Tyson Miller,TEX,0.631578947368421,1.0,0.4,0.3,0.3,0.0,0.166666666,3.0,5.785715147853026,52.0,75.0,127.0,0.45,0.35,0.2,0.35,0.3,0.35
313,Will Vest,DET,0.5,1.0,0.428571428,0.285714285,0.285714285,0.0,0.5,2.0,10.800004506113025,24.0,23.0,47.0,0.28571429,0.14285714,0.57142857,0.0,0.71428571,0.28571429
314,Tyler Beede,PIT,0.36,1.142857142,0.150943396,0.452830188,0.396226415,0.142857142,0.142857142,1.0,0.6000000381469751,129.0,183.0,312.0,0.41509434,0.39622642,0.18867925,0.20754717,0.39622642,0.39622642
315,Zack Thompson,STL,0.2777777777777778,0.777777777,0.2,0.35,0.45,0.0,0.222222222,0.0,0.0,34.0,58.0,92.0,0.35,0.3,0.35,0.15,0.6,0.25
316,Huascar Ynoa,ATL,0.42857142857142855,2.0,0.217391304,0.52173913,0.260869565,0.0,0.333333333,1.0,1.350000128746045,66.0,81.0,147.0,0.47826087,0.30434783,0.2173913,0.13043478,0.39130435,0.47826087
317,Carlos Hernández,KCR,0.37037037037037035,1.119047619,0.19090909,0.427272727,0.381818181,0.119047619,0.095238095,15.0,4.550562041559221,219.0,326.0,545.0,0.42857143,0.33928571,0.23214286,0.15178571,0.51785714,0.33035714
318,Jerad Eickhoff,PIT,0.47058823529411764,1.142857142,0.210526315,0.421052631,0.368421052,0.142857142,0.285714285,1.0,2.076923229285257,31.0,52.0,83.0,0.31578947,0.47368421,0.21052632,0.21052632,0.36842105,0.42105263
319,Bryan Hoeing,MIA,0.5,3.0,0.142857142,0.642857142,0.214285714,0.0,0.666666666,0.0,0.0,25.0,48.0,73.0,0.64285714,0.28571429,0.07142857,0.14285714,0.57142857,0.28571429
320,Cole Sands,MIN,0.36585365853658536,1.166666666,0.113636363,0.477272727,0.409090909,0.055555555,0.166666666,2.0,1.4594596099296373,109.0,172.0,281.0,0.47727273,0.20454545,0.31818182,0.13636364,0.54545455,0.31818182
321,Jordan Hicks,STL,0.25757575757575757,2.294117647,0.188405797,0.565217391,0.246376811,0.058823529,0.176470588,7.0,2.392405178813943,221.0,273.0,494.0,0.33333333,0.50724638,0.15942029,0.23188406,0.43478261,0.33333333
322,Robert Dugger,CIN,0.16666666666666666,0.083333333,0.071428571,0.071428571,0.857142857,0.083333333,0.166666666,1.0,2.25,34.0,39.0,73.0,0.42857143,0.28571429,0.28571429,0.21428571,0.28571429,0.5
323,Devin Smeltzer,MIN,0.24468085106382978,0.836956521,0.146464646,0.388888888,0.464646464,0.108695652,0.141304347,40.0,5.7446809967700725,353.0,653.0,1006.0,0.47761194,0.30845771,0.21393035,0.16915423,0.49253731,0.33830846
324,Erasmo Ramírez,WSN,0.25,0.7,0.105263157,0.368421052,0.526315789,0.2,0.3,4.0,6.0,33.0,60.0,93.0,0.52631579,0.36842105,0.10526316,0.31578947,0.31578947,0.36842105
325,Connor Seabold,BOS,0.47619047619047616,0.606060606,0.220588235,0.294117647,0.485294117,0.121212121,0.151515151,7.0,3.436363874703416,133.0,237.0,370.0,0.42647059,0.35294118,0.22058824,0.20588235,0.48529412,0.30882353
326,Matt Brash,SEA,0.38181818181818183,2.75,0.224137931,0.568965517,0.206896551,0.083333333,0.25,15.0,6.750000321865097,159.0,232.0,391.0,0.44827586,0.32758621,0.22413793,0.12068966,0.60344828,0.27586207
327,Aníbal Sánchez,WSN,0.21649484536082475,0.846153846,0.172413793,0.379310344,0.448275862,0.142857142,0.142857142,29.0,3.764423145962186,496.0,736.0,1232.0,0.42028986,0.30917874,0.2705314,0.14492754,0.50724638,0.34782609
328,Chase Silseth,LAA,0.3058823529411765,1.5,0.23076923,0.461538461,0.307692307,0.035714285,0.25,12.0,3.767442069355392,187.0,314.0,501.0,0.40217391,0.34782609,0.25,0.10869565,0.5326087,0.35869565
329,Adrián Martinez,OAK,0.32748538011695905,1.151515151,0.228260869,0.413043478,0.358695652,0.106060606,0.196969696,27.0,4.213873087891837,367.0,648.0,1015.0,0.40217391,0.33152174,0.26630435,0.18478261,0.51630435,0.29891304
330,Thomas Hatch,TOR,0.5625,2.5,0.263157894,0.526315789,0.210526315,0.0,0.75,1.0,1.9285716913184698,21.0,50.0,71.0,0.57894737,0.26315789,0.15789474,0.05263158,0.57894737,0.36842105
331,Caleb Smith,ARI,0.0,1.0,0.0,0.5,0.5,0.0,1.0,0.0,0.0,20.0,21.0,41.0,0.25,0.5,0.25,0.25,0.0,0.75
332,Zach Logue,OAK,0.28187919463087246,0.530120481,0.196202531,0.278481012,0.525316455,0.13253012,0.13253012,18.0,3.283783931902857,315.0,526.0,841.0,0.44375,0.30625,0.25,0.20625,0.475,0.31875
333,Corbin Martin,ARI,0.3181818181818182,0.416666666,0.291666666,0.208333333,0.5,0.0,0.25,3.0,3.375,68.0,92.0,160.0,0.28,0.48,0.24,0.16,0.16,0.68
334,Tyler Gilbert,ARI,0.24,0.744680851,0.219047619,0.333333333,0.447619047,0.063829787,0.14893617,12.0,3.4468088603333067,176.0,338.0,514.0,0.37735849,0.37735849,0.24528302,0.16037736,0.49056604,0.3490566
335,Jared Koenig,OAK,0.26744186046511625,1.448275862,0.202247191,0.471910112,0.325842696,0.103448275,0.137931034,8.0,2.8421054058127857,165.0,265.0,430.0,0.44444444,0.35555556,0.2,0.14444444,0.48888889,0.36666667
336,Tyler Alexander,DET,0.2874015748031496,0.767241379,0.232209737,0.333333333,0.434456928,0.068965517,0.146551724,30.0,3.37500012069941,441.0,860.0,1301.0,0.38745387,0.35055351,0.26199262,0.15129151,0.47601476,0.37269373
337,Kirk McCarty,CLE,0.3333333333333333,1.071428571,0.147058823,0.44117647,0.411764705,0.214285714,0.285714285,2.0,2.0,55.0,100.0,155.0,0.44117647,0.26470588,0.29411765,0.11764706,0.5,0.38235294
338,Kohei Arihara,TEX,0.42424242424242425,1.736842105,0.235294117,0.485294117,0.279411764,0.0,0.210526315,7.0,3.5000001854366825,139.0,210.0,349.0,0.5,0.27142857,0.22857143,0.12857143,0.55714286,0.31428571
339,Tucker Davidson,2 Tms,0.2727272727272727,1.263157894,0.188679245,0.452830188,0.358490566,0.052631578,0.122807017,22.0,4.0135136169617525,343.0,511.0,854.0,0.40993789,0.34161491,0.2484472,0.1242236,0.60869565,0.26708075
340,Vladimir Gutierrez,CIN,0.3333333333333333,0.698113207,0.189189189,0.333333333,0.477477477,0.094339622,0.132075471,14.0,3.6000001961844417,255.0,388.0,643.0,0.41964286,0.32142857,0.25892857,0.16964286,0.52678571,0.30357143
341,Alec Mills,CHC,0.4,0.571428571,0.153846153,0.307692307,0.538461538,0.142857142,0.428571428,0.0,0.0,24.0,34.0,58.0,0.69230769,0.15384615,0.15384615,0.07692308,0.38461538,0.53846154
342,Dallas Keuchel,3 Tms,0.38425925925925924,1.78125,0.21585903,0.502202643,0.281938325,0.03125,0.171875,27.0,4.005494610437839,462.0,703.0,1165.0,0.46255507,0.34361233,0.1938326,0.16740088,0.54625551,0.28634361
343,Reiver Sanmartin,CIN,0.4782608695652174,1.615384615,0.32,0.42,0.26,0.076923076,0.307692307,3.0,2.382353220998655,101.0,148.0,249.0,0.44,0.3,0.26,0.16,0.4,0.44
344,Mike Minor,CIN,0.3116883116883117,0.773972602,0.212765957,0.343465045,0.443768996,0.157534246,0.164383561,49.0,4.500000175164677,641.0,1109.0,1750.0,0.49698795,0.30120482,0.20180723,0.17168675,0.52108434,0.30722892
345,Tommy Henry,ARI,0.2740740740740741,0.949152542,0.190140845,0.394366197,0.415492957,0.06779661,0.169491525,32.0,6.1276598231400765,280.0,493.0,773.0,0.34482759,0.35172414,0.30344828,0.10344828,0.51724138,0.37931034
346,Jonathan Heasley,KCR,0.2755417956656347,0.824675324,0.175953079,0.372434017,0.451612903,0.071428571,0.123376623,61.0,5.278846347473084,703.0,1093.0,1796.0,0.45614035,0.30701754,0.23684211,0.15789474,0.51461988,0.32748538
347,Elieser Hernández,MIA,0.2647058823529412,0.554216867,0.128378378,0.31081081,0.56081081,0.120481927,0.168674698,34.0,6.557143080477819,274.0,534.0,808.0,0.44,0.30666667,0.25333333,0.2,0.48,0.32
348,Thomas Szapucki,NYM,0.75,0.2,0.25,0.125,0.625,0.0,0.8,0.0,0.0,26.0,23.0,49.0,0.625,0.375,0.0,0.0,0.25,0.75
349,Mark Leiter Jr.,CHC,0.25,1.058823529,0.222222222,0.4,0.377777777,0.058823529,0.294117647,9.0,5.6511629160318355,108.0,165.0,273.0,0.42222222,0.31111111,0.26666667,0.17777778,0.48888889,0.33333333
350,Michael Pineda,DET,0.29411764705882354,0.902777777,0.174698795,0.391566265,0.433734939,0.125,0.180555555,8.0,1.5428571954065458,248.0,483.0,731.0,0.43975904,0.28313253,0.27710843,0.12650602,0.53012048,0.34337349
351,Bruce Zimmermann,BAL,0.32547169811320753,0.925531914,0.202643171,0.383259911,0.414096916,0.074468085,0.191489361,26.0,3.510000133895879,334.0,693.0,1027.0,0.49130435,0.29565217,0.21304348,0.13043478,0.55217391,0.3173913
352,Paolo Espino,WSN,0.313953488372093,1.0,0.189781021,0.405109489,0.405109489,0.045045045,0.198198198,31.0,3.334661533150107,509.0,911.0,1420.0,0.46071429,0.30357143,0.23571429,0.13928571,0.50357143,0.35714286
353,Cory Abbott,WSN,0.2777777777777778,0.53030303,0.136752136,0.299145299,0.564102564,0.121212121,0.151515151,10.0,2.307692364122742,281.0,447.0,728.0,0.44915254,0.30508475,0.24576271,0.16101695,0.50847458,0.33050847
354,T.J. Zeuch,CIN,0.4318181818181818,1.5,0.183673469,0.489795918,0.326530612,0.0625,0.3125,6.0,5.062500301748532,103.0,147.0,250.0,0.44897959,0.32653061,0.2244898,0.18367347,0.44897959,0.36734694
355,Spencer Howard,TEX,0.3185840707964602,0.960784313,0.180327868,0.401639344,0.418032786,0.078431372,0.196078431,21.0,5.55882368533257,208.0,394.0,602.0,0.37398374,0.31707317,0.30894309,0.11382114,0.55284553,0.33333333
356,Luis Patiño,TBR,0.29850746268656714,0.729729729,0.111111111,0.375,0.513888888,0.081081081,0.162162162,4.0,1.8000001770258125,141.0,247.0,388.0,0.4109589,0.36986301,0.21917808,0.17808219,0.50684932,0.31506849
357,Hunter Gaddis,CLE,0.32,0.272727272,0.125,0.1875,0.6875,0.045454545,0.318181818,2.0,2.454545560947139,63.0,108.0,171.0,0.34375,0.40625,0.25,0.09375,0.375,0.53125
358,Elvin Rodríguez,DET,0.323943661971831,0.805555555,0.177215189,0.367088607,0.455696202,0.138888888,0.25,4.0,1.5428572269361893,159.0,235.0,394.0,0.5125,0.2875,0.2,0.1375,0.5,0.3625
359,Tommy Romero,2 Tms,0.25,0.416666666,0.227272727,0.227272727,0.545454545,0.166666666,0.5,1.0,1.6875004023314482,63.0,87.0,150.0,0.59090909,0.31818182,0.09090909,0.13636364,0.45454545,0.40909091
360,Matt Swarmer,CHC,0.1935483870967742,0.564102564,0.164383561,0.301369863,0.534246575,0.102564102,0.282051282,12.0,4.378378491231003,180.0,264.0,444.0,0.56164384,0.28767123,0.15068493,0.10958904,0.43835616,0.45205479
361,Justin Dunn,CIN,0.2441860465116279,0.583333333,0.2,0.294736842,0.505263157,0.125,0.229166666,19.0,5.516129371651027,219.0,321.0,540.0,0.43298969,0.28865979,0.27835052,0.1443299,0.43298969,0.42268041
362,Josiah Gray,WSN,0.2558746736292428,0.671568627,0.178313253,0.330120481,0.491566265,0.107843137,0.186274509,68.0,4.116591998670637,1004.0,1593.0,2597.0,0.43333333,0.32857143,0.23809524,0.21428571,0.48809524,0.29761905
363,Yusei Kikuchi,TOR,0.2780487804878049,1.176470588,0.170403587,0.448430493,0.381165919,0.047058823,0.223529411,35.0,3.8259111259792613,587.0,930.0,1517.0,0.49553571,0.34821429,0.15625,0.125,0.47767857,0.39732143
364,Adam Oller,OAK,0.27941176470588236,0.547008547,0.173515981,0.292237442,0.534246575,0.119658119,0.145299145,20.0,2.7272728060887887,441.0,699.0,1140.0,0.43891403,0.32126697,0.239819,0.14932127,0.49321267,0.35746606
