rank,Name,Team,W,L,ERA,G,GS,QS,CG,ShO,SV,HLD,BS,IP,TBF,H,R,ER,HR,BB,IBB,HBP,WP,BK,SO
1,Aaron Nola,PHI,11.0,13.0,3.248780548259094,32.0,32.0,18.0,2.0,1.0,0.0,0.0,0.0,205.0,807.0,168.0,75.0,74.0,19.0,29.0,1.0,9.0,2.0,0.0,235.0
2,Carlos Rodón,SFG,14.0,8.0,2.882022502792257,31.0,31.0,16.0,1.0,0.0,0.0,0.0,0.0,178.0,710.0,131.0,59.0,57.0,12.0,52.0,0.0,3.0,10.0,0.0,237.0
3,Justin Verlander,HOU,18.0,4.0,1.748571447629345,28.0,28.0,21.0,0.0,0.0,0.0,0.0,0.0,175.0,666.0,116.0,43.0,34.0,12.0,29.0,0.0,6.0,3.0,0.0,185.0
4,Sandy Alcantara,MIA,14.0,9.0,2.282798868728153,32.0,32.0,24.0,6.0,1.0,0.0,0.0,0.0,228.2,886.0,174.0,67.0,58.0,16.0,50.0,1.0,9.0,3.0,0.0,207.0
5,Shohei Ohtani,LAA,15.0,9.0,2.3313253413853934,28.0,28.0,16.0,0.0,0.0,0.0,0.0,0.0,166.0,660.0,124.0,45.0,43.0,14.0,44.0,0.0,2.0,14.0,0.0,219.0
6,Kevin Gausman,TOR,12.0,10.0,3.3492367265594174,31.0,31.0,17.0,0.0,0.0,0.0,0.0,0.0,174.2,725.0,188.0,72.0,65.0,15.0,28.0,0.0,1.0,2.0,2.0,205.0
7,Max Fried,ATL,14.0,7.0,2.476618734771967,30.0,30.0,21.0,0.0,0.0,0.0,0.0,0.0,185.1,733.0,156.0,55.0,51.0,12.0,32.0,2.0,4.0,9.0,0.0,170.0
8,Shane Bieber,CLE,13.0,8.0,2.8800000686645526,31.0,31.0,23.0,1.0,0.0,0.0,0.0,0.0,200.0,791.0,172.0,70.0,64.0,18.0,36.0,0.0,2.0,5.0,1.0,198.0
9,Corbin Burnes,MIL,12.0,8.0,2.940594142704033,33.0,33.0,21.0,0.0,0.0,0.0,0.0,0.0,202.0,797.0,144.0,73.0,66.0,23.0,51.0,0.0,13.0,10.0,0.0,243.0
10,Max Scherzer,NYM,11.0,5.0,2.2912844537875947,23.0,23.0,16.0,0.0,0.0,0.0,0.0,0.0,145.1,565.0,108.0,39.0,37.0,13.0,24.0,0.0,11.0,1.0,0.0,173.0
11,Framber Valdez,HOU,17.0,6.0,2.8162252233690426,31.0,31.0,26.0,3.0,1.0,0.0,0.0,0.0,201.1,827.0,166.0,71.0,63.0,11.0,67.0,0.0,11.0,11.0,1.0,194.0
12,Dylan Cease,CHW,14.0,8.0,2.2010870021547855,32.0,32.0,16.0,1.0,1.0,0.0,0.0,0.0,184.0,747.0,126.0,55.0,45.0,16.0,78.0,2.0,3.0,7.0,1.0,227.0
13,Logan Webb,SFG,15.0,9.0,2.9012132482998285,32.0,32.0,19.0,0.0,0.0,0.0,0.0,0.0,192.1,787.0,174.0,76.0,62.0,11.0,49.0,0.0,7.0,6.0,0.0,163.0
14,Zac Gallen,ARI,12.0,4.0,2.543478313601086,31.0,31.0,19.0,0.0,0.0,0.0,0.0,0.0,184.0,714.0,121.0,56.0,52.0,15.0,47.0,0.0,12.0,5.0,0.0,192.0
15,Yu Darvish,SDP,16.0,8.0,3.0976027953684016,30.0,30.0,25.0,0.0,0.0,0.0,0.0,0.0,194.2,771.0,148.0,67.0,67.0,22.0,37.0,0.0,12.0,4.0,1.0,197.0
16,Zack Wheeler,PHI,12.0,7.0,2.8235294821628116,26.0,26.0,16.0,0.0,0.0,0.0,0.0,0.0,153.0,607.0,125.0,52.0,48.0,13.0,34.0,1.0,7.0,1.0,1.0,163.0
17,Spencer Strider,ATL,10.0,4.0,2.767080851880811,20.0,20.0,10.0,0.0,0.0,0.0,0.0,0.0,107.1,433.0,72.0,36.0,33.0,7.0,34.0,1.0,3.0,5.0,0.0,165.0
18,Jose Quintana,2 Tms,6.0,7.0,2.9336017222414736,32.0,32.0,9.0,0.0,0.0,0.0,0.0,0.0,165.2,679.0,154.0,61.0,54.0,8.0,47.0,1.0,3.0,1.0,0.0,137.0
19,Alek Manoah,TOR,16.0,7.0,2.2423729320998453,31.0,31.0,25.0,0.0,0.0,0.0,0.0,0.0,196.2,786.0,144.0,55.0,49.0,16.0,51.0,0.0,15.0,5.0,0.0,180.0
20,Martín Pérez,TEX,12.0,8.0,2.887945689332154,32.0,32.0,23.0,1.0,1.0,0.0,0.0,0.0,196.1,821.0,178.0,70.0,63.0,11.0,69.0,0.0,6.0,6.0,2.0,169.0
21,Clayton Kershaw,LAD,12.0,3.0,2.279683400254095,22.0,22.0,12.0,0.0,0.0,0.0,0.0,0.0,126.1,493.0,96.0,36.0,32.0,10.0,23.0,0.0,2.0,0.0,1.0,137.0
22,Tyler Anderson,LAD,14.0,5.0,2.5839843990652303,28.0,28.0,18.0,0.0,0.0,0.0,0.0,0.0,170.2,677.0,141.0,55.0,49.0,14.0,34.0,0.0,7.0,5.0,0.0,130.0
23,Nestor Cortes,NYY,12.0,4.0,2.4442105753890706,28.0,28.0,13.0,1.0,1.0,0.0,0.0,0.0,158.1,615.0,108.0,44.0,43.0,16.0,38.0,0.0,2.0,1.0,0.0,163.0
24,Patrick Sandoval,LAA,6.0,9.0,2.905829683401372,27.0,27.0,11.0,1.0,1.0,0.0,0.0,0.0,148.2,638.0,139.0,56.0,48.0,8.0,60.0,0.0,5.0,6.0,0.0,151.0
25,Alex Cobb,SFG,7.0,8.0,3.7282851902998817,28.0,28.0,10.0,0.0,0.0,0.0,0.0,0.0,149.2,631.0,152.0,72.0,62.0,9.0,43.0,0.0,3.0,4.0,1.0,151.0
26,Luis Castillo,2 Tms,8.0,6.0,2.993348178595993,25.0,25.0,17.0,0.0,0.0,0.0,0.0,0.0,150.1,615.0,118.0,56.0,50.0,13.0,45.0,0.0,8.0,0.0,1.0,167.0
27,Blake Snell,SDP,8.0,10.0,3.375000100582841,24.0,24.0,11.0,0.0,0.0,0.0,0.0,0.0,128.0,535.0,103.0,51.0,48.0,11.0,51.0,0.0,2.0,6.0,0.0,171.0
28,Shane McClanahan,TBR,12.0,8.0,2.5430862063665973,28.0,28.0,18.0,0.0,0.0,0.0,0.0,0.0,166.1,641.0,116.0,52.0,47.0,19.0,38.0,1.0,3.0,9.0,0.0,194.0
29,Brandon Woodruff,MIL,13.0,4.0,3.0521739953046505,27.0,27.0,15.0,0.0,0.0,0.0,0.0,0.0,153.1,620.0,122.0,56.0,52.0,18.0,42.0,0.0,5.0,2.0,0.0,190.0
30,Triston McKenzie,CLE,11.0,10.0,2.915044311752279,30.0,30.0,18.0,0.0,0.0,0.0,0.0,0.0,188.1,729.0,136.0,63.0,61.0,25.0,42.0,0.0,5.0,7.0,0.0,189.0
31,Gerrit Cole,NYY,13.0,8.0,3.4983389480197076,33.0,33.0,21.0,0.0,0.0,0.0,0.0,0.0,200.2,793.0,154.0,81.0,78.0,33.0,50.0,0.0,2.0,2.0,2.0,257.0
32,Joe Musgrove,SDP,10.0,7.0,2.933701719288309,30.0,30.0,21.0,0.0,0.0,0.0,0.0,0.0,181.0,740.0,154.0,67.0,59.0,22.0,42.0,1.0,14.0,4.0,0.0,184.0
33,Julio Urías,LAD,17.0,7.0,2.160000011771066,31.0,31.0,19.0,0.0,0.0,0.0,0.0,0.0,175.0,689.0,127.0,51.0,42.0,23.0,41.0,0.0,5.0,0.0,1.0,166.0
34,Merrill Kelly,ARI,13.0,8.0,3.3693843968270674,33.0,33.0,18.0,0.0,0.0,0.0,0.0,0.0,200.1,804.0,167.0,77.0,75.0,21.0,61.0,2.0,2.0,4.0,1.0,177.0
35,Corey Kluber,TBR,10.0,10.0,4.335365930865789,31.0,31.0,15.0,0.0,0.0,0.0,0.0,0.0,164.0,689.0,178.0,82.0,79.0,20.0,21.0,0.0,10.0,2.0,0.0,139.0
36,Cristian Javier,HOU,11.0,8.0,2.6799008078350512,25.0,25.0,11.0,0.0,0.0,0.0,0.0,0.0,134.1,531.0,81.0,42.0,40.0,16.0,49.0,0.0,4.0,5.0,1.0,173.0
37,Logan Gilbert,SEA,13.0,6.0,3.1992819274000053,32.0,32.0,16.0,0.0,0.0,0.0,0.0,0.0,185.2,766.0,170.0,71.0,66.0,19.0,49.0,2.0,6.0,5.0,0.0,174.0
38,Ross Stripling,TOR,9.0,4.0,2.918918971583477,24.0,24.0,10.0,0.0,0.0,0.0,0.0,0.0,123.1,486.0,107.0,43.0,40.0,11.0,14.0,0.0,2.0,0.0,0.0,100.0
39,Pablo López,MIA,10.0,10.0,3.7500001192092935,32.0,32.0,14.0,0.0,0.0,0.0,0.0,0.0,180.0,736.0,157.0,78.0,75.0,21.0,53.0,1.0,8.0,4.0,0.0,174.0
40,Drew Rasmussen,TBR,11.0,7.0,2.8356165124453327,28.0,28.0,9.0,0.0,0.0,0.0,0.0,0.0,146.0,584.0,121.0,51.0,46.0,13.0,31.0,0.0,3.0,10.0,0.0,125.0
41,Brady Singer,KCR,10.0,5.0,3.108352218076552,24.0,24.0,14.0,0.0,0.0,0.0,0.0,0.0,147.2,595.0,133.0,54.0,51.0,17.0,34.0,0.0,10.0,3.0,1.0,144.0
42,George Kirby,SEA,8.0,5.0,3.392307742079335,25.0,25.0,11.0,0.0,0.0,0.0,0.0,0.0,130.0,542.0,135.0,54.0,49.0,13.0,22.0,0.0,5.0,4.0,0.0,133.0
43,Adam Wainwright,STL,11.0,12.0,3.709565303527026,32.0,32.0,16.0,1.0,0.0,0.0,0.0,0.0,191.2,803.0,192.0,80.0,79.0,16.0,54.0,1.0,7.0,5.0,0.0,143.0
44,Tarik Skubal,DET,7.0,8.0,3.518413673777241,21.0,21.0,10.0,0.0,0.0,0.0,0.0,0.0,117.2,477.0,104.0,53.0,46.0,9.0,32.0,0.0,1.0,1.0,0.0,117.0
45,Chris Bassitt,NYM,15.0,9.0,3.4183487075961083,30.0,30.0,19.0,0.0,0.0,0.0,0.0,0.0,181.2,745.0,159.0,71.0,69.0,19.0,49.0,0.0,13.0,5.0,1.0,167.0
46,Kyle Wright,ATL,21.0,5.0,3.1940850840317356,30.0,30.0,19.0,0.0,0.0,0.0,0.0,0.0,180.1,738.0,156.0,67.0,64.0,19.0,53.0,0.0,9.0,7.0,0.0,174.0
47,Jordan Montgomery,2 Tms,9.0,6.0,3.482243089971613,32.0,32.0,14.0,1.0,1.0,0.0,0.0,0.0,178.1,724.0,159.0,72.0,69.0,21.0,36.0,0.0,8.0,4.0,0.0,158.0
48,Miles Mikolas,STL,12.0,13.0,3.2959867377133008,32.0,32.0,22.0,1.0,0.0,0.0,0.0,0.0,199.1,793.0,167.0,80.0,73.0,25.0,39.0,0.0,6.0,1.0,1.0,153.0
49,Tony Gonsolin,LAD,16.0,1.0,2.1406649981853723,24.0,24.0,11.0,0.0,0.0,0.0,0.0,0.0,130.1,498.0,79.0,32.0,31.0,11.0,35.0,1.0,4.0,5.0,0.0,119.0
50,Jeffrey Springs,TBR,8.0,5.0,2.664000101623539,25.0,25.0,6.0,0.0,0.0,0.0,0.0,0.0,125.0,513.0,110.0,42.0,37.0,14.0,28.0,0.0,1.0,1.0,1.0,133.0
51,Taijuan Walker,NYM,12.0,5.0,3.489406850164358,29.0,29.0,13.0,0.0,0.0,0.0,0.0,0.0,157.1,649.0,143.0,63.0,61.0,15.0,45.0,1.0,6.0,0.0,0.0,132.0
52,Justin Steele,CHC,4.0,7.0,3.1764706900611266,24.0,24.0,8.0,0.0,0.0,0.0,0.0,0.0,119.0,512.0,111.0,53.0,42.0,8.0,50.0,0.0,3.0,4.0,1.0,126.0
53,Carlos Carrasco,NYM,15.0,7.0,3.9671054871706546,29.0,29.0,11.0,0.0,0.0,0.0,0.0,0.0,152.0,645.0,161.0,71.0,67.0,17.0,41.0,2.0,8.0,5.0,0.0,152.0
54,Kyle Freeland,COL,9.0,11.0,4.534351334844984,31.0,31.0,13.0,0.0,0.0,0.0,0.0,0.0,174.2,766.0,193.0,96.0,88.0,19.0,53.0,0.0,16.0,4.0,0.0,131.0
55,Johnny Cueto,CHW,8.0,10.0,3.28695658988448,24.0,24.0,18.0,1.0,0.0,0.0,0.0,0.0,153.1,630.0,155.0,63.0,56.0,14.0,32.0,2.0,6.0,2.0,0.0,98.0
56,Sonny Gray,MIN,8.0,5.0,3.083565549715571,24.0,24.0,9.0,0.0,0.0,0.0,0.0,0.0,119.2,488.0,99.0,44.0,41.0,11.0,36.0,0.0,6.0,3.0,0.0,117.0
57,Jameson Taillon,NYY,14.0,5.0,3.9078948489280885,32.0,32.0,12.0,0.0,0.0,0.0,0.0,0.0,177.1,728.0,168.0,78.0,77.0,26.0,32.0,0.0,5.0,3.0,0.0,151.0
58,Ranger Suarez,PHI,10.0,7.0,3.650214734208594,29.0,29.0,11.0,0.0,0.0,0.0,0.0,0.0,155.1,662.0,149.0,74.0,63.0,15.0,58.0,0.0,2.0,4.0,2.0,129.0
59,Jesús Luzardo,MIA,4.0,7.0,3.3189369506853637,18.0,18.0,11.0,0.0,0.0,0.0,0.0,0.0,100.1,400.0,69.0,40.0,37.0,10.0,35.0,0.0,2.0,5.0,0.0,120.0
60,Jacob deGrom,NYM,5.0,4.0,3.0777202680858604,11.0,11.0,7.0,0.0,0.0,0.0,0.0,0.0,64.1,239.0,40.0,22.0,22.0,9.0,8.0,0.0,0.0,0.0,0.0,102.0
61,Reid Detmers,LAA,7.0,6.0,3.7674419718732604,25.0,25.0,7.0,1.0,1.0,0.0,0.0,0.0,129.0,539.0,110.0,56.0,54.0,13.0,46.0,1.0,8.0,2.0,0.0,122.0
62,Tyler Mahle,2 Tms,6.0,8.0,4.400552613711696,23.0,23.0,10.0,0.0,0.0,0.0,0.0,0.0,120.2,503.0,104.0,61.0,59.0,16.0,43.0,0.0,2.0,3.0,1.0,126.0
63,Joe Ryan,MIN,13.0,8.0,3.5510205233509207,27.0,27.0,11.0,0.0,0.0,0.0,0.0,0.0,147.0,604.0,115.0,60.0,58.0,20.0,47.0,0.0,10.0,2.0,0.0,151.0
64,Noah Syndergaard,2 Tms,10.0,10.0,4.00251272765401,24.0,24.0,9.0,1.0,0.0,0.0,0.0,0.0,132.2,557.0,135.0,62.0,59.0,14.0,31.0,0.0,4.0,1.0,0.0,93.0
65,Freddy Peralta,MIL,4.0,3.0,3.18340616656651,17.0,17.0,4.0,0.0,0.0,0.0,0.0,0.0,76.1,308.0,51.0,27.0,27.0,5.0,26.0,0.0,3.0,1.0,0.0,83.0
66,Cal Quantrill,CLE,15.0,5.0,3.38103760746129,32.0,32.0,17.0,0.0,0.0,0.0,0.0,0.0,186.1,770.0,178.0,78.0,70.0,21.0,47.0,0.0,10.0,3.0,0.0,128.0
67,Luis Garcia,HOU,15.0,8.0,3.718220391571608,28.0,28.0,10.0,0.0,0.0,0.0,0.0,0.0,157.1,643.0,131.0,70.0,65.0,23.0,47.0,0.0,1.0,8.0,1.0,157.0
68,Mitch Keller,PIT,4.0,12.0,3.941176568852258,29.0,29.0,13.0,0.0,0.0,0.0,0.0,0.0,153.0,660.0,154.0,75.0,67.0,14.0,57.0,1.0,11.0,2.0,1.0,132.0
69,Frankie Montas,2 Tms,5.0,12.0,4.053117872179086,27.0,27.0,10.0,0.0,0.0,0.0,0.0,0.0,144.1,608.0,137.0,72.0,65.0,18.0,43.0,3.0,6.0,7.0,0.0,142.0
70,Marcus Stroman,CHC,6.0,7.0,3.5048077565854836,25.0,25.0,12.0,0.0,0.0,0.0,0.0,0.0,138.2,569.0,123.0,61.0,54.0,16.0,36.0,0.0,4.0,2.0,2.0,119.0
71,Zack Greinke,KCR,4.0,9.0,3.6788322448324022,26.0,26.0,9.0,0.0,0.0,0.0,0.0,0.0,137.0,585.0,157.0,65.0,56.0,14.0,27.0,0.0,3.0,7.0,0.0,73.0
72,Nick Lodolo,CIN,4.0,7.0,3.6580646286645897,19.0,19.0,8.0,0.0,0.0,0.0,0.0,0.0,103.1,441.0,90.0,44.0,42.0,13.0,39.0,0.0,19.0,6.0,0.0,131.0
73,JT Brubaker,PIT,3.0,12.0,4.6875001241763465,28.0,28.0,8.0,0.0,0.0,0.0,0.0,0.0,144.0,646.0,157.0,85.0,75.0,17.0,54.0,0.0,9.0,6.0,2.0,147.0
74,Kyle Gibson,PHI,10.0,8.0,5.045725808754761,31.0,31.0,15.0,0.0,0.0,0.0,0.0,0.0,167.2,718.0,176.0,98.0,94.0,24.0,48.0,0.0,9.0,4.0,0.0,144.0
75,Lance Lynn,CHW,8.0,7.0,3.9945206314404764,21.0,21.0,11.0,0.0,0.0,0.0,0.0,0.0,121.2,512.0,119.0,65.0,54.0,19.0,19.0,0.0,10.0,4.0,0.0,124.0
76,Jon Gray,TEX,7.0,7.0,3.958115311706251,24.0,24.0,8.0,0.0,0.0,0.0,0.0,0.0,127.1,521.0,105.0,61.0,56.0,17.0,39.0,0.0,6.0,4.0,2.0,134.0
77,Rich Hill,BOS,8.0,7.0,4.270777589086619,26.0,26.0,6.0,0.0,0.0,0.0,0.0,0.0,124.1,526.0,125.0,67.0,59.0,15.0,37.0,0.0,4.0,0.0,2.0,109.0
78,Lucas Giolito,CHW,11.0,9.0,4.898969178128313,30.0,30.0,11.0,0.0,0.0,0.0,0.0,0.0,161.2,698.0,171.0,92.0,88.0,24.0,61.0,1.0,4.0,3.0,0.0,177.0
79,Alex Wood,SFG,8.0,12.0,5.096939023511216,26.0,26.0,6.0,0.0,0.0,0.0,0.0,0.0,130.2,555.0,132.0,78.0,74.0,17.0,30.0,1.0,12.0,4.0,0.0,131.0
80,Dean Kremer,BAL,8.0,6.0,3.225000128149991,21.0,21.0,8.0,1.0,1.0,0.0,0.0,0.0,120.0,488.0,117.0,45.0,43.0,11.0,32.0,0.0,5.0,5.0,0.0,84.0
81,David Peterson,NYM,6.0,5.0,3.857143100941777,19.0,19.0,4.0,0.0,0.0,0.0,0.0,0.0,91.0,395.0,81.0,44.0,39.0,8.0,41.0,0.0,7.0,2.0,0.0,110.0
82,Hunter Greene,CIN,5.0,13.0,4.440318425943751,24.0,24.0,9.0,1.0,1.0,0.0,0.0,0.0,125.2,531.0,104.0,64.0,62.0,24.0,48.0,0.0,10.0,4.0,0.0,164.0
83,Robbie Ray,SEA,12.0,12.0,3.714285826737111,32.0,32.0,18.0,0.0,0.0,0.0,0.0,0.0,189.0,775.0,163.0,80.0,78.0,32.0,62.0,0.0,7.0,5.0,0.0,212.0
84,Braxton Garrett,MIA,3.0,7.0,3.5795456872991447,17.0,17.0,5.0,0.0,0.0,0.0,0.0,0.0,88.0,373.0,86.0,38.0,35.0,9.0,24.0,1.0,10.0,2.0,0.0,90.0
85,Michael Wacha,BOS,11.0,2.0,3.3219896366106036,23.0,23.0,9.0,1.0,1.0,0.0,0.0,0.0,127.1,515.0,111.0,49.0,47.0,18.0,31.0,0.0,4.0,4.0,0.0,104.0
86,Nick Pivetta,BOS,10.0,12.0,4.55844167135763,33.0,33.0,12.0,1.0,0.0,0.0,0.0,0.0,179.2,773.0,175.0,91.0,91.0,27.0,73.0,0.0,5.0,10.0,1.0,175.0
87,Jordan Lyles,BAL,12.0,11.0,4.4245811941724895,32.0,32.0,13.0,1.0,0.0,0.0,0.0,0.0,179.0,774.0,196.0,94.0,88.0,26.0,52.0,0.0,8.0,5.0,0.0,144.0
88,Luis Severino,NYY,7.0,3.0,3.1764706179344944,19.0,19.0,8.0,0.0,0.0,0.0,0.0,0.0,102.0,405.0,72.0,37.0,36.0,14.0,30.0,0.0,4.0,1.0,0.0,112.0
89,José Suarez,LAA,7.0,8.0,4.133550694048789,20.0,20.0,4.0,0.0,0.0,0.0,0.0,0.0,102.1,435.0,96.0,48.0,47.0,13.0,32.0,2.0,4.0,1.0,0.0,94.0
90,Bailey Ober,MIN,2.0,3.0,3.214285769024675,11.0,11.0,2.0,0.0,0.0,0.0,0.0,0.0,56.0,227.0,48.0,22.0,20.0,4.0,11.0,0.0,2.0,0.0,1.0,51.0
91,Charlie Morton,ATL,9.0,6.0,4.343023424376798,31.0,31.0,9.0,0.0,0.0,0.0,0.0,0.0,172.0,728.0,149.0,85.0,83.0,28.0,63.0,0.0,18.0,4.0,0.0,205.0
92,Antonio Senzatela,COL,3.0,7.0,5.068592232266651,19.0,19.0,8.0,0.0,0.0,0.0,0.0,0.0,92.1,413.0,133.0,56.0,52.0,9.0,23.0,0.0,3.0,1.0,0.0,54.0
93,Graham Ashcraft,CIN,5.0,6.0,4.8857145519645995,19.0,19.0,9.0,0.0,0.0,0.0,0.0,0.0,105.0,464.0,119.0,61.0,57.0,11.0,30.0,1.0,8.0,9.0,0.0,71.0
94,Cole Irvin,OAK,9.0,13.0,3.977900657282367,30.0,30.0,15.0,0.0,0.0,0.0,0.0,0.0,181.0,741.0,174.0,87.0,80.0,25.0,36.0,3.0,7.0,3.0,0.0,128.0
95,Germán Márquez,COL,9.0,13.0,4.9541285097192675,31.0,31.0,17.0,0.0,0.0,0.0,0.0,0.0,181.2,779.0,185.0,109.0,100.0,30.0,63.0,0.0,4.0,8.0,2.0,150.0
96,Adrian Sampson,CHC,4.0,5.0,3.283783900163054,19.0,19.0,7.0,0.0,0.0,0.0,0.0,0.0,98.2,408.0,98.0,38.0,36.0,10.0,27.0,0.0,2.0,0.0,1.0,68.0
97,Aaron Civale,CLE,5.0,6.0,4.917525918238706,20.0,20.0,5.0,0.0,0.0,0.0,0.0,0.0,97.0,407.0,93.0,58.0,53.0,14.0,22.0,1.0,7.0,1.0,0.0,98.0
98,José Urquidy,HOU,13.0,8.0,3.8809035895575668,28.0,28.0,15.0,0.0,0.0,0.0,0.0,0.0,162.1,671.0,152.0,72.0,70.0,27.0,36.0,0.0,7.0,5.0,0.0,133.0
99,Jake Odorizzi,2 Tms,6.0,6.0,4.401254131488445,22.0,22.0,5.0,0.0,0.0,0.0,0.0,0.0,106.1,453.0,106.0,58.0,52.0,14.0,35.0,1.0,3.0,2.0,0.0,86.0
100,Brayan Bello,BOS,2.0,7.0,4.8152866534536,11.0,11.0,2.0,1.0,0.0,0.0,0.0,0.0,52.1,245.0,69.0,32.0,28.0,1.0,24.0,0.0,1.0,2.0,0.0,49.0
101,Drew Smyly,CHC,7.0,8.0,3.4702195706049235,22.0,22.0,5.0,0.0,0.0,0.0,0.0,0.0,106.1,447.0,101.0,46.0,41.0,16.0,26.0,0.0,5.0,3.0,0.0,91.0
102,Austin Voth,BAL,4.0,4.0,3.065502272770461,17.0,17.0,2.0,0.0,0.0,0.0,0.0,0.0,76.1,318.0,71.0,28.0,26.0,9.0,21.0,0.0,3.0,1.0,0.0,67.0
103,Mitch White,2 Tms,0.0,6.0,5.309623727577929,18.0,18.0,1.0,0.0,0.0,0.0,0.0,0.0,79.2,358.0,88.0,48.0,47.0,7.0,31.0,0.0,2.0,4.0,0.0,61.0
104,Zach Eflin,PHI,3.0,5.0,4.36764712007813,13.0,13.0,4.0,0.0,0.0,0.0,0.0,0.0,68.0,285.0,66.0,36.0,33.0,8.0,15.0,1.0,4.0,0.0,0.0,56.0
105,Eric Lauer,MIL,11.0,7.0,3.6869748711720707,29.0,29.0,13.0,0.0,0.0,0.0,0.0,0.0,158.2,661.0,135.0,71.0,65.0,27.0,59.0,0.0,2.0,5.0,2.0,157.0
106,Dakota Hudson,STL,8.0,7.0,4.543902618702085,26.0,26.0,8.0,0.0,0.0,0.0,0.0,0.0,136.2,585.0,139.0,71.0,69.0,9.0,60.0,0.0,9.0,4.0,0.0,78.0
107,Matt Manning,DET,2.0,3.0,3.4285714804720726,12.0,12.0,6.0,0.0,0.0,0.0,0.0,0.0,63.0,263.0,55.0,27.0,24.0,6.0,19.0,0.0,1.0,2.0,0.0,48.0
108,Nathan Eovaldi,BOS,6.0,3.0,3.868902585261431,20.0,20.0,8.0,2.0,1.0,0.0,0.0,0.0,109.1,460.0,115.0,55.0,47.0,21.0,20.0,0.0,1.0,2.0,0.0,103.0
109,Michael Kopech,CHW,5.0,9.0,3.5446928336275576,25.0,25.0,8.0,0.0,0.0,0.0,0.0,0.0,119.1,494.0,85.0,53.0,47.0,15.0,57.0,0.0,3.0,2.0,2.0,105.0
110,Michael Lorenzen,LAA,8.0,6.0,4.238908001596978,18.0,18.0,8.0,0.0,0.0,0.0,0.0,0.0,97.2,411.0,81.0,48.0,46.0,11.0,44.0,0.0,4.0,3.0,0.0,85.0
111,Adrian Houser,MIL,6.0,10.0,4.8278147372377225,21.0,21.0,6.0,0.0,0.0,0.0,0.0,0.0,100.2,448.0,102.0,66.0,54.0,8.0,47.0,1.0,2.0,2.0,0.0,67.0
112,Walker Buehler,LAD,6.0,3.0,4.015384674297988,12.0,12.0,3.0,1.0,1.0,0.0,0.0,0.0,65.0,274.0,67.0,30.0,29.0,8.0,17.0,0.0,2.0,1.0,0.0,58.0
113,Spenser Watkins,BAL,4.0,6.0,4.168421261858753,20.0,20.0,4.0,0.0,0.0,0.0,0.0,0.0,95.0,407.0,98.0,48.0,44.0,10.0,26.0,0.0,4.0,3.0,1.0,58.0
114,Sean Manaea,SDP,8.0,9.0,5.058823624009219,28.0,28.0,16.0,0.0,0.0,0.0,0.0,0.0,153.0,652.0,152.0,94.0,86.0,29.0,50.0,1.0,2.0,0.0,0.0,151.0
115,Tyler Wells,BAL,7.0,7.0,4.2540193969633195,23.0,23.0,5.0,0.0,0.0,0.0,0.0,0.0,103.2,423.0,90.0,49.0,49.0,16.0,28.0,0.0,2.0,0.0,0.0,76.0
116,Chris Paddack,MIN,1.0,2.0,4.029850975711366,5.0,5.0,0.0,0.0,0.0,0.0,0.0,0.0,22.1,93.0,25.0,10.0,10.0,0.0,2.0,0.0,1.0,1.0,0.0,20.0
117,Austin Gomber,COL,5.0,7.0,5.749049658973122,17.0,17.0,7.0,0.0,0.0,0.0,0.0,0.0,87.2,377.0,101.0,59.0,56.0,13.0,25.0,1.0,2.0,3.0,0.0,68.0
118,Trevor Rogers,MIA,4.0,11.0,5.467289963271683,23.0,23.0,4.0,0.0,0.0,0.0,0.0,0.0,107.0,477.0,116.0,69.0,65.0,15.0,45.0,0.0,5.0,5.0,0.0,106.0
119,Dane Dunning,TEX,4.0,8.0,4.4608697409350455,29.0,29.0,10.0,0.0,0.0,0.0,0.0,0.0,153.1,671.0,158.0,80.0,76.0,20.0,62.0,0.0,11.0,6.0,0.0,137.0
120,MacKenzie Gore,SDP,4.0,4.0,4.270408308714546,13.0,13.0,3.0,0.0,0.0,0.0,0.0,0.0,65.1,286.0,61.0,31.0,31.0,6.0,33.0,0.0,4.0,5.0,0.0,66.0
121,José Berríos,TOR,12.0,7.0,5.23255834352929,32.0,32.0,17.0,0.0,0.0,0.0,0.0,0.0,172.0,753.0,199.0,103.0,100.0,29.0,45.0,0.0,11.0,3.0,0.0,149.0
122,Ian Anderson,ATL,10.0,6.0,4.997015124529402,22.0,22.0,6.0,0.0,0.0,0.0,0.0,0.0,111.2,493.0,115.0,63.0,62.0,12.0,54.0,0.0,1.0,4.0,0.0,97.0
123,Andrew Heaney,LAD,3.0,3.0,3.0618557905160095,14.0,14.0,2.0,0.0,0.0,0.0,0.0,0.0,64.2,277.0,52.0,31.0,22.0,13.0,18.0,0.0,9.0,0.0,0.0,97.0
124,Jakob Junis,SFG,3.0,5.0,4.821428790384419,17.0,17.0,4.0,0.0,0.0,0.0,0.0,0.0,84.0,365.0,93.0,47.0,45.0,12.0,19.0,0.0,4.0,1.0,0.0,71.0
125,José Ureña,COL,3.0,8.0,5.138059884329692,17.0,17.0,7.0,0.0,0.0,0.0,0.0,0.0,89.1,396.0,102.0,57.0,51.0,10.0,38.0,0.0,1.0,1.0,0.0,60.0
126,Roansy Contreras,PIT,4.0,5.0,3.8129772380281857,18.0,18.0,3.0,0.0,0.0,0.0,0.0,0.0,87.1,377.0,78.0,42.0,37.0,12.0,36.0,1.0,1.0,11.0,0.0,76.0
127,Daniel Lynch IV,KCR,4.0,13.0,5.126582526029877,27.0,27.0,3.0,0.0,0.0,0.0,0.0,0.0,131.2,600.0,155.0,79.0,75.0,21.0,52.0,2.0,5.0,7.0,2.0,122.0
128,Lance McCullers Jr.,HOU,4.0,2.0,2.2657342959548616,8.0,8.0,5.0,0.0,0.0,0.0,0.0,0.0,47.2,195.0,37.0,12.0,12.0,4.0,22.0,0.0,0.0,1.0,0.0,50.0
129,Paul Blackburn,OAK,7.0,6.0,4.284431296758614,21.0,21.0,4.0,0.0,0.0,0.0,0.0,0.0,111.1,467.0,110.0,53.0,53.0,15.0,30.0,2.0,5.0,1.0,0.0,89.0
130,Zach Plesac,CLE,3.0,12.0,4.339285893751311,24.0,24.0,11.0,0.0,0.0,0.0,0.0,0.0,130.2,565.0,136.0,74.0,63.0,19.0,38.0,0.0,5.0,4.0,0.0,100.0
131,Kyle Bradish,BAL,4.0,7.0,4.89518440047658,23.0,23.0,6.0,0.0,0.0,0.0,0.0,0.0,117.2,509.0,119.0,68.0,64.0,17.0,46.0,0.0,7.0,7.0,0.0,111.0
132,Dylan Bundy,MIN,8.0,8.0,4.8857144521207285,29.0,29.0,2.0,0.0,0.0,0.0,0.0,0.0,140.0,595.0,151.0,79.0,76.0,24.0,28.0,0.0,3.0,3.0,0.0,94.0
133,Bailey Falter,PHI,6.0,3.0,3.7565218637390756,16.0,16.0,6.0,0.0,0.0,0.0,0.0,0.0,76.2,318.0,77.0,35.0,32.0,14.0,15.0,0.0,6.0,2.0,0.0,71.0
134,Garrett Whitlock,BOS,1.0,1.0,4.153846153846154,9.0,9.0,2.0,0.0,0.0,0.0,0.0,0.0,39.0,164.0,40.0,20.0,18.0,5.0,9.0,0.0,1.0,1.0,0.0,38.0
135,Bryce Elder,ATL,2.0,4.0,2.7870969113797543,9.0,9.0,3.0,1.0,1.0,0.0,0.0,0.0,51.2,214.0,39.0,16.0,16.0,4.0,23.0,1.0,2.0,0.0,0.0,45.0
136,Patrick Corbin,WSN,6.0,19.0,6.307860532088847,31.0,31.0,9.0,1.0,0.0,0.0,0.0,0.0,152.2,713.0,210.0,119.0,107.0,27.0,49.0,1.0,7.0,2.0,0.0,128.0
137,Tylor Megill,NYM,4.0,2.0,5.0080647857454785,9.0,9.0,1.0,0.0,0.0,0.0,0.0,0.0,41.1,174.0,39.0,23.0,23.0,6.0,11.0,0.0,1.0,1.0,0.0,47.0
138,Connor Overton,CIN,1.0,0.0,1.8243244418791462,4.0,4.0,2.0,0.0,0.0,0.0,0.0,0.0,24.2,89.0,15.0,5.0,5.0,0.0,7.0,0.0,0.0,0.0,0.0,10.0
139,Domingo Germán,NYY,2.0,5.0,3.693396409175803,14.0,14.0,5.0,0.0,0.0,0.0,0.0,0.0,70.2,291.0,64.0,31.0,29.0,11.0,18.0,0.0,4.0,0.0,1.0,56.0
140,Brad Keller,KCR,6.0,13.0,4.929155479865169,22.0,22.0,11.0,0.0,0.0,0.0,0.0,0.0,122.1,531.0,128.0,73.0,67.0,16.0,47.0,1.0,2.0,8.0,0.0,83.0
141,Ryan Yarbrough,TBR,0.0,4.0,4.46281026909649,9.0,9.0,2.0,0.0,0.0,0.0,0.0,0.0,40.1,176.0,40.0,23.0,20.0,3.0,11.0,0.0,7.0,1.0,0.0,33.0
142,Hayden Wesneski,CHC,2.0,1.0,1.8493150926526618,4.0,4.0,3.0,0.0,0.0,0.0,0.0,0.0,24.1,98.0,18.0,6.0,5.0,1.0,5.0,0.0,3.0,0.0,0.0,22.0
143,Eduardo Rodriguez,DET,5.0,5.0,4.054945226255333,17.0,17.0,10.0,0.0,0.0,0.0,0.0,0.0,91.0,391.0,87.0,49.0,41.0,12.0,34.0,0.0,2.0,1.0,0.0,72.0
144,Kris Bubic,KCR,3.0,13.0,5.5546878349651,27.0,27.0,7.0,0.0,0.0,0.0,0.0,0.0,128.0,583.0,155.0,86.0,79.0,17.0,63.0,0.0,4.0,4.0,1.0,108.0
145,Davis Martin,CHW,2.0,6.0,5.481203282638944,9.0,9.0,2.0,0.0,0.0,0.0,0.0,0.0,44.1,193.0,48.0,29.0,27.0,5.0,15.0,1.0,2.0,3.0,0.0,34.0
146,Steven Matz,STL,4.0,3.0,5.695312712166932,10.0,10.0,2.0,0.0,0.0,0.0,0.0,0.0,42.2,186.0,47.0,27.0,27.0,8.0,9.0,0.0,2.0,1.0,0.0,51.0
147,Andre Pallante,STL,3.0,3.0,3.9754602855157093,10.0,10.0,3.0,0.0,0.0,0.0,0.0,0.0,54.1,228.0,61.0,24.0,24.0,6.0,16.0,0.0,1.0,3.0,0.0,40.0
148,Ryan Feltner,COL,4.0,9.0,6.031915199600139,19.0,19.0,4.0,0.0,0.0,0.0,0.0,0.0,94.0,413.0,99.0,65.0,63.0,16.0,33.0,0.0,5.0,3.0,0.0,82.0
149,Chris Archer,MIN,2.0,8.0,4.558441629014102,25.0,25.0,0.0,0.0,0.0,0.0,0.0,0.0,102.2,437.0,87.0,56.0,52.0,12.0,48.0,0.0,3.0,3.0,0.0,84.0
150,Johan Oviedo,2 Tms,2.0,3.0,3.5327103433468245,8.0,8.0,2.0,0.0,0.0,0.0,0.0,0.0,35.2,160.0,31.0,15.0,14.0,2.0,19.0,0.0,3.0,1.0,1.0,33.0
151,Joey Wentz,DET,2.0,2.0,3.030612480834064,7.0,7.0,1.0,0.0,0.0,0.0,0.0,0.0,32.2,135.0,23.0,13.0,11.0,2.0,13.0,0.0,1.0,2.0,0.0,27.0
152,Drey Jameson,ARI,3.0,0.0,1.4794520741221293,4.0,4.0,3.0,0.0,0.0,0.0,0.0,0.0,24.1,98.0,20.0,4.0,4.0,2.0,7.0,0.0,1.0,1.0,0.0,24.0
153,Aaron Ashby,MIL,2.0,8.0,4.806818442280641,19.0,19.0,3.0,0.0,0.0,0.0,0.0,0.0,88.0,393.0,87.0,56.0,47.0,15.0,41.0,0.0,4.0,6.0,1.0,103.0
154,Wade Miley,CHC,1.0,2.0,3.342857142857143,8.0,8.0,2.0,0.0,0.0,0.0,0.0,0.0,35.0,152.0,31.0,20.0,13.0,3.0,14.0,0.0,2.0,1.0,0.0,28.0
155,Clarke Schmidt,NYY,0.0,2.0,4.628571680808568,3.0,3.0,0.0,0.0,0.0,0.0,0.0,0.0,11.2,49.0,13.0,6.0,6.0,0.0,2.0,0.0,1.0,0.0,0.0,14.0
156,Daulton Jefferies,OAK,1.0,7.0,5.720339029282546,8.0,8.0,2.0,0.0,0.0,0.0,0.0,0.0,39.1,172.0,46.0,26.0,25.0,4.0,8.0,0.0,2.0,3.0,0.0,28.0
157,Chad Kuhl,COL,6.0,11.0,5.715328745649165,27.0,27.0,8.0,1.0,1.0,0.0,0.0,0.0,137.0,617.0,155.0,91.0,87.0,25.0,58.0,1.0,5.0,5.0,0.0,110.0
158,Zach Davies,ARI,2.0,5.0,4.086848818989907,27.0,27.0,4.0,0.0,0.0,0.0,0.0,0.0,134.1,570.0,122.0,66.0,61.0,21.0,52.0,0.0,2.0,1.0,0.0,102.0
159,Hunter Brown,HOU,2.0,0.0,1.5,2.0,2.0,2.0,0.0,0.0,0.0,0.0,0.0,12.0,44.0,8.0,2.0,2.0,0.0,3.0,0.0,0.0,0.0,0.0,11.0
160,Kutter Crawford,BOS,1.0,5.0,5.42934802306961,12.0,12.0,4.0,0.0,0.0,0.0,0.0,0.0,61.1,259.0,64.0,38.0,37.0,10.0,20.0,0.0,2.0,2.0,1.0,55.0
161,Josh Winder,MIN,4.0,5.0,4.415094498511782,11.0,11.0,4.0,0.0,0.0,0.0,0.0,0.0,53.0,224.0,53.0,28.0,26.0,8.0,13.0,0.0,4.0,1.0,0.0,41.0
162,Edward Cabrera,MIA,6.0,4.0,3.013953635430846,14.0,14.0,3.0,0.0,0.0,0.0,0.0,0.0,71.2,291.0,44.0,24.0,24.0,10.0,33.0,0.0,9.0,2.0,0.0,75.0
163,JP Sears,2 Tms,5.0,3.0,4.272152027665875,11.0,11.0,2.0,0.0,0.0,0.0,0.0,0.0,52.2,225.0,57.0,26.0,25.0,7.0,19.0,1.0,1.0,0.0,0.0,36.0
164,Chris Flexen,SEA,7.0,9.0,4.016529052246631,22.0,22.0,9.0,0.0,0.0,0.0,0.0,0.0,121.0,522.0,122.0,54.0,54.0,17.0,44.0,1.0,2.0,7.0,0.0,83.0
165,Madison Bumgarner,ARI,7.0,15.0,4.878151338691893,30.0,30.0,6.0,0.0,0.0,0.0,0.0,0.0,158.2,698.0,179.0,97.0,86.0,25.0,49.0,0.0,9.0,2.0,0.0,112.0
166,Mike Clevinger,SDP,7.0,7.0,4.246290921352481,22.0,22.0,6.0,0.0,0.0,0.0,0.0,0.0,112.1,475.0,97.0,54.0,53.0,20.0,35.0,0.0,10.0,3.0,0.0,89.0
167,Tanner Houck,BOS,1.0,2.0,4.320000411987344,4.0,4.0,0.0,0.0,0.0,0.0,0.0,0.0,16.2,69.0,15.0,8.0,8.0,0.0,7.0,0.0,2.0,1.0,0.0,13.0
168,Javier Assad,CHC,2.0,2.0,2.9454545965273526,8.0,8.0,1.0,0.0,0.0,0.0,0.0,0.0,36.2,161.0,33.0,13.0,12.0,4.0,20.0,0.0,0.0,1.0,0.0,28.0
169,Alex Faedo,DET,1.0,5.0,5.534161752933562,12.0,12.0,1.0,0.0,0.0,0.0,0.0,0.0,53.2,244.0,63.0,34.0,33.0,7.0,25.0,0.0,1.0,2.0,0.0,44.0
170,John Brebbia,SFG,0.0,0.0,0.8181818181818182,11.0,11.0,0.0,0.0,0.0,0.0,0.0,0.0,11.0,43.0,10.0,1.0,1.0,0.0,1.0,0.0,1.0,0.0,0.0,7.0
171,John Means,BAL,0.0,0.0,3.375,2.0,2.0,0.0,0.0,0.0,0.0,0.0,0.0,8.0,34.0,8.0,3.0,3.0,0.0,2.0,0.0,0.0,0.0,0.0,7.0
172,Luis Ortiz,PIT,0.0,2.0,4.500000553205678,4.0,4.0,0.0,0.0,0.0,0.0,0.0,0.0,16.0,69.0,8.0,9.0,8.0,1.0,10.0,0.0,0.0,0.0,0.0,17.0
173,James Kaprielian,OAK,5.0,9.0,4.231343434153864,26.0,26.0,7.0,0.0,0.0,0.0,0.0,0.0,134.0,577.0,121.0,68.0,63.0,16.0,59.0,0.0,5.0,2.0,0.0,98.0
174,Kyle Hendricks,CHC,4.0,6.0,4.802371776832736,16.0,16.0,4.0,0.0,0.0,0.0,0.0,0.0,84.1,356.0,85.0,45.0,45.0,15.0,24.0,0.0,3.0,0.0,0.0,66.0
175,Ryne Nelson,ARI,1.0,1.0,1.4727272982636763,3.0,3.0,2.0,0.0,0.0,0.0,0.0,0.0,18.1,69.0,9.0,4.0,3.0,2.0,6.0,1.0,0.0,0.0,0.0,16.0
176,Erick Fedde,WSN,6.0,13.0,5.811023927502125,27.0,27.0,5.0,0.0,0.0,0.0,0.0,0.0,127.0,573.0,149.0,84.0,82.0,21.0,58.0,0.0,0.0,6.0,0.0,94.0
177,J.P. Feyereisen,TBR,0.0,0.0,0.0,2.0,2.0,0.0,0.0,0.0,0.0,0.0,0.0,4.0,12.0,0.0,0.0,0.0,0.0,0.0,0.0,0.0,0.0,0.0,5.0
178,Dustin May,LAD,2.0,3.0,4.5,6.0,6.0,1.0,0.0,0.0,0.0,0.0,0.0,30.0,127.0,21.0,17.0,15.0,3.0,14.0,0.0,5.0,0.0,0.0,29.0
179,Ken Waldichuk,OAK,2.0,2.0,4.932692533854913,7.0,7.0,1.0,0.0,0.0,0.0,0.0,0.0,34.2,146.0,32.0,19.0,19.0,5.0,10.0,0.0,4.0,1.0,0.0,33.0
180,Chase Anderson,CIN,2.0,3.0,6.044776471633394,7.0,7.0,0.0,0.0,0.0,0.0,0.0,0.0,22.1,94.0,15.0,15.0,15.0,2.0,13.0,0.0,3.0,0.0,0.0,23.0
181,Austin Davis,BOS,0.0,0.0,0.0,3.0,3.0,0.0,0.0,0.0,0.0,0.0,0.0,6.1,22.0,1.0,0.0,0.0,0.0,2.0,0.0,0.0,0.0,0.0,8.0
182,Luis Cessa,CIN,1.0,3.0,4.295454731657493,10.0,10.0,1.0,0.0,0.0,0.0,0.0,0.0,44.0,181.0,41.0,22.0,21.0,8.0,13.0,0.0,1.0,1.0,0.0,31.0
183,Cole Ragans,TEX,0.0,3.0,4.9500001180172,9.0,9.0,0.0,0.0,0.0,0.0,0.0,0.0,40.0,174.0,43.0,24.0,22.0,6.0,16.0,0.0,0.0,2.0,0.0,27.0
184,Dillon Peters,PIT,0.0,1.0,5.0000005629328195,4.0,4.0,0.0,0.0,0.0,0.0,0.0,0.0,9.0,37.0,7.0,5.0,5.0,0.0,3.0,0.0,0.0,0.0,0.0,6.0
185,Aaron Sanchez,2 Tms,3.0,4.0,7.159091374598289,10.0,10.0,0.0,0.0,0.0,0.0,0.0,0.0,44.0,201.0,63.0,36.0,35.0,6.0,12.0,1.0,4.0,1.0,0.0,30.0
186,Louis Varland,MIN,1.0,2.0,3.8076924473576343,5.0,5.0,0.0,0.0,0.0,0.0,0.0,0.0,26.0,106.0,26.0,11.0,11.0,4.0,6.0,1.0,1.0,1.0,0.0,21.0
187,Trevor Richards,TOR,0.0,1.0,2.0769232435692127,4.0,4.0,0.0,0.0,0.0,0.0,0.0,0.0,4.1,19.0,5.0,1.0,1.0,0.0,1.0,0.0,0.0,0.0,0.0,7.0
188,Jalen Beeks,TBR,0.0,0.0,2.8421054058127857,7.0,7.0,0.0,0.0,0.0,0.0,0.0,0.0,12.2,56.0,13.0,4.0,4.0,1.0,5.0,0.0,2.0,0.0,0.0,14.0
189,Mike Baumann,BAL,0.0,1.0,5.40000009363348,4.0,4.0,0.0,0.0,0.0,0.0,0.0,0.0,18.1,79.0,26.0,11.0,11.0,2.0,3.0,0.0,0.0,0.0,0.0,10.0
190,Konnor Pilkington,CLE,1.0,2.0,4.411764953375702,11.0,11.0,0.0,0.0,0.0,0.0,0.0,0.0,51.0,231.0,51.0,30.0,25.0,6.0,28.0,0.0,2.0,1.0,0.0,44.0
191,Austin Pruitt,OAK,0.0,0.0,0.0,1.0,1.0,0.0,0.0,0.0,0.0,0.0,0.0,5.0,17.0,0.0,0.0,0.0,0.0,0.0,0.0,0.0,0.0,0.0,2.0
192,Chris Sale,BOS,0.0,1.0,3.176470978037344,2.0,2.0,0.0,0.0,0.0,0.0,0.0,0.0,5.2,25.0,5.0,3.0,2.0,0.0,1.0,0.0,1.0,0.0,0.0,5.0
193,Luis Gil,NYY,0.0,0.0,9.0,1.0,1.0,0.0,0.0,0.0,0.0,0.0,0.0,4.0,19.0,5.0,4.0,4.0,0.0,2.0,0.0,0.0,1.0,0.0,5.0
194,Touki Toussaint,LAA,0.0,1.0,4.695652563315065,2.0,2.0,0.0,0.0,0.0,0.0,0.0,0.0,7.2,33.0,5.0,4.0,4.0,0.0,6.0,0.0,1.0,0.0,0.0,9.0
195,Jake Woodford,STL,1.0,0.0,1.687500100582844,1.0,1.0,0.0,0.0,0.0,0.0,0.0,0.0,5.1,21.0,4.0,1.0,1.0,0.0,1.0,0.0,0.0,0.0,0.0,1.0
196,Bryan Baker,BAL,0.0,1.0,7.363637640456744,2.0,2.0,0.0,0.0,0.0,0.0,0.0,0.0,3.2,15.0,3.0,3.0,3.0,0.0,1.0,0.0,1.0,0.0,0.0,4.0
197,Taylor Hearn,TEX,4.0,5.0,6.2542375914155475,13.0,13.0,1.0,0.0,0.0,0.0,0.0,0.0,59.0,278.0,75.0,42.0,41.0,9.0,28.0,0.0,3.0,2.0,0.0,54.0
198,Sam Long,SFG,0.0,2.0,2.918918994154002,6.0,6.0,0.0,0.0,0.0,0.0,0.0,0.0,12.1,51.0,14.0,6.0,4.0,2.0,0.0,0.0,0.0,0.0,0.0,8.0
199,Janson Junk,LAA,1.0,1.0,7.363636682841418,2.0,2.0,0.0,0.0,0.0,0.0,0.0,0.0,7.1,33.0,9.0,6.0,6.0,1.0,3.0,0.0,0.0,0.0,0.0,10.0
200,Jimmy Herget,LAA,0.0,0.0,3.0,1.0,1.0,0.0,0.0,0.0,0.0,0.0,0.0,3.0,10.0,1.0,1.0,1.0,0.0,0.0,0.0,0.0,0.0,0.0,2.0
201,Nick Nelson,PHI,0.0,1.0,6.75,2.0,2.0,0.0,0.0,0.0,0.0,0.0,0.0,4.0,20.0,5.0,3.0,3.0,0.0,3.0,0.0,1.0,0.0,0.0,7.0
202,Fernando Cruz,CIN,0.0,0.0,0.0,2.0,2.0,0.0,0.0,0.0,0.0,0.0,0.0,3.1,11.0,0.0,0.0,0.0,0.0,0.0,0.0,1.0,0.0,0.0,3.0
203,Jhonathan Díaz,LAA,1.0,1.0,2.382353208469302,3.0,3.0,0.0,0.0,0.0,0.0,0.0,0.0,11.1,50.0,9.0,3.0,3.0,0.0,10.0,0.0,0.0,0.0,0.0,9.0
204,Tyler Glasnow,TBR,0.0,0.0,1.350000128746045,2.0,2.0,0.0,0.0,0.0,0.0,0.0,0.0,6.2,26.0,4.0,1.0,1.0,1.0,2.0,0.0,0.0,1.0,0.0,10.0
205,Scott Alexander,SFG,0.0,0.0,0.0,4.0,4.0,0.0,0.0,0.0,0.0,0.0,0.0,4.1,17.0,3.0,0.0,0.0,0.0,0.0,0.0,0.0,0.0,0.0,2.0
206,Cooper Criswell,TBR,0.0,0.0,2.70000025749209,1.0,1.0,0.0,0.0,0.0,0.0,0.0,0.0,3.1,13.0,2.0,1.0,1.0,0.0,1.0,0.0,0.0,0.0,0.0,4.0
207,Beau Brieske,DET,3.0,6.0,4.18775523244913,15.0,15.0,6.0,0.0,0.0,0.0,0.0,0.0,81.2,339.0,73.0,39.0,38.0,14.0,25.0,0.0,1.0,2.0,1.0,54.0
208,Shane Baz,TBR,1.0,2.0,5.000000353212735,6.0,6.0,2.0,0.0,0.0,0.0,0.0,0.0,27.0,117.0,27.0,15.0,15.0,5.0,9.0,0.0,1.0,2.0,0.0,30.0
209,Reynaldo López,CHW,0.0,0.0,0.0,1.0,1.0,0.0,0.0,0.0,0.0,0.0,0.0,2.0,7.0,1.0,0.0,0.0,0.0,0.0,0.0,0.0,0.0,0.0,3.0
210,Humberto Castellanos,ARI,3.0,2.0,5.661290627364454,9.0,9.0,0.0,0.0,0.0,0.0,0.0,0.0,41.1,180.0,45.0,26.0,26.0,7.0,11.0,0.0,3.0,2.0,0.0,30.0
211,DL Hall,BAL,0.0,1.0,12.272729400761241,1.0,1.0,0.0,0.0,0.0,0.0,0.0,0.0,3.2,19.0,5.0,5.0,5.0,0.0,3.0,0.0,0.0,0.0,0.0,6.0
212,Keegan Akin,BAL,0.0,1.0,7.714286765273879,1.0,1.0,0.0,0.0,0.0,0.0,0.0,0.0,2.1,10.0,2.0,2.0,2.0,0.0,1.0,0.0,0.0,0.0,0.0,4.0
213,Matt Wisler,TBR,0.0,0.0,2.3478262816575324,5.0,5.0,0.0,0.0,0.0,0.0,0.0,0.0,7.2,28.0,4.0,2.0,2.0,1.0,2.0,0.0,0.0,0.0,0.0,6.0
214,Denyi Reyes,BAL,0.0,0.0,2.454545880152248,1.0,1.0,0.0,0.0,0.0,0.0,0.0,0.0,3.2,16.0,4.0,1.0,1.0,0.0,1.0,0.0,0.0,0.0,0.0,1.0
215,Rony García,DET,3.0,3.0,5.1081082397695035,8.0,8.0,1.0,0.0,0.0,0.0,0.0,0.0,37.0,155.0,33.0,23.0,21.0,7.0,10.0,0.0,4.0,2.0,0.0,31.0
216,Shawn Armstrong,TBR,0.0,1.0,1.1739131408287662,3.0,3.0,0.0,0.0,0.0,0.0,0.0,0.0,7.2,27.0,5.0,1.0,1.0,1.0,1.0,0.0,0.0,0.0,0.0,6.0
217,Casey Mize,DET,0.0,1.0,5.4,2.0,2.0,0.0,0.0,0.0,0.0,0.0,0.0,10.0,45.0,13.0,6.0,6.0,1.0,2.0,0.0,0.0,0.0,0.0,4.0
218,Caleb Ferguson,LAD,0.0,0.0,0.0,1.0,1.0,0.0,0.0,0.0,0.0,0.0,0.0,1.0,3.0,0.0,0.0,0.0,0.0,0.0,0.0,0.0,0.0,0.0,3.0
219,Yonny Chirinos,TBR,0.0,0.0,0.0,1.0,1.0,0.0,0.0,0.0,0.0,0.0,0.0,4.0,16.0,3.0,0.0,0.0,0.0,0.0,0.0,1.0,1.0,0.0,2.0
220,Drew Hutchison,DET,3.0,6.0,4.516728800677958,18.0,18.0,2.0,0.0,0.0,0.0,0.0,0.0,89.2,392.0,102.0,49.0,45.0,14.0,30.0,0.0,2.0,3.0,0.0,53.0
221,Joan Adon,WSN,1.0,12.0,7.0979385281460745,14.0,14.0,2.0,0.0,0.0,0.0,0.0,0.0,64.2,310.0,76.0,53.0,51.0,8.0,39.0,1.0,6.0,7.0,0.0,55.0
222,Jeff Hoffman,CIN,0.0,0.0,0.0,1.0,1.0,0.0,0.0,0.0,0.0,0.0,0.0,1.2,7.0,1.0,0.0,0.0,0.0,0.0,0.0,1.0,0.0,0.0,3.0
223,Steven Wilson,SDP,0.0,0.0,0.0,1.0,1.0,0.0,0.0,0.0,0.0,0.0,0.0,1.0,3.0,0.0,0.0,0.0,0.0,0.0,0.0,0.0,0.0,0.0,2.0
224,Gabe Speier,KCR,0.0,0.0,0.0,1.0,1.0,0.0,0.0,0.0,0.0,0.0,0.0,2.0,6.0,0.0,0.0,0.0,0.0,0.0,0.0,0.0,0.0,0.0,1.0
225,Julian Merryweather,TOR,0.0,1.0,9.0,1.0,1.0,0.0,0.0,0.0,0.0,0.0,0.0,1.0,5.0,2.0,1.0,1.0,0.0,0.0,0.0,0.0,0.0,0.0,1.0
226,Vince Velasquez,CHW,2.0,3.0,5.262712162138932,9.0,9.0,0.0,0.0,0.0,0.0,0.0,0.0,39.1,173.0,40.0,24.0,23.0,8.0,15.0,0.0,1.0,0.0,0.0,35.0
227,Erik Swanson,SEA,0.0,0.0,0.0,1.0,1.0,0.0,0.0,0.0,0.0,0.0,0.0,2.0,6.0,0.0,0.0,0.0,0.0,0.0,0.0,0.0,0.0,0.0,1.0
228,Ty Blach,COL,0.0,0.0,6.0,1.0,1.0,0.0,0.0,0.0,0.0,0.0,0.0,3.0,15.0,6.0,2.0,2.0,0.0,1.0,0.0,0.0,0.0,0.0,0.0
229,Cade Cavalli,WSN,0.0,1.0,14.538462604996798,1.0,1.0,0.0,0.0,0.0,0.0,0.0,0.0,4.1,23.0,6.0,7.0,7.0,0.0,2.0,0.0,3.0,0.0,0.0,6.0
230,Hyun Jin Ryu,TOR,2.0,0.0,5.666666866820543,6.0,6.0,1.0,0.0,0.0,0.0,0.0,0.0,27.0,113.0,32.0,17.0,17.0,5.0,4.0,0.0,0.0,0.0,0.0,16.0
231,Nabil Crismatt,SDP,0.0,0.0,0.0,1.0,1.0,0.0,0.0,0.0,0.0,0.0,0.0,3.0,12.0,1.0,0.0,0.0,0.0,3.0,0.0,0.0,0.0,0.0,4.0
232,Chris Stratton,PIT,0.0,0.0,3.8571433826369397,1.0,1.0,0.0,0.0,0.0,0.0,0.0,0.0,2.1,9.0,2.0,1.0,1.0,0.0,0.0,0.0,0.0,0.0,0.0,0.0
233,Penn Murfee,SEA,0.0,0.0,0.0,1.0,1.0,0.0,0.0,0.0,0.0,0.0,0.0,2.0,8.0,1.0,0.0,0.0,0.0,1.0,0.0,0.0,0.0,0.0,2.0
234,Jimmy Lambert,CHW,0.0,2.0,5.40000051498418,2.0,2.0,0.0,0.0,0.0,0.0,0.0,0.0,6.2,31.0,7.0,4.0,4.0,1.0,3.0,0.0,0.0,1.0,0.0,6.0
235,Brusdar Graterol,LAD,0.0,0.0,18.0,1.0,1.0,0.0,0.0,0.0,0.0,0.0,0.0,1.0,6.0,3.0,2.0,2.0,0.0,0.0,0.0,0.0,0.0,0.0,1.0
236,Mauricio Llovera,SFG,0.0,0.0,0.0,1.0,1.0,0.0,0.0,0.0,0.0,0.0,0.0,1.0,3.0,0.0,0.0,0.0,0.0,0.0,0.0,0.0,0.0,0.0,1.0
237,Duane Underwood Jr.,PIT,0.0,1.0,9.0,1.0,1.0,0.0,0.0,0.0,0.0,0.0,0.0,1.0,5.0,2.0,1.0,1.0,0.0,0.0,0.0,0.0,0.0,0.0,1.0
238,Dennis Santana,TEX,0.0,1.0,4.5,1.0,1.0,0.0,0.0,0.0,0.0,0.0,0.0,2.0,9.0,1.0,1.0,1.0,0.0,2.0,0.0,0.0,0.0,0.0,3.0
239,Andrew Bellatti,PHI,0.0,0.0,18.0,1.0,1.0,0.0,0.0,0.0,0.0,0.0,0.0,1.0,5.0,2.0,2.0,2.0,0.0,1.0,0.0,0.0,0.0,0.0,2.0
240,Andrew Wantz,LAA,0.0,0.0,0.0,1.0,1.0,0.0,0.0,0.0,0.0,0.0,0.0,1.0,4.0,0.0,0.0,0.0,0.0,0.0,0.0,1.0,0.0,0.0,2.0
241,Ryan Weathers,SDP,0.0,0.0,9.818183520608992,1.0,1.0,0.0,0.0,0.0,0.0,0.0,0.0,3.2,21.0,6.0,4.0,4.0,0.0,4.0,0.0,0.0,0.0,0.0,3.0
242,Matthew Liberatore,STL,2.0,2.0,5.460674449871066,7.0,7.0,0.0,0.0,0.0,0.0,0.0,0.0,29.2,139.0,35.0,18.0,18.0,4.0,18.0,0.0,1.0,4.0,0.0,25.0
243,Keegan Thompson,CHC,6.0,5.0,4.825532173143369,17.0,17.0,4.0,0.0,0.0,0.0,0.0,0.0,78.1,345.0,84.0,48.0,42.0,14.0,29.0,0.0,6.0,4.0,0.0,66.0
244,Cody Morris,CLE,1.0,2.0,2.1774194218241605,5.0,5.0,1.0,0.0,0.0,0.0,0.0,0.0,20.2,89.0,19.0,7.0,5.0,3.0,11.0,0.0,0.0,1.0,0.0,20.0
245,Matt Bush,2 Tms,0.0,0.0,5.062500330037459,6.0,6.0,0.0,0.0,0.0,0.0,0.0,0.0,5.1,21.0,4.0,3.0,3.0,1.0,2.0,0.0,0.0,1.0,0.0,6.0
246,Scott Effross,CHC,0.0,1.0,0.0,1.0,1.0,0.0,0.0,0.0,0.0,0.0,0.0,1.1,7.0,2.0,2.0,0.0,0.0,0.0,0.0,0.0,0.0,0.0,0.0
247,Luke Weaver,ARI,0.0,1.0,22.090912921370233,1.0,1.0,0.0,0.0,0.0,0.0,0.0,0.0,3.2,22.0,10.0,9.0,9.0,1.0,1.0,0.0,0.0,0.0,0.0,5.0
248,Nick Neidert,MIA,0.0,1.0,3.6,1.0,1.0,0.0,0.0,0.0,0.0,0.0,0.0,5.0,20.0,5.0,2.0,2.0,1.0,0.0,0.0,0.0,0.0,0.0,3.0
249,Daniel Castano,MIA,1.0,2.0,4.547368657859751,7.0,7.0,2.0,0.0,0.0,0.0,0.0,0.0,31.2,139.0,37.0,19.0,16.0,5.0,9.0,0.0,2.0,2.0,0.0,18.0
250,Kenny Rosenberg,LAA,0.0,0.0,0.0,1.0,1.0,0.0,0.0,0.0,0.0,0.0,0.0,4.2,19.0,2.0,0.0,0.0,0.0,3.0,0.0,0.0,0.0,0.0,1.0
251,Josh Sborz,TEX,0.0,0.0,0.0,1.0,1.0,0.0,0.0,0.0,0.0,0.0,0.0,1.0,4.0,1.0,0.0,0.0,0.0,0.0,0.0,0.0,0.0,0.0,0.0
252,Mychal Givens,NYM,0.0,0.0,0.0,1.0,1.0,0.0,0.0,0.0,0.0,0.0,0.0,1.0,4.0,1.0,0.0,0.0,0.0,0.0,0.0,0.0,0.0,0.0,0.0
253,Jesse Chavez,ATL,0.0,0.0,18.0,1.0,1.0,0.0,0.0,0.0,0.0,0.0,0.0,1.0,6.0,3.0,2.0,2.0,0.0,0.0,0.0,0.0,0.0,0.0,0.0
254,Mike Mayers,LAA,0.0,1.0,4.295454731657493,3.0,3.0,0.0,0.0,0.0,0.0,0.0,0.0,14.2,63.0,14.0,9.0,7.0,3.0,6.0,0.0,0.0,1.0,0.0,12.0
255,Trevor Williams,NYM,2.0,4.0,4.189655241302872,9.0,9.0,1.0,0.0,0.0,0.0,0.0,0.0,38.2,159.0,39.0,18.0,18.0,8.0,8.0,0.0,1.0,0.0,0.0,29.0
256,Evan Lee,WSN,0.0,1.0,4.909091760304496,1.0,1.0,0.0,0.0,0.0,0.0,0.0,0.0,3.2,19.0,4.0,2.0,2.0,0.0,3.0,0.0,1.0,0.0,0.0,2.0
257,Tommy Nance,MIA,0.0,1.0,1.8,2.0,2.0,0.0,0.0,0.0,0.0,0.0,0.0,5.0,22.0,4.0,1.0,1.0,1.0,3.0,0.0,0.0,0.0,0.0,7.0
258,Anthony DeSclafani,SFG,0.0,2.0,6.631579613091279,5.0,5.0,0.0,0.0,0.0,0.0,0.0,0.0,19.0,94.0,34.0,21.0,14.0,4.0,4.0,0.0,1.0,0.0,0.0,17.0
259,Richard Bleier,MIA,0.0,1.0,9.0,1.0,1.0,0.0,0.0,0.0,0.0,0.0,0.0,1.0,5.0,1.0,1.0,1.0,0.0,1.0,0.0,0.0,0.0,0.0,1.0
260,Glenn Otto Jr.,TEX,7.0,10.0,4.6437347307835,27.0,27.0,8.0,0.0,0.0,0.0,0.0,0.0,135.2,587.0,119.0,74.0,70.0,21.0,62.0,0.0,13.0,5.0,0.0,107.0
261,Wily Peralta,DET,0.0,0.0,0.0,1.0,1.0,0.0,0.0,0.0,0.0,0.0,0.0,2.0,9.0,1.0,0.0,0.0,0.0,3.0,0.0,0.0,0.0,0.0,3.0
262,Miguel Yajure,PIT,0.0,0.0,0.0,1.0,1.0,0.0,0.0,0.0,0.0,0.0,0.0,4.0,18.0,4.0,0.0,0.0,0.0,3.0,0.0,0.0,0.0,0.0,0.0
263,Stephen Strasburg,WSN,0.0,1.0,13.50000183922929,1.0,1.0,0.0,0.0,0.0,0.0,0.0,0.0,4.2,23.0,8.0,7.0,7.0,1.0,2.0,0.0,1.0,1.0,0.0,5.0
264,Packy Naughton,STL,0.0,2.0,10.28571568703184,3.0,3.0,0.0,0.0,0.0,0.0,0.0,0.0,7.0,33.0,12.0,8.0,8.0,2.0,0.0,0.0,0.0,0.0,0.0,6.0
265,Max Castillo,2 Tms,0.0,2.0,6.92307717701388,6.0,6.0,0.0,0.0,0.0,0.0,0.0,0.0,26.0,116.0,30.0,22.0,20.0,5.0,9.0,0.0,2.0,1.0,0.0,21.0
266,Joe Kelly,CHW,0.0,0.0,18.0,1.0,1.0,0.0,0.0,0.0,0.0,0.0,0.0,1.0,7.0,2.0,2.0,2.0,0.0,2.0,0.0,0.0,1.0,0.0,2.0
267,Cristopher Sánchez,PHI,2.0,1.0,3.3750000804662723,3.0,3.0,1.0,0.0,0.0,0.0,0.0,0.0,13.1,53.0,10.0,5.0,5.0,3.0,3.0,0.0,1.0,0.0,0.0,11.0
268,Cody Poteet,MIA,0.0,1.0,5.869565704143831,2.0,2.0,0.0,0.0,0.0,0.0,0.0,0.0,7.2,31.0,5.0,5.0,5.0,1.0,4.0,0.0,0.0,1.0,0.0,5.0
269,JT Chargois,TBR,0.0,0.0,6.75,3.0,3.0,0.0,0.0,0.0,0.0,0.0,0.0,4.0,17.0,5.0,3.0,3.0,1.0,0.0,0.0,0.0,0.0,0.0,3.0
270,Caleb Kilian,CHC,0.0,2.0,10.323529701331916,3.0,3.0,0.0,0.0,0.0,0.0,0.0,0.0,11.1,56.0,11.0,15.0,13.0,0.0,12.0,1.0,1.0,3.0,0.0,9.0
271,Jackson Stephens,ATL,0.0,0.0,9.0,1.0,1.0,0.0,0.0,0.0,0.0,0.0,0.0,3.0,15.0,5.0,3.0,3.0,0.0,2.0,0.0,0.0,0.0,0.0,0.0
272,Michael Grove,LAD,1.0,0.0,3.8117648769497534,6.0,6.0,0.0,0.0,0.0,0.0,0.0,0.0,28.1,126.0,29.0,18.0,12.0,6.0,9.0,0.0,0.0,2.0,0.0,24.0
273,Nick Martinez,SDP,2.0,3.0,4.299363161788337,10.0,10.0,2.0,0.0,0.0,0.0,0.0,0.0,52.1,230.0,54.0,25.0,25.0,9.0,27.0,0.0,1.0,4.0,0.0,47.0
274,Reiss Knehr,SDP,0.0,0.0,4.909091760304496,1.0,1.0,0.0,0.0,0.0,0.0,0.0,0.0,3.2,19.0,4.0,2.0,2.0,0.0,2.0,0.0,2.0,0.0,1.0,1.0
275,Luke Farrell,CHC,0.0,0.0,4.263158108719178,2.0,2.0,0.0,0.0,0.0,0.0,0.0,0.0,6.1,27.0,8.0,3.0,3.0,2.0,0.0,0.0,0.0,0.0,0.0,5.0
276,David Phelps,TOR,0.0,0.0,0.0,1.0,1.0,0.0,0.0,0.0,0.0,0.0,0.0,1.0,4.0,1.0,0.0,0.0,0.0,0.0,0.0,1.0,0.0,0.0,0.0
277,Kyle Nelson,ARI,0.0,0.0,0.0,1.0,1.0,0.0,0.0,0.0,0.0,0.0,0.0,1.0,3.0,0.0,0.0,0.0,0.0,1.0,0.0,0.0,0.0,0.0,0.0
278,Jimmy Yacabonis,TBR,0.0,0.0,0.0,1.0,1.0,0.0,0.0,0.0,0.0,0.0,0.0,1.0,5.0,1.0,1.0,0.0,0.0,1.0,0.0,0.0,0.0,0.0,0.0
279,Daniel Norris,2 Tms,0.0,1.0,3.2727275564651106,3.0,3.0,0.0,0.0,0.0,0.0,0.0,0.0,11.0,50.0,8.0,4.0,4.0,0.0,7.0,0.0,4.0,0.0,0.0,6.0
280,Bryan Shaw,CLE,0.0,0.0,8.307692917141027,2.0,2.0,0.0,0.0,0.0,0.0,0.0,0.0,4.1,23.0,5.0,4.0,4.0,0.0,4.0,0.0,1.0,1.0,0.0,3.0
281,Kyle Muller,ATL,1.0,1.0,8.027027854613006,3.0,3.0,0.0,0.0,0.0,0.0,0.0,0.0,12.1,59.0,13.0,11.0,11.0,2.0,8.0,0.0,0.0,2.0,0.0,12.0
282,Simeon Woods Richardson,MIN,0.0,1.0,3.6,1.0,1.0,0.0,0.0,0.0,0.0,0.0,0.0,5.0,20.0,3.0,3.0,2.0,1.0,2.0,0.0,0.0,1.0,0.0,3.0
283,Jack Flaherty,STL,2.0,1.0,4.371428571428571,8.0,8.0,2.0,0.0,0.0,0.0,0.0,0.0,35.0,164.0,35.0,18.0,17.0,4.0,22.0,0.0,5.0,0.0,0.0,32.0
284,Sean Newcomb,CHC,0.0,0.0,6.0,1.0,1.0,0.0,0.0,0.0,0.0,0.0,0.0,3.0,13.0,5.0,2.0,2.0,1.0,0.0,0.0,0.0,0.0,0.0,1.0
285,Jesus Tinoco,TEX,0.0,0.0,3.0,2.0,2.0,0.0,0.0,0.0,0.0,0.0,0.0,3.0,14.0,3.0,1.0,1.0,1.0,2.0,0.0,0.0,0.0,0.0,4.0
286,Josh Winckowski,BOS,5.0,7.0,5.7475249424201404,14.0,14.0,3.0,0.0,0.0,0.0,0.0,0.0,67.1,301.0,79.0,44.0,43.0,10.0,26.0,1.0,2.0,0.0,0.0,41.0
287,Eli Morgan,CLE,0.0,1.0,6.0,1.0,1.0,0.0,0.0,0.0,0.0,0.0,0.0,3.0,12.0,1.0,2.0,2.0,1.0,2.0,0.0,0.0,0.0,0.0,5.0
288,Zach Thompson,PIT,2.0,10.0,5.188925339337841,22.0,22.0,2.0,0.0,0.0,0.0,0.0,0.0,102.1,456.0,114.0,64.0,59.0,19.0,41.0,0.0,2.0,4.0,0.0,76.0
289,Brett Martin,TEX,0.0,0.0,0.0,1.0,1.0,0.0,0.0,0.0,0.0,0.0,0.0,1.0,5.0,1.0,0.0,0.0,0.0,2.0,0.0,0.0,0.0,0.0,0.0
290,Max Meyer,MIA,0.0,1.0,7.5000012665989155,2.0,2.0,0.0,0.0,0.0,0.0,0.0,0.0,6.0,26.0,7.0,5.0,5.0,2.0,2.0,0.0,0.0,0.0,0.0,6.0
291,Jason Alexander,MIL,2.0,3.0,4.821428899862351,11.0,11.0,1.0,0.0,0.0,0.0,0.0,0.0,56.0,251.0,69.0,33.0,30.0,8.0,22.0,0.0,4.0,0.0,0.0,34.0
292,José Buttó,NYM,0.0,0.0,15.75,1.0,1.0,0.0,0.0,0.0,0.0,0.0,0.0,4.0,23.0,9.0,7.0,7.0,2.0,2.0,0.0,0.0,0.0,0.0,5.0
293,Wil Crowe,PIT,0.0,0.0,4.5,1.0,1.0,0.0,0.0,0.0,0.0,0.0,0.0,2.0,8.0,1.0,1.0,1.0,1.0,1.0,0.0,0.0,0.0,0.0,3.0
294,Bryan Garcia,DET,2.0,0.0,3.540983827996415,4.0,4.0,2.0,0.0,0.0,0.0,0.0,0.0,20.1,84.0,14.0,8.0,8.0,3.0,10.0,0.0,3.0,1.0,0.0,17.0
295,Josh Rogers,WSN,1.0,2.0,5.142857493186508,3.0,3.0,0.0,0.0,0.0,0.0,0.0,0.0,14.0,60.0,14.0,8.0,8.0,3.0,5.0,0.0,0.0,0.0,0.0,7.0
296,Chi Chi González,3 Tms,0.0,1.0,5.949152734696751,5.0,5.0,0.0,0.0,0.0,0.0,0.0,0.0,19.2,84.0,24.0,13.0,13.0,4.0,6.0,0.0,0.0,0.0,0.0,12.0
297,Marco Gonzales,SEA,10.0,15.0,4.13114767082915,32.0,32.0,18.0,0.0,0.0,0.0,0.0,0.0,183.0,783.0,194.0,97.0,84.0,30.0,50.0,1.0,7.0,1.0,0.0,103.0
298,Daniel Mengden,KCR,0.0,1.0,10.125002413988689,1.0,1.0,0.0,0.0,0.0,0.0,0.0,0.0,2.2,14.0,5.0,3.0,3.0,1.0,1.0,0.0,0.0,1.0,0.0,2.0
299,Garrett Richards,TEX,0.0,1.0,6.0,2.0,2.0,0.0,0.0,0.0,0.0,0.0,0.0,3.0,14.0,4.0,2.0,2.0,1.0,2.0,0.0,0.0,0.0,0.0,3.0
300,Chris Ellis,BAL,0.0,0.0,10.384616146426286,2.0,2.0,0.0,0.0,0.0,0.0,0.0,0.0,4.1,25.0,5.0,5.0,5.0,0.0,6.0,0.0,1.0,0.0,0.0,2.0
301,Josh Fleming,TBR,0.0,3.0,9.257144118328656,3.0,3.0,0.0,0.0,0.0,0.0,0.0,0.0,11.2,58.0,20.0,15.0,12.0,3.0,4.0,0.0,0.0,0.0,0.0,11.0
302,Jaime Barria,LAA,0.0,1.0,3.8571433826369397,1.0,1.0,0.0,0.0,0.0,0.0,0.0,0.0,4.2,21.0,3.0,2.0,2.0,1.0,4.0,0.0,0.0,2.0,0.0,3.0
303,Angel Zerpa,KCR,1.0,1.0,2.0,2.0,2.0,0.0,0.0,0.0,0.0,0.0,0.0,9.0,37.0,8.0,3.0,2.0,2.0,3.0,0.0,0.0,0.0,0.0,3.0
304,Garrett Hill,DET,3.0,3.0,4.218750062864275,8.0,8.0,2.0,0.0,0.0,0.0,0.0,0.0,42.2,185.0,38.0,22.0,20.0,6.0,18.0,0.0,3.0,1.0,0.0,21.0
305,Xzavion Curry,CLE,0.0,1.0,5.785714482774546,2.0,2.0,0.0,0.0,0.0,0.0,0.0,0.0,9.1,47.0,13.0,7.0,6.0,1.0,6.0,0.0,1.0,0.0,0.0,3.0
306,Craig Stammen,SDP,0.0,1.0,15.0,1.0,1.0,0.0,0.0,0.0,0.0,0.0,0.0,3.0,18.0,6.0,5.0,5.0,1.0,3.0,0.0,0.0,0.0,0.0,3.0
307,Ethan Small,MIL,0.0,0.0,7.105264584443862,2.0,2.0,0.0,0.0,0.0,0.0,0.0,0.0,6.1,33.0,8.0,5.0,5.0,1.0,8.0,0.0,0.0,0.0,0.0,7.0
308,Ryan Pepiot,LAD,2.0,0.0,4.0212767589356755,7.0,7.0,1.0,0.0,0.0,0.0,0.0,0.0,31.1,137.0,22.0,14.0,14.0,6.0,22.0,0.0,3.0,1.0,0.0,36.0
309,Justus Sheffield,SEA,1.0,0.0,9.0,1.0,1.0,0.0,0.0,0.0,0.0,0.0,0.0,5.0,28.0,7.0,5.0,5.0,1.0,4.0,0.0,1.0,0.0,0.0,4.0
310,Jackson Tetreault,WSN,2.0,2.0,5.142857142857143,4.0,4.0,2.0,0.0,0.0,0.0,0.0,0.0,21.0,96.0,23.0,15.0,12.0,4.0,10.0,0.0,0.0,0.0,0.0,9.0
311,Bryse Wilson,PIT,3.0,8.0,5.978571693289048,20.0,20.0,5.0,0.0,0.0,0.0,0.0,0.0,93.1,413.0,111.0,66.0,62.0,17.0,27.0,1.0,8.0,2.0,0.0,63.0
312,Tyson Miller,TEX,0.0,2.0,25.071432307363114,2.0,2.0,0.0,0.0,0.0,0.0,0.0,0.0,4.2,32.0,13.0,13.0,13.0,1.0,5.0,0.0,2.0,0.0,0.0,5.0
313,Will Vest,DET,0.0,0.0,10.800004506113025,2.0,2.0,0.0,0.0,0.0,0.0,0.0,0.0,1.2,12.0,4.0,2.0,2.0,1.0,2.0,0.0,1.0,0.0,0.0,2.0
314,Tyler Beede,PIT,0.0,3.0,9.600000610351602,5.0,5.0,0.0,0.0,0.0,0.0,0.0,0.0,15.0,78.0,21.0,17.0,16.0,3.0,10.0,1.0,2.0,0.0,0.0,13.0
315,Zack Thompson,STL,0.0,0.0,9.0,1.0,1.0,0.0,0.0,0.0,0.0,0.0,0.0,5.0,24.0,7.0,5.0,5.0,2.0,2.0,0.0,0.0,0.0,0.0,2.0
316,Huascar Ynoa,ATL,0.0,2.0,13.50000128746045,2.0,2.0,0.0,0.0,0.0,0.0,0.0,0.0,6.2,37.0,11.0,10.0,10.0,2.0,6.0,0.0,0.0,1.0,0.0,8.0
317,Carlos Hernández,KCR,0.0,3.0,9.101124083118442,7.0,7.0,0.0,0.0,0.0,0.0,0.0,0.0,29.2,149.0,44.0,31.0,30.0,4.0,20.0,0.0,1.0,2.0,0.0,16.0
318,Jerad Eickhoff,PIT,0.0,1.0,20.76923229285257,1.0,1.0,0.0,0.0,0.0,0.0,0.0,0.0,4.1,27.0,10.0,10.0,10.0,2.0,1.0,0.0,3.0,0.0,0.0,4.0
319,Bryan Hoeing,MIA,0.0,1.0,21.0,1.0,1.0,0.0,0.0,0.0,0.0,0.0,0.0,3.0,17.0,8.0,7.0,7.0,2.0,1.0,0.0,0.0,0.0,0.0,2.0
320,Cole Sands,MIN,0.0,3.0,9.486487464542643,3.0,3.0,0.0,0.0,0.0,0.0,0.0,0.0,12.1,65.0,18.0,13.0,13.0,3.0,7.0,0.0,2.0,1.0,0.0,12.0
321,Jordan Hicks,STL,0.0,4.0,5.46835469443187,8.0,8.0,0.0,0.0,0.0,0.0,0.0,0.0,26.1,120.0,20.0,16.0,16.0,3.0,21.0,0.0,5.0,2.0,0.0,25.0
322,Robert Dugger,CIN,0.0,1.0,11.25,1.0,1.0,0.0,0.0,0.0,0.0,0.0,0.0,4.0,20.0,4.0,5.0,5.0,2.0,4.0,0.0,0.0,0.0,0.0,2.0
323,Devin Smeltzer,MIN,4.0,2.0,4.021276697739051,12.0,12.0,6.0,0.0,0.0,0.0,0.0,0.0,62.2,256.0,59.0,29.0,28.0,13.0,17.0,0.0,1.0,2.0,0.0,37.0
324,Erasmo Ramírez,WSN,0.0,1.0,9.0,2.0,2.0,0.0,0.0,0.0,0.0,0.0,0.0,6.0,28.0,7.0,6.0,6.0,3.0,2.0,0.0,1.0,0.0,0.0,6.0
325,Connor Seabold,BOS,0.0,4.0,11.290909874025509,5.0,5.0,0.0,0.0,0.0,0.0,0.0,0.0,18.1,98.0,35.0,24.0,23.0,5.0,8.0,0.0,3.0,4.0,0.0,19.0
326,Matt Brash,SEA,1.0,3.0,7.6500003647804435,5.0,5.0,0.0,0.0,0.0,0.0,0.0,0.0,20.0,95.0,24.0,17.0,17.0,3.0,17.0,0.0,1.0,0.0,0.0,19.0
327,Aníbal Sánchez,WSN,4.0,6.0,4.283653924715591,14.0,14.0,2.0,0.0,0.0,0.0,0.0,0.0,69.1,292.0,55.0,34.0,33.0,13.0,33.0,2.0,4.0,2.0,0.0,48.0
328,Chase Silseth,LAA,1.0,3.0,6.593023621371936,7.0,7.0,1.0,0.0,0.0,0.0,0.0,0.0,28.2,129.0,33.0,21.0,21.0,7.0,12.0,0.0,1.0,2.0,0.0,24.0
329,Adrián Martinez,OAK,4.0,6.0,6.242774945024944,12.0,12.0,1.0,0.0,0.0,0.0,0.0,0.0,57.2,259.0,69.0,42.0,40.0,13.0,19.0,1.0,3.0,6.0,1.0,53.0
330,Thomas Hatch,TOR,0.0,1.0,19.2857169131847,1.0,1.0,0.0,0.0,0.0,0.0,0.0,0.0,4.2,26.0,12.0,10.0,10.0,3.0,2.0,0.0,1.0,0.0,0.0,4.0
331,Caleb Smith,ARI,0.0,1.0,36.0,1.0,1.0,0.0,0.0,0.0,0.0,0.0,0.0,1.0,9.0,2.0,5.0,4.0,2.0,3.0,0.0,0.0,0.0,0.0,2.0
332,Zach Logue,OAK,2.0,8.0,6.202702982483173,10.0,10.0,2.0,0.0,0.0,0.0,0.0,0.0,49.1,215.0,53.0,35.0,34.0,11.0,16.0,0.0,2.0,0.0,0.0,37.0
333,Corbin Martin,ARI,0.0,1.0,5.625,2.0,2.0,0.0,0.0,0.0,0.0,0.0,0.0,8.0,38.0,10.0,5.0,5.0,3.0,6.0,0.0,0.0,0.0,0.0,7.0
334,Tyler Gilbert,ARI,0.0,3.0,5.457447362194403,7.0,7.0,0.0,0.0,0.0,0.0,0.0,0.0,31.1,134.0,31.0,20.0,19.0,7.0,9.0,1.0,1.0,0.0,0.0,17.0
335,Jared Koenig,OAK,1.0,3.0,6.394737163078768,5.0,5.0,0.0,0.0,0.0,0.0,0.0,0.0,25.1,119.0,27.0,18.0,18.0,4.0,13.0,0.0,3.0,4.0,1.0,13.0
336,Tyler Alexander,DET,2.0,11.0,5.737500205188997,17.0,17.0,4.0,0.0,0.0,0.0,0.0,0.0,80.0,346.0,90.0,55.0,51.0,17.0,22.0,0.0,1.0,0.0,0.0,52.0
337,Kirk McCarty,CLE,0.0,2.0,8.0,2.0,2.0,0.0,0.0,0.0,0.0,0.0,0.0,9.0,43.0,14.0,9.0,8.0,4.0,4.0,0.0,0.0,0.0,0.0,5.0
338,Kohei Arihara,TEX,1.0,3.0,10.000000529819093,4.0,4.0,1.0,0.0,0.0,0.0,0.0,0.0,18.0,96.0,32.0,20.0,20.0,4.0,10.0,0.0,3.0,0.0,0.0,13.0
339,Tucker Davidson,2 Tms,2.0,7.0,6.2027028625772545,11.0,11.0,1.0,0.0,0.0,0.0,0.0,0.0,49.1,227.0,49.0,34.0,34.0,7.0,33.0,0.0,2.0,1.0,0.0,31.0
340,Vladimir Gutierrez,CIN,1.0,6.0,7.714286134680946,8.0,8.0,0.0,0.0,0.0,0.0,0.0,0.0,35.0,168.0,42.0,30.0,30.0,7.0,22.0,1.0,6.0,2.0,0.0,28.0
341,Alec Mills,CHC,0.0,0.0,15.000004917384807,2.0,2.0,0.0,0.0,0.0,0.0,0.0,0.0,3.0,17.0,7.0,5.0,5.0,3.0,1.0,0.0,1.0,0.0,0.0,2.0
342,Dallas Keuchel,3 Tms,2.0,9.0,9.197802438783185,14.0,14.0,2.0,0.0,0.0,0.0,0.0,0.0,60.2,303.0,94.0,69.0,62.0,11.0,31.0,2.0,0.0,3.0,0.0,45.0
343,Reiver Sanmartin,CIN,0.0,4.0,19.852943508322124,4.0,4.0,0.0,0.0,0.0,0.0,0.0,0.0,11.1,67.0,26.0,25.0,25.0,4.0,9.0,0.0,0.0,2.0,1.0,8.0
344,Mike Minor,CIN,4.0,12.0,6.061224725732014,19.0,19.0,2.0,0.0,0.0,0.0,0.0,0.0,98.0,455.0,120.0,72.0,66.0,24.0,40.0,4.0,7.0,2.0,0.0,76.0
345,Tommy Henry,ARI,3.0,4.0,5.361702345247567,9.0,9.0,2.0,0.0,0.0,0.0,0.0,0.0,47.0,205.0,47.0,28.0,28.0,10.0,21.0,1.0,3.0,3.0,0.0,36.0
346,Jonathan Heasley,KCR,4.0,10.0,5.278846347473084,21.0,21.0,7.0,0.0,0.0,0.0,0.0,0.0,104.0,465.0,108.0,67.0,61.0,19.0,47.0,0.0,6.0,9.0,0.0,70.0
347,Elieser Hernández,MIA,2.0,5.0,5.978571632200365,10.0,10.0,1.0,0.0,0.0,0.0,0.0,0.0,46.2,207.0,50.0,35.0,31.0,14.0,13.0,0.0,3.0,1.0,0.0,41.0
348,Thomas Szapucki,NYM,0.0,1.0,60.750014483932134,1.0,1.0,0.0,0.0,0.0,0.0,0.0,0.0,1.1,13.0,7.0,9.0,9.0,4.0,3.0,0.0,0.0,0.0,0.0,2.0
349,Mark Leiter Jr.,CHC,0.0,2.0,8.162790878712652,4.0,4.0,0.0,0.0,0.0,0.0,0.0,0.0,14.1,65.0,15.0,13.0,13.0,5.0,7.0,0.0,2.0,0.0,0.0,11.0
350,Michael Pineda,DET,2.0,7.0,5.785714482774546,11.0,11.0,1.0,0.0,0.0,0.0,0.0,0.0,46.2,200.0,58.0,31.0,30.0,13.0,8.0,0.0,0.0,0.0,0.0,26.0
351,Bruce Zimmermann,BAL,2.0,5.0,5.9400002265930265,13.0,13.0,3.0,0.0,0.0,0.0,0.0,0.0,66.2,289.0,87.0,47.0,44.0,18.0,11.0,0.0,2.0,1.0,0.0,46.0
352,Paolo Espino,WSN,0.0,9.0,5.808765251293734,19.0,19.0,0.0,1.0,0.0,0.0,0.0,0.0,83.2,368.0,103.0,57.0,54.0,22.0,19.0,0.0,2.0,1.0,0.0,67.0
353,Cory Abbott,WSN,0.0,5.0,6.000000146719129,9.0,9.0,1.0,0.0,0.0,0.0,0.0,0.0,39.0,182.0,40.0,28.0,26.0,10.0,23.0,0.0,5.0,2.0,0.0,36.0
354,T.J. Zeuch,CIN,0.0,3.0,15.187500905245596,3.0,3.0,0.0,0.0,0.0,0.0,0.0,0.0,10.2,64.0,24.0,18.0,18.0,5.0,7.0,0.0,3.0,0.0,0.0,5.0
355,Spencer Howard,TEX,2.0,3.0,7.41176491377676,8.0,8.0,0.0,0.0,0.0,0.0,0.0,0.0,34.0,162.0,46.0,30.0,28.0,10.0,13.0,1.0,1.0,1.0,1.0,25.0
356,Luis Patiño,TBR,1.0,2.0,8.100000796616156,6.0,6.0,0.0,0.0,0.0,0.0,0.0,0.0,20.0,98.0,26.0,18.0,18.0,6.0,13.0,1.0,1.0,0.0,0.0,11.0
357,Hunter Gaddis,CLE,0.0,2.0,18.409091707103542,2.0,2.0,0.0,0.0,0.0,0.0,0.0,0.0,7.1,40.0,15.0,15.0,15.0,7.0,3.0,0.0,0.0,0.0,0.0,5.0
358,Elvin Rodríguez,DET,0.0,3.0,9.642857668351182,5.0,5.0,0.0,0.0,0.0,0.0,0.0,0.0,23.1,110.0,32.0,25.0,25.0,9.0,11.0,1.0,1.0,1.0,0.0,18.0
359,Tommy Romero,2 Tms,0.0,1.0,15.187503620983033,2.0,2.0,0.0,0.0,0.0,0.0,0.0,0.0,5.1,34.0,10.0,11.0,9.0,6.0,9.0,0.0,0.0,0.0,0.0,3.0
360,Matt Swarmer,CHC,1.0,3.0,5.837837988308004,5.0,5.0,2.0,0.0,0.0,0.0,0.0,0.0,24.2,107.0,23.0,20.0,16.0,11.0,10.0,0.0,0.0,1.0,0.0,24.0
361,Justin Dunn,CIN,1.0,3.0,6.096774568666924,7.0,7.0,1.0,0.0,0.0,0.0,0.0,0.0,31.0,138.0,32.0,21.0,21.0,11.0,17.0,0.0,3.0,0.0,0.0,21.0
362,Josiah Gray,WSN,7.0,10.0,5.024663763083279,28.0,28.0,9.0,0.0,0.0,0.0,0.0,0.0,148.2,649.0,136.0,84.0,83.0,38.0,66.0,1.0,8.0,7.0,0.0,154.0
363,Yusei Kikuchi,TOR,4.0,7.0,5.2469638299144155,20.0,20.0,3.0,0.0,0.0,0.0,0.0,0.0,82.1,371.0,76.0,57.0,48.0,19.0,49.0,0.0,7.0,3.0,0.0,91.0
364,Adam Oller,OAK,2.0,8.0,6.681818374917532,14.0,14.0,3.0,0.0,0.0,0.0,0.0,0.0,66.0,296.0,74.0,51.0,49.0,17.0,32.0,0.0,1.0,4.0,0.0,42.0
