split,date_range,start_date,end_date,#,Season,Tm,PA,BB%,K%,BB/K,AVG,OBP,SLG,OPS,ISO,BABIP,wRC,wRAA,wOBA,wRC+,updated_at
no_split,season,2026-3-18,2026-7-24,1,2026.0,LAD,3962.0,10.3%,20.6%,0.5,0.26,0.341,0.432,0.773,0.171,0.301,539.0,65.6,0.337,113.0,2026-07-24
no_split,season,2026-3-18,2026-7-24,2,2026.0,WSN,3989.0,8.9%,21.5%,0.4,0.253,0.328,0.443,0.77,0.189,0.292,535.0,58.6,0.335,111.0,2026-07-24
no_split,season,2026-3-18,2026-7-24,3,2026.0,CHC,4021.0,11.1%,21.6%,0.5,0.245,0.338,0.413,0.751,0.167,0.288,526.0,45.5,0.331,110.0,2026-07-24
no_split,season,2026-3-18,2026-7-24,4,2026.0,PIT,4047.0,9.4%,24.3%,0.4,0.261,0.339,0.424,0.763,0.163,0.322,543.0,60.0,0.335,109.0,2026-07-24
no_split,season,2026-3-18,2026-7-24,5,2026.0,NYY,3810.0,10.0%,24.1%,0.4,0.236,0.315,0.42,0.735,0.184,0.278,466.0,11.2,0.321,105.0,2026-07-24
no_split,season,2026-3-18,2026-7-24,6,2026.0,TBR,3855.0,9.1%,18.9%,0.5,0.259,0.333,0.402,0.734,0.142,0.3,480.0,19.2,0.323,105.0,2026-07-24
no_split,season,2026-3-18,2026-7-24,7,2026.0,TEX,3828.0,8.6%,22.4%,0.4,0.246,0.32,0.402,0.722,0.156,0.295,461.0,3.3,0.318,104.0,2026-07-24
no_split,season,2026-3-18,2026-7-24,8,2026.0,BAL,3904.0,10.1%,24.2%,0.4,0.239,0.322,0.398,0.72,0.16,0.292,468.0,2.0,0.317,104.0,2026-07-24
no_split,season,2026-3-18,2026-7-24,9,2026.0,MIL,3966.0,10.7%,21.2%,0.5,0.252,0.336,0.397,0.733,0.144,0.306,493.0,19.2,0.323,103.0,2026-07-24
no_split,season,2026-3-18,2026-7-24,10,2026.0,MIN,3951.0,8.7%,21.7%,0.4,0.246,0.32,0.41,0.73,0.163,0.289,483.0,10.6,0.32,103.0,2026-07-24
no_split,season,2026-3-18,2026-7-24,11,2026.0,HOU,3916.0,8.7%,21.5%,0.4,0.242,0.315,0.413,0.728,0.171,0.277,471.0,2.9,0.317,103.0,2026-07-24
no_split,season,2026-3-18,2026-7-24,12,2026.0,CHW,3820.0,9.0%,23.7%,0.4,0.24,0.318,0.409,0.727,0.169,0.287,461.0,4.8,0.318,103.0,2026-07-24
no_split,season,2026-3-18,2026-7-24,13,2026.0,ATH,3916.0,9.1%,22.7%,0.4,0.248,0.324,0.408,0.732,0.16,0.296,482.0,14.0,0.321,102.0,2026-07-24
no_split,season,2026-3-18,2026-7-24,14,2026.0,ATL,3863.0,8.0%,21.3%,0.4,0.25,0.317,0.419,0.736,0.169,0.288,475.0,13.4,0.321,101.0,2026-07-24
no_split,season,2026-3-18,2026-7-24,15,2026.0,MIA,3881.0,8.9%,21.7%,0.4,0.251,0.326,0.406,0.733,0.155,0.301,479.0,15.2,0.322,101.0,2026-07-24
no_split,season,2026-3-18,2026-7-24,16,2026.0,SEA,3844.0,8.9%,22.9%,0.4,0.229,0.31,0.377,0.686,0.148,0.271,420.0,-39.4,0.304,100.0,2026-07-24
no_split,season,2026-3-18,2026-7-24,17,2026.0,DET,3871.0,9.3%,23.2%,0.4,0.235,0.312,0.4,0.712,0.165,0.28,450.0,-12.0,0.313,99.0,2026-07-24
no_split,season,2026-3-18,2026-7-24,18,2026.0,SFG,3820.0,6.6%,21.0%,0.3,0.252,0.307,0.416,0.723,0.164,0.295,446.0,-9.9,0.314,99.0,2026-07-24
no_split,season,2026-3-18,2026-7-24,19,2026.0,KCR,3921.0,8.4%,21.3%,0.4,0.248,0.317,0.399,0.715,0.151,0.294,459.0,-9.7,0.314,97.0,2026-07-24
no_split,season,2026-3-18,2026-7-24,20,2026.0,LAA,3882.0,8.5%,25.2%,0.3,0.24,0.315,0.387,0.702,0.148,0.3,443.0,-20.8,0.31,96.0,2026-07-24
no_split,season,2026-3-18,2026-7-24,21,2026.0,STL,3859.0,8.5%,20.4%,0.4,0.241,0.317,0.384,0.701,0.143,0.28,437.0,-24.1,0.309,96.0,2026-07-24
no_split,season,2026-3-18,2026-7-24,22,2026.0,CLE,3892.0,9.7%,22.3%,0.4,0.233,0.312,0.375,0.687,0.143,0.28,426.0,-39.4,0.304,94.0,2026-07-24
no_split,season,2026-3-18,2026-7-24,23,2026.0,BOS,3777.0,7.9%,21.8%,0.4,0.244,0.314,0.393,0.707,0.149,0.293,434.0,-17.0,0.311,94.0,2026-07-24
no_split,season,2026-3-18,2026-7-24,24,2026.0,ARI,3861.0,8.8%,19.5%,0.4,0.242,0.313,0.396,0.708,0.154,0.279,443.0,-18.6,0.311,94.0,2026-07-24
no_split,season,2026-3-18,2026-7-24,25,2026.0,SDP,3813.0,9.2%,22.6%,0.4,0.23,0.307,0.383,0.689,0.153,0.272,414.0,-41.3,0.304,93.0,2026-07-24
no_split,season,2026-3-18,2026-7-24,26,2026.0,NYM,3868.0,8.4%,22.3%,0.4,0.234,0.304,0.383,0.687,0.149,0.275,417.0,-44.7,0.303,92.0,2026-07-24
no_split,season,2026-3-18,2026-7-24,27,2026.0,PHI,3842.0,7.9%,23.8%,0.3,0.236,0.303,0.402,0.705,0.166,0.279,433.0,-26.4,0.308,91.0,2026-07-24
no_split,season,2026-3-18,2026-7-24,28,2026.0,COL,3960.0,8.3%,22.6%,0.4,0.255,0.325,0.42,0.745,0.165,0.307,503.0,29.5,0.326,91.0,2026-07-24
no_split,season,2026-3-18,2026-7-24,29,2026.0,CIN,3816.0,9.6%,24.6%,0.4,0.23,0.309,0.4,0.708,0.17,0.276,439.0,-17.3,0.311,90.0,2026-07-24
no_split,season,2026-3-18,2026-7-24,30,2026.0,TOR,3808.0,7.4%,19.6%,0.4,0.241,0.303,0.377,0.68,0.137,0.277,400.0,-55.2,0.299,90.0,2026-07-24
no_split,last_30,2026-6-24,2026-7-24,1,2026.0,WSN,916.0,9.7%,22.1%,0.4,0.273,0.349,0.508,0.857,0.235,0.309,148.0,38.6,0.369,133.0,2026-07-24
no_split,last_30,2026-6-24,2026-7-24,2,2026.0,PIT,951.0,9.0%,26.8%,0.3,0.279,0.353,0.474,0.827,0.196,0.354,147.0,32.9,0.36,125.0,2026-07-24
no_split,last_30,2026-6-24,2026-7-24,3,2026.0,SDP,960.0,10.2%,20.6%,0.5,0.261,0.346,0.44,0.786,0.179,0.301,135.0,20.6,0.343,120.0,2026-07-24
no_split,last_30,2026-6-24,2026-7-24,4,2026.0,TBR,959.0,7.5%,18.0%,0.4,0.268,0.328,0.459,0.787,0.191,0.292,133.0,18.4,0.34,117.0,2026-07-24
no_split,last_30,2026-6-24,2026-7-24,5,2026.0,CHC,949.0,10.9%,23.5%,0.5,0.25,0.34,0.444,0.783,0.194,0.297,133.0,19.2,0.342,117.0,2026-07-24
no_split,last_30,2026-6-24,2026-7-24,6,2026.0,MIA,891.0,8.9%,20.5%,0.4,0.268,0.338,0.461,0.799,0.193,0.308,128.0,21.2,0.347,117.0,2026-07-24
no_split,last_30,2026-6-24,2026-7-24,7,2026.0,TEX,866.0,7.9%,22.2%,0.4,0.26,0.324,0.446,0.771,0.187,0.3,117.0,13.4,0.336,116.0,2026-07-24
no_split,last_30,2026-6-24,2026-7-24,8,2026.0,MIL,965.0,10.4%,21.1%,0.5,0.252,0.334,0.423,0.757,0.171,0.302,127.0,11.2,0.331,109.0,2026-07-24
no_split,last_30,2026-6-24,2026-7-24,9,2026.0,NYM,968.0,9.9%,22.0%,0.5,0.243,0.323,0.415,0.739,0.173,0.279,121.0,5.6,0.324,107.0,2026-07-24
no_split,last_30,2026-6-24,2026-7-24,10,2026.0,ARI,923.0,9.5%,19.3%,0.5,0.254,0.326,0.434,0.76,0.18,0.285,120.0,9.9,0.33,106.0,2026-07-24
no_split,last_30,2026-6-24,2026-7-24,11,2026.0,BOS,897.0,8.1%,21.0%,0.4,0.248,0.32,0.432,0.752,0.184,0.283,115.0,7.5,0.327,105.0,2026-07-24
no_split,last_30,2026-6-24,2026-7-24,12,2026.0,BAL,837.0,11.0%,24.7%,0.4,0.231,0.329,0.385,0.714,0.154,0.287,101.0,1.2,0.318,104.0,2026-07-24
no_split,last_30,2026-6-24,2026-7-24,13,2026.0,ATL,922.0,8.6%,21.3%,0.4,0.244,0.32,0.423,0.743,0.178,0.279,116.0,6.2,0.325,104.0,2026-07-24
no_split,last_30,2026-6-24,2026-7-24,14,2026.0,LAD,877.0,9.1%,20.9%,0.4,0.255,0.328,0.411,0.739,0.155,0.3,109.0,3.8,0.322,103.0,2026-07-24
no_split,last_30,2026-6-24,2026-7-24,15,2026.0,CHW,877.0,8.7%,21.7%,0.4,0.251,0.319,0.409,0.728,0.157,0.302,106.0,0.9,0.318,102.0,2026-07-24
no_split,last_30,2026-6-24,2026-7-24,16,2026.0,CIN,863.0,8.6%,22.9%,0.4,0.245,0.315,0.442,0.757,0.197,0.279,112.0,8.6,0.33,102.0,2026-07-24
no_split,last_30,2026-6-24,2026-7-24,17,2026.0,MIN,873.0,8.1%,21.9%,0.4,0.25,0.315,0.409,0.724,0.159,0.295,103.0,-0.9,0.316,100.0,2026-07-24
no_split,last_30,2026-6-24,2026-7-24,18,2026.0,COL,932.0,8.6%,20.2%,0.4,0.262,0.333,0.451,0.785,0.19,0.299,128.0,17.1,0.339,100.0,2026-07-24
no_split,last_30,2026-6-24,2026-7-24,19,2026.0,DET,912.0,7.9%,24.2%,0.3,0.236,0.303,0.421,0.724,0.185,0.273,107.0,-1.7,0.315,100.0,2026-07-24
no_split,last_30,2026-6-24,2026-7-24,20,2026.0,CLE,904.0,8.1%,24.2%,0.3,0.248,0.311,0.396,0.707,0.148,0.304,103.0,-4.7,0.31,99.0,2026-07-24
no_split,last_30,2026-6-24,2026-7-24,21,2026.0,HOU,852.0,8.3%,20.5%,0.4,0.234,0.303,0.411,0.714,0.177,0.256,98.0,-4.1,0.31,98.0,2026-07-24
no_split,last_30,2026-6-24,2026-7-24,22,2026.0,PHI,903.0,8.0%,25.4%,0.3,0.243,0.31,0.411,0.72,0.168,0.295,106.0,-2.0,0.315,95.0,2026-07-24
no_split,last_30,2026-6-24,2026-7-24,23,2026.0,SFG,880.0,7.6%,22.8%,0.3,0.234,0.297,0.407,0.704,0.173,0.272,97.0,-8.2,0.306,93.0,2026-07-24
no_split,last_30,2026-6-24,2026-7-24,24,2026.0,KCR,888.0,6.6%,23.2%,0.3,0.246,0.304,0.402,0.706,0.156,0.299,100.0,-6.0,0.308,93.0,2026-07-24
no_split,last_30,2026-6-24,2026-7-24,25,2026.0,ATH,862.0,6.6%,24.2%,0.3,0.247,0.31,0.377,0.688,0.13,0.308,94.0,-8.8,0.304,90.0,2026-07-24
no_split,last_30,2026-6-24,2026-7-24,26,2026.0,SEA,849.0,9.0%,24.0%,0.4,0.219,0.301,0.337,0.638,0.119,0.269,81.0,-20.7,0.287,88.0,2026-07-24
no_split,last_30,2026-6-24,2026-7-24,27,2026.0,LAA,805.0,7.3%,26.3%,0.3,0.24,0.303,0.342,0.645,0.102,0.316,77.0,-18.8,0.288,81.0,2026-07-24
no_split,last_30,2026-6-24,2026-7-24,28,2026.0,STL,903.0,7.2%,20.8%,0.3,0.216,0.282,0.337,0.619,0.121,0.251,78.0,-30.0,0.276,73.0,2026-07-24
no_split,last_30,2026-6-24,2026-7-24,29,2026.0,NYY,849.0,6.6%,27.7%,0.2,0.204,0.261,0.365,0.625,0.16,0.248,71.0,-30.9,0.273,72.0,2026-07-24
no_split,last_30,2026-6-24,2026-7-24,30,2026.0,TOR,847.0,6.7%,19.7%,0.3,0.207,0.264,0.321,0.585,0.114,0.235,62.0,-39.4,0.26,63.0,2026-07-24
no_split,last_14,2026-7-10,2026-7-24,1,2026.0,WSN,362.0,8.3%,22.4%,0.4,0.276,0.348,0.522,0.87,0.245,0.314,60.0,16.5,0.373,136.0,2026-07-24
no_split,last_14,2026-7-10,2026-7-24,2,2026.0,ARI,407.0,11.8%,19.9%,0.6,0.284,0.365,0.509,0.873,0.224,0.317,67.0,18.6,0.373,136.0,2026-07-24
no_split,last_14,2026-7-10,2026-7-24,3,2026.0,SDP,400.0,11.2%,19.5%,0.6,0.275,0.363,0.481,0.845,0.206,0.304,64.0,15.9,0.365,135.0,2026-07-24
no_split,last_14,2026-7-10,2026-7-24,4,2026.0,TEX,341.0,7.3%,23.5%,0.3,0.272,0.331,0.472,0.804,0.201,0.324,49.0,8.4,0.348,124.0,2026-07-24
no_split,last_14,2026-7-10,2026-7-24,5,2026.0,ATL,384.0,8.6%,21.4%,0.4,0.263,0.341,0.464,0.806,0.201,0.302,56.0,10.5,0.351,121.0,2026-07-24
no_split,last_14,2026-7-10,2026-7-24,6,2026.0,BAL,348.0,9.5%,26.7%,0.4,0.246,0.344,0.422,0.766,0.176,0.316,48.0,6.6,0.34,120.0,2026-07-24
no_split,last_14,2026-7-10,2026-7-24,7,2026.0,CHC,352.0,11.9%,25.6%,0.5,0.251,0.347,0.42,0.767,0.169,0.324,48.0,6.1,0.338,115.0,2026-07-24
no_split,last_14,2026-7-10,2026-7-24,8,2026.0,CIN,333.0,6.3%,18.3%,0.3,0.258,0.309,0.503,0.813,0.245,0.256,48.0,8.2,0.347,114.0,2026-07-24
no_split,last_14,2026-7-10,2026-7-24,9,2026.0,CLE,384.0,7.3%,22.1%,0.3,0.273,0.33,0.434,0.764,0.161,0.324,51.0,4.9,0.332,114.0,2026-07-24
no_split,last_14,2026-7-10,2026-7-24,10,2026.0,ATH,342.0,6.4%,21.1%,0.3,0.266,0.331,0.445,0.776,0.179,0.31,47.0,5.9,0.339,114.0,2026-07-24
no_split,last_14,2026-7-10,2026-7-24,11,2026.0,TBR,413.0,6.5%,18.6%,0.4,0.271,0.323,0.445,0.768,0.174,0.303,55.0,5.3,0.332,112.0,2026-07-24
no_split,last_14,2026-7-10,2026-7-24,12,2026.0,HOU,334.0,8.7%,18.9%,0.5,0.245,0.313,0.443,0.756,0.198,0.257,43.0,2.9,0.325,110.0,2026-07-24
no_split,last_14,2026-7-10,2026-7-24,13,2026.0,BOS,367.0,7.6%,19.6%,0.4,0.247,0.317,0.451,0.767,0.204,0.27,49.0,4.7,0.331,109.0,2026-07-24
no_split,last_14,2026-7-10,2026-7-24,14,2026.0,PIT,338.0,7.7%,30.5%,0.3,0.251,0.322,0.436,0.758,0.185,0.337,44.0,3.9,0.331,106.0,2026-07-24
no_split,last_14,2026-7-10,2026-7-24,15,2026.0,CHW,336.0,8.9%,24.4%,0.4,0.247,0.319,0.411,0.731,0.164,0.318,40.0,-0.1,0.316,101.0,2026-07-24
no_split,last_14,2026-7-10,2026-7-24,16,2026.0,NYY,322.0,8.1%,23.3%,0.3,0.238,0.301,0.415,0.716,0.177,0.279,37.0,-1.4,0.312,99.0,2026-07-24
no_split,last_14,2026-7-10,2026-7-24,17,2026.0,MIL,340.0,12.6%,23.5%,0.5,0.224,0.326,0.384,0.711,0.16,0.28,40.0,-0.3,0.316,99.0,2026-07-24
no_split,last_14,2026-7-10,2026-7-24,18,2026.0,DET,368.0,6.5%,24.7%,0.3,0.234,0.292,0.412,0.704,0.178,0.275,41.0,-3.4,0.306,94.0,2026-07-24
no_split,last_14,2026-7-10,2026-7-24,19,2026.0,NYM,343.0,9.9%,25.9%,0.4,0.229,0.306,0.376,0.682,0.147,0.284,37.0,-4.4,0.301,91.0,2026-07-24
no_split,last_14,2026-7-10,2026-7-24,20,2026.0,KCR,369.0,6.0%,21.4%,0.3,0.251,0.306,0.402,0.708,0.151,0.3,41.0,-3.4,0.308,91.0,2026-07-24
no_split,last_14,2026-7-10,2026-7-24,21,2026.0,LAA,326.0,8.6%,25.5%,0.3,0.244,0.32,0.333,0.653,0.089,0.324,33.0,-6.0,0.295,85.0,2026-07-24
no_split,last_14,2026-7-10,2026-7-24,22,2026.0,SEA,330.0,8.8%,19.7%,0.4,0.214,0.293,0.345,0.638,0.131,0.241,30.0,-9.2,0.284,85.0,2026-07-24
no_split,last_14,2026-7-10,2026-7-24,23,2026.0,PHI,327.0,7.0%,27.5%,0.3,0.226,0.288,0.401,0.689,0.175,0.279,34.0,-5.0,0.299,85.0,2026-07-24
no_split,last_14,2026-7-10,2026-7-24,24,2026.0,MIN,371.0,7.8%,20.5%,0.4,0.238,0.299,0.369,0.668,0.131,0.281,37.0,-7.3,0.293,84.0,2026-07-24
no_split,last_14,2026-7-10,2026-7-24,25,2026.0,LAD,328.0,7.6%,24.4%,0.3,0.219,0.287,0.374,0.66,0.155,0.263,31.0,-7.9,0.287,80.0,2026-07-24
no_split,last_14,2026-7-10,2026-7-24,26,2026.0,SFG,331.0,7.9%,23.3%,0.3,0.22,0.29,0.355,0.644,0.135,0.261,31.0,-8.9,0.284,79.0,2026-07-24
no_split,last_14,2026-7-10,2026-7-24,27,2026.0,COL,335.0,7.8%,19.4%,0.4,0.238,0.301,0.389,0.691,0.152,0.268,36.0,-3.6,0.304,76.0,2026-07-24
no_split,last_14,2026-7-10,2026-7-24,28,2026.0,TOR,353.0,7.4%,18.4%,0.4,0.21,0.275,0.324,0.599,0.114,0.236,28.0,-14.3,0.266,68.0,2026-07-24
no_split,last_14,2026-7-10,2026-7-24,29,2026.0,MIA,329.0,7.0%,26.1%,0.3,0.209,0.271,0.336,0.607,0.126,0.261,27.0,-12.4,0.27,67.0,2026-07-24
no_split,last_14,2026-7-10,2026-7-24,30,2026.0,STL,363.0,8.8%,21.8%,0.4,0.214,0.287,0.294,0.58,0.08,0.265,28.0,-15.7,0.264,65.0,2026-07-24
no_split,last_7,2026-7-17,2026-7-24,1,2026.0,WSN,252.0,8.7%,23.4%,0.4,0.306,0.377,0.563,0.94,0.257,0.364,47.0,17.1,0.4,154.0,2026-07-24
no_split,last_7,2026-7-17,2026-7-24,2,2026.0,ARI,285.0,11.9%,18.2%,0.7,0.31,0.386,0.547,0.933,0.237,0.342,53.0,18.5,0.397,151.0,2026-07-24
no_split,last_7,2026-7-17,2026-7-24,3,2026.0,ATL,274.0,8.8%,21.2%,0.4,0.302,0.371,0.55,0.921,0.248,0.339,50.0,17.1,0.395,149.0,2026-07-24
no_split,last_7,2026-7-17,2026-7-24,4,2026.0,ATH,242.0,7.0%,19.4%,0.4,0.312,0.378,0.521,0.899,0.209,0.356,43.0,13.8,0.388,148.0,2026-07-24
no_split,last_7,2026-7-17,2026-7-24,5,2026.0,SDP,284.0,9.9%,19.0%,0.5,0.281,0.36,0.538,0.899,0.257,0.298,50.0,15.6,0.384,148.0,2026-07-24
no_split,last_7,2026-7-17,2026-7-24,6,2026.0,CHC,241.0,12.9%,24.9%,0.5,0.266,0.369,0.44,0.809,0.174,0.343,36.0,7.7,0.356,127.0,2026-07-24
no_split,last_7,2026-7-17,2026-7-24,7,2026.0,CLE,272.0,8.5%,21.7%,0.4,0.278,0.339,0.457,0.797,0.18,0.326,39.0,6.2,0.345,122.0,2026-07-24
no_split,last_7,2026-7-17,2026-7-24,8,2026.0,PHI,184.0,7.6%,28.8%,0.3,0.257,0.321,0.497,0.818,0.24,0.314,27.0,4.8,0.349,119.0,2026-07-24
no_split,last_7,2026-7-17,2026-7-24,9,2026.0,BOS,247.0,5.7%,19.0%,0.3,0.263,0.32,0.473,0.793,0.21,0.284,34.0,4.8,0.34,114.0,2026-07-24
no_split,last_7,2026-7-17,2026-7-24,10,2026.0,TEX,229.0,5.2%,23.1%,0.2,0.274,0.317,0.443,0.761,0.17,0.329,30.0,2.2,0.331,111.0,2026-07-24
no_split,last_7,2026-7-17,2026-7-24,11,2026.0,KCR,265.0,7.2%,19.6%,0.4,0.269,0.336,0.424,0.76,0.155,0.315,34.0,2.3,0.331,107.0,2026-07-24
no_split,last_7,2026-7-17,2026-7-24,12,2026.0,CIN,219.0,7.3%,17.8%,0.4,0.23,0.288,0.5,0.788,0.27,0.209,29.0,3.2,0.335,106.0,2026-07-24
no_split,last_7,2026-7-17,2026-7-24,13,2026.0,NYM,197.0,9.6%,28.4%,0.3,0.25,0.325,0.392,0.717,0.142,0.33,24.0,0.1,0.318,103.0,2026-07-24
no_split,last_7,2026-7-17,2026-7-24,14,2026.0,BAL,241.0,10.0%,27.4%,0.4,0.228,0.335,0.359,0.694,0.131,0.316,28.0,-0.3,0.315,102.0,2026-07-24
no_split,last_7,2026-7-17,2026-7-24,15,2026.0,TBR,301.0,6.6%,19.3%,0.3,0.264,0.317,0.412,0.728,0.148,0.303,36.0,0.4,0.318,102.0,2026-07-24
no_split,last_7,2026-7-17,2026-7-24,16,2026.0,HOU,219.0,8.7%,20.1%,0.4,0.24,0.309,0.413,0.722,0.173,0.264,26.0,-0.5,0.315,101.0,2026-07-24
no_split,last_7,2026-7-17,2026-7-24,17,2026.0,DET,263.0,5.7%,23.2%,0.2,0.243,0.293,0.428,0.721,0.185,0.277,30.0,-1.2,0.311,98.0,2026-07-24
no_split,last_7,2026-7-17,2026-7-24,18,2026.0,MIL,221.0,12.7%,24.9%,0.5,0.22,0.321,0.372,0.693,0.152,0.28,25.0,-1.6,0.308,93.0,2026-07-24
no_split,last_7,2026-7-17,2026-7-24,19,2026.0,LAD,225.0,8.4%,26.2%,0.3,0.235,0.311,0.4,0.711,0.165,0.294,25.0,-1.9,0.308,92.0,2026-07-24
no_split,last_7,2026-7-17,2026-7-24,20,2026.0,COL,224.0,6.2%,19.6%,0.3,0.252,0.304,0.427,0.731,0.175,0.282,27.0,0.1,0.317,86.0,2026-07-24
no_split,last_7,2026-7-17,2026-7-24,21,2026.0,PIT,226.0,8.4%,34.5%,0.2,0.229,0.292,0.39,0.682,0.161,0.328,24.0,-3.4,0.299,85.0,2026-07-24
no_split,last_7,2026-7-17,2026-7-24,22,2026.0,SEA,221.0,8.6%,18.6%,0.5,0.215,0.295,0.328,0.624,0.113,0.24,19.0,-6.9,0.279,82.0,2026-07-24
no_split,last_7,2026-7-17,2026-7-24,23,2026.0,CHW,225.0,9.3%,23.6%,0.4,0.225,0.299,0.345,0.644,0.12,0.293,21.0,-6.1,0.283,78.0,2026-07-24
no_split,last_7,2026-7-17,2026-7-24,24,2026.0,LAA,213.0,8.9%,28.2%,0.3,0.234,0.321,0.298,0.619,0.064,0.333,20.0,-5.9,0.284,77.0,2026-07-24
no_split,last_7,2026-7-17,2026-7-24,25,2026.0,NYY,208.0,7.7%,24.0%,0.3,0.209,0.274,0.346,0.62,0.136,0.257,17.0,-7.4,0.273,73.0,2026-07-24
no_split,last_7,2026-7-17,2026-7-24,26,2026.0,STL,267.0,8.6%,19.9%,0.4,0.233,0.303,0.3,0.603,0.067,0.285,23.0,-9.2,0.275,73.0,2026-07-24
no_split,last_7,2026-7-17,2026-7-24,27,2026.0,MIN,269.0,7.1%,23.0%,0.3,0.227,0.283,0.336,0.619,0.109,0.276,22.0,-9.9,0.272,70.0,2026-07-24
no_split,last_7,2026-7-17,2026-7-24,28,2026.0,SFG,221.0,6.3%,27.6%,0.2,0.196,0.261,0.352,0.613,0.156,0.237,18.0,-8.6,0.269,69.0,2026-07-24
no_split,last_7,2026-7-17,2026-7-24,29,2026.0,MIA,221.0,5.4%,29.4%,0.2,0.214,0.262,0.34,0.602,0.126,0.279,17.0,-9.1,0.266,64.0,2026-07-24
no_split,last_7,2026-7-17,2026-7-24,30,2026.0,TOR,236.0,6.4%,19.5%,0.3,0.192,0.25,0.274,0.524,0.082,0.225,13.0,-15.5,0.236,47.0,2026-07-24
vs_lhp,season,2026-3-18,2026-7-24,1,2026.0,CHC,1113.0,11.1%,21.0%,0.5,0.263,0.356,0.429,0.786,0.166,0.311,159.0,25.8,0.345,119.0,2026-07-24
vs_lhp,season,2026-3-18,2026-7-24,2,2026.0,WSN,1173.0,9.6%,24.0%,0.4,0.267,0.344,0.443,0.788,0.176,0.331,167.0,26.5,0.345,117.0,2026-07-24
vs_lhp,season,2026-3-18,2026-7-24,3,2026.0,TEX,992.0,8.5%,24.7%,0.3,0.261,0.332,0.426,0.759,0.166,0.325,131.0,12.7,0.333,114.0,2026-07-24
vs_lhp,season,2026-3-18,2026-7-24,4,2026.0,BOS,1003.0,9.0%,20.2%,0.4,0.26,0.338,0.437,0.775,0.177,0.304,138.0,17.8,0.339,113.0,2026-07-24
vs_lhp,season,2026-3-18,2026-7-24,5,2026.0,ARI,1016.0,8.2%,16.8%,0.5,0.273,0.334,0.447,0.781,0.174,0.304,139.0,17.2,0.338,112.0,2026-07-24
vs_lhp,season,2026-3-18,2026-7-24,6,2026.0,CIN,914.0,11.1%,24.4%,0.5,0.244,0.332,0.433,0.766,0.19,0.29,122.0,13.1,0.335,106.0,2026-07-24
vs_lhp,season,2026-3-18,2026-7-24,7,2026.0,NYY,1270.0,9.2%,24.8%,0.4,0.24,0.313,0.424,0.737,0.184,0.29,155.0,3.8,0.32,105.0,2026-07-24
vs_lhp,season,2026-3-18,2026-7-24,8,2026.0,LAD,1140.0,9.6%,20.3%,0.5,0.246,0.328,0.412,0.74,0.166,0.283,143.0,6.5,0.324,104.0,2026-07-24
vs_lhp,season,2026-3-18,2026-7-24,9,2026.0,ATH,1236.0,7.7%,24.1%,0.3,0.254,0.319,0.422,0.741,0.168,0.307,155.0,6.9,0.324,104.0,2026-07-24
vs_lhp,season,2026-3-18,2026-7-24,10,2026.0,LAA,1023.0,9.0%,26.0%,0.3,0.242,0.319,0.4,0.719,0.159,0.301,121.0,-1.0,0.316,100.0,2026-07-24
vs_lhp,season,2026-3-18,2026-7-24,11,2026.0,BAL,1185.0,9.4%,25.3%,0.4,0.237,0.312,0.396,0.709,0.16,0.291,136.0,-5.3,0.311,99.0,2026-07-24
vs_lhp,season,2026-3-18,2026-7-24,12,2026.0,CHW,1095.0,8.7%,24.7%,0.4,0.233,0.311,0.401,0.712,0.169,0.279,126.0,-4.7,0.312,98.0,2026-07-24
vs_lhp,season,2026-3-18,2026-7-24,13,2026.0,STL,1162.0,9.4%,17.9%,0.5,0.245,0.322,0.384,0.707,0.139,0.276,134.0,-4.7,0.312,97.0,2026-07-24
vs_lhp,season,2026-3-18,2026-7-24,14,2026.0,MIA,1006.0,8.7%,23.9%,0.4,0.241,0.319,0.398,0.718,0.158,0.296,118.0,-2.0,0.315,96.0,2026-07-24
vs_lhp,season,2026-3-18,2026-7-24,15,2026.0,KCR,1187.0,7.2%,20.6%,0.4,0.254,0.317,0.394,0.71,0.14,0.303,137.0,-5.0,0.312,95.0,2026-07-24
vs_lhp,season,2026-3-18,2026-7-24,16,2026.0,HOU,971.0,7.8%,20.6%,0.4,0.235,0.306,0.392,0.698,0.157,0.269,107.0,-8.7,0.306,95.0,2026-07-24
vs_lhp,season,2026-3-18,2026-7-24,17,2026.0,TBR,1188.0,8.5%,18.1%,0.5,0.252,0.323,0.373,0.697,0.121,0.295,133.0,-8.6,0.308,95.0,2026-07-24
vs_lhp,season,2026-3-18,2026-7-24,18,2026.0,PIT,1162.0,7.9%,26.2%,0.3,0.251,0.313,0.402,0.715,0.151,0.316,136.0,-3.3,0.313,94.0,2026-07-24
vs_lhp,season,2026-3-18,2026-7-24,19,2026.0,DET,1075.0,11.2%,23.0%,0.5,0.227,0.317,0.373,0.69,0.147,0.276,119.0,-9.2,0.307,94.0,2026-07-24
vs_lhp,season,2026-3-18,2026-7-24,20,2026.0,ATL,1412.0,7.4%,21.4%,0.3,0.239,0.304,0.399,0.704,0.161,0.278,159.0,-9.7,0.308,93.0,2026-07-24
vs_lhp,season,2026-3-18,2026-7-24,21,2026.0,MIN,1157.0,9.8%,22.1%,0.4,0.229,0.319,0.358,0.678,0.129,0.278,126.0,-12.4,0.304,92.0,2026-07-24
vs_lhp,season,2026-3-18,2026-7-24,22,2026.0,NYM,1057.0,8.1%,22.7%,0.4,0.233,0.302,0.38,0.682,0.147,0.276,113.0,-13.1,0.302,92.0,2026-07-24
vs_lhp,season,2026-3-18,2026-7-24,23,2026.0,SFG,1018.0,6.5%,22.6%,0.3,0.25,0.302,0.391,0.693,0.141,0.308,110.0,-11.6,0.303,92.0,2026-07-24
vs_lhp,season,2026-3-18,2026-7-24,24,2026.0,MIL,1170.0,10.9%,20.6%,0.5,0.238,0.325,0.357,0.683,0.119,0.292,127.0,-12.4,0.304,91.0,2026-07-24
vs_lhp,season,2026-3-18,2026-7-24,25,2026.0,PHI,1235.0,8.4%,24.4%,0.3,0.227,0.302,0.381,0.683,0.154,0.273,132.0,-15.1,0.302,87.0,2026-07-24
vs_lhp,season,2026-3-18,2026-7-24,26,2026.0,SEA,1084.0,9.4%,23.8%,0.4,0.216,0.302,0.334,0.636,0.118,0.262,102.0,-27.4,0.286,87.0,2026-07-24
vs_lhp,season,2026-3-18,2026-7-24,27,2026.0,CLE,1192.0,10.6%,23.2%,0.5,0.224,0.311,0.346,0.658,0.122,0.276,119.0,-23.0,0.293,87.0,2026-07-24
vs_lhp,season,2026-3-18,2026-7-24,28,2026.0,SDP,908.0,7.7%,22.5%,0.3,0.233,0.297,0.366,0.663,0.133,0.285,89.0,-19.5,0.29,85.0,2026-07-24
vs_lhp,season,2026-3-18,2026-7-24,29,2026.0,COL,1177.0,7.4%,25.5%,0.3,0.256,0.32,0.386,0.706,0.13,0.332,135.0,-5.8,0.31,81.0,2026-07-24
vs_lhp,season,2026-3-18,2026-7-24,30,2026.0,TOR,1013.0,8.5%,21.1%,0.4,0.215,0.292,0.35,0.642,0.136,0.251,95.0,-26.1,0.285,80.0,2026-07-24
vs_lhp,last_30,2026-6-24,2026-7-24,1,2026.0,TEX,320.0,7.2%,21.9%,0.3,0.324,0.383,0.519,0.902,0.195,0.39,57.0,19.1,0.391,154.0,2026-07-24
vs_lhp,last_30,2026-6-24,2026-7-24,2,2026.0,CHC,259.0,12.4%,19.3%,0.6,0.288,0.382,0.502,0.885,0.215,0.325,45.0,13.7,0.382,144.0,2026-07-24
vs_lhp,last_30,2026-6-24,2026-7-24,3,2026.0,ARI,191.0,9.9%,18.8%,0.5,0.292,0.361,0.503,0.864,0.211,0.328,31.0,8.7,0.372,136.0,2026-07-24
vs_lhp,last_30,2026-6-24,2026-7-24,4,2026.0,TBR,243.0,7.4%,16.9%,0.4,0.283,0.346,0.466,0.812,0.183,0.314,37.0,7.6,0.351,128.0,2026-07-24
vs_lhp,last_30,2026-6-24,2026-7-24,5,2026.0,CIN,240.0,10.8%,23.3%,0.5,0.278,0.366,0.469,0.834,0.191,0.336,38.0,9.3,0.366,127.0,2026-07-24
vs_lhp,last_30,2026-6-24,2026-7-24,6,2026.0,BOS,318.0,10.7%,18.6%,0.6,0.242,0.342,0.487,0.829,0.245,0.258,49.0,10.7,0.358,126.0,2026-07-24
vs_lhp,last_30,2026-6-24,2026-7-24,7,2026.0,BAL,362.0,8.8%,25.7%,0.3,0.253,0.325,0.454,0.779,0.201,0.309,50.0,6.9,0.339,120.0,2026-07-24
vs_lhp,last_30,2026-6-24,2026-7-24,8,2026.0,LAD,300.0,8.0%,19.7%,0.4,0.28,0.343,0.461,0.805,0.181,0.32,43.0,7.2,0.347,119.0,2026-07-24
vs_lhp,last_30,2026-6-24,2026-7-24,9,2026.0,PIT,318.0,6.6%,25.2%,0.3,0.271,0.33,0.476,0.806,0.205,0.328,46.0,8.0,0.348,118.0,2026-07-24
vs_lhp,last_30,2026-6-24,2026-7-24,10,2026.0,WSN,318.0,9.1%,27.7%,0.3,0.253,0.327,0.456,0.783,0.204,0.319,44.0,6.1,0.341,115.0,2026-07-24
vs_lhp,last_30,2026-6-24,2026-7-24,11,2026.0,SEA,205.0,10.7%,28.3%,0.4,0.247,0.341,0.371,0.712,0.124,0.336,25.0,0.4,0.319,110.0,2026-07-24
vs_lhp,last_30,2026-6-24,2026-7-24,12,2026.0,SDP,234.0,7.3%,21.4%,0.3,0.268,0.332,0.416,0.748,0.148,0.323,29.0,0.7,0.322,105.0,2026-07-24
vs_lhp,last_30,2026-6-24,2026-7-24,13,2026.0,NYM,285.0,10.5%,23.5%,0.4,0.226,0.312,0.393,0.705,0.167,0.263,33.0,-1.1,0.312,99.0,2026-07-24
vs_lhp,last_30,2026-6-24,2026-7-24,14,2026.0,LAA,180.0,3.3%,31.1%,0.1,0.273,0.306,0.407,0.713,0.134,0.373,21.0,-0.7,0.312,98.0,2026-07-24
vs_lhp,last_30,2026-6-24,2026-7-24,15,2026.0,ATH,340.0,5.3%,22.1%,0.2,0.264,0.316,0.404,0.72,0.14,0.317,40.0,-0.5,0.315,98.0,2026-07-24
vs_lhp,last_30,2026-6-24,2026-7-24,16,2026.0,COL,358.0,10.3%,22.6%,0.5,0.262,0.352,0.407,0.759,0.144,0.323,48.0,4.8,0.332,97.0,2026-07-24
vs_lhp,last_30,2026-6-24,2026-7-24,17,2026.0,STL,294.0,8.8%,21.4%,0.4,0.238,0.307,0.396,0.703,0.158,0.278,33.0,-1.6,0.31,96.0,2026-07-24
vs_lhp,last_30,2026-6-24,2026-7-24,18,2026.0,PHI,278.0,7.6%,28.8%,0.3,0.245,0.31,0.403,0.714,0.158,0.319,33.0,-0.5,0.315,96.0,2026-07-24
vs_lhp,last_30,2026-6-24,2026-7-24,19,2026.0,MIL,254.0,13.4%,14.6%,0.9,0.223,0.333,0.372,0.705,0.149,0.251,29.0,-1.6,0.312,94.0,2026-07-24
vs_lhp,last_30,2026-6-24,2026-7-24,20,2026.0,MIN,212.0,8.0%,26.9%,0.3,0.249,0.311,0.383,0.695,0.135,0.326,23.0,-2.1,0.305,93.0,2026-07-24
vs_lhp,last_30,2026-6-24,2026-7-24,21,2026.0,MIA,235.0,8.1%,22.6%,0.4,0.237,0.309,0.396,0.705,0.159,0.28,26.0,-1.7,0.308,92.0,2026-07-24
vs_lhp,last_30,2026-6-24,2026-7-24,22,2026.0,KCR,270.0,4.4%,23.0%,0.2,0.256,0.296,0.394,0.69,0.138,0.308,29.0,-3.5,0.301,89.0,2026-07-24
vs_lhp,last_30,2026-6-24,2026-7-24,23,2026.0,DET,276.0,7.6%,23.9%,0.3,0.239,0.296,0.378,0.674,0.139,0.294,28.0,-4.9,0.296,87.0,2026-07-24
vs_lhp,last_30,2026-6-24,2026-7-24,24,2026.0,HOU,202.0,8.9%,20.3%,0.4,0.226,0.3,0.311,0.611,0.085,0.272,18.0,-6.4,0.274,76.0,2026-07-24
vs_lhp,last_30,2026-6-24,2026-7-24,25,2026.0,SFG,222.0,5.4%,24.8%,0.2,0.228,0.274,0.364,0.638,0.136,0.293,19.0,-7.0,0.278,75.0,2026-07-24
vs_lhp,last_30,2026-6-24,2026-7-24,26,2026.0,ATL,302.0,6.3%,21.9%,0.3,0.211,0.282,0.344,0.627,0.133,0.246,27.0,-9.1,0.279,73.0,2026-07-24
vs_lhp,last_30,2026-6-24,2026-7-24,27,2026.0,CLE,241.0,10.8%,27.0%,0.4,0.202,0.292,0.317,0.61,0.115,0.261,20.0,-8.7,0.273,72.0,2026-07-24
vs_lhp,last_30,2026-6-24,2026-7-24,28,2026.0,TOR,216.0,7.9%,21.3%,0.4,0.202,0.278,0.326,0.604,0.124,0.236,17.0,-8.7,0.267,69.0,2026-07-24
vs_lhp,last_30,2026-6-24,2026-7-24,29,2026.0,NYY,294.0,6.1%,31.3%,0.2,0.187,0.241,0.341,0.582,0.154,0.234,20.0,-14.9,0.255,60.0,2026-07-24
vs_lhp,last_30,2026-6-24,2026-7-24,30,2026.0,CHW,234.0,7.3%,22.6%,0.3,0.214,0.274,0.293,0.567,0.079,0.273,15.0,-12.5,0.252,56.0,2026-07-24
vs_lhp,last_14,2026-7-10,2026-7-24,1,2026.0,BAL,137.0,6.6%,28.5%,0.2,0.304,0.356,0.608,0.964,0.304,0.385,27.0,10.6,0.408,170.0,2026-07-24
vs_lhp,last_14,2026-7-10,2026-7-24,2,2026.0,CHC,83.0,12.0%,15.7%,0.8,0.333,0.422,0.472,0.894,0.139,0.397,15.0,5.2,0.394,153.0,2026-07-24
vs_lhp,last_14,2026-7-10,2026-7-24,3,2026.0,TEX,143.0,4.9%,21.0%,0.2,0.321,0.364,0.504,0.868,0.183,0.379,24.0,6.6,0.377,143.0,2026-07-24
vs_lhp,last_14,2026-7-10,2026-7-24,4,2026.0,PIT,160.0,6.9%,27.5%,0.2,0.297,0.356,0.524,0.88,0.228,0.385,27.0,8.0,0.378,138.0,2026-07-24
vs_lhp,last_14,2026-7-10,2026-7-24,5,2026.0,TBR,133.0,7.5%,15.8%,0.5,0.289,0.353,0.479,0.833,0.19,0.309,21.0,4.9,0.361,133.0,2026-07-24
vs_lhp,last_14,2026-7-10,2026-7-24,6,2026.0,ARI,83.0,8.4%,20.5%,0.4,0.276,0.337,0.513,0.851,0.237,0.309,13.0,3.3,0.366,133.0,2026-07-24
vs_lhp,last_14,2026-7-10,2026-7-24,7,2026.0,WSN,131.0,7.6%,27.5%,0.3,0.269,0.336,0.513,0.848,0.244,0.329,21.0,5.2,0.366,131.0,2026-07-24
vs_lhp,last_14,2026-7-10,2026-7-24,8,2026.0,SEA,107.0,12.1%,27.1%,0.4,0.283,0.374,0.391,0.765,0.109,0.387,15.0,1.9,0.34,124.0,2026-07-24
vs_lhp,last_14,2026-7-10,2026-7-24,9,2026.0,CIN,75.0,6.7%,18.7%,0.4,0.294,0.36,0.456,0.816,0.162,0.333,12.0,2.6,0.359,123.0,2026-07-24
vs_lhp,last_14,2026-7-10,2026-7-24,10,2026.0,BOS,95.0,11.6%,17.9%,0.6,0.212,0.312,0.5,0.812,0.288,0.19,13.0,2.1,0.347,117.0,2026-07-24
vs_lhp,last_14,2026-7-10,2026-7-24,11,2026.0,ATH,124.0,4.8%,16.1%,0.3,0.281,0.339,0.439,0.777,0.158,0.319,17.0,2.4,0.341,116.0,2026-07-24
vs_lhp,last_14,2026-7-10,2026-7-24,12,2026.0,PHI,123.0,6.5%,26.8%,0.2,0.257,0.317,0.46,0.777,0.204,0.311,17.0,2.1,0.338,111.0,2026-07-24
vs_lhp,last_14,2026-7-10,2026-7-24,13,2026.0,MIN,118.0,5.9%,21.2%,0.3,0.261,0.305,0.405,0.71,0.144,0.313,13.0,-0.8,0.308,96.0,2026-07-24
vs_lhp,last_14,2026-7-10,2026-7-24,14,2026.0,LAA,55.0,3.6%,32.7%,0.1,0.288,0.327,0.365,0.693,0.077,0.424,6.0,-0.4,0.309,96.0,2026-07-24
vs_lhp,last_14,2026-7-10,2026-7-24,15,2026.0,NYY,81.0,9.9%,28.4%,0.3,0.233,0.309,0.384,0.692,0.151,0.312,9.0,-1.0,0.301,94.0,2026-07-24
vs_lhp,last_14,2026-7-10,2026-7-24,16,2026.0,COL,106.0,13.2%,18.9%,0.7,0.25,0.358,0.364,0.722,0.114,0.294,13.0,0.8,0.326,92.0,2026-07-24
vs_lhp,last_14,2026-7-10,2026-7-24,17,2026.0,ATL,140.0,6.4%,22.1%,0.3,0.226,0.302,0.387,0.689,0.161,0.267,15.0,-1.4,0.305,90.0,2026-07-24
vs_lhp,last_14,2026-7-10,2026-7-24,18,2026.0,SDP,107.0,7.5%,22.4%,0.3,0.24,0.308,0.365,0.673,0.125,0.286,11.0,-1.8,0.296,89.0,2026-07-24
vs_lhp,last_14,2026-7-10,2026-7-24,19,2026.0,STL,93.0,10.8%,29.0%,0.4,0.205,0.29,0.337,0.628,0.133,0.278,8.0,-2.7,0.282,77.0,2026-07-24
vs_lhp,last_14,2026-7-10,2026-7-24,20,2026.0,HOU,81.0,9.9%,23.5%,0.4,0.236,0.312,0.306,0.618,0.069,0.308,7.0,-2.7,0.277,76.0,2026-07-24
vs_lhp,last_14,2026-7-10,2026-7-24,21,2026.0,KCR,47.0,4.3%,21.3%,0.2,0.273,0.319,0.295,0.615,0.023,0.353,4.0,-1.6,0.271,75.0,2026-07-24
vs_lhp,last_14,2026-7-10,2026-7-24,22,2026.0,MIA,120.0,6.7%,25.8%,0.3,0.229,0.286,0.339,0.625,0.11,0.289,10.0,-4.0,0.278,71.0,2026-07-24
vs_lhp,last_14,2026-7-10,2026-7-24,23,2026.0,CHW,93.0,9.7%,25.8%,0.4,0.214,0.29,0.321,0.612,0.107,0.288,8.0,-3.5,0.271,71.0,2026-07-24
vs_lhp,last_14,2026-7-10,2026-7-24,24,2026.0,CLE,58.0,13.8%,24.1%,0.6,0.196,0.321,0.217,0.539,0.022,0.273,4.0,-3.2,0.254,60.0,2026-07-24
vs_lhp,last_14,2026-7-10,2026-7-24,25,2026.0,TOR,113.0,8.0%,22.1%,0.4,0.188,0.274,0.287,0.561,0.099,0.23,8.0,-5.9,0.25,60.0,2026-07-24
vs_lhp,last_14,2026-7-10,2026-7-24,26,2026.0,LAD,109.0,6.4%,21.1%,0.3,0.2,0.266,0.31,0.576,0.11,0.23,8.0,-5.4,0.256,58.0,2026-07-24
vs_lhp,last_14,2026-7-10,2026-7-24,27,2026.0,MIL,56.0,16.1%,14.3%,1.1,0.17,0.304,0.213,0.516,0.043,0.205,3.0,-3.4,0.244,53.0,2026-07-24
vs_lhp,last_14,2026-7-10,2026-7-24,28,2026.0,NYM,84.0,11.9%,29.8%,0.4,0.162,0.262,0.257,0.519,0.095,0.229,5.0,-5.2,0.241,52.0,2026-07-24
vs_lhp,last_14,2026-7-10,2026-7-24,29,2026.0,DET,118.0,4.2%,26.3%,0.2,0.205,0.239,0.304,0.543,0.098,0.266,6.0,-7.6,0.24,50.0,2026-07-24
vs_lhp,last_14,2026-7-10,2026-7-24,30,2026.0,SFG,54.0,7.4%,27.8%,0.3,0.16,0.222,0.28,0.502,0.12,0.206,2.0,-4.3,0.216,39.0,2026-07-24
vs_lhp,last_7,2026-7-17,2026-7-24,1,2026.0,BAL,96.0,6.2%,27.1%,0.2,0.31,0.362,0.586,0.948,0.276,0.404,18.0,7.0,0.403,166.0,2026-07-24
vs_lhp,last_7,2026-7-17,2026-7-24,2,2026.0,CHC,30.0,13.3%,13.3%,1.0,0.36,0.467,0.44,0.907,0.08,0.429,6.0,2.2,0.407,162.0,2026-07-24
vs_lhp,last_7,2026-7-17,2026-7-24,3,2026.0,ARI,72.0,9.7%,18.1%,0.5,0.292,0.361,0.554,0.915,0.262,0.312,13.0,4.4,0.392,150.0,2026-07-24
vs_lhp,last_7,2026-7-17,2026-7-24,4,2026.0,ATH,82.0,4.9%,18.3%,0.3,0.32,0.378,0.48,0.858,0.16,0.379,14.0,3.9,0.376,141.0,2026-07-24
vs_lhp,last_7,2026-7-17,2026-7-24,5,2026.0,BOS,46.0,13.0%,17.4%,0.8,0.205,0.326,0.538,0.865,0.333,0.148,7.0,2.0,0.37,139.0,2026-07-24
vs_lhp,last_7,2026-7-17,2026-7-24,6,2026.0,PHI,92.0,5.4%,27.2%,0.2,0.267,0.315,0.523,0.838,0.256,0.309,14.0,3.2,0.359,126.0,2026-07-24
vs_lhp,last_7,2026-7-17,2026-7-24,7,2026.0,TEX,116.0,4.3%,21.6%,0.2,0.299,0.342,0.439,0.781,0.14,0.367,16.0,2.3,0.343,120.0,2026-07-24
vs_lhp,last_7,2026-7-17,2026-7-24,8,2026.0,TBR,116.0,7.8%,16.4%,0.5,0.274,0.336,0.434,0.77,0.16,0.301,16.0,1.9,0.335,115.0,2026-07-24
vs_lhp,last_7,2026-7-17,2026-7-24,9,2026.0,WSN,96.0,8.3%,29.2%,0.3,0.244,0.323,0.453,0.776,0.209,0.315,13.0,1.7,0.339,113.0,2026-07-24
vs_lhp,last_7,2026-7-17,2026-7-24,10,2026.0,SEA,72.0,12.5%,23.6%,0.5,0.27,0.361,0.333,0.694,0.063,0.356,8.0,-0.2,0.313,107.0,2026-07-24
vs_lhp,last_7,2026-7-17,2026-7-24,11,2026.0,ATL,94.0,6.4%,23.4%,0.3,0.241,0.312,0.446,0.758,0.205,0.276,12.0,0.9,0.329,106.0,2026-07-24
vs_lhp,last_7,2026-7-17,2026-7-24,12,2026.0,KCR,41.0,4.9%,17.1%,0.3,0.316,0.366,0.342,0.708,0.026,0.387,5.0,-0.1,0.312,102.0,2026-07-24
vs_lhp,last_7,2026-7-17,2026-7-24,13,2026.0,PIT,106.0,8.5%,30.2%,0.3,0.26,0.321,0.427,0.748,0.167,0.365,13.0,0.7,0.325,102.0,2026-07-24
vs_lhp,last_7,2026-7-17,2026-7-24,14,2026.0,COL,69.0,11.6%,14.5%,0.8,0.259,0.362,0.397,0.759,0.138,0.277,10.0,1.3,0.339,102.0,2026-07-24
vs_lhp,last_7,2026-7-17,2026-7-24,15,2026.0,LAA,55.0,3.6%,32.7%,0.1,0.288,0.327,0.365,0.693,0.077,0.424,6.0,-0.4,0.309,96.0,2026-07-24
vs_lhp,last_7,2026-7-17,2026-7-24,16,2026.0,SDP,91.0,7.7%,22.0%,0.4,0.232,0.297,0.341,0.638,0.11,0.279,8.0,-2.4,0.285,81.0,2026-07-24
vs_lhp,last_7,2026-7-17,2026-7-24,17,2026.0,HOU,47.0,10.6%,25.5%,0.4,0.244,0.326,0.293,0.619,0.049,0.345,4.0,-1.5,0.284,80.0,2026-07-24
vs_lhp,last_7,2026-7-17,2026-7-24,18,2026.0,CLE,46.0,15.2%,23.9%,0.6,0.243,0.356,0.27,0.626,0.027,0.333,4.0,-1.6,0.285,78.0,2026-07-24
vs_lhp,last_7,2026-7-17,2026-7-24,19,2026.0,NYM,37.0,8.1%,35.1%,0.2,0.206,0.27,0.324,0.594,0.118,0.3,3.0,-1.5,0.266,71.0,2026-07-24
vs_lhp,last_7,2026-7-17,2026-7-24,20,2026.0,MIN,100.0,6.0%,21.0%,0.3,0.223,0.27,0.34,0.61,0.117,0.257,8.0,-4.1,0.266,67.0,2026-07-24
vs_lhp,last_7,2026-7-17,2026-7-24,21,2026.0,STL,65.0,9.2%,27.7%,0.3,0.203,0.277,0.305,0.582,0.102,0.275,5.0,-2.9,0.263,65.0,2026-07-24
vs_lhp,last_7,2026-7-17,2026-7-24,22,2026.0,CHW,49.0,14.3%,24.5%,0.6,0.19,0.306,0.262,0.568,0.071,0.267,3.0,-2.5,0.259,61.0,2026-07-24
vs_lhp,last_7,2026-7-17,2026-7-24,23,2026.0,CIN,8.0,12.5%,37.5%,0.3,0.143,0.25,0.286,0.536,0.143,0.25,0.0,-0.5,0.245,59.0,2026-07-24
vs_lhp,last_7,2026-7-17,2026-7-24,24,2026.0,NYY,35.0,11.4%,31.4%,0.4,0.194,0.286,0.258,0.544,0.065,0.3,2.0,-2.1,0.24,57.0,2026-07-24
vs_lhp,last_7,2026-7-17,2026-7-24,25,2026.0,TOR,72.0,8.3%,27.8%,0.3,0.156,0.25,0.297,0.547,0.141,0.19,4.0,-4.2,0.243,55.0,2026-07-24
vs_lhp,last_7,2026-7-17,2026-7-24,26,2026.0,MIA,73.0,1.4%,28.8%,0.0,0.243,0.26,0.314,0.575,0.071,0.327,5.0,-3.8,0.252,55.0,2026-07-24
vs_lhp,last_7,2026-7-17,2026-7-24,27,2026.0,MIL,41.0,9.8%,14.6%,0.7,0.189,0.268,0.243,0.512,0.054,0.226,2.0,-2.9,0.225,44.0,2026-07-24
vs_lhp,last_7,2026-7-17,2026-7-24,28,2026.0,LAD,61.0,4.9%,24.6%,0.2,0.179,0.246,0.179,0.424,0.0,0.244,1.0,-5.9,0.196,22.0,2026-07-24
vs_lhp,last_7,2026-7-17,2026-7-24,29,2026.0,DET,78.0,2.6%,26.9%,0.1,0.145,0.167,0.224,0.39,0.079,0.185,0.0,-9.2,0.172,5.0,2026-07-24
vs_lhp,last_7,2026-7-17,2026-7-24,30,2026.0,SFG,23.0,13.0%,21.7%,0.6,0.05,0.174,0.1,0.274,0.05,0.067,-1.0,-3.8,0.121,-28.0,2026-07-24
vs_rhp,season,2026-3-18,2026-7-24,1,2026.0,LAD,2822.0,10.6%,20.7%,0.5,0.266,0.347,0.44,0.786,0.174,0.308,396.0,59.0,0.343,116.0,2026-07-24
vs_rhp,season,2026-3-18,2026-7-24,2,2026.0,PIT,2885.0,10.1%,23.6%,0.4,0.265,0.349,0.433,0.782,0.168,0.325,408.0,63.4,0.344,115.0,2026-07-24
vs_rhp,season,2026-3-18,2026-7-24,3,2026.0,TBR,2667.0,9.3%,19.3%,0.5,0.262,0.337,0.414,0.751,0.152,0.302,346.0,27.7,0.33,110.0,2026-07-24
vs_rhp,season,2026-3-18,2026-7-24,4,2026.0,MIL,2796.0,10.6%,21.4%,0.5,0.259,0.341,0.413,0.754,0.154,0.311,366.0,31.8,0.331,109.0,2026-07-24
vs_rhp,season,2026-3-18,2026-7-24,5,2026.0,MIN,2794.0,8.2%,21.5%,0.4,0.253,0.32,0.431,0.751,0.177,0.293,357.0,22.9,0.327,108.0,2026-07-24
vs_rhp,season,2026-3-18,2026-7-24,6,2026.0,WSN,2816.0,8.6%,20.5%,0.4,0.247,0.321,0.442,0.763,0.195,0.276,369.0,32.2,0.331,108.0,2026-07-24
vs_rhp,season,2026-3-18,2026-7-24,7,2026.0,CHC,2908.0,11.1%,21.8%,0.5,0.238,0.331,0.406,0.737,0.168,0.28,367.0,19.8,0.325,106.0,2026-07-24
vs_rhp,season,2026-3-18,2026-7-24,8,2026.0,ATL,2451.0,8.4%,21.3%,0.4,0.257,0.324,0.43,0.754,0.174,0.293,316.0,23.1,0.328,106.0,2026-07-24
vs_rhp,season,2026-3-18,2026-7-24,9,2026.0,HOU,2945.0,9.0%,21.8%,0.4,0.244,0.318,0.42,0.738,0.176,0.28,364.0,11.8,0.321,106.0,2026-07-24
vs_rhp,season,2026-3-18,2026-7-24,10,2026.0,BAL,2719.0,10.4%,23.8%,0.4,0.239,0.326,0.399,0.725,0.159,0.292,332.0,7.4,0.32,106.0,2026-07-24
vs_rhp,season,2026-3-18,2026-7-24,11,2026.0,NYY,2540.0,10.4%,23.7%,0.4,0.233,0.316,0.418,0.734,0.185,0.271,311.0,7.7,0.321,106.0,2026-07-24
vs_rhp,season,2026-3-18,2026-7-24,12,2026.0,SEA,2760.0,8.8%,22.6%,0.4,0.234,0.313,0.393,0.706,0.159,0.275,318.0,-11.7,0.312,105.0,2026-07-24
vs_rhp,season,2026-3-18,2026-7-24,13,2026.0,CHW,2725.0,9.1%,23.3%,0.4,0.243,0.321,0.412,0.733,0.169,0.291,335.0,9.5,0.321,104.0,2026-07-24
vs_rhp,season,2026-3-18,2026-7-24,14,2026.0,MIA,2875.0,9.0%,21.0%,0.4,0.255,0.329,0.409,0.738,0.155,0.302,360.0,16.9,0.324,102.0,2026-07-24
vs_rhp,season,2026-3-18,2026-7-24,15,2026.0,SFG,2802.0,6.7%,20.5%,0.3,0.253,0.309,0.425,0.734,0.172,0.29,337.0,2.1,0.318,102.0,2026-07-24
vs_rhp,season,2026-3-18,2026-7-24,16,2026.0,ATH,2680.0,9.8%,22.0%,0.4,0.245,0.327,0.401,0.728,0.156,0.291,327.0,7.2,0.32,101.0,2026-07-24
vs_rhp,season,2026-3-18,2026-7-24,17,2026.0,DET,2796.0,8.6%,23.3%,0.4,0.239,0.311,0.41,0.721,0.172,0.282,331.0,-3.1,0.315,101.0,2026-07-24
vs_rhp,season,2026-3-18,2026-7-24,18,2026.0,TEX,2836.0,8.6%,21.6%,0.4,0.242,0.316,0.394,0.709,0.152,0.285,329.0,-9.7,0.313,100.0,2026-07-24
vs_rhp,season,2026-3-18,2026-7-24,19,2026.0,CLE,2700.0,9.3%,22.0%,0.4,0.236,0.312,0.388,0.7,0.151,0.282,306.0,-16.5,0.309,98.0,2026-07-24
vs_rhp,season,2026-3-18,2026-7-24,20,2026.0,KCR,2734.0,8.9%,21.6%,0.4,0.245,0.317,0.401,0.717,0.155,0.29,322.0,-4.4,0.315,97.0,2026-07-24
vs_rhp,season,2026-3-18,2026-7-24,21,2026.0,SDP,2905.0,9.6%,22.6%,0.4,0.229,0.31,0.388,0.698,0.159,0.268,325.0,-21.9,0.308,96.0,2026-07-24
vs_rhp,season,2026-3-18,2026-7-24,22,2026.0,COL,2783.0,8.7%,21.4%,0.4,0.254,0.327,0.434,0.761,0.18,0.296,368.0,35.3,0.332,96.0,2026-07-24
vs_rhp,season,2026-3-18,2026-7-24,23,2026.0,STL,2697.0,8.1%,21.5%,0.4,0.239,0.314,0.384,0.698,0.145,0.281,303.0,-19.2,0.308,95.0,2026-07-24
vs_rhp,season,2026-3-18,2026-7-24,24,2026.0,LAA,2859.0,8.3%,24.9%,0.3,0.239,0.314,0.383,0.697,0.144,0.3,322.0,-20.0,0.308,95.0,2026-07-24
vs_rhp,season,2026-3-18,2026-7-24,25,2026.0,TOR,2795.0,6.9%,19.1%,0.4,0.25,0.306,0.387,0.693,0.137,0.286,305.0,-29.1,0.304,94.0,2026-07-24
vs_rhp,season,2026-3-18,2026-7-24,26,2026.0,PHI,2607.0,7.6%,23.5%,0.3,0.24,0.303,0.412,0.715,0.172,0.282,300.0,-11.3,0.311,93.0,2026-07-24
vs_rhp,season,2026-3-18,2026-7-24,27,2026.0,NYM,2811.0,8.5%,22.1%,0.4,0.235,0.305,0.384,0.689,0.149,0.275,304.0,-31.3,0.303,93.0,2026-07-24
vs_rhp,season,2026-3-18,2026-7-24,28,2026.0,ARI,2845.0,9.0%,20.5%,0.4,0.231,0.305,0.377,0.683,0.146,0.27,304.0,-35.8,0.301,87.0,2026-07-24
vs_rhp,season,2026-3-18,2026-7-24,29,2026.0,BOS,2774.0,7.6%,22.3%,0.3,0.239,0.306,0.377,0.683,0.139,0.289,296.0,-35.0,0.301,87.0,2026-07-24
vs_rhp,season,2026-3-18,2026-7-24,30,2026.0,CIN,2902.0,9.1%,24.6%,0.4,0.225,0.301,0.389,0.691,0.164,0.271,316.0,-30.2,0.304,85.0,2026-07-24
vs_rhp,last_30,2026-6-24,2026-7-24,1,2026.0,WSN,598.0,10.0%,19.1%,0.5,0.284,0.361,0.536,0.897,0.252,0.304,104.0,32.4,0.384,143.0,2026-07-24
vs_rhp,last_30,2026-6-24,2026-7-24,2,2026.0,PIT,633.0,10.3%,27.6%,0.4,0.283,0.364,0.474,0.838,0.191,0.368,101.0,25.0,0.365,129.0,2026-07-24
vs_rhp,last_30,2026-6-24,2026-7-24,3,2026.0,MIA,656.0,9.1%,19.8%,0.5,0.279,0.349,0.484,0.832,0.205,0.318,101.0,22.7,0.36,126.0,2026-07-24
vs_rhp,last_30,2026-6-24,2026-7-24,4,2026.0,SDP,726.0,11.2%,20.4%,0.5,0.259,0.351,0.448,0.798,0.189,0.294,106.0,19.5,0.35,124.0,2026-07-24
vs_rhp,last_30,2026-6-24,2026-7-24,5,2026.0,CHW,643.0,9.2%,21.3%,0.4,0.265,0.336,0.452,0.788,0.187,0.313,90.0,13.1,0.342,119.0,2026-07-24
vs_rhp,last_30,2026-6-24,2026-7-24,6,2026.0,ATL,620.0,9.7%,21.0%,0.5,0.261,0.339,0.462,0.8,0.201,0.296,89.0,15.3,0.347,119.0,2026-07-24
vs_rhp,last_30,2026-6-24,2026-7-24,7,2026.0,TBR,716.0,7.5%,18.4%,0.4,0.263,0.322,0.457,0.779,0.194,0.284,97.0,11.4,0.336,114.0,2026-07-24
vs_rhp,last_30,2026-6-24,2026-7-24,8,2026.0,MIL,711.0,9.3%,23.5%,0.4,0.262,0.335,0.44,0.775,0.178,0.321,97.0,12.4,0.338,114.0,2026-07-24
vs_rhp,last_30,2026-6-24,2026-7-24,9,2026.0,NYM,683.0,9.7%,21.4%,0.5,0.25,0.328,0.425,0.753,0.175,0.285,88.0,6.7,0.329,110.0,2026-07-24
vs_rhp,last_30,2026-6-24,2026-7-24,10,2026.0,CLE,663.0,7.1%,23.2%,0.3,0.264,0.317,0.423,0.74,0.159,0.318,83.0,3.5,0.323,107.0,2026-07-24
vs_rhp,last_30,2026-6-24,2026-7-24,11,2026.0,CHC,690.0,10.3%,25.1%,0.4,0.236,0.324,0.422,0.746,0.186,0.285,88.0,5.4,0.326,107.0,2026-07-24
vs_rhp,last_30,2026-6-24,2026-7-24,12,2026.0,HOU,650.0,8.2%,20.6%,0.4,0.236,0.304,0.441,0.745,0.205,0.251,81.0,3.0,0.322,106.0,2026-07-24
vs_rhp,last_30,2026-6-24,2026-7-24,13,2026.0,DET,636.0,8.0%,24.4%,0.3,0.235,0.306,0.44,0.746,0.205,0.264,79.0,3.2,0.323,106.0,2026-07-24
vs_rhp,last_30,2026-6-24,2026-7-24,14,2026.0,COL,574.0,7.5%,18.6%,0.4,0.261,0.322,0.478,0.799,0.217,0.285,81.0,12.2,0.343,103.0,2026-07-24
vs_rhp,last_30,2026-6-24,2026-7-24,15,2026.0,MIN,661.0,8.2%,20.3%,0.4,0.25,0.316,0.417,0.733,0.167,0.285,80.0,1.2,0.319,103.0,2026-07-24
vs_rhp,last_30,2026-6-24,2026-7-24,16,2026.0,SFG,658.0,8.4%,22.2%,0.4,0.236,0.305,0.422,0.727,0.185,0.265,77.0,-1.3,0.316,100.0,2026-07-24
vs_rhp,last_30,2026-6-24,2026-7-24,17,2026.0,ARI,732.0,9.4%,19.4%,0.5,0.244,0.317,0.416,0.733,0.172,0.273,89.0,1.4,0.319,99.0,2026-07-24
vs_rhp,last_30,2026-6-24,2026-7-24,18,2026.0,KCR,618.0,7.6%,23.3%,0.3,0.242,0.307,0.406,0.713,0.165,0.295,71.0,-2.5,0.312,95.0,2026-07-24
vs_rhp,last_30,2026-6-24,2026-7-24,19,2026.0,PHI,625.0,8.2%,23.8%,0.3,0.241,0.309,0.414,0.724,0.173,0.286,73.0,-1.7,0.315,95.0,2026-07-24
vs_rhp,last_30,2026-6-24,2026-7-24,20,2026.0,LAD,577.0,9.7%,21.5%,0.5,0.242,0.321,0.384,0.704,0.142,0.289,65.0,-3.5,0.31,94.0,2026-07-24
vs_rhp,last_30,2026-6-24,2026-7-24,21,2026.0,TEX,546.0,8.2%,22.3%,0.4,0.222,0.29,0.404,0.694,0.182,0.248,59.0,-5.8,0.304,94.0,2026-07-24
vs_rhp,last_30,2026-6-24,2026-7-24,22,2026.0,BAL,475.0,12.6%,24.0%,0.5,0.213,0.333,0.328,0.661,0.115,0.27,51.0,-5.3,0.303,94.0,2026-07-24
vs_rhp,last_30,2026-6-24,2026-7-24,23,2026.0,BOS,579.0,6.7%,22.3%,0.3,0.251,0.308,0.403,0.712,0.153,0.297,66.0,-3.3,0.31,93.0,2026-07-24
vs_rhp,last_30,2026-6-24,2026-7-24,24,2026.0,CIN,623.0,7.7%,22.8%,0.3,0.233,0.296,0.432,0.728,0.199,0.259,74.0,-0.7,0.316,93.0,2026-07-24
vs_rhp,last_30,2026-6-24,2026-7-24,25,2026.0,ATH,522.0,7.5%,25.7%,0.3,0.235,0.307,0.359,0.666,0.124,0.302,54.0,-8.3,0.297,86.0,2026-07-24
vs_rhp,last_30,2026-6-24,2026-7-24,26,2026.0,SEA,644.0,8.4%,22.7%,0.4,0.21,0.288,0.327,0.615,0.117,0.251,56.0,-21.0,0.277,81.0,2026-07-24
vs_rhp,last_30,2026-6-24,2026-7-24,27,2026.0,NYY,555.0,6.8%,25.8%,0.3,0.213,0.271,0.377,0.648,0.164,0.254,50.0,-15.9,0.283,79.0,2026-07-24
vs_rhp,last_30,2026-6-24,2026-7-24,28,2026.0,LAA,625.0,8.5%,25.0%,0.3,0.23,0.302,0.322,0.624,0.093,0.301,57.0,-18.0,0.281,76.0,2026-07-24
vs_rhp,last_30,2026-6-24,2026-7-24,29,2026.0,STL,609.0,6.4%,20.5%,0.3,0.206,0.269,0.309,0.578,0.103,0.238,44.0,-28.3,0.26,62.0,2026-07-24
vs_rhp,last_30,2026-6-24,2026-7-24,30,2026.0,TOR,631.0,6.3%,19.2%,0.3,0.209,0.259,0.319,0.578,0.11,0.235,45.0,-30.6,0.257,61.0,2026-07-24
vs_rhp,last_14,2026-7-10,2026-7-24,1,2026.0,SDP,293.0,12.6%,18.4%,0.7,0.289,0.384,0.526,0.91,0.237,0.311,53.0,17.6,0.391,152.0,2026-07-24
vs_rhp,last_14,2026-7-10,2026-7-24,2,2026.0,WSN,231.0,8.7%,19.5%,0.4,0.281,0.355,0.527,0.882,0.246,0.307,39.0,11.3,0.377,139.0,2026-07-24
vs_rhp,last_14,2026-7-10,2026-7-24,3,2026.0,ATL,244.0,9.8%,20.9%,0.5,0.285,0.364,0.509,0.873,0.224,0.322,41.0,11.9,0.378,138.0,2026-07-24
vs_rhp,last_14,2026-7-10,2026-7-24,4,2026.0,ARI,324.0,12.7%,19.8%,0.6,0.287,0.372,0.507,0.879,0.221,0.319,54.0,15.1,0.374,137.0,2026-07-24
vs_rhp,last_14,2026-7-10,2026-7-24,5,2026.0,CLE,326.0,6.1%,21.8%,0.3,0.285,0.331,0.467,0.798,0.182,0.332,47.0,7.6,0.346,123.0,2026-07-24
vs_rhp,last_14,2026-7-10,2026-7-24,6,2026.0,HOU,253.0,8.3%,17.4%,0.5,0.248,0.313,0.487,0.8,0.239,0.241,36.0,5.4,0.34,121.0,2026-07-24
vs_rhp,last_14,2026-7-10,2026-7-24,7,2026.0,DET,250.0,7.6%,24.0%,0.3,0.249,0.316,0.467,0.783,0.218,0.279,34.0,4.1,0.337,116.0,2026-07-24
vs_rhp,last_14,2026-7-10,2026-7-24,8,2026.0,CHW,243.0,8.6%,23.9%,0.4,0.26,0.331,0.447,0.777,0.186,0.329,32.0,3.4,0.334,114.0,2026-07-24
vs_rhp,last_14,2026-7-10,2026-7-24,9,2026.0,ATH,218.0,7.3%,23.9%,0.3,0.258,0.327,0.448,0.776,0.191,0.304,30.0,3.5,0.338,113.0,2026-07-24
vs_rhp,last_14,2026-7-10,2026-7-24,10,2026.0,CIN,258.0,6.2%,18.2%,0.3,0.248,0.295,0.517,0.811,0.269,0.233,36.0,5.6,0.344,112.0,2026-07-24
vs_rhp,last_14,2026-7-10,2026-7-24,11,2026.0,TEX,198.0,9.1%,25.3%,0.4,0.236,0.308,0.449,0.758,0.213,0.281,25.0,1.3,0.328,109.0,2026-07-24
vs_rhp,last_14,2026-7-10,2026-7-24,12,2026.0,MIL,284.0,12.0%,25.4%,0.5,0.235,0.331,0.417,0.748,0.182,0.298,37.0,3.0,0.33,108.0,2026-07-24
vs_rhp,last_14,2026-7-10,2026-7-24,13,2026.0,BOS,272.0,6.2%,20.2%,0.3,0.258,0.319,0.434,0.753,0.176,0.295,35.0,2.5,0.326,106.0,2026-07-24
vs_rhp,last_14,2026-7-10,2026-7-24,14,2026.0,NYM,259.0,9.3%,24.7%,0.4,0.25,0.32,0.414,0.734,0.164,0.3,32.0,0.8,0.321,104.0,2026-07-24
vs_rhp,last_14,2026-7-10,2026-7-24,15,2026.0,CHC,269.0,11.9%,28.6%,0.4,0.226,0.323,0.404,0.728,0.179,0.295,33.0,0.8,0.321,103.0,2026-07-24
vs_rhp,last_14,2026-7-10,2026-7-24,16,2026.0,TBR,280.0,6.1%,20.0%,0.3,0.263,0.308,0.429,0.737,0.166,0.301,34.0,0.4,0.319,102.0,2026-07-24
vs_rhp,last_14,2026-7-10,2026-7-24,17,2026.0,NYY,241.0,7.5%,21.6%,0.3,0.24,0.299,0.425,0.724,0.186,0.269,28.0,-0.3,0.315,102.0,2026-07-24
vs_rhp,last_14,2026-7-10,2026-7-24,18,2026.0,KCR,322.0,6.2%,21.4%,0.3,0.248,0.304,0.418,0.722,0.17,0.292,37.0,-1.8,0.313,95.0,2026-07-24
vs_rhp,last_14,2026-7-10,2026-7-24,19,2026.0,BAL,211.0,11.4%,25.6%,0.4,0.205,0.336,0.29,0.626,0.085,0.271,22.0,-3.6,0.296,90.0,2026-07-24
vs_rhp,last_14,2026-7-10,2026-7-24,20,2026.0,LAD,219.0,8.2%,26.0%,0.3,0.228,0.297,0.406,0.703,0.178,0.281,24.0,-2.6,0.303,90.0,2026-07-24
vs_rhp,last_14,2026-7-10,2026-7-24,21,2026.0,SFG,277.0,7.9%,22.4%,0.4,0.232,0.303,0.37,0.673,0.138,0.271,29.0,-4.6,0.297,88.0,2026-07-24
vs_rhp,last_14,2026-7-10,2026-7-24,22,2026.0,LAA,271.0,9.6%,24.0%,0.4,0.234,0.319,0.326,0.645,0.092,0.304,27.0,-5.6,0.292,83.0,2026-07-24
vs_rhp,last_14,2026-7-10,2026-7-24,23,2026.0,MIN,253.0,8.7%,20.2%,0.4,0.227,0.296,0.351,0.648,0.124,0.266,24.0,-6.4,0.286,79.0,2026-07-24
vs_rhp,last_14,2026-7-10,2026-7-24,24,2026.0,PIT,178.0,8.4%,33.1%,0.3,0.209,0.292,0.354,0.647,0.146,0.287,17.0,-4.0,0.289,78.0,2026-07-24
vs_rhp,last_14,2026-7-10,2026-7-24,25,2026.0,TOR,240.0,7.1%,16.7%,0.4,0.22,0.275,0.341,0.616,0.121,0.239,20.0,-8.4,0.274,73.0,2026-07-24
vs_rhp,last_14,2026-7-10,2026-7-24,26,2026.0,COL,229.0,5.2%,19.7%,0.3,0.233,0.275,0.4,0.675,0.167,0.258,23.0,-4.4,0.293,69.0,2026-07-24
vs_rhp,last_14,2026-7-10,2026-7-24,27,2026.0,PHI,204.0,7.4%,27.9%,0.3,0.207,0.271,0.364,0.635,0.158,0.26,17.0,-7.2,0.275,69.0,2026-07-24
vs_rhp,last_14,2026-7-10,2026-7-24,28,2026.0,SEA,223.0,7.2%,16.1%,0.4,0.182,0.253,0.323,0.577,0.141,0.184,15.0,-11.2,0.257,66.0,2026-07-24
vs_rhp,last_14,2026-7-10,2026-7-24,29,2026.0,MIA,209.0,7.2%,26.3%,0.3,0.198,0.263,0.333,0.596,0.135,0.244,16.0,-8.7,0.266,63.0,2026-07-24
vs_rhp,last_14,2026-7-10,2026-7-24,30,2026.0,STL,270.0,8.1%,19.3%,0.4,0.217,0.285,0.279,0.564,0.061,0.262,19.0,-13.0,0.258,61.0,2026-07-24
vs_rhp,last_7,2026-7-17,2026-7-24,1,2026.0,WSN,156.0,9.0%,19.9%,0.5,0.346,0.41,0.632,1.043,0.287,0.39,34.0,15.4,0.438,180.0,2026-07-24
vs_rhp,last_7,2026-7-17,2026-7-24,2,2026.0,SDP,193.0,10.9%,17.6%,0.6,0.305,0.391,0.635,1.025,0.329,0.308,41.0,18.1,0.431,179.0,2026-07-24
vs_rhp,last_7,2026-7-17,2026-7-24,3,2026.0,ATL,180.0,10.0%,20.0%,0.5,0.333,0.402,0.604,1.006,0.27,0.372,38.0,16.2,0.429,172.0,2026-07-24
vs_rhp,last_7,2026-7-17,2026-7-24,4,2026.0,ARI,213.0,12.7%,18.3%,0.7,0.317,0.394,0.544,0.939,0.228,0.353,40.0,14.1,0.399,152.0,2026-07-24
vs_rhp,last_7,2026-7-17,2026-7-24,5,2026.0,ATH,160.0,8.1%,20.0%,0.4,0.307,0.377,0.543,0.92,0.236,0.343,29.0,9.9,0.394,152.0,2026-07-24
vs_rhp,last_7,2026-7-17,2026-7-24,6,2026.0,DET,185.0,7.0%,21.6%,0.3,0.287,0.346,0.521,0.867,0.234,0.319,30.0,8.0,0.37,139.0,2026-07-24
vs_rhp,last_7,2026-7-17,2026-7-24,7,2026.0,CLE,226.0,7.1%,21.2%,0.3,0.284,0.336,0.49,0.827,0.207,0.325,34.0,7.3,0.357,131.0,2026-07-24
vs_rhp,last_7,2026-7-17,2026-7-24,8,2026.0,CHC,211.0,12.8%,26.5%,0.5,0.253,0.355,0.44,0.795,0.187,0.328,31.0,5.4,0.349,122.0,2026-07-24
vs_rhp,last_7,2026-7-17,2026-7-24,9,2026.0,LAD,164.0,9.8%,26.8%,0.4,0.257,0.335,0.486,0.821,0.229,0.316,24.0,4.0,0.349,120.0,2026-07-24
vs_rhp,last_7,2026-7-17,2026-7-24,10,2026.0,PHI,92.0,9.8%,30.4%,0.3,0.247,0.326,0.469,0.795,0.222,0.32,13.0,1.7,0.339,113.0,2026-07-24
vs_rhp,last_7,2026-7-17,2026-7-24,11,2026.0,NYM,160.0,10.0%,26.9%,0.4,0.261,0.338,0.408,0.746,0.148,0.337,21.0,1.7,0.33,110.0,2026-07-24
vs_rhp,last_7,2026-7-17,2026-7-24,12,2026.0,HOU,172.0,8.1%,18.6%,0.4,0.239,0.304,0.445,0.749,0.206,0.243,22.0,1.1,0.323,110.0,2026-07-24
vs_rhp,last_7,2026-7-17,2026-7-24,13,2026.0,BOS,201.0,4.0%,19.4%,0.2,0.276,0.318,0.459,0.778,0.184,0.31,27.0,2.7,0.333,109.0,2026-07-24
vs_rhp,last_7,2026-7-17,2026-7-24,14,2026.0,KCR,224.0,7.6%,20.1%,0.4,0.26,0.33,0.44,0.77,0.18,0.299,29.0,2.4,0.334,108.0,2026-07-24
vs_rhp,last_7,2026-7-17,2026-7-24,15,2026.0,CIN,211.0,7.1%,17.1%,0.4,0.233,0.289,0.508,0.797,0.275,0.208,29.0,3.7,0.338,108.0,2026-07-24
vs_rhp,last_7,2026-7-17,2026-7-24,16,2026.0,MIL,180.0,13.3%,27.2%,0.5,0.227,0.333,0.403,0.736,0.175,0.297,23.0,1.4,0.326,106.0,2026-07-24
vs_rhp,last_7,2026-7-17,2026-7-24,17,2026.0,TEX,113.0,6.2%,24.8%,0.2,0.248,0.292,0.448,0.74,0.2,0.288,13.0,-0.4,0.318,102.0,2026-07-24
vs_rhp,last_7,2026-7-17,2026-7-24,18,2026.0,TBR,185.0,5.9%,21.1%,0.3,0.257,0.304,0.398,0.702,0.14,0.305,21.0,-1.3,0.308,95.0,2026-07-24
vs_rhp,last_7,2026-7-17,2026-7-24,19,2026.0,CHW,176.0,8.0%,23.3%,0.3,0.234,0.297,0.367,0.664,0.133,0.299,17.0,-3.8,0.29,84.0,2026-07-24
vs_rhp,last_7,2026-7-17,2026-7-24,20,2026.0,SFG,198.0,5.6%,28.3%,0.2,0.212,0.272,0.38,0.652,0.168,0.259,19.0,-5.1,0.286,80.0,2026-07-24
vs_rhp,last_7,2026-7-17,2026-7-24,21,2026.0,COL,155.0,3.9%,21.9%,0.2,0.25,0.277,0.439,0.717,0.189,0.284,17.0,-1.2,0.307,80.0,2026-07-24
vs_rhp,last_7,2026-7-17,2026-7-24,22,2026.0,NYY,173.0,6.9%,22.5%,0.3,0.212,0.272,0.362,0.634,0.15,0.25,15.0,-5.2,0.28,78.0,2026-07-24
vs_rhp,last_7,2026-7-17,2026-7-24,23,2026.0,STL,202.0,8.4%,17.3%,0.5,0.243,0.312,0.298,0.61,0.055,0.288,18.0,-6.3,0.278,75.0,2026-07-24
vs_rhp,last_7,2026-7-17,2026-7-24,24,2026.0,MIN,169.0,7.7%,24.3%,0.3,0.229,0.29,0.333,0.623,0.105,0.288,14.0,-5.7,0.275,74.0,2026-07-24
vs_rhp,last_7,2026-7-17,2026-7-24,25,2026.0,LAA,158.0,10.8%,26.6%,0.4,0.213,0.318,0.272,0.591,0.059,0.301,13.0,-5.5,0.275,71.0,2026-07-24
vs_rhp,last_7,2026-7-17,2026-7-24,26,2026.0,SEA,149.0,6.7%,16.1%,0.4,0.189,0.264,0.326,0.589,0.136,0.19,11.0,-6.6,0.263,70.0,2026-07-24
vs_rhp,last_7,2026-7-17,2026-7-24,27,2026.0,PIT,120.0,8.3%,38.3%,0.2,0.202,0.267,0.358,0.624,0.156,0.288,10.0,-4.1,0.275,69.0,2026-07-24
vs_rhp,last_7,2026-7-17,2026-7-24,28,2026.0,MIA,148.0,7.4%,29.7%,0.2,0.199,0.264,0.353,0.616,0.154,0.253,12.0,-5.3,0.273,68.0,2026-07-24
vs_rhp,last_7,2026-7-17,2026-7-24,29,2026.0,BAL,145.0,12.4%,27.6%,0.4,0.168,0.317,0.193,0.511,0.025,0.253,10.0,-7.0,0.257,63.0,2026-07-24
vs_rhp,last_7,2026-7-17,2026-7-24,30,2026.0,TOR,164.0,5.5%,15.9%,0.3,0.206,0.25,0.265,0.515,0.058,0.236,8.0,-11.2,0.233,45.0,2026-07-24
home,season,2026-3-18,2026-7-24,1,2026.0,PIT,1987.0,9.9%,22.4%,0.4,0.276,0.357,0.455,0.812,0.179,0.331,298.0,60.9,0.355,120.0,2026-07-24
home,season,2026-3-18,2026-7-24,2,2026.0,CHC,2051.0,12.3%,20.3%,0.6,0.256,0.355,0.428,0.783,0.172,0.297,290.0,44.6,0.344,120.0,2026-07-24
home,season,2026-3-18,2026-7-24,3,2026.0,ATH,1944.0,9.9%,21.0%,0.5,0.268,0.348,0.46,0.808,0.193,0.309,287.0,54.6,0.351,120.0,2026-07-24
home,season,2026-3-18,2026-7-24,4,2026.0,TBR,1820.0,9.1%,18.1%,0.5,0.269,0.34,0.438,0.779,0.17,0.303,250.0,32.7,0.339,115.0,2026-07-24
home,season,2026-3-18,2026-7-24,5,2026.0,BAL,1995.0,10.6%,22.4%,0.5,0.249,0.334,0.418,0.752,0.169,0.294,260.0,21.7,0.33,114.0,2026-07-24
home,season,2026-3-18,2026-7-24,6,2026.0,NYY,1797.0,10.9%,23.1%,0.5,0.235,0.32,0.437,0.757,0.201,0.27,232.0,17.5,0.329,112.0,2026-07-24
home,season,2026-3-18,2026-7-24,7,2026.0,WSN,1938.0,9.1%,20.4%,0.4,0.248,0.325,0.441,0.765,0.193,0.277,257.0,25.1,0.333,110.0,2026-07-24
home,season,2026-3-18,2026-7-24,8,2026.0,MIL,1993.0,11.3%,21.4%,0.5,0.253,0.341,0.407,0.748,0.154,0.304,257.0,18.5,0.329,108.0,2026-07-24
home,season,2026-3-18,2026-7-24,9,2026.0,CHW,1780.0,8.7%,22.2%,0.4,0.249,0.325,0.423,0.748,0.174,0.292,226.0,13.7,0.327,108.0,2026-07-24
home,season,2026-3-18,2026-7-24,10,2026.0,SEA,1927.0,9.5%,23.9%,0.4,0.223,0.309,0.379,0.688,0.157,0.263,212.0,-18.7,0.305,107.0,2026-07-24
home,season,2026-3-18,2026-7-24,11,2026.0,PHI,1926.0,8.3%,23.2%,0.4,0.252,0.321,0.444,0.765,0.192,0.292,253.0,23.1,0.332,106.0,2026-07-24
home,season,2026-3-18,2026-7-24,12,2026.0,ATL,1923.0,7.9%,21.6%,0.4,0.258,0.322,0.428,0.75,0.17,0.299,246.0,16.2,0.327,105.0,2026-07-24
home,season,2026-3-18,2026-7-24,13,2026.0,KCR,1980.0,8.2%,20.4%,0.4,0.263,0.329,0.428,0.757,0.165,0.307,257.0,20.9,0.33,105.0,2026-07-24
home,season,2026-3-18,2026-7-24,14,2026.0,MIN,1886.0,9.0%,19.8%,0.5,0.248,0.323,0.407,0.73,0.159,0.285,231.0,6.1,0.321,103.0,2026-07-24
home,season,2026-3-18,2026-7-24,15,2026.0,DET,1865.0,10.2%,23.2%,0.4,0.239,0.321,0.403,0.724,0.164,0.284,226.0,3.6,0.319,103.0,2026-07-24
home,season,2026-3-18,2026-7-24,16,2026.0,LAD,1808.0,9.5%,20.4%,0.5,0.245,0.32,0.415,0.735,0.17,0.278,222.0,6.3,0.321,103.0,2026-07-24
home,season,2026-3-18,2026-7-24,17,2026.0,TEX,1753.0,7.7%,22.1%,0.3,0.241,0.31,0.403,0.713,0.162,0.283,204.0,-5.2,0.313,102.0,2026-07-24
home,season,2026-3-18,2026-7-24,18,2026.0,CLE,1987.0,10.3%,21.2%,0.5,0.247,0.328,0.381,0.709,0.134,0.296,233.0,-4.7,0.314,102.0,2026-07-24
home,season,2026-3-18,2026-7-24,19,2026.0,ARI,1942.0,9.2%,17.3%,0.5,0.249,0.322,0.413,0.734,0.164,0.279,239.0,7.3,0.322,100.0,2026-07-24
home,season,2026-3-18,2026-7-24,20,2026.0,NYM,1828.0,9.1%,21.6%,0.4,0.237,0.311,0.387,0.698,0.15,0.274,206.0,-12.9,0.308,100.0,2026-07-24
home,season,2026-3-18,2026-7-24,21,2026.0,HOU,1934.0,8.6%,23.5%,0.4,0.233,0.307,0.406,0.713,0.174,0.274,223.0,-8.0,0.311,99.0,2026-07-24
home,season,2026-3-18,2026-7-24,22,2026.0,MIA,1865.0,8.9%,20.8%,0.4,0.25,0.329,0.4,0.729,0.15,0.298,229.0,5.9,0.321,99.0,2026-07-24
home,season,2026-3-18,2026-7-24,23,2026.0,SFG,1696.0,7.5%,20.9%,0.4,0.245,0.307,0.397,0.704,0.151,0.29,190.0,-13.0,0.307,97.0,2026-07-24
home,season,2026-3-18,2026-7-24,24,2026.0,TOR,2060.0,8.3%,20.7%,0.4,0.242,0.312,0.381,0.693,0.139,0.283,227.0,-18.9,0.306,95.0,2026-07-24
home,season,2026-3-18,2026-7-24,25,2026.0,STL,1925.0,7.9%,19.5%,0.4,0.236,0.307,0.367,0.673,0.131,0.271,199.0,-30.5,0.297,90.0,2026-07-24
home,season,2026-3-18,2026-7-24,26,2026.0,SDP,1835.0,9.9%,21.7%,0.5,0.22,0.303,0.351,0.653,0.13,0.262,180.0,-39.5,0.291,89.0,2026-07-24
home,season,2026-3-18,2026-7-24,27,2026.0,COL,1990.0,8.1%,21.5%,0.4,0.27,0.337,0.442,0.78,0.172,0.322,275.0,37.1,0.34,87.0,2026-07-24
home,season,2026-3-18,2026-7-24,28,2026.0,CIN,1845.0,10.9%,25.5%,0.4,0.217,0.311,0.398,0.708,0.18,0.26,215.0,-5.9,0.313,87.0,2026-07-24
home,season,2026-3-18,2026-7-24,29,2026.0,BOS,1848.0,7.6%,21.0%,0.4,0.242,0.309,0.386,0.695,0.144,0.287,204.0,-16.3,0.306,86.0,2026-07-24
home,season,2026-3-18,2026-7-24,30,2026.0,LAA,1906.0,7.8%,25.8%,0.3,0.228,0.303,0.346,0.65,0.119,0.294,186.0,-41.6,0.29,81.0,2026-07-24
home,last_30,2026-6-24,2026-7-24,1,2026.0,PIT,430.0,8.8%,23.3%,0.4,0.289,0.368,0.523,0.891,0.233,0.337,75.0,23.4,0.384,140.0,2026-07-24
home,last_30,2026-6-24,2026-7-24,2,2026.0,CHC,480.0,11.5%,22.7%,0.5,0.276,0.371,0.482,0.853,0.206,0.328,78.0,20.9,0.37,138.0,2026-07-24
home,last_30,2026-6-24,2026-7-24,3,2026.0,ATL,557.0,9.5%,21.7%,0.4,0.279,0.36,0.505,0.865,0.226,0.316,92.0,25.7,0.374,136.0,2026-07-24
home,last_30,2026-6-24,2026-7-24,4,2026.0,WSN,424.0,9.9%,19.6%,0.5,0.258,0.337,0.505,0.843,0.247,0.264,66.0,15.4,0.361,129.0,2026-07-24
home,last_30,2026-6-24,2026-7-24,5,2026.0,TEX,447.0,7.4%,22.6%,0.3,0.266,0.328,0.481,0.809,0.216,0.302,65.0,11.8,0.35,127.0,2026-07-24
home,last_30,2026-6-24,2026-7-24,6,2026.0,TBR,429.0,6.3%,17.0%,0.4,0.278,0.328,0.505,0.833,0.227,0.291,64.0,13.2,0.354,126.0,2026-07-24
home,last_30,2026-6-24,2026-7-24,7,2026.0,CHW,378.0,7.9%,21.7%,0.4,0.275,0.337,0.433,0.77,0.158,0.328,51.0,6.2,0.336,115.0,2026-07-24
home,last_30,2026-6-24,2026-7-24,8,2026.0,ATH,343.0,7.0%,23.3%,0.3,0.275,0.335,0.45,0.786,0.176,0.333,48.0,7.3,0.343,114.0,2026-07-24
home,last_30,2026-6-24,2026-7-24,9,2026.0,ARI,462.0,11.7%,18.6%,0.6,0.255,0.341,0.438,0.779,0.183,0.285,64.0,8.4,0.339,112.0,2026-07-24
home,last_30,2026-6-24,2026-7-24,10,2026.0,BAL,441.0,11.1%,24.5%,0.5,0.235,0.329,0.405,0.733,0.17,0.28,56.0,2.9,0.325,110.0,2026-07-24
home,last_30,2026-6-24,2026-7-24,11,2026.0,NYM,462.0,10.8%,20.1%,0.5,0.24,0.327,0.408,0.735,0.168,0.271,58.0,2.5,0.323,110.0,2026-07-24
home,last_30,2026-6-24,2026-7-24,12,2026.0,MIL,482.0,11.4%,22.6%,0.5,0.242,0.334,0.419,0.753,0.177,0.293,63.0,5.5,0.331,110.0,2026-07-24
home,last_30,2026-6-24,2026-7-24,13,2026.0,PHI,371.0,7.5%,28.6%,0.3,0.249,0.314,0.47,0.784,0.222,0.303,51.0,6.3,0.338,110.0,2026-07-24
home,last_30,2026-6-24,2026-7-24,14,2026.0,CLE,638.0,8.0%,22.9%,0.3,0.261,0.32,0.411,0.731,0.15,0.317,78.0,1.5,0.32,106.0,2026-07-24
home,last_30,2026-6-24,2026-7-24,15,2026.0,SDP,404.0,11.6%,20.0%,0.6,0.243,0.343,0.359,0.703,0.116,0.291,48.0,-0.4,0.316,105.0,2026-07-24
home,last_30,2026-6-24,2026-7-24,16,2026.0,MIN,366.0,7.9%,18.0%,0.4,0.267,0.328,0.413,0.741,0.146,0.31,46.0,1.8,0.323,104.0,2026-07-24
home,last_30,2026-6-24,2026-7-24,17,2026.0,DET,439.0,10.0%,24.8%,0.4,0.232,0.316,0.41,0.726,0.178,0.272,54.0,1.1,0.32,103.0,2026-07-24
home,last_30,2026-6-24,2026-7-24,18,2026.0,COL,540.0,7.8%,19.3%,0.4,0.287,0.349,0.493,0.842,0.206,0.324,84.0,19.9,0.362,103.0,2026-07-24
home,last_30,2026-6-24,2026-7-24,19,2026.0,CIN,381.0,10.8%,23.1%,0.5,0.249,0.339,0.425,0.764,0.177,0.296,52.0,6.2,0.337,103.0,2026-07-24
home,last_30,2026-6-24,2026-7-24,20,2026.0,MIA,253.0,9.1%,20.2%,0.5,0.249,0.32,0.427,0.747,0.178,0.287,32.0,1.7,0.326,102.0,2026-07-24
home,last_30,2026-6-24,2026-7-24,21,2026.0,KCR,442.0,5.4%,21.9%,0.2,0.263,0.314,0.43,0.744,0.167,0.308,55.0,2.3,0.323,100.0,2026-07-24
home,last_30,2026-6-24,2026-7-24,22,2026.0,HOU,430.0,7.9%,21.9%,0.4,0.227,0.297,0.408,0.705,0.181,0.25,48.0,-3.1,0.308,97.0,2026-07-24
home,last_30,2026-6-24,2026-7-24,23,2026.0,SFG,429.0,9.6%,22.8%,0.4,0.238,0.31,0.39,0.7,0.152,0.285,48.0,-3.7,0.307,97.0,2026-07-24
home,last_30,2026-6-24,2026-7-24,24,2026.0,SEA,429.0,8.2%,24.2%,0.3,0.22,0.297,0.348,0.645,0.128,0.265,41.0,-10.2,0.288,95.0,2026-07-24
home,last_30,2026-6-24,2026-7-24,25,2026.0,BOS,496.0,6.5%,20.8%,0.3,0.247,0.306,0.418,0.724,0.171,0.279,58.0,-1.3,0.314,91.0,2026-07-24
home,last_30,2026-6-24,2026-7-24,26,2026.0,LAD,366.0,9.3%,18.6%,0.5,0.235,0.308,0.358,0.665,0.122,0.273,37.0,-6.7,0.293,85.0,2026-07-24
home,last_30,2026-6-24,2026-7-24,27,2026.0,LAA,468.0,7.7%,27.8%,0.3,0.229,0.3,0.321,0.621,0.092,0.311,42.0,-14.0,0.28,74.0,2026-07-24
home,last_30,2026-6-24,2026-7-24,28,2026.0,NYY,417.0,7.2%,26.4%,0.3,0.189,0.254,0.332,0.585,0.142,0.232,29.0,-20.4,0.258,63.0,2026-07-24
home,last_30,2026-6-24,2026-7-24,29,2026.0,TOR,517.0,6.6%,22.1%,0.3,0.207,0.263,0.314,0.577,0.107,0.246,37.0,-25.2,0.257,62.0,2026-07-24
home,last_30,2026-6-24,2026-7-24,30,2026.0,STL,441.0,5.4%,20.6%,0.3,0.193,0.245,0.312,0.558,0.12,0.223,28.0,-24.6,0.248,57.0,2026-07-24
home,last_14,2026-7-10,2026-7-24,1,2026.0,BAL,107.0,8.4%,25.2%,0.3,0.284,0.364,0.558,0.922,0.274,0.317,20.0,6.9,0.396,161.0,2026-07-24
home,last_14,2026-7-10,2026-7-24,2,2026.0,ATH,120.0,8.3%,21.7%,0.4,0.308,0.383,0.533,0.916,0.224,0.368,22.0,7.8,0.396,151.0,2026-07-24
home,last_14,2026-7-10,2026-7-24,3,2026.0,PIT,112.0,6.2%,22.3%,0.3,0.296,0.384,0.531,0.915,0.235,0.353,21.0,7.3,0.397,150.0,2026-07-24
home,last_14,2026-7-10,2026-7-24,4,2026.0,ATL,274.0,8.8%,21.2%,0.4,0.302,0.371,0.55,0.921,0.248,0.339,50.0,17.1,0.395,149.0,2026-07-24
home,last_14,2026-7-10,2026-7-24,5,2026.0,CHW,111.0,8.1%,26.1%,0.3,0.293,0.36,0.545,0.906,0.253,0.373,19.0,6.0,0.383,148.0,2026-07-24
home,last_14,2026-7-10,2026-7-24,6,2026.0,ARI,239.0,12.1%,19.2%,0.6,0.29,0.372,0.531,0.904,0.242,0.32,42.0,13.6,0.387,144.0,2026-07-24
home,last_14,2026-7-10,2026-7-24,7,2026.0,TBR,112.0,6.2%,17.0%,0.4,0.291,0.339,0.534,0.873,0.243,0.304,18.0,5.0,0.37,140.0,2026-07-24
home,last_14,2026-7-10,2026-7-24,8,2026.0,TEX,225.0,8.0%,25.3%,0.3,0.277,0.342,0.51,0.852,0.233,0.336,36.0,8.9,0.367,138.0,2026-07-24
home,last_14,2026-7-10,2026-7-24,9,2026.0,CHC,241.0,12.9%,24.9%,0.5,0.266,0.369,0.44,0.809,0.174,0.343,36.0,7.7,0.356,129.0,2026-07-24
home,last_14,2026-7-10,2026-7-24,10,2026.0,CIN,114.0,4.4%,19.3%,0.2,0.311,0.351,0.509,0.86,0.198,0.342,19.0,5.0,0.371,126.0,2026-07-24
home,last_14,2026-7-10,2026-7-24,11,2026.0,CLE,272.0,8.5%,21.7%,0.4,0.278,0.339,0.457,0.797,0.18,0.326,39.0,6.2,0.345,124.0,2026-07-24
home,last_14,2026-7-10,2026-7-24,12,2026.0,MIN,102.0,9.8%,13.7%,0.7,0.27,0.343,0.461,0.804,0.191,0.293,15.0,2.5,0.347,121.0,2026-07-24
home,last_14,2026-7-10,2026-7-24,13,2026.0,BOS,247.0,5.7%,19.0%,0.3,0.263,0.32,0.473,0.793,0.21,0.284,34.0,4.8,0.34,110.0,2026-07-24
home,last_14,2026-7-10,2026-7-24,14,2026.0,SDP,116.0,14.7%,20.7%,0.7,0.26,0.371,0.333,0.704,0.073,0.319,14.0,0.1,0.32,107.0,2026-07-24
home,last_14,2026-7-10,2026-7-24,15,2026.0,KCR,225.0,6.2%,20.0%,0.3,0.271,0.333,0.429,0.762,0.158,0.318,29.0,1.7,0.33,103.0,2026-07-24
home,last_14,2026-7-10,2026-7-24,16,2026.0,SFG,110.0,10.9%,14.5%,0.8,0.268,0.345,0.361,0.706,0.093,0.3,13.0,-0.2,0.314,102.0,2026-07-24
home,last_14,2026-7-10,2026-7-24,17,2026.0,PHI,216.0,6.9%,28.7%,0.2,0.237,0.296,0.465,0.761,0.227,0.286,27.0,1.6,0.326,102.0,2026-07-24
home,last_14,2026-7-10,2026-7-24,18,2026.0,HOU,219.0,8.7%,20.1%,0.4,0.24,0.309,0.413,0.722,0.173,0.264,26.0,-0.5,0.315,102.0,2026-07-24
home,last_14,2026-7-10,2026-7-24,19,2026.0,MIL,221.0,12.7%,24.9%,0.5,0.22,0.321,0.372,0.693,0.152,0.28,25.0,-1.6,0.308,94.0,2026-07-24
home,last_14,2026-7-10,2026-7-24,20,2026.0,WSN,110.0,7.3%,20.0%,0.4,0.21,0.282,0.43,0.712,0.22,0.208,13.0,-0.6,0.31,94.0,2026-07-24
home,last_14,2026-7-10,2026-7-24,21,2026.0,DET,139.0,7.9%,25.9%,0.3,0.238,0.304,0.389,0.693,0.151,0.294,15.0,-1.3,0.306,93.0,2026-07-24
home,last_14,2026-7-10,2026-7-24,22,2026.0,SEA,221.0,8.6%,18.6%,0.5,0.215,0.295,0.328,0.624,0.113,0.24,19.0,-6.9,0.279,88.0,2026-07-24
home,last_14,2026-7-10,2026-7-24,23,2026.0,LAA,213.0,8.9%,28.2%,0.3,0.234,0.321,0.298,0.619,0.064,0.333,20.0,-5.9,0.284,76.0,2026-07-24
home,last_14,2026-7-10,2026-7-24,24,2026.0,NYY,208.0,7.7%,24.0%,0.3,0.209,0.274,0.346,0.62,0.136,0.257,17.0,-7.4,0.273,74.0,2026-07-24
home,last_14,2026-7-10,2026-7-24,25,2026.0,COL,224.0,6.2%,19.6%,0.3,0.252,0.304,0.427,0.731,0.175,0.282,27.0,0.1,0.317,73.0,2026-07-24
home,last_14,2026-7-10,2026-7-24,26,2026.0,MIA,108.0,10.2%,19.4%,0.5,0.2,0.29,0.326,0.616,0.126,0.225,10.0,-3.3,0.279,72.0,2026-07-24
home,last_14,2026-7-10,2026-7-24,27,2026.0,STL,137.0,8.0%,20.4%,0.4,0.214,0.277,0.317,0.595,0.103,0.26,11.0,-5.6,0.267,70.0,2026-07-24
home,last_14,2026-7-10,2026-7-24,28,2026.0,NYM,108.0,8.3%,23.1%,0.4,0.194,0.259,0.296,0.555,0.102,0.236,7.0,-5.9,0.25,60.0,2026-07-24
home,last_14,2026-7-10,2026-7-24,29,2026.0,LAD,103.0,5.8%,20.4%,0.3,0.186,0.233,0.32,0.553,0.134,0.205,6.0,-6.1,0.244,52.0,2026-07-24
home,last_14,2026-7-10,2026-7-24,30,2026.0,TOR,236.0,6.4%,19.5%,0.3,0.192,0.25,0.274,0.524,0.082,0.225,13.0,-15.5,0.236,47.0,2026-07-24
home,last_7,2026-7-17,2026-7-24,1,2026.0,ATH,120.0,8.3%,21.7%,0.4,0.308,0.383,0.533,0.916,0.224,0.368,22.0,7.8,0.396,151.0,2026-07-24
home,last_7,2026-7-17,2026-7-24,2,2026.0,ATL,274.0,8.8%,21.2%,0.4,0.302,0.371,0.55,0.921,0.248,0.339,50.0,17.1,0.395,149.0,2026-07-24
home,last_7,2026-7-17,2026-7-24,3,2026.0,ARI,239.0,12.1%,19.2%,0.6,0.29,0.372,0.531,0.904,0.242,0.32,42.0,13.6,0.387,144.0,2026-07-24
home,last_7,2026-7-17,2026-7-24,4,2026.0,CHC,241.0,12.9%,24.9%,0.5,0.266,0.369,0.44,0.809,0.174,0.343,36.0,7.7,0.356,129.0,2026-07-24
home,last_7,2026-7-17,2026-7-24,5,2026.0,TEX,113.0,4.4%,26.5%,0.2,0.286,0.324,0.486,0.81,0.2,0.357,16.0,2.8,0.35,126.0,2026-07-24
home,last_7,2026-7-17,2026-7-24,6,2026.0,DET,34.0,5.9%,17.6%,0.3,0.312,0.353,0.438,0.79,0.125,0.36,5.0,0.8,0.347,125.0,2026-07-24
home,last_7,2026-7-17,2026-7-24,7,2026.0,CLE,272.0,8.5%,21.7%,0.4,0.278,0.339,0.457,0.797,0.18,0.326,39.0,6.2,0.345,124.0,2026-07-24
home,last_7,2026-7-17,2026-7-24,8,2026.0,STL,41.0,4.9%,4.9%,1.0,0.333,0.366,0.41,0.776,0.077,0.351,6.0,0.9,0.343,122.0,2026-07-24
home,last_7,2026-7-17,2026-7-24,9,2026.0,PHI,184.0,7.6%,28.8%,0.3,0.257,0.321,0.497,0.818,0.24,0.314,27.0,4.8,0.349,117.0,2026-07-24
home,last_7,2026-7-17,2026-7-24,10,2026.0,BOS,247.0,5.7%,19.0%,0.3,0.263,0.32,0.473,0.793,0.21,0.284,34.0,4.8,0.34,110.0,2026-07-24
home,last_7,2026-7-17,2026-7-24,11,2026.0,KCR,225.0,6.2%,20.0%,0.3,0.271,0.333,0.429,0.762,0.158,0.318,29.0,1.7,0.33,103.0,2026-07-24
home,last_7,2026-7-17,2026-7-24,12,2026.0,HOU,219.0,8.7%,20.1%,0.4,0.24,0.309,0.413,0.722,0.173,0.264,26.0,-0.5,0.315,102.0,2026-07-24
home,last_7,2026-7-17,2026-7-24,13,2026.0,MIL,221.0,12.7%,24.9%,0.5,0.22,0.321,0.372,0.693,0.152,0.28,25.0,-1.6,0.308,94.0,2026-07-24
home,last_7,2026-7-17,2026-7-24,14,2026.0,SEA,221.0,8.6%,18.6%,0.5,0.215,0.295,0.328,0.624,0.113,0.24,19.0,-6.9,0.279,88.0,2026-07-24
home,last_7,2026-7-17,2026-7-24,15,2026.0,LAA,213.0,8.9%,28.2%,0.3,0.234,0.321,0.298,0.619,0.064,0.333,20.0,-5.9,0.284,76.0,2026-07-24
home,last_7,2026-7-17,2026-7-24,16,2026.0,NYY,208.0,7.7%,24.0%,0.3,0.209,0.274,0.346,0.62,0.136,0.257,17.0,-7.4,0.273,74.0,2026-07-24
home,last_7,2026-7-17,2026-7-24,17,2026.0,COL,224.0,6.2%,19.6%,0.3,0.252,0.304,0.427,0.731,0.175,0.282,27.0,0.1,0.317,73.0,2026-07-24
home,last_7,2026-7-17,2026-7-24,18,2026.0,TOR,236.0,6.4%,19.5%,0.3,0.192,0.25,0.274,0.524,0.082,0.225,13.0,-15.5,0.236,47.0,2026-07-24
away,season,2026-3-18,2026-7-24,1,2026.0,LAD,2154.0,11.0%,20.8%,0.5,0.273,0.359,0.446,0.805,0.173,0.32,316.0,59.1,0.351,121.0,2026-07-24
away,season,2026-3-18,2026-7-24,2,2026.0,WSN,2051.0,8.6%,22.5%,0.4,0.258,0.33,0.444,0.775,0.186,0.306,279.0,33.6,0.337,112.0,2026-07-24
away,season,2026-3-18,2026-7-24,3,2026.0,LAA,1976.0,9.2%,24.5%,0.4,0.251,0.326,0.427,0.753,0.176,0.306,257.0,20.8,0.33,111.0,2026-07-24
away,season,2026-3-18,2026-7-24,4,2026.0,HOU,1982.0,8.8%,19.5%,0.5,0.251,0.323,0.42,0.743,0.169,0.28,247.0,10.7,0.323,106.0,2026-07-24
away,season,2026-3-18,2026-7-24,5,2026.0,TEX,2075.0,9.3%,22.7%,0.4,0.252,0.329,0.402,0.73,0.15,0.305,256.0,8.6,0.322,105.0,2026-07-24
away,season,2026-3-18,2026-7-24,6,2026.0,MIN,2065.0,8.3%,23.5%,0.4,0.245,0.317,0.412,0.73,0.168,0.293,251.0,4.4,0.319,104.0,2026-07-24
away,season,2026-3-18,2026-7-24,7,2026.0,MIA,2016.0,8.9%,22.6%,0.4,0.252,0.324,0.412,0.736,0.16,0.303,250.0,9.3,0.323,102.0,2026-07-24
away,season,2026-3-18,2026-7-24,8,2026.0,BOS,1929.0,8.2%,22.5%,0.4,0.247,0.319,0.399,0.718,0.153,0.299,230.0,-0.7,0.316,102.0,2026-07-24
away,season,2026-3-18,2026-7-24,9,2026.0,STL,1934.0,9.0%,21.4%,0.4,0.246,0.327,0.401,0.728,0.155,0.289,237.0,6.2,0.321,101.0,2026-07-24
away,season,2026-3-18,2026-7-24,10,2026.0,SFG,2124.0,5.9%,21.2%,0.3,0.258,0.307,0.431,0.738,0.173,0.299,257.0,2.9,0.319,99.0,2026-07-24
away,season,2026-3-18,2026-7-24,11,2026.0,NYY,2013.0,9.2%,24.9%,0.4,0.236,0.31,0.405,0.716,0.17,0.285,234.0,-6.3,0.313,99.0,2026-07-24
away,season,2026-3-18,2026-7-24,12,2026.0,CHC,1970.0,9.9%,22.9%,0.4,0.234,0.321,0.397,0.718,0.163,0.279,236.0,0.9,0.317,99.0,2026-07-24
away,season,2026-3-18,2026-7-24,13,2026.0,MIL,1973.0,10.1%,20.9%,0.5,0.252,0.331,0.386,0.718,0.135,0.307,236.0,0.6,0.317,99.0,2026-07-24
away,season,2026-3-18,2026-7-24,14,2026.0,CHW,2040.0,9.2%,25.0%,0.4,0.232,0.312,0.397,0.708,0.165,0.283,235.0,-8.9,0.311,98.0,2026-07-24
away,season,2026-3-18,2026-7-24,15,2026.0,PIT,2060.0,9.0%,26.2%,0.3,0.247,0.322,0.394,0.716,0.148,0.314,245.0,-0.9,0.316,98.0,2026-07-24
away,season,2026-3-18,2026-7-24,16,2026.0,SDP,1978.0,8.5%,23.4%,0.4,0.239,0.31,0.412,0.722,0.173,0.283,234.0,-2.0,0.316,97.0,2026-07-24
away,season,2026-3-18,2026-7-24,17,2026.0,ATL,1940.0,8.2%,21.0%,0.4,0.243,0.311,0.41,0.721,0.167,0.277,229.0,-2.8,0.315,97.0,2026-07-24
away,season,2026-3-18,2026-7-24,18,2026.0,TBR,2035.0,9.0%,19.7%,0.5,0.251,0.326,0.369,0.695,0.118,0.297,230.0,-13.5,0.309,96.0,2026-07-24
away,season,2026-3-18,2026-7-24,19,2026.0,DET,2006.0,8.5%,23.2%,0.4,0.232,0.304,0.398,0.702,0.166,0.276,224.0,-15.8,0.307,95.0,2026-07-24
away,season,2026-3-18,2026-7-24,20,2026.0,COL,1970.0,8.5%,23.8%,0.4,0.239,0.313,0.397,0.71,0.158,0.29,228.0,-7.7,0.312,95.0,2026-07-24
away,season,2026-3-18,2026-7-24,21,2026.0,CIN,1971.0,8.3%,23.6%,0.3,0.241,0.307,0.401,0.708,0.161,0.289,224.0,-11.2,0.31,94.0,2026-07-24
away,season,2026-3-18,2026-7-24,22,2026.0,BAL,1909.0,9.6%,26.1%,0.4,0.227,0.309,0.377,0.686,0.15,0.289,208.0,-19.6,0.304,93.0,2026-07-24
away,season,2026-3-18,2026-7-24,23,2026.0,SEA,1917.0,8.4%,22.0%,0.4,0.235,0.311,0.374,0.684,0.139,0.279,208.0,-20.9,0.304,93.0,2026-07-24
away,season,2026-3-18,2026-7-24,24,2026.0,KCR,1941.0,8.6%,22.3%,0.4,0.233,0.304,0.369,0.673,0.136,0.28,201.0,-30.6,0.297,88.0,2026-07-24
away,season,2026-3-18,2026-7-24,25,2026.0,ARI,1919.0,8.3%,21.8%,0.4,0.235,0.304,0.378,0.682,0.143,0.28,203.0,-25.9,0.3,87.0,2026-07-24
away,season,2026-3-18,2026-7-24,26,2026.0,CLE,1905.0,9.0%,23.5%,0.4,0.218,0.295,0.369,0.665,0.151,0.262,193.0,-34.6,0.295,86.0,2026-07-24
away,season,2026-3-18,2026-7-24,27,2026.0,NYM,2040.0,7.7%,22.9%,0.3,0.232,0.298,0.379,0.677,0.147,0.277,212.0,-32.1,0.298,85.0,2026-07-24
away,season,2026-3-18,2026-7-24,28,2026.0,ATH,1972.0,8.3%,24.3%,0.3,0.229,0.301,0.357,0.658,0.128,0.284,195.0,-40.4,0.292,84.0,2026-07-24
away,season,2026-3-18,2026-7-24,29,2026.0,TOR,1748.0,6.2%,18.3%,0.3,0.239,0.292,0.373,0.665,0.134,0.27,172.0,-36.5,0.291,84.0,2026-07-24
away,season,2026-3-18,2026-7-24,30,2026.0,PHI,1916.0,7.5%,24.4%,0.3,0.22,0.285,0.361,0.646,0.14,0.266,179.0,-49.6,0.285,77.0,2026-07-24
away,last_30,2026-6-24,2026-7-24,1,2026.0,WSN,492.0,9.6%,24.2%,0.4,0.286,0.36,0.51,0.87,0.224,0.349,82.0,23.2,0.375,137.0,2026-07-24
away,last_30,2026-6-24,2026-7-24,2,2026.0,SDP,556.0,9.2%,21.0%,0.4,0.273,0.348,0.496,0.844,0.223,0.309,88.0,21.1,0.363,130.0,2026-07-24
away,last_30,2026-6-24,2026-7-24,3,2026.0,MIA,638.0,8.8%,20.7%,0.4,0.275,0.345,0.474,0.82,0.199,0.317,96.0,19.4,0.354,123.0,2026-07-24
away,last_30,2026-6-24,2026-7-24,4,2026.0,BOS,401.0,10.2%,21.2%,0.5,0.249,0.338,0.45,0.789,0.202,0.289,57.0,8.9,0.344,121.0,2026-07-24
away,last_30,2026-6-24,2026-7-24,5,2026.0,LAD,511.0,9.0%,22.5%,0.4,0.27,0.343,0.449,0.792,0.179,0.321,72.0,10.5,0.343,115.0,2026-07-24
away,last_30,2026-6-24,2026-7-24,6,2026.0,PIT,521.0,9.2%,29.8%,0.3,0.27,0.34,0.436,0.775,0.165,0.368,72.0,9.5,0.339,113.0,2026-07-24
away,last_30,2026-6-24,2026-7-24,7,2026.0,TBR,530.0,8.5%,18.9%,0.4,0.26,0.328,0.421,0.749,0.161,0.292,68.0,5.2,0.328,110.0,2026-07-24
away,last_30,2026-6-24,2026-7-24,8,2026.0,MIL,483.0,9.3%,19.7%,0.5,0.262,0.335,0.427,0.762,0.165,0.31,63.0,5.7,0.332,108.0,2026-07-24
away,last_30,2026-6-24,2026-7-24,9,2026.0,TEX,419.0,8.4%,21.7%,0.4,0.253,0.321,0.409,0.73,0.156,0.298,52.0,1.6,0.321,105.0,2026-07-24
away,last_30,2026-6-24,2026-7-24,10,2026.0,NYM,506.0,9.1%,23.7%,0.4,0.245,0.32,0.422,0.742,0.177,0.287,64.0,3.2,0.324,103.0,2026-07-24
away,last_30,2026-6-24,2026-7-24,11,2026.0,CIN,482.0,6.8%,22.8%,0.3,0.242,0.297,0.454,0.751,0.212,0.266,60.0,2.5,0.324,103.0,2026-07-24
away,last_30,2026-6-24,2026-7-24,12,2026.0,ARI,461.0,7.4%,20.0%,0.4,0.254,0.312,0.43,0.741,0.176,0.284,57.0,1.4,0.321,101.0,2026-07-24
away,last_30,2026-6-24,2026-7-24,13,2026.0,HOU,422.0,8.8%,19.2%,0.5,0.24,0.31,0.413,0.723,0.173,0.261,49.0,-1.4,0.313,99.0,2026-07-24
away,last_30,2026-6-24,2026-7-24,14,2026.0,BAL,396.0,10.9%,25.0%,0.4,0.226,0.33,0.362,0.692,0.135,0.295,46.0,-1.7,0.311,98.0,2026-07-24
away,last_30,2026-6-24,2026-7-24,15,2026.0,MIN,507.0,8.3%,24.7%,0.3,0.237,0.306,0.406,0.711,0.169,0.282,58.0,-2.6,0.31,98.0,2026-07-24
away,last_30,2026-6-24,2026-7-24,16,2026.0,DET,473.0,5.9%,23.7%,0.2,0.24,0.291,0.431,0.722,0.191,0.275,54.0,-2.6,0.31,97.0,2026-07-24
away,last_30,2026-6-24,2026-7-24,17,2026.0,CHC,469.0,10.2%,24.3%,0.4,0.223,0.308,0.405,0.713,0.182,0.266,54.0,-1.8,0.312,95.0,2026-07-24
away,last_30,2026-6-24,2026-7-24,18,2026.0,CHW,499.0,9.2%,21.6%,0.4,0.233,0.306,0.39,0.696,0.157,0.282,54.0,-5.2,0.304,93.0,2026-07-24
away,last_30,2026-6-24,2026-7-24,19,2026.0,COL,392.0,9.7%,21.4%,0.5,0.226,0.311,0.393,0.704,0.167,0.261,44.0,-2.9,0.307,92.0,2026-07-24
away,last_30,2026-6-24,2026-7-24,20,2026.0,SFG,451.0,5.8%,22.8%,0.3,0.231,0.285,0.422,0.707,0.192,0.26,49.0,-4.5,0.306,90.0,2026-07-24
away,last_30,2026-6-24,2026-7-24,21,2026.0,LAA,337.0,6.8%,24.3%,0.3,0.255,0.307,0.371,0.678,0.116,0.323,35.0,-4.8,0.299,90.0,2026-07-24
away,last_30,2026-6-24,2026-7-24,22,2026.0,STL,462.0,8.9%,21.0%,0.4,0.24,0.316,0.362,0.678,0.122,0.28,50.0,-5.3,0.303,89.0,2026-07-24
away,last_30,2026-6-24,2026-7-24,23,2026.0,KCR,446.0,7.8%,24.4%,0.3,0.229,0.294,0.374,0.668,0.145,0.29,45.0,-8.1,0.295,87.0,2026-07-24
away,last_30,2026-6-24,2026-7-24,24,2026.0,PHI,532.0,8.3%,23.1%,0.4,0.238,0.306,0.369,0.675,0.131,0.291,55.0,-8.3,0.298,85.0,2026-07-24
away,last_30,2026-6-24,2026-7-24,25,2026.0,CLE,266.0,8.3%,27.4%,0.3,0.218,0.288,0.36,0.648,0.142,0.272,26.0,-6.3,0.288,82.0,2026-07-24
away,last_30,2026-6-24,2026-7-24,26,2026.0,NYY,432.0,6.0%,28.9%,0.2,0.218,0.267,0.396,0.663,0.178,0.264,41.0,-10.7,0.287,81.0,2026-07-24
away,last_30,2026-6-24,2026-7-24,27,2026.0,SEA,420.0,9.8%,23.8%,0.4,0.217,0.305,0.326,0.632,0.109,0.274,40.0,-10.5,0.286,81.0,2026-07-24
away,last_30,2026-6-24,2026-7-24,28,2026.0,ATH,519.0,6.4%,24.9%,0.3,0.228,0.294,0.328,0.622,0.1,0.291,46.0,-16.1,0.279,75.0,2026-07-24
away,last_30,2026-6-24,2026-7-24,29,2026.0,TOR,330.0,7.0%,16.1%,0.4,0.207,0.264,0.332,0.597,0.125,0.219,25.0,-14.2,0.264,65.0,2026-07-24
away,last_30,2026-6-24,2026-7-24,30,2026.0,ATL,365.0,7.1%,20.5%,0.3,0.193,0.259,0.302,0.561,0.109,0.23,24.0,-19.4,0.251,55.0,2026-07-24
away,last_14,2026-7-10,2026-7-24,1,2026.0,WSN,252.0,8.7%,23.4%,0.4,0.306,0.377,0.563,0.94,0.257,0.364,47.0,17.1,0.4,154.0,2026-07-24
away,last_14,2026-7-10,2026-7-24,2,2026.0,NYY,114.0,8.8%,21.9%,0.4,0.291,0.351,0.544,0.895,0.252,0.319,20.0,6.0,0.382,147.0,2026-07-24
away,last_14,2026-7-10,2026-7-24,3,2026.0,SDP,284.0,9.9%,19.0%,0.5,0.281,0.36,0.538,0.899,0.257,0.298,50.0,15.6,0.384,144.0,2026-07-24
away,last_14,2026-7-10,2026-7-24,4,2026.0,HOU,115.0,8.7%,16.5%,0.5,0.255,0.322,0.5,0.822,0.245,0.244,17.0,3.3,0.345,128.0,2026-07-24
away,last_14,2026-7-10,2026-7-24,5,2026.0,ARI,168.0,11.3%,20.8%,0.5,0.277,0.353,0.475,0.828,0.199,0.311,25.0,5.0,0.353,123.0,2026-07-24
away,last_14,2026-7-10,2026-7-24,6,2026.0,TOR,117.0,9.4%,16.2%,0.6,0.248,0.325,0.429,0.753,0.181,0.259,15.0,1.1,0.328,111.0,2026-07-24
away,last_14,2026-7-10,2026-7-24,7,2026.0,CIN,219.0,7.3%,17.8%,0.4,0.23,0.288,0.5,0.788,0.27,0.209,29.0,3.2,0.335,110.0,2026-07-24
away,last_14,2026-7-10,2026-7-24,8,2026.0,MIL,119.0,12.6%,21.0%,0.6,0.233,0.336,0.408,0.744,0.175,0.28,16.0,1.3,0.33,108.0,2026-07-24
away,last_14,2026-7-10,2026-7-24,9,2026.0,NYM,235.0,10.6%,27.2%,0.4,0.245,0.328,0.413,0.741,0.168,0.309,30.0,1.6,0.325,104.0,2026-07-24
away,last_14,2026-7-10,2026-7-24,10,2026.0,TBR,301.0,6.6%,19.3%,0.3,0.264,0.317,0.412,0.728,0.148,0.303,36.0,0.4,0.318,103.0,2026-07-24
away,last_14,2026-7-10,2026-7-24,11,2026.0,BOS,120.0,11.7%,20.8%,0.6,0.21,0.31,0.4,0.71,0.19,0.236,14.0,0.1,0.313,103.0,2026-07-24
away,last_14,2026-7-10,2026-7-24,12,2026.0,BAL,241.0,10.0%,27.4%,0.4,0.228,0.335,0.359,0.694,0.131,0.316,28.0,-0.3,0.315,101.0,2026-07-24
away,last_14,2026-7-10,2026-7-24,13,2026.0,LAA,113.0,8.0%,20.4%,0.4,0.262,0.319,0.398,0.717,0.136,0.308,13.0,-0.2,0.315,100.0,2026-07-24
away,last_14,2026-7-10,2026-7-24,14,2026.0,TEX,116.0,6.0%,19.8%,0.3,0.262,0.31,0.402,0.712,0.14,0.305,13.0,-0.5,0.312,98.0,2026-07-24
away,last_14,2026-7-10,2026-7-24,15,2026.0,ATH,222.0,5.4%,20.7%,0.3,0.244,0.303,0.398,0.701,0.154,0.28,25.0,-1.9,0.307,95.0,2026-07-24
away,last_14,2026-7-10,2026-7-24,16,2026.0,DET,229.0,5.7%,24.0%,0.2,0.232,0.284,0.427,0.71,0.194,0.264,25.0,-2.1,0.306,94.0,2026-07-24
away,last_14,2026-7-10,2026-7-24,17,2026.0,CLE,112.0,4.5%,23.2%,0.2,0.262,0.306,0.379,0.685,0.117,0.32,12.0,-1.4,0.302,93.0,2026-07-24
away,last_14,2026-7-10,2026-7-24,18,2026.0,LAD,225.0,8.4%,26.2%,0.3,0.235,0.311,0.4,0.711,0.165,0.294,25.0,-1.9,0.308,91.0,2026-07-24
away,last_14,2026-7-10,2026-7-24,19,2026.0,CHC,111.0,9.9%,27.0%,0.4,0.22,0.297,0.38,0.677,0.16,0.284,12.0,-1.5,0.3,89.0,2026-07-24
away,last_14,2026-7-10,2026-7-24,20,2026.0,PIT,226.0,8.4%,34.5%,0.2,0.229,0.292,0.39,0.682,0.161,0.328,24.0,-3.4,0.299,86.0,2026-07-24
away,last_14,2026-7-10,2026-7-24,21,2026.0,SEA,109.0,9.2%,22.0%,0.4,0.211,0.287,0.379,0.666,0.168,0.243,11.0,-2.3,0.292,86.0,2026-07-24
away,last_14,2026-7-10,2026-7-24,22,2026.0,CHW,225.0,9.3%,23.6%,0.4,0.225,0.299,0.345,0.644,0.12,0.293,21.0,-6.1,0.283,79.0,2026-07-24
away,last_14,2026-7-10,2026-7-24,23,2026.0,COL,111.0,10.8%,18.9%,0.6,0.206,0.297,0.309,0.607,0.103,0.24,10.0,-3.7,0.276,72.0,2026-07-24
away,last_14,2026-7-10,2026-7-24,24,2026.0,KCR,144.0,5.6%,23.6%,0.2,0.222,0.264,0.363,0.627,0.141,0.273,12.0,-5.1,0.273,72.0,2026-07-24
away,last_14,2026-7-10,2026-7-24,25,2026.0,MIN,269.0,7.1%,23.0%,0.3,0.227,0.283,0.336,0.619,0.109,0.276,22.0,-9.9,0.272,71.0,2026-07-24
away,last_14,2026-7-10,2026-7-24,26,2026.0,SFG,221.0,6.3%,27.6%,0.2,0.196,0.261,0.352,0.613,0.156,0.237,18.0,-8.6,0.269,66.0,2026-07-24
away,last_14,2026-7-10,2026-7-24,27,2026.0,MIA,221.0,5.4%,29.4%,0.2,0.214,0.262,0.34,0.602,0.126,0.279,17.0,-9.1,0.266,64.0,2026-07-24
away,last_14,2026-7-10,2026-7-24,28,2026.0,STL,226.0,9.3%,22.6%,0.4,0.214,0.292,0.279,0.571,0.065,0.268,17.0,-10.1,0.262,62.0,2026-07-24
away,last_14,2026-7-10,2026-7-24,29,2026.0,PHI,111.0,7.2%,25.2%,0.3,0.202,0.273,0.273,0.545,0.071,0.268,7.0,-6.5,0.245,51.0,2026-07-24
away,last_14,2026-7-10,2026-7-24,30,2026.0,ATL,110.0,8.2%,21.8%,0.4,0.167,0.266,0.25,0.516,0.083,0.211,7.0,-6.6,0.242,50.0,2026-07-24
away,last_7,2026-7-17,2026-7-24,1,2026.0,ARI,46.0,10.9%,13.0%,0.8,0.421,0.457,0.632,1.088,0.211,0.441,10.0,5.0,0.449,188.0,2026-07-24
away,last_7,2026-7-17,2026-7-24,2,2026.0,WSN,252.0,8.7%,23.4%,0.4,0.306,0.377,0.563,0.94,0.257,0.364,47.0,17.1,0.4,154.0,2026-07-24
away,last_7,2026-7-17,2026-7-24,3,2026.0,ATH,122.0,5.7%,17.2%,0.3,0.315,0.372,0.509,0.881,0.194,0.345,20.0,5.9,0.379,146.0,2026-07-24
away,last_7,2026-7-17,2026-7-24,4,2026.0,SDP,284.0,9.9%,19.0%,0.5,0.281,0.36,0.538,0.899,0.257,0.298,50.0,15.6,0.384,144.0,2026-07-24
away,last_7,2026-7-17,2026-7-24,5,2026.0,KCR,40.0,12.5%,17.5%,0.7,0.257,0.35,0.4,0.75,0.143,0.296,5.0,0.6,0.334,116.0,2026-07-24
away,last_7,2026-7-17,2026-7-24,6,2026.0,CIN,219.0,7.3%,17.8%,0.4,0.23,0.288,0.5,0.788,0.27,0.209,29.0,3.2,0.335,110.0,2026-07-24
away,last_7,2026-7-17,2026-7-24,7,2026.0,TBR,301.0,6.6%,19.3%,0.3,0.264,0.317,0.412,0.728,0.148,0.303,36.0,0.4,0.318,103.0,2026-07-24
away,last_7,2026-7-17,2026-7-24,8,2026.0,BAL,241.0,10.0%,27.4%,0.4,0.228,0.335,0.359,0.694,0.131,0.316,28.0,-0.3,0.315,101.0,2026-07-24
away,last_7,2026-7-17,2026-7-24,9,2026.0,NYM,197.0,9.6%,28.4%,0.3,0.25,0.325,0.392,0.717,0.142,0.33,24.0,0.1,0.318,99.0,2026-07-24
away,last_7,2026-7-17,2026-7-24,10,2026.0,TEX,116.0,6.0%,19.8%,0.3,0.262,0.31,0.402,0.712,0.14,0.305,13.0,-0.5,0.312,98.0,2026-07-24
away,last_7,2026-7-17,2026-7-24,11,2026.0,DET,229.0,5.7%,24.0%,0.2,0.232,0.284,0.427,0.71,0.194,0.264,25.0,-2.1,0.306,94.0,2026-07-24
away,last_7,2026-7-17,2026-7-24,12,2026.0,LAD,225.0,8.4%,26.2%,0.3,0.235,0.311,0.4,0.711,0.165,0.294,25.0,-1.9,0.308,91.0,2026-07-24
away,last_7,2026-7-17,2026-7-24,13,2026.0,PIT,226.0,8.4%,34.5%,0.2,0.229,0.292,0.39,0.682,0.161,0.328,24.0,-3.4,0.299,86.0,2026-07-24
away,last_7,2026-7-17,2026-7-24,14,2026.0,CHW,225.0,9.3%,23.6%,0.4,0.225,0.299,0.345,0.644,0.12,0.293,21.0,-6.1,0.283,79.0,2026-07-24
away,last_7,2026-7-17,2026-7-24,15,2026.0,MIN,269.0,7.1%,23.0%,0.3,0.227,0.283,0.336,0.619,0.109,0.276,22.0,-9.9,0.272,71.0,2026-07-24
away,last_7,2026-7-17,2026-7-24,16,2026.0,SFG,221.0,6.3%,27.6%,0.2,0.196,0.261,0.352,0.613,0.156,0.237,18.0,-8.6,0.269,66.0,2026-07-24
away,last_7,2026-7-17,2026-7-24,17,2026.0,MIA,221.0,5.4%,29.4%,0.2,0.214,0.262,0.34,0.602,0.126,0.279,17.0,-9.1,0.266,64.0,2026-07-24
away,last_7,2026-7-17,2026-7-24,18,2026.0,STL,226.0,9.3%,22.6%,0.4,0.214,0.292,0.279,0.571,0.065,0.268,17.0,-10.1,0.262,62.0,2026-07-24
