rank,team,szn_2026,last_3,last_1,home,away,szn_2025,scraped_date
1,Chi Cubs,5.25,3.0,6.0,5.23,5.26,4.8,2026-09-28
2,Milwaukee,5.14,5.67,6.0,5.56,4.72,4.87,2026-09-28
3,Washington,5.07,4.67,6.0,5.3,4.84,4.24,2026-09-28
4,LA Dodgers,4.94,3.67,5.0,4.63,5.26,5.01,2026-09-28
5,Chi Sox,4.79,5.33,4.0,4.94,4.64,3.99,2026-09-28
6,Pittsburgh,4.73,4.67,4.0,5.1,4.37,3.6,2026-09-28
7,Colorado,4.64,4.0,2.0,5.01,4.27,3.69,2026-09-28
8,NY Yankees,4.59,4.67,6.0,4.76,4.42,5.19,2026-09-28
9,Atlanta,4.58,3.67,3.0,4.78,4.38,4.47,2026-09-28
10,Arizona,4.56,7.33,4.0,4.49,4.63,4.88,2026-09-28
10,Minnesota,4.56,6.0,6.0,4.65,4.48,4.19,2026-09-28
12,Tampa Bay,4.54,5.67,3.0,4.6,4.48,4.41,2026-09-28
13,Houston,4.53,9.0,9.0,4.25,4.81,4.23,2026-09-28
14,Detroit,4.46,4.67,2.0,4.41,4.52,4.63,2026-09-28
15,Baltimore,4.46,5.67,3.0,4.2,4.73,4.18,2026-09-28
16,San Diego,4.46,7.67,9.0,4.26,4.65,4.28,2026-09-28
17,St. Louis,4.44,3.33,4.0,3.83,5.06,4.25,2026-09-28
18,Miami,4.41,3.67,5.0,4.46,4.37,4.38,2026-09-28
19,Philadelphia,4.4,2.67,7.0,4.75,4.05,4.78,2026-09-28
20,NY Mets,4.31,5.67,4.0,4.12,4.51,4.73,2026-09-28
20,Sacramento,4.31,2.67,0.0,4.67,4.01,4.52,2026-09-28
22,Kansas City,4.26,5.67,3.0,4.9,3.62,4.02,2026-09-28
23,Boston,4.25,2.67,2.0,4.33,4.18,4.8,2026-09-28
24,Cleveland,4.19,8.33,2.0,4.16,4.21,3.96,2026-09-28
25,Texas,4.15,4.0,4.0,4.14,4.17,4.22,2026-09-28
26,SF Giants,4.13,1.33,1.0,4.06,4.2,4.35,2026-09-28
27,Cincinnati,4.11,3.67,1.0,4.01,4.21,4.42,2026-09-28
28,Seattle,4.1,6.67,7.0,3.9,4.3,4.68,2026-09-28
29,LA Angels,4.04,4.67,3.0,3.54,4.54,4.15,2026-09-28
30,Toronto,4.0,4.0,5.0,3.96,4.04,5.02,2026-09-28
